user_id,transaction_date,region,product_category,sale_amount,city,age,subscription,price,store_id,email,username,raw_timestamp
1028,2026-06-13,West,Clothing,1299.97,Delhi,22,Standard,1494.3,18,user1@example.com,user_1,2026-06-13 02:00:00
1108,2026-06-01,West,Electronics,559.11,Delhi,48,Standard,101.75,7,user2@example.com,user_2,2026-06-01 22:00:00
1179,2026-06-16,South,Furniture,2301.12,Mumbai,16,Premium,1411.37,11,,user_3,2026-06-16 08:00:00
1055,2026-02-09,North,Electronics,554.45,Jaipur,38,Basic,1227.27,2,user4@example.com,user_4,2026-02-09 23:00:00
1137,2026-04-28,West,Groceries,486.12,Mumbai,56,Standard,1776.63,12,user5@example.com,user_5,2026-04-28 18:00:00
1180,2026-02-19,West,Electronics,3340.19,Mumbai,21,Premium,1739.64,13,user6@example.com,user_6,2026-02-19 08:00:00
1162,2026-04-27,North,Furniture,1913.89,Delhi,58,Basic,1418.55,3,user7@example.com,user_7,2026-04-27 19:00:00
1043,2026-06-12,East,Furniture,2365.08,Mumbai,56,Standard,1136.05,11,user8@example.com,user_8,2026-06-12 01:00:00
1008,2026-02-28,North,Groceries,1411.93,Delhi,52,Standard,663.62,16,user9@example.com,user_9,2026-02-28 12:00:00
1117,2026-06-14,East,Clothing,784.19,Hyderabad,51,Standard,562.35,19,user10@example.com,user_10,2026-06-14 13:00:00
1102,2026-05-30,North,Furniture,4986.9,Delhi,48,Basic,227.27,2,user11@example.com,user_11,2026-05-30 03:00:00
1160,2026-02-09,East,Groceries,3022.4,Pune,40,Standard,1992.44,17,user12@example.com,user_12,2026-02-09 08:00:00
1002,2026-05-22,West,Clothing,3866.13,Mumbai,23,Basic,897.79,15,user13@example.com,user_13,2026-05-22 00:00:00
1128,2026-03-09,East,Electronics,4365.54,Mumbai,56,Standard,1237.49,5,user14@example.com,user_14,2026-03-09 11:00:00
1138,2026-02-11,West,Clothing,2494.17,Jaipur,39,Basic,516.93,8,user15@example.com,user_15,2026-02-11 18:00:00
1021,2026-01-21,South,Electronics,4892.12,Bengaluru,24,Premium,1336.51,18,user16@example.com,user_16,2026-01-21 05:00:00
1135,2026-03-09,South,Furniture,4651.68,Hyderabad,60,Premium,1440.25,13,user17@example.com,user_17,2026-03-09 21:00:00
1095,2026-06-16,South,Groceries,692.92,Delhi,20,Basic,91.02,18,user18@example.com,user_18,2026-06-16 07:00:00
1056,2026-05-31,West,Electronics,3568.42,Jaipur,30,Premium,1815.57,11,user19@example.com,user_19,2026-05-31 02:00:00
1060,2026-05-12,North,Groceries,1149.76,Delhi,52,Standard,971.71,16,user20@example.com,user_20,2026-05-12 13:00:00
1024,2026-02-18,West,Groceries,1836.06,Pune,45,Standard,155.63,4,user21@example.com,user_21,2026-02-18 01:00:00
1186,2026-04-14,North,Electronics,1318.42,Delhi,50,Basic,323.36,6,user22@example.com,user_22,2026-04-14 08:00:00
1063,2026-04-29,West,Groceries,4059.31,Bengaluru,22,Premium,1321.68,18,user23@example.com,user_23,2026-04-29 00:00:00
1192,2026-01-24,East,Furniture,2091.43,Pune,29,Basic,1809.76,6,user24@example.com,user_24,2026-01-24 12:00:00
1099,2026-01-01,North,Groceries,1497.72,Hyderabad,51,Standard,1450.9,5,user25@example.com,user_25,2026-01-01 06:00:00
1055,2026-03-17,West,Electronics,3765.08,Jaipur,19,Standard,979.74,17,user26@example.com,user_26,2026-03-17 05:00:00
1130,2026-01-15,West,Furniture,435.75,Jaipur,59,Premium,837.36,19,user27@example.com,user_27,2026-01-15 07:00:00
1152,2026-05-29,West,Electronics,2154.2,Bengaluru,52,Standard,666.92,9,user28@example.com,user_28,2026-05-29 06:00:00
1183,2026-06-21,North,Furniture,1401.51,Delhi,58,Standard,634.99,11,user29@example.com,user_29,2026-06-21 02:00:00
1117,2026-01-03,West,Electronics,2734.41,Bengaluru,32,Premium,1869.86,3,user30@example.com,user_30,2026-01-03 07:00:00
1072,2026-04-05,East,Groceries,4185.35,Hyderabad,35,Standard,1968.51,17,user31@example.com,user_31,2026-04-05 00:00:00
1141,2026-06-20,North,Electronics,4700.76,Delhi,32,Premium,1784.94,18,user32@example.com,user_32,2026-06-20 04:00:00
1072,2026-03-11,East,Clothing,1097.63,Hyderabad,32,Standard,1002.64,2,user33@example.com,user_33,2026-03-11 02:00:00
1108,2026-06-12,North,Electronics,117.37,Delhi,56,Basic,365.08,15,user34@example.com,user_34,2026-06-12 17:00:00
1109,2026-06-30,West,Electronics,468.69,Hyderabad,25,Standard,120.25,12,user35@example.com,user_35,2026-06-30 18:00:00
1037,2026-05-22,South,Furniture,304.96,Mumbai,18,Basic,459.65,8,user36@example.com,user_36,2026-05-22 21:00:00
1090,2026-01-27,South,Furniture,4636.24,Delhi,26,Premium,1768.76,1,user37@example.com,user_37,2026-01-27 05:00:00
1200,2026-03-27,South,Furniture,1407.35,Hyderabad,22,Basic,1750.73,16,user38@example.com,user_38,2026-03-27 07:00:00
1117,2026-02-21,North,Clothing,4120.63,Delhi,30,Premium,1337.06,13,user39@example.com,user_39,2026-02-21 10:00:00
1017,2026-03-13,North,Clothing,3243.26,Pune,59,Standard,695.74,1,user40@example.com,user_40,2026-03-13 03:00:00
1045,2026-03-08,North,Electronics,631.17,Pune,38,Standard,1583.53,14,user41@example.com,user_41,2026-03-08 19:00:00
1029,2026-05-11,South,Furniture,1348.14,Hyderabad,43,Premium,1063.84,18,user42@example.com,user_42,2026-05-11 21:00:00
1050,2026-06-21,North,Groceries,442.87,Hyderabad,37,Standard,662.14,4,user43@example.com,user_43,2026-06-21 23:00:00
1129,2026-03-18,North,Groceries,1698.3,Hyderabad,34,Standard,298.21,14,user44@example.com,user_44,2026-03-18 21:00:00
1173,2026-04-08,East,Clothing,2089.77,Jaipur,35,Basic,,19,user45@example.com,user_45,2026-04-08 19:00:00
1082,2026-06-17,South,Groceries,2266.58,Delhi,48,Basic,1597.78,6,user46@example.com,user_46,2026-06-17 21:00:00
1072,2026-01-22,North,Electronics,4110.27,Delhi,59,Basic,488.05,7,user47@example.com,user_47,2026-01-22 04:00:00
1011,2026-01-07,East,Groceries,3095.24,Jaipur,45,Basic,1777.97,19,user48@example.com,user_48,2026-01-07 06:00:00
1098,2026-06-28,South,Groceries,1295.52,Hyderabad,60,Premium,1790.69,4,user49@example.com,user_49,2026-06-28 13:00:00
1045,2026-02-26,South,Electronics,2831.29,Jaipur,45,Premium,1612.76,17,user50@example.com,user_50,2026-02-26 17:00:00
1081,2026-06-02,South,Groceries,4169.79,Bengaluru,44,Premium,1500.13,16,user51@example.com,user_51,2026-06-02 14:00:00
1192,2026-03-08,East,Clothing,3852.49,Bengaluru,47,Standard,516.53,15,user52@example.com,user_52,2026-03-08 02:00:00
1060,2026-03-15,North,Clothing,1666.58,Bengaluru,21,Premium,344.12,13,user53@example.com,user_53,2026-03-15 22:00:00
1180,2026-02-09,East,Electronics,2132.85,Mumbai,50,Basic,860.76,7,user54@example.com,user_54,2026-02-09 13:00:00
1197,2026-04-10,West,Groceries,2437.2,Mumbai,35,Basic,1714.22,14,user55@example.com,user_55,2026-04-10 17:00:00
1154,2026-05-20,East,Groceries,1175.17,Pune,47,Premium,808.27,13,user56@example.com,user_56,2026-05-20 23:00:00
1119,2026-02-12,East,Electronics,4543.95,Bengaluru,52,Standard,102.85,14,user57@example.com,user_57,2026-02-12 04:00:00
1046,2026-04-29,West,Clothing,1957.61,Delhi,45,Basic,708.13,13,user58@example.com,user_58,2026-04-29 08:00:00
1064,2026-04-18,West,Groceries,194.98,Bengaluru,19,Basic,487.23,3,user59@example.com,user_59,2026-04-18 20:00:00
1193,2026-01-11,West,Furniture,1076.87,Jaipur,55,Premium,515.16,16,user60@example.com,user_60,2026-01-11 21:00:00
1144,2026-01-30,East,Groceries,3527.38,Mumbai,26,Standard,1234.13,4,user61@example.com,user_61,2026-01-30 05:00:00
1027,2026-03-21,West,Clothing,2921.4,Pune,41,Standard,436.74,19,user62@example.com,user_62,2026-03-21 22:00:00
1062,2026-06-10,West,Clothing,4266.44,Bengaluru,23,Standard,1576.14,12,user63@example.com,user_63,2026-06-10 17:00:00
1169,2026-04-20,North,Electronics,2579.21,Mumbai,16,Basic,1653.55,4,user64@example.com,user_64,2026-04-20 13:00:00
1162,2026-04-03,South,Furniture,2233.89,Hyderabad,49,Standard,576.66,18,user65@example.com,user_65,2026-04-03 15:00:00
1111,2026-04-30,North,Clothing,4273.39,Jaipur,33,Basic,525.53,15,user66@example.com,user_66,2026-04-30 18:00:00
1171,2026-06-06,South,Clothing,240.63,Mumbai,27,Basic,463.63,9,user67@example.com,user_67,2026-06-06 10:00:00
1152,2026-03-13,North,Electronics,2631.47,Delhi,21,Premium,1454.15,16,user68@example.com,user_68,2026-03-13 17:00:00
1176,2026-03-03,South,Groceries,2296.06,Jaipur,21,Basic,482.11,8,,user_69,2026-03-03 09:00:00
1148,2026-06-19,North,Groceries,2812.02,Mumbai,43,Standard,1123.26,12,user70@example.com,user_70,2026-06-19 22:00:00
1069,2026-04-27,North,Clothing,1229.64,Hyderabad,28,Basic,283.13,18,user71@example.com,user_71,2026-04-27 22:00:00
1049,2026-02-17,East,Groceries,1454.85,Bengaluru,49,Standard,601.85,4,user72@example.com,user_72,2026-02-17 06:00:00
1058,2026-03-17,North,Furniture,1581.11,Hyderabad,50,Premium,584.91,2,user73@example.com,user_73,2026-03-17 17:00:00
1178,2026-03-16,East,Groceries,602.68,Jaipur,52,Basic,965.32,15,user74@example.com,user_74,2026-03-16 10:00:00
1013,2026-02-17,North,Groceries,659.03,Jaipur,41,Basic,194.46,2,user75@example.com,user_75,2026-02-17 04:00:00
1144,2026-02-08,North,Electronics,4970.2,Jaipur,51,Basic,1232.32,20,user76@example.com,user_76,2026-02-08 07:00:00
1097,2026-05-14,South,Groceries,1557.03,Bengaluru,43,Basic,1158.83,2,user77@example.com,user_77,2026-05-14 19:00:00
1195,2026-01-26,East,Furniture,1396.77,Jaipur,26,Premium,388.94,3,user78@example.com,user_78,2026-01-26 05:00:00
1104,2026-01-01,South,Groceries,1527.17,Delhi,34,Standard,,15,user79@example.com,user_79,2026-01-01 02:00:00
1059,2026-06-25,North,Furniture,2183.18,Bengaluru,30,Standard,340.53,9,user80@example.com,user_80,2026-06-25 04:00:00
1015,2026-01-19,East,Clothing,3015.72,Bengaluru,34,Basic,292.49,10,user81@example.com,user_81,2026-01-19 22:00:00
1069,2026-04-14,South,Groceries,494.17,Jaipur,43,Standard,678.53,9,user82@example.com,user_82,2026-04-14 00:00:00
1058,2026-01-24,West,Clothing,2923.61,Delhi,46,Standard,1320.44,9,user83@example.com,user_83,2026-01-24 05:00:00
1111,2026-05-30,South,Electronics,2403.05,Pune,37,Basic,1356.76,6,user84@example.com,user_84,2026-05-30 10:00:00
1177,2026-04-16,South,Clothing,3346.66,Pune,51,Premium,936.91,11,user85@example.com,user_85,2026-04-16 08:00:00
1029,2026-03-24,South,Electronics,3322.54,Bengaluru,45,Basic,155.7,17,user86@example.com,user_86,2026-03-24 11:00:00
1193,2026-06-09,South,Groceries,3823.95,Delhi,33,Standard,,10,user87@example.com,user_87,2026-06-09 14:00:00
1124,2026-06-28,West,Electronics,4868.42,Bengaluru,31,Standard,358.84,18,user88@example.com,user_88,2026-06-28 00:00:00
1104,2026-05-22,West,Furniture,4962.06,Jaipur,45,Premium,1313.03,5,user89@example.com,user_89,2026-05-22 15:00:00
1130,2026-03-16,North,Groceries,4190.15,Pune,31,Basic,1124.97,13,user90@example.com,user_90,2026-03-16 06:00:00
1130,2026-06-03,East,Electronics,1453.61,Pune,37,Standard,570.99,1,user91@example.com,user_91,2026-06-03 09:00:00
1150,2026-03-18,South,Furniture,2288.08,Pune,38,Basic,1126.24,18,user92@example.com,user_92,2026-03-18 12:00:00
1082,2026-04-27,East,Furniture,2901.81,Delhi,42,Premium,670.44,16,user93@example.com,,2026-04-27 22:00:00
1098,2026-04-08,East,Groceries,4827.64,Delhi,48,Standard,697.39,4,user94@example.com,user_94,2026-04-08 14:00:00
1134,2026-01-26,South,Electronics,3639.97,Pune,57,Premium,195.92,9,user95@example.com,user_95,2026-01-26 10:00:00
1177,2026-06-09,South,Electronics,4273.65,Hyderabad,50,Basic,1910.57,16,user96@example.com,user_96,2026-06-09 17:00:00
1158,2026-01-10,West,Furniture,3192.69,Mumbai,30,Standard,226.24,4,user97@example.com,user_97,2026-01-10 20:00:00
1025,2026-06-30,South,Furniture,3500.61,Jaipur,18,Basic,1602.48,10,user98@example.com,user_98,2026-06-30 11:00:00
1110,2026-04-06,East,Furniture,2702.71,Bengaluru,59,Premium,381.47,3,user99@example.com,user_99,2026-04-06 19:00:00
1158,2026-04-08,East,Groceries,4572.86,Delhi,30,Basic,1293.91,15,user100@example.com,user_100,2026-04-08 08:00:00
1002,2026-06-20,South,Clothing,3420.29,Delhi,20,Basic,1893.21,19,user101@example.com,user_101,2026-06-20 09:00:00
1108,2026-06-13,North,Groceries,4241.99,Delhi,40,Basic,257.97,13,user102@example.com,user_102,2026-06-13 18:00:00
1147,2026-04-02,North,Clothing,207.5,Hyderabad,41,Basic,65.79,2,user103@example.com,user_103,2026-04-02 19:00:00
1073,2026-05-08,East,Clothing,1173.12,Delhi,55,Basic,1371.64,5,user104@example.com,user_104,2026-05-08 20:00:00
1160,2026-01-25,West,Clothing,3964.19,Jaipur,53,Basic,1478.1,3,user105@example.com,user_105,2026-01-25 09:00:00
1191,2026-03-25,South,Furniture,1083.89,Bengaluru,39,Standard,1028.5,9,user106@example.com,user_106,2026-03-25 05:00:00
1123,2026-03-07,North,Clothing,4040.74,Pune,20,Premium,,8,user107@example.com,user_107,2026-03-07 21:00:00
1101,2026-06-22,North,Electronics,3974.34,Jaipur,32,Standard,291.0,12,user108@example.com,user_108,2026-06-22 21:00:00
1067,2026-06-22,South,Clothing,630.9,Delhi,46,Premium,1258.12,18,user109@example.com,user_109,2026-06-22 10:00:00
1056,2026-06-06,West,Groceries,4556.0,Mumbai,57,Basic,277.52,2,user110@example.com,user_110,2026-06-06 01:00:00
1126,2026-03-19,West,Electronics,1250.52,Bengaluru,24,Basic,934.61,18,user111@example.com,user_111,2026-03-19 13:00:00
1190,2026-05-31,East,Groceries,3309.12,Pune,55,Basic,1881.15,9,user112@example.com,user_112,2026-05-31 01:00:00
1094,2026-06-26,East,Groceries,2279.01,Delhi,39,Premium,1962.81,12,user113@example.com,user_113,2026-06-26 17:00:00
1091,2026-06-15,West,Groceries,1451.82,Jaipur,45,Premium,1342.4,20,user114@example.com,user_114,2026-06-15 00:00:00
1085,2026-01-13,East,Furniture,3956.19,Delhi,20,Standard,453.96,7,user115@example.com,user_115,2026-01-13 07:00:00
1198,2026-03-26,East,Electronics,1458.65,Delhi,24,Standard,538.78,6,,user_116,2026-03-26 03:00:00
1006,2026-06-19,East,Electronics,1855.39,Delhi,53,Basic,80.77,9,user117@example.com,user_117,2026-06-19 01:00:00
1189,2026-02-02,South,Electronics,3753.76,Pune,44,Basic,1050.81,4,user118@example.com,user_118,2026-02-02 14:00:00
1056,2026-05-09,West,Clothing,2344.41,Jaipur,19,Basic,1702.23,14,user119@example.com,user_119,2026-05-09 21:00:00
1125,2026-01-28,South,Electronics,4506.41,Mumbai,54,Premium,178.08,9,user120@example.com,user_120,2026-01-28 19:00:00
1149,2026-06-12,North,Groceries,4973.68,Bengaluru,34,Basic,1035.82,14,user121@example.com,user_121,2026-06-12 03:00:00
1029,2026-06-29,East,Groceries,2312.62,Delhi,42,Basic,1663.47,13,user122@example.com,user_122,2026-06-29 13:00:00
1080,2026-01-25,South,Clothing,3359.03,Mumbai,25,Standard,1849.82,3,user123@example.com,user_123,2026-01-25 02:00:00
1023,2026-01-22,South,Electronics,3748.49,Mumbai,24,Standard,166.96,18,user124@example.com,user_124,2026-01-22 17:00:00
1171,2026-03-26,West,Groceries,1832.63,Hyderabad,43,Standard,150.32,10,user125@example.com,user_125,2026-03-26 19:00:00
1090,2026-03-21,West,Furniture,858.18,Pune,30,Premium,732.72,18,user126@example.com,user_126,2026-03-21 11:00:00
1195,2026-01-30,North,Furniture,4055.38,Bengaluru,55,Standard,1366.2,18,user127@example.com,user_127,2026-01-30 00:00:00
1168,2026-06-05,North,Electronics,984.04,Hyderabad,35,Basic,734.5,6,user128@example.com,user_128,2026-06-05 04:00:00
1168,2026-05-25,South,Electronics,795.19,Hyderabad,17,Premium,1504.92,7,user129@example.com,user_129,2026-05-25 12:00:00
1116,2026-04-18,North,Furniture,1913.26,Hyderabad,36,Standard,1212.64,2,user130@example.com,user_130,2026-04-18 04:00:00
1193,2026-02-10,West,Electronics,1433.3,Hyderabad,43,Basic,1233.8,14,user131@example.com,,2026-02-10 08:00:00
1193,2026-02-25,West,Clothing,2206.58,Mumbai,59,Standard,1206.61,17,user132@example.com,user_132,2026-02-25 21:00:00
1011,2026-03-20,East,Groceries,4923.78,Jaipur,16,Premium,637.77,7,user133@example.com,user_133,2026-03-20 04:00:00
1074,2026-03-07,North,Electronics,137.88,Hyderabad,43,Premium,301.91,18,user134@example.com,user_134,2026-03-07 22:00:00
1128,2026-02-28,North,Electronics,2045.65,Hyderabad,18,Basic,86.55,3,user135@example.com,user_135,2026-02-28 10:00:00
1109,2026-05-28,South,Groceries,1518.62,Pune,17,Basic,385.15,20,user136@example.com,user_136,2026-05-28 14:00:00
1092,2026-06-26,West,Groceries,4237.97,Delhi,43,Standard,830.88,3,user137@example.com,user_137,2026-06-26 12:00:00
1190,2026-03-21,North,Furniture,1732.04,Delhi,20,Standard,1284.79,17,user138@example.com,user_138,2026-03-21 16:00:00
1198,2026-02-19,North,Clothing,3664.16,Hyderabad,25,Premium,250.47,9,user139@example.com,user_139,2026-02-19 06:00:00
1154,2026-02-14,East,Electronics,968.02,Hyderabad,47,Basic,1521.17,19,user140@example.com,user_140,2026-02-14 14:00:00
1144,2026-06-24,North,Clothing,839.69,Jaipur,46,Basic,1281.2,9,user141@example.com,user_141,2026-06-24 18:00:00
1090,2026-01-15,West,Clothing,2362.54,Jaipur,19,Basic,1671.81,3,user142@example.com,,2026-01-15 20:00:00
1157,2026-01-24,South,Groceries,2943.61,Hyderabad,18,Basic,1822.65,19,user143@example.com,user_143,2026-01-24 20:00:00
1082,2026-02-18,South,Furniture,4792.84,Pune,22,Basic,1965.65,3,user144@example.com,user_144,2026-02-18 16:00:00
1044,2026-06-15,West,Furniture,3567.35,Pune,49,Standard,1239.12,12,user145@example.com,user_145,2026-06-15 11:00:00
1099,2026-03-14,South,Clothing,3426.6,Jaipur,56,Standard,702.57,11,user146@example.com,user_146,2026-03-14 03:00:00
1173,2026-05-23,South,Clothing,1334.78,Hyderabad,54,Premium,700.06,19,user147@example.com,user_147,2026-05-23 21:00:00
1089,2026-02-06,North,Groceries,731.86,Hyderabad,21,Basic,1139.9,11,user148@example.com,user_148,2026-02-06 04:00:00
1179,2026-06-21,West,Groceries,2591.59,Jaipur,39,Basic,401.51,7,user149@example.com,,2026-06-21 10:00:00
1049,2026-05-05,East,Furniture,859.23,Mumbai,22,Standard,1553.21,17,user150@example.com,user_150,2026-05-05 01:00:00
1086,2026-06-19,East,Groceries,855.84,Delhi,60,Standard,1627.64,6,,user_151,2026-06-19 23:00:00
1011,2026-04-23,South,Clothing,3414.18,Delhi,44,Standard,605.61,15,,user_152,2026-04-23 07:00:00
1061,2026-05-17,North,Groceries,4529.47,Delhi,39,Standard,1896.9,15,,user_153,2026-05-17 14:00:00
1199,2026-03-14,South,Groceries,4834.71,Delhi,54,Premium,,2,user154@example.com,user_154,2026-03-14 20:00:00
1095,2026-05-04,West,Electronics,1496.81,Delhi,33,Basic,,5,user155@example.com,user_155,2026-05-04 13:00:00
1056,2026-01-24,South,Clothing,4659.31,Pune,19,Basic,1028.91,8,user156@example.com,user_156,2026-01-24 12:00:00
1095,2026-01-21,East,Electronics,1661.56,Jaipur,57,Basic,1593.19,5,user157@example.com,user_157,2026-01-21 01:00:00
1120,2026-03-15,East,Groceries,2298.15,Jaipur,21,Premium,549.05,5,user158@example.com,user_158,2026-03-15 17:00:00
1135,2026-06-05,South,Electronics,3903.25,Delhi,35,Premium,143.11,14,user159@example.com,user_159,2026-06-05 20:00:00
1117,2026-06-09,West,Electronics,4199.77,Pune,54,Standard,82.05,17,user160@example.com,user_160,2026-06-09 18:00:00
1183,2026-03-03,East,Clothing,2203.27,Bengaluru,38,Premium,1162.79,6,user161@example.com,user_161,2026-03-03 21:00:00
1021,2026-06-21,North,Electronics,4771.68,Bengaluru,48,Standard,1130.6,13,user162@example.com,user_162,2026-06-21 15:00:00
1162,2026-01-12,South,Clothing,1342.89,Jaipur,38,Premium,722.36,4,user163@example.com,user_163,2026-01-12 18:00:00
1034,2026-03-27,West,Clothing,2775.47,Hyderabad,27,Standard,956.01,16,user164@example.com,user_164,2026-03-27 20:00:00
1034,2026-02-16,West,Groceries,281.22,Delhi,18,Premium,1777.29,11,user165@example.com,user_165,2026-02-16 09:00:00
1101,2026-05-12,South,Clothing,279.44,Hyderabad,28,Basic,746.1,2,user166@example.com,user_166,2026-05-12 20:00:00
1069,2026-03-26,West,Clothing,2241.06,Pune,44,Basic,711.12,6,user167@example.com,user_167,2026-03-26 15:00:00
1127,2026-06-27,North,Clothing,4025.63,Hyderabad,43,Premium,889.68,6,user168@example.com,user_168,2026-06-27 17:00:00
1082,2026-03-17,West,Electronics,1706.81,Mumbai,35,Basic,1225.11,14,user169@example.com,user_169,2026-03-17 05:00:00
1113,2026-06-26,North,Groceries,307.54,Mumbai,55,Basic,585.38,2,user170@example.com,user_170,2026-06-26 02:00:00
1163,2026-06-21,South,Clothing,2614.12,Hyderabad,59,Premium,1907.94,5,user171@example.com,user_171,2026-06-21 19:00:00
1200,2026-06-23,South,Electronics,718.53,Delhi,57,Basic,756.19,19,user172@example.com,user_172,2026-06-23 01:00:00
1039,2026-06-04,South,Clothing,1922.87,Jaipur,52,Premium,1082.45,13,user173@example.com,user_173,2026-06-04 10:00:00
1071,2026-06-16,East,Electronics,226.98,Delhi,47,Standard,804.63,18,user174@example.com,user_174,2026-06-16 03:00:00
1198,2026-03-09,North,Groceries,1151.4,Bengaluru,34,Standard,1837.13,16,user175@example.com,user_175,2026-03-09 06:00:00
1034,2026-02-01,West,Groceries,946.02,Hyderabad,44,Premium,1630.5,11,user176@example.com,user_176,2026-02-01 21:00:00
1181,2026-03-30,West,Clothing,4467.53,Delhi,60,Standard,389.48,12,user177@example.com,user_177,2026-03-30 16:00:00
1031,2026-02-27,East,Furniture,1260.01,Pune,17,Basic,1130.34,12,user178@example.com,user_178,2026-02-27 14:00:00
1033,2026-05-22,West,Electronics,1615.52,Hyderabad,46,Standard,851.05,14,user179@example.com,user_179,2026-05-22 18:00:00
1032,2026-01-19,North,Electronics,2304.88,Hyderabad,49,Basic,300.25,18,user180@example.com,user_180,2026-01-19 20:00:00
1046,2026-05-31,East,Groceries,2564.03,Jaipur,23,Standard,348.38,6,user181@example.com,user_181,2026-05-31 05:00:00
1181,2026-03-24,East,Clothing,4742.67,Bengaluru,34,Premium,538.68,18,user182@example.com,user_182,2026-03-24 08:00:00
1160,2026-02-02,North,Electronics,2562.61,Delhi,53,Standard,,20,user183@example.com,user_183,2026-02-02 23:00:00
1086,2026-06-04,West,Electronics,497.99,Hyderabad,52,Basic,1319.7,19,user184@example.com,user_184,2026-06-04 13:00:00
1163,2026-06-08,West,Groceries,4456.08,Bengaluru,34,Standard,1915.47,16,user185@example.com,user_185,2026-06-08 07:00:00
1103,2026-06-25,North,Groceries,457.57,Jaipur,26,Basic,,15,user186@example.com,user_186,2026-06-25 06:00:00
1155,2026-03-29,East,Clothing,4321.28,Mumbai,38,Basic,304.99,12,user187@example.com,,2026-03-29 16:00:00
1027,2026-05-24,North,Furniture,2385.72,Mumbai,44,Premium,324.71,2,user188@example.com,user_188,2026-05-24 09:00:00
1157,2026-04-09,South,Furniture,4817.16,Delhi,36,Standard,1456.2,7,user189@example.com,user_189,2026-04-09 05:00:00
1131,2026-05-08,South,Groceries,4407.47,Pune,17,Premium,1893.2,17,user190@example.com,user_190,2026-05-08 14:00:00
1055,2026-03-03,North,Electronics,347.65,Pune,54,Standard,1361.42,10,user191@example.com,user_191,2026-03-03 17:00:00
1027,2026-01-03,South,Furniture,4424.03,Hyderabad,39,Basic,763.58,13,user192@example.com,user_192,2026-01-03 01:00:00
1143,2026-05-26,East,Clothing,2810.79,Jaipur,40,Standard,928.19,18,user193@example.com,user_193,2026-05-26 08:00:00
1174,2026-06-09,West,Furniture,4877.91,Pune,39,Basic,1137.77,12,user194@example.com,user_194,2026-06-09 04:00:00
1154,2026-02-20,South,Electronics,321.99,Delhi,37,Basic,1062.7,5,user195@example.com,user_195,2026-02-20 19:00:00
1035,2026-05-12,North,Clothing,896.26,Bengaluru,35,Standard,705.93,17,user196@example.com,user_196,2026-05-12 17:00:00
1181,2026-05-06,North,Groceries,4097.17,Mumbai,37,Standard,263.73,14,user197@example.com,user_197,2026-05-06 18:00:00
1185,2026-03-20,West,Groceries,1401.1,Hyderabad,53,Standard,493.71,2,user198@example.com,user_198,2026-03-20 18:00:00
1043,2026-05-03,South,Furniture,4126.14,Delhi,18,Standard,1899.0,4,user199@example.com,user_199,2026-05-03 06:00:00
1112,2026-01-05,North,Groceries,842.01,Hyderabad,29,Basic,1028.55,20,user200@example.com,user_200,2026-01-05 15:00:00
1180,2026-01-16,East,Furniture,2848.35,Hyderabad,46,Standard,784.81,6,user201@example.com,user_201,2026-01-16 14:00:00
1087,2026-05-17,North,Clothing,3089.38,Delhi,31,Basic,1138.27,8,user202@example.com,user_202,2026-05-17 09:00:00
1180,2026-03-15,East,Groceries,1653.5,Mumbai,51,Standard,583.24,4,user203@example.com,user_203,2026-03-15 18:00:00
1139,2026-06-23,South,Groceries,4110.05,Delhi,34,Premium,610.88,3,user204@example.com,user_204,2026-06-23 11:00:00
1167,2026-04-24,North,Groceries,1148.54,Bengaluru,33,Standard,1407.53,5,user205@example.com,user_205,2026-04-24 03:00:00
1189,2026-06-07,East,Furniture,348.75,Bengaluru,30,Standard,504.03,4,user206@example.com,user_206,2026-06-07 13:00:00
1183,2026-03-26,South,Electronics,3437.84,Delhi,16,Standard,1956.93,6,user207@example.com,user_207,2026-03-26 13:00:00
1121,2026-06-17,South,Furniture,3803.96,Mumbai,36,Basic,1309.5,3,user208@example.com,user_208,2026-06-17 20:00:00
1059,2026-05-27,West,Furniture,2147.64,Delhi,18,Basic,1586.52,6,user209@example.com,user_209,2026-05-27 23:00:00
1009,2026-03-16,West,Clothing,2883.01,Jaipur,37,Basic,935.98,18,user210@example.com,user_210,2026-03-16 16:00:00
1034,2026-05-07,South,Clothing,1044.78,Jaipur,37,Premium,1475.68,9,user211@example.com,user_211,2026-05-07 22:00:00
1003,2026-02-17,North,Clothing,2882.13,Delhi,27,Standard,1719.49,13,user212@example.com,user_212,2026-02-17 13:00:00
1083,2026-05-12,West,Groceries,3379.35,Delhi,24,Basic,681.02,8,user213@example.com,user_213,2026-05-12 00:00:00
1098,2026-03-08,East,Groceries,3793.41,Mumbai,35,Standard,1459.62,1,user214@example.com,user_214,2026-03-08 08:00:00
1092,2026-06-17,East,Electronics,3372.15,Pune,35,Premium,840.56,17,user215@example.com,user_215,2026-06-17 22:00:00
1176,2026-03-21,West,Clothing,1900.97,Delhi,30,Premium,982.45,15,user216@example.com,user_216,2026-03-21 23:00:00
1095,2026-06-05,South,Groceries,3811.02,Hyderabad,29,Premium,1376.67,20,user217@example.com,user_217,2026-06-05 02:00:00
1114,2026-05-15,North,Electronics,4594.5,Jaipur,19,Standard,1810.63,7,user218@example.com,user_218,2026-05-15 18:00:00
1038,2026-05-18,East,Clothing,4286.98,Pune,23,Standard,450.53,19,user219@example.com,user_219,2026-05-18 15:00:00
1130,2026-01-24,South,Electronics,2321.82,Bengaluru,42,Basic,1149.63,18,user220@example.com,user_220,2026-01-24 14:00:00
1078,2026-06-22,West,Groceries,1346.84,Jaipur,29,Standard,192.41,14,user221@example.com,user_221,2026-06-22 11:00:00
1016,2026-06-29,West,Electronics,4932.07,Pune,18,Basic,847.29,5,user222@example.com,user_222,2026-06-29 20:00:00
1107,2026-06-15,North,Groceries,2297.83,Pune,40,Premium,1381.32,18,user223@example.com,user_223,2026-06-15 04:00:00
1089,2026-06-17,West,Furniture,4964.95,Pune,49,Premium,1469.32,8,user224@example.com,user_224,2026-06-17 00:00:00
1076,2026-01-06,South,Groceries,2706.47,Delhi,31,Basic,725.01,9,user225@example.com,user_225,2026-01-06 06:00:00
1008,2026-01-29,South,Electronics,1279.26,Jaipur,22,Standard,115.47,20,user226@example.com,user_226,2026-01-29 21:00:00
1012,2026-06-30,East,Electronics,2071.1,Delhi,50,Premium,1521.05,2,user227@example.com,user_227,2026-06-30 04:00:00
1074,2026-05-09,East,Clothing,2929.63,Hyderabad,36,Premium,638.44,5,user228@example.com,user_228,2026-05-09 21:00:00
1056,2026-05-14,South,Clothing,1448.25,Bengaluru,53,Standard,1827.58,14,user229@example.com,user_229,2026-05-14 17:00:00
1012,2026-05-07,North,Groceries,3950.44,Mumbai,60,Basic,846.11,10,user230@example.com,user_230,2026-05-07 12:00:00
1193,2026-02-17,South,Furniture,4261.77,Mumbai,25,Basic,1833.75,18,user231@example.com,user_231,2026-02-17 13:00:00
1142,2026-04-17,East,Groceries,1290.01,Delhi,37,Standard,204.19,15,user232@example.com,user_232,2026-04-17 11:00:00
1137,2026-01-24,East,Electronics,1415.46,Hyderabad,54,Standard,127.12,3,user233@example.com,user_233,2026-01-24 06:00:00
1185,2026-05-31,East,Groceries,1123.56,Mumbai,35,Premium,463.03,7,user234@example.com,user_234,2026-05-31 23:00:00
1191,2026-01-31,South,Furniture,3508.57,Hyderabad,29,Basic,1834.5,18,user235@example.com,user_235,2026-01-31 10:00:00
1097,2026-03-14,South,Clothing,1611.27,Mumbai,48,Basic,958.71,16,user236@example.com,user_236,2026-03-14 10:00:00
1094,2026-02-22,North,Groceries,324.01,Delhi,25,Premium,558.51,19,user237@example.com,user_237,2026-02-22 18:00:00
1075,2026-04-17,East,Furniture,1716.34,Pune,52,Premium,1023.64,11,user238@example.com,user_238,2026-04-17 08:00:00
1185,2026-05-06,South,Groceries,924.34,Mumbai,26,Premium,1454.61,16,user239@example.com,user_239,2026-05-06 05:00:00
1164,2026-05-19,West,Electronics,4211.44,Jaipur,58,Premium,1540.46,14,user240@example.com,user_240,2026-05-19 04:00:00
1059,2026-06-11,West,Furniture,144.79,Bengaluru,45,Basic,167.88,20,user241@example.com,user_241,2026-06-11 15:00:00
1124,2026-06-18,West,Electronics,2707.84,Pune,16,Premium,1082.36,9,user242@example.com,user_242,2026-06-18 17:00:00
1004,2026-03-15,South,Furniture,624.38,Jaipur,49,Premium,519.89,20,user243@example.com,user_243,2026-03-15 16:00:00
1090,2026-03-06,North,Groceries,487.19,Pune,45,Standard,524.26,8,user244@example.com,user_244,2026-03-06 09:00:00
1020,2026-06-25,West,Electronics,2085.86,Pune,51,Basic,159.42,1,user245@example.com,user_245,2026-06-25 22:00:00
1021,2026-02-13,South,Groceries,3260.05,Mumbai,52,Premium,1794.84,2,user246@example.com,user_246,2026-02-13 07:00:00
1177,2026-02-24,South,Clothing,328.15,Jaipur,59,Basic,1803.66,19,user247@example.com,user_247,2026-02-24 21:00:00
1045,2026-01-09,North,Electronics,4811.2,Bengaluru,25,Standard,1650.76,3,user248@example.com,user_248,2026-01-09 09:00:00
1144,2026-02-11,East,Groceries,3417.47,Bengaluru,37,Basic,1523.44,5,user249@example.com,user_249,2026-02-11 22:00:00
1128,2026-01-21,North,Electronics,578.66,Delhi,20,Basic,1230.08,20,user250@example.com,user_250,2026-01-21 19:00:00
1198,2026-04-12,North,Electronics,3207.2,Pune,47,Premium,743.83,13,user251@example.com,user_251,2026-04-12 13:00:00
1174,2026-02-17,South,Electronics,3883.62,Mumbai,31,Standard,193.34,9,user252@example.com,user_252,2026-02-17 04:00:00
1182,2026-04-08,East,Groceries,1651.72,Jaipur,21,Premium,1888.77,15,user253@example.com,user_253,2026-04-08 11:00:00
1026,2026-03-11,East,Electronics,1018.22,Pune,51,Standard,1049.26,4,user254@example.com,user_254,2026-03-11 00:00:00
1090,2026-01-23,West,Clothing,4332.22,Jaipur,34,Basic,806.21,3,user255@example.com,user_255,2026-01-23 23:00:00
1062,2026-05-24,East,Groceries,930.56,Mumbai,35,Basic,1011.59,3,user256@example.com,user_256,2026-05-24 05:00:00
1070,2026-04-22,South,Clothing,2472.73,Jaipur,39,Basic,1891.23,16,user257@example.com,user_257,2026-04-22 19:00:00
1050,2026-06-07,South,Electronics,763.9,Jaipur,41,Basic,1691.15,13,user258@example.com,user_258,2026-06-07 10:00:00
1085,2026-04-23,South,Furniture,1572.13,Bengaluru,60,Premium,984.07,6,user259@example.com,user_259,2026-04-23 12:00:00
1074,2026-03-23,South,Furniture,1696.84,Mumbai,41,Basic,272.08,19,user260@example.com,user_260,2026-03-23 06:00:00
1139,2026-06-01,East,Electronics,4769.72,Pune,29,Basic,1605.49,3,user261@example.com,user_261,2026-06-01 13:00:00
1127,2026-06-22,East,Clothing,1285.9,Hyderabad,25,Standard,875.1,13,user262@example.com,user_262,2026-06-22 02:00:00
1153,2026-04-25,South,Groceries,2718.4,Hyderabad,42,Standard,121.69,12,user263@example.com,user_263,2026-04-25 22:00:00
1152,2026-05-18,West,Electronics,3867.87,Hyderabad,58,Basic,374.36,20,user264@example.com,user_264,2026-05-18 01:00:00
1165,2026-05-25,South,Clothing,4832.01,Pune,22,Premium,242.28,8,user265@example.com,user_265,2026-05-25 16:00:00
1142,2026-05-13,East,Groceries,1933.19,Pune,59,Standard,1396.35,5,user266@example.com,user_266,2026-05-13 11:00:00
1123,2026-01-07,West,Clothing,2138.28,Jaipur,23,Standard,326.27,10,user267@example.com,user_267,2026-01-07 10:00:00
1200,2026-04-27,East,Groceries,1806.67,Jaipur,44,Standard,1408.69,11,user268@example.com,user_268,2026-04-27 02:00:00
1011,2026-03-18,West,Electronics,4260.98,Hyderabad,22,Standard,1610.1,8,user269@example.com,user_269,2026-03-18 16:00:00
1141,2026-02-14,East,Clothing,2843.26,Pune,30,Basic,1278.03,6,user270@example.com,user_270,2026-02-14 20:00:00
1110,2026-06-18,South,Electronics,3713.2,Delhi,44,Standard,887.63,1,user271@example.com,user_271,2026-06-18 22:00:00
1052,2026-02-24,North,Electronics,2929.0,Bengaluru,27,Basic,,15,user272@example.com,user_272,2026-02-24 03:00:00
1171,2026-03-09,South,Clothing,3025.16,Bengaluru,41,Standard,272.75,12,user273@example.com,user_273,2026-03-09 14:00:00
1044,2026-06-08,North,Electronics,3393.34,Mumbai,23,Premium,645.49,6,user274@example.com,user_274,2026-06-08 11:00:00
1036,2026-06-27,South,Groceries,3022.49,Bengaluru,40,Basic,412.22,18,user275@example.com,user_275,2026-06-27 22:00:00
1044,2026-06-15,East,Groceries,1515.29,Delhi,36,Basic,1257.85,12,user276@example.com,user_276,2026-06-15 00:00:00
1034,2026-05-05,East,Groceries,4822.76,Bengaluru,57,Basic,847.81,16,user277@example.com,user_277,2026-05-05 13:00:00
1125,2026-04-24,East,Electronics,2870.45,Delhi,34,Premium,,18,user278@example.com,user_278,2026-04-24 09:00:00
1199,2026-02-13,South,Groceries,2793.66,Jaipur,52,Premium,572.38,18,user279@example.com,user_279,2026-02-13 11:00:00
1193,2026-05-19,West,Groceries,2777.13,Pune,22,Standard,1668.64,8,user280@example.com,user_280,2026-05-19 09:00:00
1115,2026-01-09,North,Clothing,4324.78,Jaipur,44,Premium,1562.48,8,user281@example.com,user_281,2026-01-09 06:00:00
1176,2026-05-31,North,Groceries,913.31,Delhi,29,Premium,1620.61,19,user282@example.com,user_282,2026-05-31 11:00:00
1071,2026-05-17,East,Clothing,4897.1,Mumbai,34,Standard,571.32,17,user283@example.com,user_283,2026-05-17 21:00:00
1034,2026-01-25,South,Electronics,4963.18,Hyderabad,24,Standard,1738.85,8,user284@example.com,user_284,2026-01-25 04:00:00
1063,2026-03-24,South,Groceries,796.64,Hyderabad,33,Standard,857.74,15,user285@example.com,user_285,2026-03-24 02:00:00
1196,2026-06-12,West,Groceries,2626.51,Mumbai,60,Basic,936.66,16,,user_286,2026-06-12 10:00:00
1000,2026-05-29,West,Groceries,3210.72,Hyderabad,38,Premium,1601.57,13,user287@example.com,user_287,2026-05-29 06:00:00
1054,2026-04-20,South,Clothing,1682.04,Mumbai,37,Standard,1176.97,19,user288@example.com,user_288,2026-04-20 15:00:00
1174,2026-03-29,West,Electronics,587.92,Pune,17,Premium,1862.39,6,user289@example.com,user_289,2026-03-29 14:00:00
1000,2026-04-27,South,Furniture,4978.9,Delhi,57,Basic,360.01,9,user290@example.com,user_290,2026-04-27 02:00:00
1092,2026-06-17,North,Electronics,1922.03,Hyderabad,26,Premium,822.87,10,user291@example.com,user_291,2026-06-17 23:00:00
1193,2026-06-29,East,Groceries,3311.88,Hyderabad,22,Premium,466.17,3,user292@example.com,user_292,2026-06-29 04:00:00
1057,2026-06-01,South,Electronics,139.51,Mumbai,23,Basic,1403.36,16,user293@example.com,user_293,2026-06-01 02:00:00
1098,2026-02-28,West,Electronics,605.69,Mumbai,35,Premium,,5,user294@example.com,user_294,2026-02-28 20:00:00
1036,2026-06-23,West,Electronics,3090.56,Delhi,44,Basic,1458.74,5,user295@example.com,user_295,2026-06-23 13:00:00
1175,2026-06-07,South,Furniture,524.77,Jaipur,24,Premium,1199.67,13,user296@example.com,user_296,2026-06-07 11:00:00
1080,2026-04-20,East,Furniture,1457.14,Jaipur,31,Standard,1221.95,20,user297@example.com,user_297,2026-04-20 09:00:00
1006,2026-06-26,North,Furniture,2636.97,Bengaluru,28,Standard,813.91,2,user298@example.com,user_298,2026-06-26 07:00:00
1098,2026-05-07,West,Furniture,2547.95,Bengaluru,20,Standard,1783.01,1,user299@example.com,user_299,2026-05-07 11:00:00
1033,2026-03-23,South,Groceries,1890.52,Hyderabad,27,Basic,1911.18,3,user300@example.com,user_300,2026-03-23 00:00:00
1017,2026-05-31,West,Clothing,1157.14,Jaipur,41,Standard,608.65,17,user301@example.com,user_301,2026-05-31 13:00:00
1179,2026-04-19,South,Electronics,3238.63,Bengaluru,55,Premium,591.06,10,user302@example.com,user_302,2026-04-19 02:00:00
1052,2026-05-11,East,Clothing,2014.58,Hyderabad,57,Standard,1304.15,10,user303@example.com,user_303,2026-05-11 22:00:00
1186,2026-04-22,East,Electronics,1297.95,Pune,23,Basic,1243.98,2,user304@example.com,user_304,2026-04-22 09:00:00
1189,2026-06-20,East,Electronics,162.06,Delhi,60,Premium,369.47,12,user305@example.com,user_305,2026-06-20 16:00:00
1200,2026-05-13,North,Furniture,1922.16,Hyderabad,33,Standard,1778.51,1,user306@example.com,user_306,2026-05-13 10:00:00
1069,2026-04-20,West,Clothing,3590.38,Bengaluru,56,Premium,1017.49,17,user307@example.com,user_307,2026-04-20 11:00:00
1127,2026-01-15,East,Clothing,870.82,Jaipur,52,Standard,1459.42,8,user308@example.com,user_308,2026-01-15 23:00:00
1000,2026-05-11,West,Electronics,1298.3,Pune,39,Basic,,6,user309@example.com,user_309,2026-05-11 01:00:00
1182,2026-05-22,South,Furniture,1676.83,Pune,36,Basic,1660.69,19,user310@example.com,user_310,2026-05-22 11:00:00
1128,2026-01-31,West,Furniture,1193.61,Bengaluru,18,Basic,184.41,15,user311@example.com,user_311,2026-01-31 09:00:00
1083,2026-03-21,West,Groceries,139.05,Delhi,34,Standard,1579.79,20,user312@example.com,user_312,2026-03-21 07:00:00
1094,2026-04-29,South,Furniture,3689.07,Bengaluru,31,Premium,62.44,14,user313@example.com,user_313,2026-04-29 00:00:00
1138,2026-03-01,North,Electronics,4759.85,Jaipur,58,Basic,1705.56,10,user314@example.com,user_314,2026-03-01 03:00:00
1135,2026-02-22,East,Groceries,2510.94,Jaipur,25,Standard,595.66,2,user315@example.com,user_315,2026-02-22 07:00:00
1105,2026-05-14,North,Groceries,4875.32,Jaipur,53,Premium,1035.58,13,user316@example.com,user_316,2026-05-14 02:00:00
1145,2026-06-01,West,Groceries,3345.98,Delhi,31,Basic,558.93,11,user317@example.com,user_317,2026-06-01 12:00:00
1188,2026-06-29,North,Clothing,2318.51,Delhi,20,Premium,315.42,19,user318@example.com,user_318,2026-06-29 03:00:00
1027,2026-02-09,East,Groceries,2383.67,Pune,23,Standard,748.66,7,user319@example.com,user_319,2026-02-09 14:00:00
1118,2026-03-20,North,Electronics,543.06,Hyderabad,35,Standard,1408.91,2,user320@example.com,user_320,2026-03-20 06:00:00
1037,2026-03-25,West,Furniture,4845.16,Pune,48,Premium,1370.51,9,user321@example.com,user_321,2026-03-25 05:00:00
1103,2026-01-08,South,Furniture,564.15,Jaipur,24,Premium,73.32,8,user322@example.com,user_322,2026-01-08 04:00:00
1102,2026-02-20,North,Electronics,2953.39,Mumbai,20,Premium,1994.46,7,user323@example.com,user_323,2026-02-20 20:00:00
1032,2026-04-24,West,Clothing,700.39,Pune,19,Premium,1852.06,14,user324@example.com,user_324,2026-04-24 23:00:00
1127,2026-04-12,West,Groceries,3447.74,Delhi,38,Premium,1821.19,9,user325@example.com,user_325,2026-04-12 08:00:00
1038,2026-04-25,West,Furniture,3271.66,Pune,42,Standard,984.11,3,user326@example.com,user_326,2026-04-25 08:00:00
1035,2026-04-09,South,Furniture,3249.0,Bengaluru,31,Standard,1988.47,18,user327@example.com,,2026-04-09 00:00:00
1200,2026-04-08,North,Groceries,2768.14,Pune,38,Standard,1029.67,13,,user_328,2026-04-08 08:00:00
1006,2026-02-16,North,Furniture,243.59,Mumbai,19,Basic,1082.39,19,user329@example.com,user_329,2026-02-16 07:00:00
1025,2026-02-10,East,Furniture,1405.98,Hyderabad,19,Premium,1172.6,13,user330@example.com,user_330,2026-02-10 11:00:00
1045,2026-02-14,East,Clothing,4050.43,Hyderabad,38,Standard,105.0,12,user331@example.com,,2026-02-14 18:00:00
1036,2026-05-25,East,Groceries,2756.41,Delhi,47,Premium,226.0,8,user332@example.com,user_332,2026-05-25 19:00:00
1005,2026-02-26,South,Electronics,1725.5,Bengaluru,28,Premium,714.48,6,user333@example.com,user_333,2026-02-26 10:00:00
1005,2026-01-16,East,Furniture,3894.4,Bengaluru,39,Premium,778.5,13,user334@example.com,user_334,2026-01-16 18:00:00
1086,2026-01-26,North,Clothing,768.61,Delhi,43,Standard,1923.29,11,user335@example.com,user_335,2026-01-26 05:00:00
1177,2026-05-24,North,Furniture,3361.11,Delhi,40,Basic,1481.29,10,user336@example.com,user_336,2026-05-24 04:00:00
1186,2026-02-15,West,Groceries,4268.71,Bengaluru,18,Premium,1224.66,20,user337@example.com,user_337,2026-02-15 07:00:00
1144,2026-06-13,West,Groceries,789.15,Hyderabad,20,Premium,726.28,11,user338@example.com,user_338,2026-06-13 05:00:00
1022,2026-06-12,North,Groceries,155.84,Delhi,31,Standard,182.2,9,user339@example.com,user_339,2026-06-12 03:00:00
1012,2026-01-01,South,Groceries,3689.66,Delhi,42,Basic,1769.45,12,user340@example.com,user_340,2026-01-01 17:00:00
1025,2026-04-07,South,Furniture,897.02,Jaipur,18,Basic,89.15,9,user341@example.com,user_341,2026-04-07 03:00:00
1087,2026-01-19,East,Groceries,888.43,Jaipur,51,Premium,709.0,20,user342@example.com,,2026-01-19 15:00:00
1007,2026-06-30,South,Furniture,3075.86,Pune,26,Premium,,7,user343@example.com,user_343,2026-06-30 06:00:00
1178,2026-04-15,North,Clothing,1557.26,Jaipur,19,Basic,1164.95,16,user344@example.com,user_344,2026-04-15 04:00:00
1092,2026-01-14,West,Groceries,529.38,Hyderabad,56,Standard,986.64,4,user345@example.com,user_345,2026-01-14 00:00:00
1043,2026-02-22,North,Electronics,2420.5,Jaipur,35,Basic,968.34,9,user346@example.com,user_346,2026-02-22 02:00:00
1139,2026-06-14,South,Furniture,1918.0,Pune,39,Premium,919.26,9,user347@example.com,user_347,2026-06-14 14:00:00
1067,2026-04-30,East,Clothing,2864.81,Delhi,60,Standard,238.57,12,user348@example.com,user_348,2026-04-30 17:00:00
1193,2026-04-16,East,Electronics,4219.91,Bengaluru,42,Standard,1389.78,16,user349@example.com,user_349,2026-04-16 18:00:00
1121,2026-03-02,North,Electronics,2034.54,Hyderabad,18,Standard,1163.88,17,user350@example.com,user_350,2026-03-02 18:00:00
1158,2026-06-23,East,Electronics,4751.35,Pune,27,Premium,1945.72,7,user351@example.com,user_351,2026-06-23 04:00:00
1108,2026-01-11,West,Groceries,1089.4,Hyderabad,25,Standard,552.88,3,user352@example.com,user_352,2026-01-11 02:00:00
1142,2026-04-10,South,Clothing,4297.46,Bengaluru,45,Premium,1583.77,20,user353@example.com,user_353,2026-04-10 18:00:00
1200,2026-05-14,South,Electronics,2130.77,Delhi,52,Standard,1186.22,4,user354@example.com,user_354,2026-05-14 03:00:00
1199,2026-05-25,West,Clothing,4350.63,Mumbai,42,Basic,796.93,16,user355@example.com,user_355,2026-05-25 18:00:00
1121,2026-06-05,West,Furniture,1449.53,Delhi,55,Standard,1377.59,13,user356@example.com,user_356,2026-06-05 01:00:00
1084,2026-04-12,East,Electronics,3754.17,Mumbai,39,Premium,,10,user357@example.com,user_357,2026-04-12 09:00:00
1125,2026-03-13,West,Furniture,758.49,Hyderabad,44,Basic,575.37,14,user358@example.com,user_358,2026-03-13 19:00:00
1022,2026-06-15,East,Groceries,1135.81,Pune,47,Standard,1741.02,2,user359@example.com,user_359,2026-06-15 16:00:00
1016,2026-02-10,North,Groceries,764.68,Bengaluru,52,Premium,388.79,7,user360@example.com,user_360,2026-02-10 01:00:00
1008,2026-03-05,South,Electronics,4598.35,Hyderabad,28,Basic,768.29,15,user361@example.com,user_361,2026-03-05 16:00:00
1162,2026-04-12,West,Electronics,1285.5,Pune,54,Basic,396.29,16,user362@example.com,,2026-04-12 18:00:00
1089,2026-05-22,North,Furniture,4204.5,Mumbai,60,Premium,605.89,13,user363@example.com,user_363,2026-05-22 01:00:00
1146,2026-02-11,East,Furniture,3272.16,Hyderabad,29,Basic,1320.6,17,user364@example.com,user_364,2026-02-11 00:00:00
1002,2026-06-24,South,Furniture,3272.12,Bengaluru,16,Premium,542.16,10,user365@example.com,user_365,2026-06-24 22:00:00
1070,2026-06-14,South,Groceries,4272.77,Pune,32,Premium,960.06,17,user366@example.com,user_366,2026-06-14 19:00:00
1149,2026-04-12,West,Electronics,2606.42,Hyderabad,39,Standard,1312.32,20,user367@example.com,user_367,2026-04-12 09:00:00
1175,2026-03-18,West,Groceries,412.8,Mumbai,56,Basic,1729.91,9,user368@example.com,user_368,2026-03-18 20:00:00
1076,2026-06-16,East,Furniture,2634.74,Delhi,19,Standard,837.99,11,user369@example.com,user_369,2026-06-16 21:00:00
1184,2026-02-05,West,Groceries,4987.6,Mumbai,42,Basic,807.14,2,user370@example.com,user_370,2026-02-05 18:00:00
1048,2026-05-27,North,Furniture,3462.96,Hyderabad,46,Standard,749.07,10,user371@example.com,user_371,2026-05-27 05:00:00
1142,2026-06-18,East,Clothing,578.26,Delhi,32,Standard,1626.27,6,user372@example.com,user_372,2026-06-18 21:00:00
1167,2026-03-27,West,Furniture,1840.89,Hyderabad,35,Basic,1586.78,11,user373@example.com,user_373,2026-03-27 11:00:00
1149,2026-03-08,North,Groceries,4270.95,Pune,19,Standard,1187.97,20,user374@example.com,user_374,2026-03-08 02:00:00
1049,2026-05-01,West,Groceries,2696.21,Pune,19,Premium,317.86,7,user375@example.com,user_375,2026-05-01 10:00:00
1145,2026-04-15,South,Furniture,1650.28,Hyderabad,27,Premium,1000.78,6,user376@example.com,user_376,2026-04-15 10:00:00
1014,2026-06-12,West,Groceries,1440.29,Delhi,52,Premium,1004.68,3,user377@example.com,user_377,2026-06-12 04:00:00
1111,2026-06-07,South,Groceries,2202.22,Pune,40,Premium,,7,user378@example.com,user_378,2026-06-07 23:00:00
1003,2026-04-06,North,Furniture,187.79,Jaipur,56,Standard,535.21,12,user379@example.com,user_379,2026-04-06 09:00:00
1026,2026-02-03,South,Clothing,918.4,Jaipur,35,Basic,939.06,17,user380@example.com,user_380,2026-02-03 19:00:00
1086,2026-05-15,South,Furniture,1779.39,Pune,38,Premium,371.52,13,user381@example.com,user_381,2026-05-15 00:00:00
1057,2026-02-28,East,Furniture,3696.98,Bengaluru,48,Premium,290.17,2,user382@example.com,user_382,2026-02-28 12:00:00
1065,2026-06-13,West,Electronics,3343.65,Hyderabad,17,Premium,1395.01,14,user383@example.com,user_383,2026-06-13 14:00:00
1031,2026-04-08,North,Groceries,3539.15,Delhi,60,Standard,1279.11,10,user384@example.com,user_384,2026-04-08 13:00:00
1025,2026-06-19,North,Furniture,2152.25,Jaipur,48,Standard,1254.51,10,user385@example.com,user_385,2026-06-19 03:00:00
1127,2026-01-28,East,Furniture,3912.0,Bengaluru,28,Basic,1421.7,10,user386@example.com,user_386,2026-01-28 05:00:00
1140,2026-01-11,South,Furniture,3472.2,Pune,37,Premium,55.34,3,user387@example.com,user_387,2026-01-11 03:00:00
1171,2026-05-27,South,Furniture,4752.29,Bengaluru,20,Standard,1460.97,9,user388@example.com,user_388,2026-05-27 20:00:00
1116,2026-03-01,North,Clothing,2374.96,Jaipur,27,Premium,1711.88,12,user389@example.com,user_389,2026-03-01 21:00:00
1109,2026-03-22,West,Electronics,4271.1,Jaipur,16,Premium,1343.54,6,user390@example.com,user_390,2026-03-22 10:00:00
1112,2026-04-02,North,Electronics,1925.85,Mumbai,27,Premium,831.52,15,user391@example.com,user_391,2026-04-02 08:00:00
1176,2026-04-09,South,Groceries,3279.35,Delhi,23,Premium,1407.53,2,user392@example.com,user_392,2026-04-09 05:00:00
1106,2026-01-27,South,Groceries,988.18,Pune,38,Standard,106.19,5,user393@example.com,user_393,2026-01-27 15:00:00
1028,2026-05-05,South,Groceries,325.26,Mumbai,57,Basic,74.1,17,user394@example.com,user_394,2026-05-05 23:00:00
1185,2026-05-28,East,Clothing,2643.59,Hyderabad,60,Standard,235.72,8,user395@example.com,,2026-05-28 15:00:00
1169,2026-03-30,South,Furniture,4211.26,Bengaluru,55,Premium,72.71,6,user396@example.com,user_396,2026-03-30 16:00:00
1126,2026-05-01,East,Electronics,3782.01,Mumbai,31,Basic,1941.78,2,user397@example.com,user_397,2026-05-01 16:00:00
1140,2026-02-27,South,Groceries,4103.81,Jaipur,45,Basic,1612.46,15,user398@example.com,user_398,2026-02-27 02:00:00
1114,2026-05-08,North,Electronics,4905.29,Hyderabad,57,Premium,250.15,14,user399@example.com,user_399,2026-05-08 01:00:00
1140,2026-05-23,West,Electronics,3979.74,Bengaluru,56,Basic,1785.72,18,,user_400,2026-05-23 06:00:00
1171,2026-06-17,South,Clothing,1880.38,Jaipur,30,Basic,697.35,20,user401@example.com,user_401,2026-06-17 19:00:00
1183,2026-05-02,North,Groceries,658.71,Hyderabad,30,Premium,715.65,10,user402@example.com,user_402,2026-05-02 17:00:00
1095,2026-05-14,West,Electronics,4494.7,Pune,24,Standard,1497.9,14,user403@example.com,user_403,2026-05-14 03:00:00
1156,2026-03-07,East,Furniture,691.65,Pune,29,Basic,1657.88,7,user404@example.com,user_404,2026-03-07 22:00:00
1027,2026-03-28,South,Electronics,4640.47,Hyderabad,53,Premium,1555.68,15,user405@example.com,user_405,2026-03-28 14:00:00
1150,2026-06-18,East,Groceries,121.25,Hyderabad,19,Standard,1873.85,19,user406@example.com,user_406,2026-06-18 15:00:00
1199,2026-05-11,East,Furniture,3679.42,Delhi,22,Basic,1332.17,20,user407@example.com,user_407,2026-05-11 10:00:00
1098,2026-05-10,South,Furniture,1440.62,Mumbai,34,Basic,1619.35,5,user408@example.com,user_408,2026-05-10 13:00:00
1179,2026-06-04,North,Clothing,3588.18,Bengaluru,56,Premium,441.73,20,user409@example.com,user_409,2026-06-04 22:00:00
1175,2026-03-16,North,Furniture,4908.54,Hyderabad,27,Standard,1107.86,11,user410@example.com,user_410,2026-03-16 22:00:00
1194,2026-01-30,North,Groceries,2955.75,Hyderabad,42,Standard,1508.34,18,user411@example.com,user_411,2026-01-30 09:00:00
1003,2026-04-19,West,Electronics,1966.26,Jaipur,58,Premium,439.81,6,user412@example.com,user_412,2026-04-19 09:00:00
1064,2026-06-24,East,Electronics,3483.91,Mumbai,29,Standard,113.0,15,user413@example.com,user_413,2026-06-24 03:00:00
1172,2026-06-07,East,Groceries,1264.22,Hyderabad,34,Standard,1345.76,13,user414@example.com,user_414,2026-06-07 12:00:00
1175,2026-04-17,North,Electronics,163.53,Mumbai,28,Standard,1744.26,15,user415@example.com,user_415,2026-04-17 07:00:00
1180,2026-06-12,North,Furniture,3903.12,Delhi,34,Basic,395.98,3,user416@example.com,user_416,2026-06-12 05:00:00
1188,2026-02-14,West,Groceries,299.11,Mumbai,51,Basic,303.63,19,user417@example.com,user_417,2026-02-14 08:00:00
1084,2026-01-02,South,Furniture,295.71,Mumbai,54,Premium,1558.64,20,user418@example.com,user_418,2026-01-02 21:00:00
1125,2026-03-19,North,Electronics,3941.75,Mumbai,49,Premium,1916.13,17,user419@example.com,user_419,2026-03-19 02:00:00
1040,2026-05-10,South,Groceries,550.53,Delhi,29,Standard,697.17,12,user420@example.com,user_420,2026-05-10 09:00:00
1192,2026-02-25,South,Electronics,662.14,Mumbai,44,Premium,1813.77,20,user421@example.com,user_421,2026-02-25 19:00:00
1010,2026-03-04,North,Groceries,4588.07,Jaipur,40,Basic,1103.46,10,user422@example.com,user_422,2026-03-04 00:00:00
1197,2026-05-13,North,Groceries,2485.34,Mumbai,57,Premium,674.61,3,user423@example.com,user_423,2026-05-13 03:00:00
1197,2026-02-12,West,Electronics,1132.83,Hyderabad,29,Standard,877.21,4,user424@example.com,,2026-02-12 06:00:00
1179,2026-05-18,South,Electronics,3759.77,Delhi,17,Basic,1447.89,2,user425@example.com,user_425,2026-05-18 02:00:00
1013,2026-01-19,East,Clothing,2834.61,Bengaluru,30,Basic,844.88,15,user426@example.com,user_426,2026-01-19 20:00:00
1110,2026-04-14,North,Electronics,2008.56,Jaipur,50,Premium,1300.77,20,user427@example.com,user_427,2026-04-14 02:00:00
1011,2026-05-30,West,Clothing,4647.43,Jaipur,34,Standard,637.63,3,user428@example.com,user_428,2026-05-30 09:00:00
1097,2026-04-23,South,Electronics,2422.54,Bengaluru,30,Premium,1506.17,18,user429@example.com,user_429,2026-04-23 09:00:00
1036,2026-06-12,North,Clothing,4791.22,Jaipur,51,Standard,325.68,2,user430@example.com,user_430,2026-06-12 00:00:00
1152,2026-05-27,South,Electronics,1592.99,Hyderabad,38,Premium,854.68,17,user431@example.com,user_431,2026-05-27 04:00:00
1047,2026-02-11,East,Clothing,1052.2,Delhi,58,Standard,1711.89,18,user432@example.com,user_432,2026-02-11 14:00:00
1140,2026-06-15,West,Clothing,3391.26,Mumbai,22,Premium,1464.9,16,user433@example.com,user_433,2026-06-15 10:00:00
1032,2026-04-02,East,Electronics,1497.17,Jaipur,28,Basic,997.43,11,user434@example.com,user_434,2026-04-02 19:00:00
1078,2026-06-18,East,Clothing,4057.73,Pune,26,Premium,660.77,8,user435@example.com,,2026-06-18 22:00:00
1111,2026-06-14,North,Clothing,758.1,Hyderabad,37,Basic,,12,user436@example.com,user_436,2026-06-14 09:00:00
1141,2026-05-05,West,Furniture,3263.2,Jaipur,33,Premium,1788.03,7,user437@example.com,user_437,2026-05-05 08:00:00
1019,2026-06-10,West,Electronics,4262.98,Hyderabad,17,Standard,1178.86,19,,user_438,2026-06-10 06:00:00
1141,2026-01-10,North,Groceries,3304.15,Delhi,39,Basic,,19,user439@example.com,user_439,2026-01-10 23:00:00
1034,2026-03-16,South,Electronics,2044.25,Bengaluru,16,Standard,515.82,20,user440@example.com,user_440,2026-03-16 21:00:00
1193,2026-02-12,East,Groceries,880.19,Bengaluru,52,Standard,1750.78,5,user441@example.com,user_441,2026-02-12 23:00:00
1091,2026-05-04,West,Furniture,3831.21,Delhi,20,Basic,770.4,2,user442@example.com,user_442,2026-05-04 21:00:00
1132,2026-02-22,North,Groceries,2401.4,Pune,18,Premium,1962.15,11,user443@example.com,user_443,2026-02-22 03:00:00
1133,2026-06-30,North,Clothing,2935.29,Bengaluru,27,Basic,1324.67,12,user444@example.com,user_444,2026-06-30 18:00:00
1019,2026-06-17,North,Groceries,4866.1,Delhi,49,Basic,738.15,12,user445@example.com,user_445,2026-06-17 15:00:00
1154,2026-05-04,West,Furniture,2255.5,Delhi,20,Standard,1304.78,7,user446@example.com,user_446,2026-05-04 04:00:00
1040,2026-02-17,North,Electronics,3339.44,Pune,37,Standard,271.01,16,user447@example.com,user_447,2026-02-17 15:00:00
1151,2026-02-23,East,Groceries,209.99,Jaipur,24,Standard,1205.08,5,user448@example.com,user_448,2026-02-23 20:00:00
1010,2026-05-12,East,Electronics,915.07,Delhi,49,Basic,1218.75,19,user449@example.com,user_449,2026-05-12 20:00:00
1184,2026-01-05,North,Electronics,1161.31,Bengaluru,46,Basic,382.61,14,user450@example.com,user_450,2026-01-05 19:00:00
1149,2026-02-06,East,Clothing,921.84,Hyderabad,37,Basic,1213.24,3,user451@example.com,user_451,2026-02-06 07:00:00
1098,2026-04-07,East,Electronics,181.16,Bengaluru,48,Standard,868.6,5,user452@example.com,user_452,2026-04-07 19:00:00
1045,2026-01-25,South,Electronics,4400.99,Bengaluru,48,Premium,231.72,5,user453@example.com,user_453,2026-01-25 19:00:00
1000,2026-05-19,South,Groceries,1914.85,Jaipur,60,Standard,886.46,16,user454@example.com,user_454,2026-05-19 12:00:00
1150,2026-03-31,West,Groceries,756.03,Pune,30,Premium,602.37,18,user455@example.com,user_455,2026-03-31 13:00:00
1048,2026-03-07,West,Electronics,2932.14,Jaipur,49,Premium,781.31,7,user456@example.com,user_456,2026-03-07 22:00:00
1104,2026-03-22,North,Electronics,858.42,Hyderabad,53,Basic,559.54,18,user457@example.com,user_457,2026-03-22 13:00:00
1093,2026-05-25,North,Groceries,3799.36,Pune,51,Standard,990.81,12,,user_458,2026-05-25 17:00:00
1123,2026-05-23,North,Clothing,2930.49,Hyderabad,41,Standard,319.23,4,user459@example.com,user_459,2026-05-23 23:00:00
1114,2026-02-28,East,Electronics,1150.84,Pune,37,Standard,1247.35,2,user460@example.com,user_460,2026-02-28 05:00:00
1162,2026-04-10,West,Electronics,4133.95,Pune,54,Basic,221.87,9,user461@example.com,user_461,2026-04-10 07:00:00
1020,2026-04-05,West,Groceries,4660.36,Pune,55,Standard,1065.96,20,user462@example.com,user_462,2026-04-05 01:00:00
1163,2026-02-14,South,Groceries,152.48,Hyderabad,49,Basic,429.76,20,user463@example.com,user_463,2026-02-14 16:00:00
1178,2026-05-13,East,Furniture,3402.72,Mumbai,31,Standard,50.56,6,user464@example.com,user_464,2026-05-13 02:00:00
1199,2026-03-12,South,Clothing,3381.34,Pune,53,Premium,1059.6,3,user465@example.com,user_465,2026-03-12 02:00:00
1072,2026-05-21,North,Clothing,4820.11,Mumbai,30,Standard,1927.96,15,user466@example.com,user_466,2026-05-21 12:00:00
1001,2026-05-28,North,Furniture,2094.96,Jaipur,51,Premium,1031.18,11,user467@example.com,user_467,2026-05-28 03:00:00
1065,2026-05-12,North,Groceries,4833.67,Bengaluru,46,Premium,1527.07,15,user468@example.com,user_468,2026-05-12 21:00:00
1150,2026-04-28,West,Groceries,669.71,Jaipur,40,Standard,1587.88,8,user469@example.com,user_469,2026-04-28 21:00:00
1058,2026-06-29,North,Groceries,4781.68,Bengaluru,50,Premium,1416.6,9,user470@example.com,user_470,2026-06-29 07:00:00
1023,2026-03-15,South,Clothing,472.54,Delhi,46,Basic,739.4,19,user471@example.com,user_471,2026-03-15 08:00:00
1191,2026-02-16,East,Groceries,3711.85,Delhi,31,Basic,453.22,7,user472@example.com,user_472,2026-02-16 07:00:00
1091,2026-06-08,East,Electronics,687.4,Jaipur,59,Standard,1010.7,1,user473@example.com,user_473,2026-06-08 17:00:00
1123,2026-01-11,North,Clothing,2512.47,Bengaluru,33,Basic,406.6,17,user474@example.com,user_474,2026-01-11 08:00:00
1056,2026-04-12,East,Electronics,2676.1,Pune,46,Standard,113.5,12,user475@example.com,user_475,2026-04-12 12:00:00
1198,2026-06-25,East,Groceries,4884.89,Hyderabad,49,Basic,665.52,1,user476@example.com,user_476,2026-06-25 00:00:00
1053,2026-06-22,South,Electronics,1694.64,Bengaluru,32,Premium,1119.7,8,user477@example.com,user_477,2026-06-22 08:00:00
1156,2026-05-01,North,Clothing,1001.18,Pune,29,Basic,1416.39,12,user478@example.com,user_478,2026-05-01 11:00:00
1071,2026-04-13,South,Furniture,2899.91,Bengaluru,59,Premium,1637.67,9,user479@example.com,user_479,2026-04-13 07:00:00
1110,2026-05-23,South,Furniture,814.63,Hyderabad,25,Basic,1621.05,6,user480@example.com,user_480,2026-05-23 13:00:00
1034,2026-05-08,North,Groceries,1570.17,Bengaluru,52,Premium,826.88,6,user481@example.com,user_481,2026-05-08 01:00:00
1065,2026-02-25,South,Electronics,2304.29,Mumbai,32,Basic,752.6,18,user482@example.com,user_482,2026-02-25 08:00:00
1005,2026-03-30,South,Electronics,1820.34,Hyderabad,54,Premium,1174.86,18,user483@example.com,user_483,2026-03-30 05:00:00
1090,2026-03-14,North,Groceries,3896.25,Pune,21,Basic,1246.64,15,user484@example.com,user_484,2026-03-14 20:00:00
1042,2026-02-07,North,Groceries,3193.24,Bengaluru,41,Premium,204.27,11,user485@example.com,user_485,2026-02-07 07:00:00
1081,2026-03-22,North,Clothing,3066.39,Pune,33,Basic,1572.9,12,user486@example.com,user_486,2026-03-22 23:00:00
1133,2026-05-31,South,Groceries,919.86,Jaipur,24,Standard,507.52,9,user487@example.com,user_487,2026-05-31 23:00:00
1191,2026-06-29,West,Furniture,917.86,Jaipur,22,Premium,1876.75,16,user488@example.com,user_488,2026-06-29 17:00:00
1006,2026-01-14,South,Electronics,609.25,Bengaluru,25,Premium,1326.92,13,user489@example.com,user_489,2026-01-14 09:00:00
1063,2026-02-28,North,Groceries,3169.76,Delhi,49,Premium,105.71,12,,user_490,2026-02-28 10:00:00
1119,2026-05-02,North,Groceries,762.06,Hyderabad,50,Premium,1202.12,15,user491@example.com,user_491,2026-05-02 20:00:00
1144,2026-06-12,South,Clothing,4553.72,Pune,50,Premium,1619.18,15,user492@example.com,user_492,2026-06-12 09:00:00
1105,2026-04-04,North,Furniture,1587.51,Jaipur,49,Premium,720.58,16,user493@example.com,,2026-04-04 17:00:00
1176,2026-01-03,South,Groceries,1568.09,Pune,34,Standard,500.87,1,user494@example.com,user_494,2026-01-03 17:00:00
1048,2026-04-06,South,Groceries,2034.29,Delhi,57,Basic,1665.43,8,user495@example.com,user_495,2026-04-06 08:00:00
1108,2026-01-21,East,Clothing,1494.92,Hyderabad,50,Basic,855.16,3,user496@example.com,user_496,2026-01-21 05:00:00
1074,2026-02-04,West,Groceries,3126.87,Mumbai,60,Standard,1009.39,11,user497@example.com,user_497,2026-02-04 00:00:00
1012,2026-02-08,West,Furniture,4864.43,Mumbai,33,Premium,1444.63,1,user498@example.com,user_498,2026-02-08 07:00:00
1038,2026-01-24,West,Groceries,1164.22,Pune,35,Basic,1996.03,15,user499@example.com,user_499,2026-01-24 22:00:00
1084,2026-01-09,West,Furniture,374.59,Pune,20,Standard,966.79,7,user500@example.com,user_500,2026-01-09 08:00:00
1003,2026-04-08,West,Furniture,1985.51,Pune,31,Standard,1989.34,7,user501@example.com,user_501,2026-04-08 14:00:00
1133,2026-01-25,East,Groceries,2006.7,Mumbai,36,Premium,1276.87,2,user502@example.com,user_502,2026-01-25 23:00:00
1133,2026-05-21,West,Clothing,2458.03,Mumbai,28,Basic,1780.66,7,user503@example.com,user_503,2026-05-21 03:00:00
1162,2026-03-02,South,Clothing,173.83,Mumbai,53,Premium,821.83,8,user504@example.com,user_504,2026-03-02 00:00:00
1148,2026-01-11,South,Furniture,1919.85,Jaipur,31,Premium,1024.84,20,user505@example.com,user_505,2026-01-11 10:00:00
1015,2026-06-10,West,Clothing,3258.42,Hyderabad,50,Premium,295.36,8,user506@example.com,user_506,2026-06-10 10:00:00
1165,2026-05-23,North,Groceries,3692.63,Jaipur,60,Basic,748.43,5,user507@example.com,,2026-05-23 08:00:00
1124,2026-01-11,South,Clothing,2759.4,Pune,28,Standard,413.92,12,user508@example.com,user_508,2026-01-11 10:00:00
1070,2026-04-30,East,Electronics,2702.57,Pune,34,Basic,1106.13,15,user509@example.com,user_509,2026-04-30 00:00:00
1129,2026-06-13,South,Furniture,4426.37,Bengaluru,39,Standard,515.63,3,user510@example.com,user_510,2026-06-13 21:00:00
1099,2026-05-18,East,Groceries,3852.1,Delhi,55,Basic,679.07,11,user511@example.com,user_511,2026-05-18 03:00:00
1133,2026-01-25,West,Electronics,4192.45,Delhi,27,Premium,,16,user512@example.com,user_512,2026-01-25 06:00:00
1008,2026-01-26,South,Groceries,2676.52,Hyderabad,53,Basic,145.72,8,user513@example.com,user_513,2026-01-26 19:00:00
1003,2026-01-19,East,Groceries,4649.18,Jaipur,45,Standard,168.37,18,user514@example.com,user_514,2026-01-19 23:00:00
1094,2026-04-17,West,Clothing,2692.2,Hyderabad,20,Basic,201.97,7,user515@example.com,user_515,2026-04-17 16:00:00
1025,2026-01-25,East,Groceries,1028.36,Bengaluru,58,Premium,1161.55,6,user516@example.com,user_516,2026-01-25 17:00:00
1106,2026-05-23,West,Clothing,3405.01,Hyderabad,58,Basic,1771.51,6,user517@example.com,user_517,2026-05-23 05:00:00
1102,2026-05-21,North,Furniture,2716.11,Bengaluru,44,Basic,1809.85,18,user518@example.com,user_518,2026-05-21 10:00:00
1105,2026-04-06,South,Clothing,3081.23,Bengaluru,50,Premium,781.37,18,user519@example.com,user_519,2026-04-06 23:00:00
1092,2026-03-07,South,Groceries,4803.14,Jaipur,18,Basic,1211.74,17,user520@example.com,user_520,2026-03-07 04:00:00
1001,2026-03-19,North,Furniture,1152.63,Mumbai,17,Standard,1653.56,18,user521@example.com,user_521,2026-03-19 16:00:00
1146,2026-05-23,East,Electronics,284.91,Mumbai,25,Premium,566.73,19,user522@example.com,user_522,2026-05-23 07:00:00
1065,2026-03-01,North,Electronics,2895.39,Bengaluru,29,Standard,200.54,11,user523@example.com,user_523,2026-03-01 15:00:00
1124,2026-02-14,West,Clothing,283.12,Bengaluru,40,Premium,1571.24,11,user524@example.com,user_524,2026-02-14 11:00:00
1106,2026-04-22,West,Furniture,3763.63,Bengaluru,16,Standard,1565.97,13,user525@example.com,user_525,2026-04-22 01:00:00
1134,2026-03-20,West,Clothing,2745.66,Delhi,36,Standard,1410.65,5,user526@example.com,user_526,2026-03-20 01:00:00
1187,2026-06-22,South,Groceries,3788.92,Bengaluru,48,Premium,483.07,10,user527@example.com,user_527,2026-06-22 12:00:00
1033,2026-02-07,North,Electronics,2431.69,Hyderabad,19,Standard,828.42,3,user528@example.com,user_528,2026-02-07 12:00:00
1111,2026-05-09,East,Furniture,2456.52,Delhi,47,Basic,1321.88,7,user529@example.com,user_529,2026-05-09 17:00:00
1188,2026-06-07,East,Furniture,451.06,Pune,36,Standard,1852.07,3,user530@example.com,user_530,2026-06-07 03:00:00
1105,2026-06-21,South,Clothing,1806.71,Mumbai,38,Standard,1328.05,10,user531@example.com,user_531,2026-06-21 05:00:00
1157,2026-03-31,South,Furniture,2258.27,Delhi,28,Standard,778.95,3,user532@example.com,user_532,2026-03-31 03:00:00
1062,2026-01-14,East,Clothing,167.29,Hyderabad,23,Basic,927.62,1,user533@example.com,user_533,2026-01-14 10:00:00
1189,2026-02-23,East,Furniture,2777.48,Mumbai,51,Basic,1264.93,5,user534@example.com,user_534,2026-02-23 22:00:00
1171,2026-06-28,West,Groceries,2956.72,Hyderabad,49,Premium,548.14,2,user535@example.com,user_535,2026-06-28 09:00:00
1178,2026-02-21,North,Electronics,2378.31,Jaipur,20,Basic,1337.73,12,user536@example.com,user_536,2026-02-21 03:00:00
1074,2026-01-05,South,Furniture,4900.98,Bengaluru,22,Basic,995.09,20,user537@example.com,user_537,2026-01-05 17:00:00
1047,2026-01-23,East,Groceries,2847.37,Hyderabad,17,Premium,532.41,17,user538@example.com,user_538,2026-01-23 09:00:00
1125,2026-03-27,South,Furniture,190.02,Hyderabad,38,Basic,1269.2,8,user539@example.com,user_539,2026-03-27 16:00:00
1015,2026-03-12,North,Groceries,4462.97,Jaipur,51,Basic,489.89,11,user540@example.com,user_540,2026-03-12 12:00:00
1035,2026-06-18,West,Groceries,2651.52,Hyderabad,55,Standard,1388.72,14,user541@example.com,user_541,2026-06-18 07:00:00
1039,2026-05-27,South,Clothing,4557.7,Mumbai,44,Standard,306.96,5,user542@example.com,user_542,2026-05-27 18:00:00
1175,2026-05-19,East,Furniture,1614.09,Hyderabad,49,Premium,888.63,5,user543@example.com,user_543,2026-05-19 20:00:00
1040,2026-05-25,North,Electronics,2830.97,Hyderabad,23,Premium,,5,user544@example.com,user_544,2026-05-25 23:00:00
1195,2026-01-08,North,Groceries,4809.86,Mumbai,44,Standard,1870.85,9,user545@example.com,user_545,2026-01-08 04:00:00
1027,2026-02-18,East,Furniture,228.37,Bengaluru,55,Basic,1230.93,20,user546@example.com,user_546,2026-02-18 07:00:00
1059,2026-06-02,East,Electronics,1860.38,Hyderabad,46,Premium,1029.53,20,user547@example.com,user_547,2026-06-02 15:00:00
1095,2026-06-16,East,Groceries,2508.08,Delhi,26,Premium,491.23,14,user548@example.com,user_548,2026-06-16 00:00:00
1105,2026-03-11,East,Furniture,3813.11,Jaipur,27,Basic,1740.9,16,user549@example.com,user_549,2026-03-11 22:00:00
1117,2026-03-25,East,Groceries,2083.85,Jaipur,54,Standard,1657.44,11,user550@example.com,user_550,2026-03-25 12:00:00
1190,2026-06-06,West,Electronics,2312.89,Jaipur,31,Standard,1098.84,2,user551@example.com,user_551,2026-06-06 17:00:00
1132,2026-04-10,West,Furniture,1526.78,Pune,35,Basic,949.63,14,user552@example.com,user_552,2026-04-10 09:00:00
1013,2026-06-06,East,Groceries,4166.48,Pune,21,Standard,1026.28,6,user553@example.com,user_553,2026-06-06 18:00:00
1139,2026-06-28,East,Groceries,2126.44,Pune,17,Premium,934.68,7,user554@example.com,user_554,2026-06-28 14:00:00
1064,2026-01-24,North,Furniture,3620.04,Jaipur,21,Premium,1427.14,12,user555@example.com,user_555,2026-01-24 02:00:00
1181,2026-05-15,South,Furniture,1955.53,Pune,18,Premium,1828.89,19,user556@example.com,user_556,2026-05-15 21:00:00
1041,2026-02-08,East,Furniture,3868.87,Jaipur,42,Basic,653.56,15,user557@example.com,user_557,2026-02-08 09:00:00
1046,2026-06-10,West,Furniture,4806.13,Jaipur,55,Basic,73.81,16,user558@example.com,user_558,2026-06-10 15:00:00
1001,2026-05-20,South,Furniture,1162.68,Hyderabad,46,Basic,849.8,3,user559@example.com,user_559,2026-05-20 19:00:00
1001,2026-06-03,East,Clothing,3136.85,Bengaluru,29,Premium,410.44,2,user560@example.com,user_560,2026-06-03 20:00:00
1009,2026-03-31,East,Electronics,3368.28,Bengaluru,35,Basic,1844.75,2,user561@example.com,user_561,2026-03-31 03:00:00
1045,2026-04-17,East,Clothing,3094.34,Hyderabad,60,Standard,1165.95,18,user562@example.com,user_562,2026-04-17 05:00:00
1191,2026-04-27,North,Electronics,556.32,Mumbai,36,Basic,1800.18,3,user563@example.com,user_563,2026-04-27 13:00:00
1016,2026-05-21,North,Groceries,759.27,Hyderabad,33,Basic,1077.75,17,user564@example.com,user_564,2026-05-21 06:00:00
1053,2026-06-28,West,Electronics,2899.7,Hyderabad,49,Premium,993.14,20,user565@example.com,user_565,2026-06-28 22:00:00
1109,2026-03-15,North,Clothing,2674.42,Bengaluru,38,Premium,1247.87,16,user566@example.com,user_566,2026-03-15 16:00:00
1127,2026-06-11,South,Furniture,4429.95,Delhi,34,Premium,53.08,1,user567@example.com,user_567,2026-06-11 14:00:00
1030,2026-06-10,East,Groceries,2128.8,Mumbai,38,Standard,1621.78,7,user568@example.com,user_568,2026-06-10 00:00:00
1051,2026-06-13,North,Clothing,3971.96,Mumbai,35,Standard,1122.49,1,user569@example.com,user_569,2026-06-13 03:00:00
1085,2026-06-25,North,Groceries,3649.54,Bengaluru,17,Premium,428.33,11,user570@example.com,user_570,2026-06-25 21:00:00
1121,2026-05-03,West,Furniture,2459.33,Hyderabad,45,Standard,1797.06,15,user571@example.com,user_571,2026-05-03 13:00:00
1133,2026-01-15,North,Clothing,2820.37,Jaipur,29,Standard,1386.71,12,user572@example.com,user_572,2026-01-15 02:00:00
1071,2026-02-08,West,Clothing,4919.73,Hyderabad,50,Premium,1163.41,13,user573@example.com,user_573,2026-02-08 05:00:00
1029,2026-06-02,North,Clothing,3578.22,Mumbai,42,Premium,1019.26,8,user574@example.com,user_574,2026-06-02 11:00:00
1077,2026-04-26,East,Clothing,957.56,Mumbai,18,Premium,1831.04,15,user575@example.com,user_575,2026-04-26 16:00:00
1123,2026-01-07,East,Furniture,1766.57,Pune,49,Basic,1562.29,5,user576@example.com,user_576,2026-01-07 03:00:00
1173,2026-05-13,East,Furniture,3650.4,Pune,40,Standard,1736.38,4,user577@example.com,user_577,2026-05-13 00:00:00
1011,2026-03-21,West,Clothing,2387.69,Jaipur,22,Standard,1544.05,10,user578@example.com,user_578,2026-03-21 00:00:00
1194,2026-05-28,North,Furniture,1672.31,Delhi,34,Basic,1087.94,15,user579@example.com,user_579,2026-05-28 21:00:00
1069,2026-01-31,East,Furniture,1440.82,Jaipur,55,Standard,1052.42,7,user580@example.com,user_580,2026-01-31 17:00:00
1140,2026-03-31,North,Clothing,793.63,Hyderabad,34,Standard,527.41,3,user581@example.com,user_581,2026-03-31 09:00:00
1086,2026-06-06,South,Electronics,737.36,Pune,59,Premium,256.56,2,user582@example.com,user_582,2026-06-06 02:00:00
1100,2026-04-20,East,Groceries,3119.95,Mumbai,37,Premium,1440.15,18,user583@example.com,user_583,2026-04-20 02:00:00
1145,2026-04-30,East,Electronics,4082.97,Hyderabad,45,Premium,938.39,15,user584@example.com,user_584,2026-04-30 15:00:00
1057,2026-03-01,East,Clothing,4573.02,Pune,27,Standard,1838.67,11,user585@example.com,user_585,2026-03-01 10:00:00
1124,2026-04-27,West,Electronics,2429.14,Mumbai,46,Basic,1699.24,10,user586@example.com,user_586,2026-04-27 11:00:00
1147,2026-06-04,East,Electronics,2087.86,Hyderabad,22,Basic,1134.49,3,user587@example.com,user_587,2026-06-04 09:00:00
1118,2026-05-17,South,Groceries,1269.02,Delhi,51,Premium,1949.09,13,user588@example.com,user_588,2026-05-17 02:00:00
1053,2026-03-29,South,Groceries,2879.33,Mumbai,50,Standard,510.5,3,user589@example.com,user_589,2026-03-29 23:00:00
1124,2026-05-27,West,Groceries,1694.35,Jaipur,44,Premium,650.67,13,user590@example.com,user_590,2026-05-27 02:00:00
1027,2026-06-03,South,Clothing,2522.05,Hyderabad,19,Premium,474.34,5,user591@example.com,user_591,2026-06-03 18:00:00
1000,2026-06-12,East,Furniture,2319.57,Mumbai,40,Standard,1176.97,7,,user_592,2026-06-12 06:00:00
1081,2026-06-24,North,Clothing,4600.66,Pune,38,Premium,1186.32,20,user593@example.com,user_593,2026-06-24 16:00:00
1032,2026-04-14,North,Electronics,1909.19,Bengaluru,19,Premium,1421.54,12,user594@example.com,user_594,2026-04-14 03:00:00
1007,2026-03-14,East,Groceries,3540.89,Pune,56,Basic,1437.96,13,user595@example.com,user_595,2026-03-14 12:00:00
1139,2026-04-22,East,Furniture,2426.87,Delhi,51,Basic,1694.49,12,user596@example.com,user_596,2026-04-22 13:00:00
1073,2026-02-09,East,Furniture,156.85,Hyderabad,17,Premium,1456.61,16,user597@example.com,user_597,2026-02-09 21:00:00
1034,2026-04-22,West,Furniture,3246.99,Pune,45,Standard,1228.64,14,user598@example.com,user_598,2026-04-22 19:00:00
1116,2026-02-16,South,Groceries,1985.1,Delhi,27,Basic,1228.92,19,user599@example.com,user_599,2026-02-16 15:00:00
1182,2026-03-02,North,Groceries,4640.17,Bengaluru,39,Premium,1957.56,19,user600@example.com,user_600,2026-03-02 15:00:00
1094,2026-06-30,West,Groceries,4812.51,Jaipur,25,Standard,1476.02,9,user601@example.com,user_601,2026-06-30 14:00:00
1020,2026-05-13,West,Furniture,2415.01,Hyderabad,58,Standard,202.26,18,user602@example.com,user_602,2026-05-13 18:00:00
1156,2026-03-21,West,Clothing,2721.66,Jaipur,46,Basic,1049.69,16,user603@example.com,user_603,2026-03-21 18:00:00
1107,2026-03-26,North,Clothing,1517.12,Jaipur,60,Standard,1511.38,19,user604@example.com,user_604,2026-03-26 08:00:00
1161,2026-01-16,South,Furniture,2907.01,Hyderabad,34,Standard,1267.42,10,user605@example.com,user_605,2026-01-16 15:00:00
1032,2026-01-22,West,Clothing,1335.05,Bengaluru,33,Basic,1722.82,1,user606@example.com,user_606,2026-01-22 23:00:00
1154,2026-01-29,East,Furniture,3329.86,Mumbai,27,Basic,1575.93,8,user607@example.com,user_607,2026-01-29 15:00:00
1135,2026-02-16,West,Clothing,4921.95,Delhi,54,Premium,1683.35,14,user608@example.com,user_608,2026-02-16 12:00:00
1169,2026-03-02,South,Furniture,1133.2,Hyderabad,38,Premium,1302.41,4,user609@example.com,user_609,2026-03-02 01:00:00
1118,2026-02-12,South,Groceries,1576.7,Hyderabad,50,Premium,790.61,13,user610@example.com,user_610,2026-02-12 15:00:00
1037,2026-03-09,South,Electronics,1515.08,Pune,40,Standard,665.59,17,user611@example.com,user_611,2026-03-09 21:00:00
1024,2026-01-11,North,Groceries,3091.38,Hyderabad,33,Basic,577.14,4,user612@example.com,user_612,2026-01-11 08:00:00
1149,2026-06-17,South,Groceries,3888.44,Hyderabad,31,Standard,1360.19,7,user613@example.com,user_613,2026-06-17 16:00:00
1173,2026-03-28,East,Clothing,2783.3,Hyderabad,16,Premium,73.32,4,user614@example.com,user_614,2026-03-28 16:00:00
1175,2026-01-27,South,Clothing,1175.14,Mumbai,32,Premium,,20,user615@example.com,user_615,2026-01-27 02:00:00
1152,2026-01-15,East,Electronics,3569.57,Jaipur,21,Standard,303.32,19,user616@example.com,user_616,2026-01-15 05:00:00
1178,2026-01-29,East,Clothing,1543.39,Hyderabad,20,Standard,934.22,9,user617@example.com,,2026-01-29 13:00:00
1170,2026-06-27,North,Clothing,893.63,Jaipur,33,Premium,796.46,11,user618@example.com,user_618,2026-06-27 01:00:00
1067,2026-03-08,East,Groceries,440.05,Delhi,55,Basic,397.96,16,user619@example.com,user_619,2026-03-08 03:00:00
1138,2026-02-06,South,Furniture,3108.43,Jaipur,44,Standard,,2,user620@example.com,user_620,2026-02-06 02:00:00
1146,2026-01-19,North,Groceries,191.95,Pune,25,Standard,1298.65,2,user621@example.com,user_621,2026-01-19 21:00:00
1068,2026-04-10,East,Clothing,4532.63,Bengaluru,16,Standard,1429.83,16,user622@example.com,user_622,2026-04-10 15:00:00
1103,2026-04-22,West,Furniture,116.21,Hyderabad,46,Premium,1156.13,12,user623@example.com,user_623,2026-04-22 10:00:00
1077,2026-06-24,South,Electronics,3198.14,Hyderabad,21,Basic,1092.52,11,user624@example.com,user_624,2026-06-24 02:00:00
1194,2026-04-28,North,Furniture,965.43,Jaipur,40,Standard,422.46,13,user625@example.com,user_625,2026-04-28 03:00:00
1176,2026-06-11,North,Groceries,515.83,Hyderabad,44,Standard,419.46,2,user626@example.com,user_626,2026-06-11 06:00:00
1184,2026-01-07,East,Groceries,2004.96,Bengaluru,57,Basic,1024.38,15,user627@example.com,user_627,2026-01-07 00:00:00
1086,2026-01-10,West,Clothing,3960.11,Jaipur,41,Premium,462.77,17,user628@example.com,user_628,2026-01-10 14:00:00
1137,2026-06-23,East,Furniture,4631.6,Jaipur,25,Basic,1324.97,16,user629@example.com,user_629,2026-06-23 19:00:00
1062,2026-01-12,East,Electronics,944.02,Jaipur,35,Premium,939.56,6,user630@example.com,user_630,2026-01-12 18:00:00
1027,2026-01-17,West,Groceries,3015.39,Bengaluru,30,Premium,1618.68,14,user631@example.com,user_631,2026-01-17 10:00:00
1102,2026-06-23,North,Electronics,4881.68,Bengaluru,50,Premium,677.1,7,user632@example.com,user_632,2026-06-23 01:00:00
1044,2026-06-01,North,Electronics,691.65,Delhi,42,Premium,1407.78,18,user633@example.com,user_633,2026-06-01 05:00:00
1062,2026-04-23,West,Furniture,589.84,Hyderabad,55,Basic,1566.44,1,user634@example.com,user_634,2026-04-23 15:00:00
1001,2026-01-21,West,Furniture,4638.07,Hyderabad,57,Standard,1779.48,14,user635@example.com,user_635,2026-01-21 22:00:00
1177,2026-05-02,East,Furniture,801.13,Mumbai,49,Basic,853.46,6,user636@example.com,user_636,2026-05-02 19:00:00
1009,2026-06-27,East,Groceries,3099.04,Jaipur,56,Basic,728.31,1,user637@example.com,user_637,2026-06-27 17:00:00
1049,2026-03-02,West,Electronics,3132.71,Bengaluru,48,Premium,955.22,7,user638@example.com,user_638,2026-03-02 08:00:00
1049,2026-01-14,West,Furniture,3457.69,Pune,47,Premium,361.53,2,user639@example.com,user_639,2026-01-14 01:00:00
1093,2026-06-15,North,Furniture,2229.89,Mumbai,55,Basic,,2,user640@example.com,user_640,2026-06-15 17:00:00
1040,2026-02-15,West,Groceries,2623.03,Jaipur,31,Standard,917.4,19,user641@example.com,user_641,2026-02-15 10:00:00
1050,2026-04-18,North,Furniture,3916.98,Mumbai,30,Premium,512.38,14,user642@example.com,user_642,2026-04-18 06:00:00
1056,2026-04-07,West,Groceries,2966.95,Jaipur,43,Premium,471.52,20,user643@example.com,user_643,2026-04-07 14:00:00
1099,2026-02-15,North,Furniture,2342.93,Delhi,56,Basic,1952.33,7,user644@example.com,user_644,2026-02-15 10:00:00
1008,2026-02-02,West,Clothing,768.86,Pune,45,Basic,383.84,11,user645@example.com,user_645,2026-02-02 07:00:00
1154,2026-03-17,East,Furniture,2932.8,Bengaluru,30,Premium,852.81,17,user646@example.com,user_646,2026-03-17 15:00:00
1151,2026-02-25,South,Groceries,1467.94,Hyderabad,43,Standard,1751.57,8,user647@example.com,user_647,2026-02-25 10:00:00
1148,2026-04-22,East,Furniture,4577.4,Jaipur,42,Premium,128.11,16,user648@example.com,user_648,2026-04-22 23:00:00
1008,2026-05-10,South,Groceries,2448.42,Hyderabad,22,Basic,1015.81,3,user649@example.com,user_649,2026-05-10 17:00:00
1177,2026-01-04,South,Furniture,750.29,Mumbai,31,Standard,1997.96,1,user650@example.com,user_650,2026-01-04 15:00:00
1078,2026-06-21,East,Groceries,4303.82,Hyderabad,53,Premium,1954.02,15,user651@example.com,user_651,2026-06-21 04:00:00
1103,2026-06-30,East,Clothing,3171.37,Hyderabad,56,Premium,1727.75,3,user652@example.com,,2026-06-30 12:00:00
1085,2026-06-26,West,Clothing,2186.92,Mumbai,60,Standard,1107.75,7,user653@example.com,user_653,2026-06-26 21:00:00
1158,2026-01-21,North,Electronics,2622.21,Hyderabad,39,Premium,266.38,12,user654@example.com,user_654,2026-01-21 14:00:00
1010,2026-06-08,North,Clothing,958.81,Bengaluru,20,Standard,1433.21,7,user655@example.com,user_655,2026-06-08 04:00:00
1061,2026-03-27,West,Groceries,3713.16,Bengaluru,60,Premium,1518.69,8,user656@example.com,user_656,2026-03-27 10:00:00
1068,2026-04-01,South,Clothing,366.85,Mumbai,38,Basic,998.14,17,user657@example.com,user_657,2026-04-01 03:00:00
1181,2026-05-01,North,Groceries,3142.66,Hyderabad,60,Premium,417.29,15,user658@example.com,user_658,2026-05-01 02:00:00
1100,2026-01-21,East,Clothing,4795.46,Jaipur,22,Premium,588.09,5,user659@example.com,user_659,2026-01-21 15:00:00
1052,2026-02-08,West,Clothing,2141.03,Hyderabad,50,Premium,974.11,14,user660@example.com,user_660,2026-02-08 14:00:00
1005,2026-06-15,North,Furniture,408.45,Delhi,49,Standard,704.96,19,user661@example.com,user_661,2026-06-15 10:00:00
1165,2026-06-17,North,Groceries,3007.45,Hyderabad,49,Standard,918.25,10,user662@example.com,user_662,2026-06-17 18:00:00
1078,2026-02-03,East,Clothing,1211.23,Mumbai,34,Premium,339.26,10,user663@example.com,user_663,2026-02-03 14:00:00
1158,2026-02-12,East,Clothing,993.17,Delhi,60,Standard,1599.19,6,user664@example.com,user_664,2026-02-12 07:00:00
1010,2026-01-30,North,Furniture,2260.35,Mumbai,27,Premium,1146.85,2,user665@example.com,user_665,2026-01-30 21:00:00
1088,2026-03-23,East,Clothing,2297.3,Delhi,50,Basic,286.91,1,user666@example.com,user_666,2026-03-23 12:00:00
1196,2026-05-08,East,Groceries,4646.28,Delhi,16,Standard,1114.98,17,user667@example.com,user_667,2026-05-08 10:00:00
1180,2026-06-15,North,Groceries,4490.29,Bengaluru,58,Premium,1609.17,15,user668@example.com,user_668,2026-06-15 10:00:00
1028,2026-06-26,South,Electronics,783.17,Bengaluru,23,Basic,98.35,20,user669@example.com,user_669,2026-06-26 07:00:00
1091,2026-04-25,West,Clothing,369.66,Hyderabad,28,Standard,1076.55,9,user670@example.com,,2026-04-25 06:00:00
1021,2026-01-06,South,Electronics,4881.61,Pune,28,Basic,669.63,20,user671@example.com,user_671,2026-01-06 16:00:00
1170,2026-01-15,North,Groceries,824.94,Pune,39,Basic,777.02,10,,user_672,2026-01-15 11:00:00
1078,2026-03-31,South,Electronics,1156.91,Pune,42,Basic,612.84,14,user673@example.com,user_673,2026-03-31 23:00:00
1035,2026-04-17,West,Furniture,1118.14,Pune,49,Basic,178.93,19,user674@example.com,user_674,2026-04-17 12:00:00
1001,2026-01-23,South,Clothing,2131.12,Bengaluru,45,Standard,1157.44,5,user675@example.com,user_675,2026-01-23 06:00:00
1097,2026-02-17,North,Groceries,306.94,Mumbai,53,Basic,1013.5,15,user676@example.com,user_676,2026-02-17 07:00:00
1000,2026-01-07,East,Clothing,1570.83,Hyderabad,56,Basic,292.15,10,user677@example.com,user_677,2026-01-07 13:00:00
1125,2026-02-15,East,Electronics,684.84,Mumbai,47,Premium,,12,user678@example.com,user_678,2026-02-15 18:00:00
1144,2026-05-04,South,Clothing,3177.18,Pune,60,Premium,777.74,19,user679@example.com,user_679,2026-05-04 00:00:00
1041,2026-03-08,West,Furniture,1666.44,Hyderabad,24,Basic,368.45,9,user680@example.com,user_680,2026-03-08 11:00:00
1162,2026-04-18,North,Electronics,1520.3,Bengaluru,56,Premium,1052.04,6,user681@example.com,user_681,2026-04-18 03:00:00
1192,2026-06-03,East,Clothing,4374.97,Hyderabad,35,Basic,1386.62,12,user682@example.com,user_682,2026-06-03 03:00:00
1148,2026-05-17,North,Furniture,163.2,Bengaluru,34,Basic,1568.68,14,user683@example.com,user_683,2026-05-17 10:00:00
1026,2026-02-11,East,Furniture,2566.58,Delhi,51,Standard,,17,user684@example.com,user_684,2026-02-11 17:00:00
1179,2026-05-22,West,Groceries,2356.41,Jaipur,23,Premium,1850.65,16,user685@example.com,user_685,2026-05-22 11:00:00
1176,2026-03-21,North,Furniture,4103.49,Bengaluru,49,Basic,385.8,10,user686@example.com,user_686,2026-03-21 00:00:00
1056,2026-01-31,East,Furniture,3471.43,Mumbai,24,Premium,303.93,3,user687@example.com,user_687,2026-01-31 13:00:00
1195,2026-06-26,West,Electronics,192.15,Pune,43,Premium,432.88,2,user688@example.com,user_688,2026-06-26 21:00:00
1151,2026-05-12,West,Groceries,682.72,Mumbai,18,Premium,638.21,1,user689@example.com,user_689,2026-05-12 03:00:00
1154,2026-02-01,East,Furniture,1005.43,Mumbai,17,Premium,333.84,9,user690@example.com,user_690,2026-02-01 18:00:00
1090,2026-03-31,East,Furniture,2574.06,Jaipur,22,Standard,1538.33,17,user691@example.com,user_691,2026-03-31 06:00:00
1072,2026-02-19,East,Electronics,4870.54,Jaipur,29,Standard,1710.03,16,user692@example.com,user_692,2026-02-19 11:00:00
1150,2026-06-28,East,Groceries,3400.28,Jaipur,27,Basic,1963.54,14,user693@example.com,user_693,2026-06-28 06:00:00
1058,2026-05-12,South,Electronics,3830.91,Mumbai,23,Basic,265.12,5,user694@example.com,user_694,2026-05-12 15:00:00
1180,2026-04-03,North,Electronics,503.01,Pune,23,Basic,603.04,20,user695@example.com,user_695,2026-04-03 23:00:00
1175,2026-03-21,South,Furniture,2814.19,Mumbai,43,Premium,,16,user696@example.com,user_696,2026-03-21 21:00:00
1045,2026-04-05,West,Groceries,3393.27,Pune,44,Standard,1334.17,3,user697@example.com,user_697,2026-04-05 03:00:00
1101,2026-02-06,South,Electronics,3733.02,Delhi,20,Basic,1951.65,11,user698@example.com,user_698,2026-02-06 06:00:00
1103,2026-06-02,West,Furniture,4206.73,Hyderabad,47,Basic,1541.39,19,user699@example.com,user_699,2026-06-02 18:00:00
1193,2026-03-11,South,Clothing,2431.55,Bengaluru,41,Basic,1047.26,5,user700@example.com,user_700,2026-03-11 14:00:00
1031,2026-01-28,North,Groceries,2536.64,Hyderabad,24,Premium,244.23,2,user701@example.com,user_701,2026-01-28 02:00:00
1173,2026-05-08,West,Furniture,1974.9,Hyderabad,36,Premium,640.37,20,user702@example.com,user_702,2026-05-08 03:00:00
1169,2026-01-20,South,Groceries,1089.47,Hyderabad,47,Basic,1034.35,18,user703@example.com,user_703,2026-01-20 10:00:00
1139,2026-05-19,West,Electronics,4954.49,Jaipur,40,Basic,,13,user704@example.com,user_704,2026-05-19 14:00:00
1009,2026-04-28,West,Furniture,2827.67,Mumbai,26,Basic,889.83,10,user705@example.com,user_705,2026-04-28 22:00:00
1124,2026-04-10,West,Groceries,3334.39,Hyderabad,50,Standard,966.15,18,user706@example.com,user_706,2026-04-10 05:00:00
1014,2026-05-10,South,Clothing,2523.99,Pune,55,Standard,737.89,10,user707@example.com,user_707,2026-05-10 10:00:00
1007,2026-01-16,West,Furniture,4200.98,Mumbai,53,Premium,1542.13,11,user708@example.com,user_708,2026-01-16 12:00:00
1109,2026-01-25,North,Clothing,2118.46,Jaipur,58,Premium,532.85,10,user709@example.com,user_709,2026-01-25 18:00:00
1176,2026-01-22,West,Clothing,660.91,Delhi,17,Standard,685.93,15,user710@example.com,user_710,2026-01-22 21:00:00
1145,2026-04-19,South,Clothing,199.97,Pune,53,Premium,1972.24,13,user711@example.com,,2026-04-19 18:00:00
1082,2026-04-10,West,Groceries,590.28,Hyderabad,29,Basic,1018.63,11,user712@example.com,user_712,2026-04-10 05:00:00
1076,2026-06-07,North,Groceries,1088.62,Hyderabad,20,Standard,467.46,9,user713@example.com,user_713,2026-06-07 01:00:00
1146,2026-03-18,South,Furniture,3160.4,Jaipur,53,Premium,1204.14,9,user714@example.com,user_714,2026-03-18 02:00:00
1135,2026-05-26,South,Groceries,1127.72,Jaipur,57,Basic,1034.05,10,user715@example.com,user_715,2026-05-26 13:00:00
1138,2026-06-19,North,Furniture,2130.14,Mumbai,55,Standard,933.8,18,user716@example.com,user_716,2026-06-19 05:00:00
1160,2026-01-05,East,Groceries,1143.47,Hyderabad,45,Basic,1877.47,18,user717@example.com,user_717,2026-01-05 19:00:00
1144,2026-04-22,West,Furniture,1884.95,Delhi,31,Premium,1505.55,10,user718@example.com,user_718,2026-04-22 13:00:00
1081,2026-04-16,West,Furniture,4245.24,Mumbai,34,Standard,363.14,20,user719@example.com,user_719,2026-04-16 07:00:00
1061,2026-04-14,West,Furniture,1040.39,Delhi,35,Basic,996.5,14,user720@example.com,user_720,2026-04-14 13:00:00
1009,2026-06-15,East,Furniture,1436.29,Jaipur,32,Basic,1334.41,6,user721@example.com,user_721,2026-06-15 20:00:00
1184,2026-01-11,South,Electronics,371.1,Jaipur,36,Standard,631.06,3,user722@example.com,user_722,2026-01-11 13:00:00
1171,2026-04-04,West,Groceries,4721.49,Hyderabad,24,Premium,268.27,17,user723@example.com,user_723,2026-04-04 03:00:00
1170,2026-05-14,North,Groceries,4434.37,Delhi,54,Premium,1557.72,11,user724@example.com,user_724,2026-05-14 10:00:00
1188,2026-05-30,South,Furniture,4683.95,Delhi,25,Premium,391.55,9,user725@example.com,user_725,2026-05-30 14:00:00
1065,2026-04-15,West,Groceries,2714.0,Hyderabad,23,Basic,1114.2,16,user726@example.com,user_726,2026-04-15 21:00:00
1071,2026-03-05,East,Clothing,2428.59,Mumbai,35,Premium,1308.53,20,user727@example.com,user_727,2026-03-05 01:00:00
1013,2026-06-19,East,Clothing,2808.37,Mumbai,56,Standard,757.57,4,user728@example.com,user_728,2026-06-19 17:00:00
1113,2026-03-02,South,Electronics,4557.97,Pune,32,Basic,,8,user729@example.com,user_729,2026-03-02 09:00:00
1041,2026-02-23,South,Clothing,4409.39,Hyderabad,42,Premium,584.37,3,user730@example.com,user_730,2026-02-23 15:00:00
1188,2026-05-01,South,Clothing,3615.19,Jaipur,26,Standard,558.89,3,user731@example.com,user_731,2026-05-01 11:00:00
1154,2026-04-18,North,Groceries,3506.53,Jaipur,57,Standard,408.29,15,user732@example.com,user_732,2026-04-18 20:00:00
1000,2026-02-04,South,Furniture,3178.65,Mumbai,52,Premium,266.11,8,user733@example.com,user_733,2026-02-04 16:00:00
1195,2026-06-16,East,Groceries,3983.95,Mumbai,44,Basic,1753.34,5,user734@example.com,user_734,2026-06-16 08:00:00
1175,2026-02-14,North,Clothing,1073.45,Pune,39,Premium,817.31,13,user735@example.com,user_735,2026-02-14 18:00:00
1005,2026-02-27,West,Furniture,4543.54,Pune,28,Basic,1417.46,6,user736@example.com,user_736,2026-02-27 01:00:00
1158,2026-04-13,South,Clothing,831.33,Mumbai,26,Standard,278.83,17,user737@example.com,user_737,2026-04-13 13:00:00
1172,2026-04-27,South,Electronics,1199.97,Delhi,28,Basic,611.53,16,user738@example.com,user_738,2026-04-27 12:00:00
1110,2026-02-03,East,Furniture,4976.52,Mumbai,59,Premium,865.75,14,,user_739,2026-02-03 04:00:00
1074,2026-01-08,North,Furniture,3126.63,Delhi,39,Standard,1384.32,15,user740@example.com,user_740,2026-01-08 02:00:00
1120,2026-01-03,East,Clothing,4874.56,Pune,59,Premium,1441.01,14,user741@example.com,user_741,2026-01-03 23:00:00
1065,2026-06-02,West,Electronics,2829.3,Jaipur,37,Premium,968.32,12,user742@example.com,user_742,2026-06-02 19:00:00
1153,2026-06-21,West,Electronics,1342.92,Bengaluru,40,Basic,1956.17,12,user743@example.com,user_743,2026-06-21 04:00:00
1010,2026-05-24,East,Clothing,932.35,Pune,37,Basic,307.24,11,user744@example.com,user_744,2026-05-24 22:00:00
1110,2026-05-16,East,Clothing,672.53,Jaipur,24,Basic,1749.78,9,,user_745,2026-05-16 23:00:00
1110,2026-04-03,North,Clothing,3103.36,Mumbai,49,Basic,899.76,6,user746@example.com,user_746,2026-04-03 10:00:00
1195,2026-05-06,East,Groceries,360.79,Delhi,19,Premium,407.13,16,user747@example.com,user_747,2026-05-06 08:00:00
1180,2026-02-11,South,Groceries,668.52,Pune,18,Basic,745.21,18,user748@example.com,user_748,2026-02-11 15:00:00
1126,2026-04-28,West,Furniture,705.91,Jaipur,29,Basic,402.28,6,user749@example.com,user_749,2026-04-28 23:00:00
1069,2026-05-11,East,Electronics,2677.48,Bengaluru,27,Basic,1844.81,8,user750@example.com,user_750,2026-05-11 15:00:00
1024,2026-06-23,North,Electronics,1492.98,Hyderabad,23,Basic,778.44,4,user751@example.com,user_751,2026-06-23 10:00:00
1007,2026-02-09,West,Groceries,4170.43,Hyderabad,46,Basic,1275.3,9,user752@example.com,user_752,2026-02-09 19:00:00
1001,2026-06-18,North,Electronics,3315.25,Pune,36,Standard,1999.65,19,user753@example.com,user_753,2026-06-18 04:00:00
1012,2026-02-24,North,Clothing,4010.92,Hyderabad,20,Standard,1906.21,13,user754@example.com,user_754,2026-02-24 02:00:00
1065,2026-04-13,East,Furniture,4828.74,Pune,21,Premium,1712.07,6,user755@example.com,user_755,2026-04-13 12:00:00
1072,2026-04-14,East,Electronics,1562.88,Pune,35,Standard,1226.85,12,user756@example.com,user_756,2026-04-14 21:00:00
1094,2026-01-25,East,Groceries,2282.67,Pune,46,Basic,1147.96,14,user757@example.com,user_757,2026-01-25 02:00:00
1094,2026-04-19,East,Groceries,3190.36,Jaipur,18,Standard,716.4,15,user758@example.com,user_758,2026-04-19 21:00:00
1165,2026-02-27,East,Groceries,2683.67,Hyderabad,49,Premium,616.87,14,user759@example.com,user_759,2026-02-27 02:00:00
1076,2026-05-03,East,Furniture,3453.14,Mumbai,31,Standard,884.08,19,user760@example.com,user_760,2026-05-03 01:00:00
1019,2026-05-22,West,Electronics,2602.19,Pune,22,Basic,1338.67,19,user761@example.com,user_761,2026-05-22 08:00:00
1065,2026-04-01,West,Electronics,658.28,Hyderabad,45,Premium,1583.05,13,user762@example.com,user_762,2026-04-01 01:00:00
1106,2026-01-22,North,Clothing,2977.32,Pune,58,Basic,1266.43,9,user763@example.com,user_763,2026-01-22 10:00:00
1054,2026-02-17,East,Electronics,3760.44,Bengaluru,32,Standard,257.34,18,user764@example.com,user_764,2026-02-17 00:00:00
1101,2026-01-02,West,Electronics,941.5,Pune,45,Standard,839.93,20,user765@example.com,user_765,2026-01-02 23:00:00
1077,2026-05-05,North,Groceries,4042.74,Jaipur,24,Premium,77.06,4,user766@example.com,user_766,2026-05-05 00:00:00
1048,2026-06-28,West,Furniture,2457.47,Delhi,57,Premium,899.79,18,user767@example.com,user_767,2026-06-28 06:00:00
1077,2026-01-23,South,Furniture,2422.55,Jaipur,23,Premium,1809.71,15,user768@example.com,user_768,2026-01-23 15:00:00
1005,2026-05-01,South,Furniture,1086.56,Bengaluru,41,Premium,701.01,4,user769@example.com,user_769,2026-05-01 20:00:00
1106,2026-04-21,South,Clothing,281.38,Pune,47,Standard,1202.53,20,user770@example.com,user_770,2026-04-21 21:00:00
1059,2026-05-05,West,Electronics,2167.82,Mumbai,51,Premium,572.31,14,user771@example.com,user_771,2026-05-05 15:00:00
1126,2026-01-30,North,Groceries,3517.82,Jaipur,26,Basic,1466.11,16,user772@example.com,user_772,2026-01-30 11:00:00
1059,2026-04-23,East,Clothing,4616.5,Hyderabad,58,Basic,305.76,10,user773@example.com,user_773,2026-04-23 23:00:00
1106,2026-04-10,North,Groceries,4018.8,Delhi,55,Premium,600.79,3,user774@example.com,user_774,2026-04-10 21:00:00
1033,2026-05-04,East,Furniture,865.94,Pune,22,Basic,1888.96,16,user775@example.com,user_775,2026-05-04 09:00:00
1053,2026-03-02,West,Electronics,1858.06,Mumbai,38,Standard,359.28,17,user776@example.com,user_776,2026-03-02 01:00:00
1086,2026-01-17,South,Electronics,3126.06,Jaipur,51,Premium,998.41,11,user777@example.com,user_777,2026-01-17 11:00:00
1197,2026-01-12,North,Furniture,4281.7,Bengaluru,54,Standard,253.08,2,user778@example.com,user_778,2026-01-12 14:00:00
1193,2026-04-28,West,Electronics,3930.1,Bengaluru,22,Standard,131.84,4,user779@example.com,user_779,2026-04-28 05:00:00
1030,2026-06-11,East,Clothing,869.46,Mumbai,44,Standard,1021.86,4,user780@example.com,user_780,2026-06-11 04:00:00
1093,2026-06-15,North,Furniture,702.62,Delhi,44,Basic,1549.98,1,user781@example.com,user_781,2026-06-15 07:00:00
1087,2026-05-02,North,Furniture,517.65,Mumbai,42,Basic,1277.41,8,user782@example.com,user_782,2026-05-02 04:00:00
1107,2026-05-16,East,Furniture,4028.67,Pune,42,Basic,1906.09,17,user783@example.com,user_783,2026-05-16 21:00:00
1007,2026-04-03,South,Furniture,3873.74,Hyderabad,49,Premium,215.32,11,user784@example.com,user_784,2026-04-03 12:00:00
1111,2026-02-12,West,Groceries,3820.04,Hyderabad,57,Premium,1809.9,2,user785@example.com,user_785,2026-02-12 20:00:00
1133,2026-06-19,North,Groceries,2069.81,Hyderabad,60,Standard,1753.42,11,user786@example.com,,2026-06-19 11:00:00
1071,2026-01-03,East,Groceries,2286.33,Delhi,50,Standard,1587.27,15,user787@example.com,user_787,2026-01-03 22:00:00
1200,2026-03-30,South,Furniture,4416.78,Jaipur,18,Standard,702.26,5,user788@example.com,user_788,2026-03-30 16:00:00
1072,2026-05-19,East,Electronics,2607.19,Mumbai,49,Basic,1526.24,6,user789@example.com,user_789,2026-05-19 00:00:00
1138,2026-01-08,North,Furniture,4177.92,Mumbai,43,Standard,265.36,2,user790@example.com,user_790,2026-01-08 11:00:00
1160,2026-03-08,North,Electronics,333.89,Hyderabad,23,Basic,631.02,1,user791@example.com,user_791,2026-03-08 14:00:00
1060,2026-03-28,East,Clothing,1566.09,Hyderabad,52,Standard,322.94,13,user792@example.com,user_792,2026-03-28 16:00:00
1026,2026-03-05,North,Furniture,4131.93,Mumbai,45,Premium,335.78,14,user793@example.com,user_793,2026-03-05 13:00:00
1023,2026-01-21,West,Groceries,4453.7,Pune,29,Basic,202.24,17,user794@example.com,user_794,2026-01-21 12:00:00
1143,2026-05-31,South,Clothing,2963.09,Hyderabad,43,Basic,1393.58,16,user795@example.com,user_795,2026-05-31 23:00:00
1041,2026-04-17,East,Furniture,2475.35,Pune,24,Standard,1050.71,17,user796@example.com,user_796,2026-04-17 03:00:00
1054,2026-06-27,South,Groceries,259.78,Delhi,51,Basic,1847.31,4,,user_797,2026-06-27 19:00:00
1028,2026-04-15,West,Clothing,2901.65,Jaipur,49,Premium,279.6,10,user798@example.com,user_798,2026-04-15 11:00:00
1075,2026-03-19,South,Electronics,3976.9,Delhi,53,Basic,144.87,10,user799@example.com,user_799,2026-03-19 09:00:00
1046,2026-02-25,South,Electronics,699.41,Mumbai,20,Premium,864.27,19,user800@example.com,user_800,2026-02-25 09:00:00
1115,2026-05-25,North,Groceries,2428.61,Hyderabad,54,Premium,1535.8,17,user801@example.com,user_801,2026-05-25 20:00:00
1194,2026-04-28,South,Groceries,830.01,Hyderabad,36,Premium,1609.63,20,user802@example.com,user_802,2026-04-28 13:00:00
1059,2026-04-10,South,Clothing,2750.87,Hyderabad,44,Standard,590.88,3,user803@example.com,user_803,2026-04-10 05:00:00
1146,2026-01-07,North,Electronics,3255.18,Jaipur,28,Standard,1106.58,2,user804@example.com,user_804,2026-01-07 18:00:00
1048,2026-05-14,South,Electronics,689.39,Bengaluru,27,Premium,586.18,7,,user_805,2026-05-14 07:00:00
1148,2026-06-30,South,Electronics,4053.91,Bengaluru,36,Basic,1198.34,16,user806@example.com,user_806,2026-06-30 00:00:00
1111,2026-03-29,East,Groceries,217.88,Bengaluru,36,Basic,551.5,4,user807@example.com,user_807,2026-03-29 03:00:00
1043,2026-05-19,North,Furniture,995.08,Jaipur,25,Basic,,6,user808@example.com,user_808,2026-05-19 01:00:00
1083,2026-06-07,East,Electronics,3595.17,Mumbai,40,Premium,674.08,14,user809@example.com,user_809,2026-06-07 10:00:00
1096,2026-03-08,West,Electronics,1092.54,Bengaluru,53,Premium,1011.31,17,user810@example.com,user_810,2026-03-08 12:00:00
1068,2026-01-30,West,Clothing,2377.64,Pune,20,Basic,106.37,8,user811@example.com,user_811,2026-01-30 00:00:00
1141,2026-03-10,West,Furniture,3838.59,Hyderabad,24,Basic,1158.08,15,user812@example.com,user_812,2026-03-10 02:00:00
1128,2026-06-12,East,Furniture,1929.2,Delhi,31,Standard,1907.59,18,user813@example.com,,2026-06-12 14:00:00
1000,2026-01-11,South,Clothing,3299.99,Delhi,16,Premium,1870.34,16,user814@example.com,user_814,2026-01-11 08:00:00
1064,2026-06-03,South,Clothing,4227.95,Delhi,53,Standard,598.56,6,user815@example.com,user_815,2026-06-03 23:00:00
1144,2026-05-17,West,Clothing,539.6,Hyderabad,23,Premium,1463.89,9,,user_816,2026-05-17 13:00:00
1156,2026-02-23,North,Clothing,3212.33,Hyderabad,44,Basic,529.56,11,user817@example.com,user_817,2026-02-23 10:00:00
1117,2026-02-23,North,Electronics,4578.69,Delhi,57,Premium,,1,user818@example.com,user_818,2026-02-23 00:00:00
1044,2026-06-22,South,Groceries,3836.08,Bengaluru,21,Standard,1319.97,18,user819@example.com,user_819,2026-06-22 00:00:00
1113,2026-06-21,West,Clothing,4862.99,Pune,54,Basic,804.16,1,user820@example.com,user_820,2026-06-21 03:00:00
1094,2026-04-29,East,Groceries,145.88,Hyderabad,17,Basic,1377.08,12,user821@example.com,user_821,2026-04-29 06:00:00
1157,2026-01-24,North,Furniture,1247.86,Pune,39,Premium,597.47,20,user822@example.com,,2026-01-24 06:00:00
1050,2026-01-02,South,Electronics,4362.59,Bengaluru,48,Basic,382.43,7,user823@example.com,user_823,2026-01-02 21:00:00
1172,2026-05-25,East,Electronics,2982.01,Hyderabad,20,Premium,556.27,19,user824@example.com,user_824,2026-05-25 07:00:00
1186,2026-05-14,North,Furniture,4253.57,Jaipur,60,Standard,1089.24,9,user825@example.com,user_825,2026-05-14 21:00:00
1116,2026-05-24,West,Groceries,3240.73,Hyderabad,19,Basic,893.47,14,user826@example.com,user_826,2026-05-24 08:00:00
1174,2026-02-01,South,Groceries,1871.21,Jaipur,30,Premium,591.97,14,user827@example.com,user_827,2026-02-01 17:00:00
1080,2026-04-25,West,Groceries,1053.58,Jaipur,52,Premium,1981.02,8,user828@example.com,user_828,2026-04-25 22:00:00
1019,2026-04-19,East,Furniture,905.96,Mumbai,20,Standard,1269.32,1,user829@example.com,user_829,2026-04-19 15:00:00
1006,2026-04-21,North,Clothing,1311.05,Pune,31,Basic,1673.41,11,user830@example.com,user_830,2026-04-21 16:00:00
1018,2026-03-02,South,Electronics,3164.21,Bengaluru,23,Premium,,2,user831@example.com,user_831,2026-03-02 12:00:00
1177,2026-03-22,West,Furniture,403.81,Pune,19,Basic,1240.94,14,user832@example.com,user_832,2026-03-22 02:00:00
1173,2026-01-27,West,Electronics,1545.09,Pune,41,Premium,1253.74,14,user833@example.com,user_833,2026-01-27 07:00:00
1168,2026-06-03,West,Groceries,1981.21,Pune,55,Standard,247.49,1,user834@example.com,user_834,2026-06-03 14:00:00
1084,2026-05-13,East,Electronics,603.18,Bengaluru,20,Standard,1589.36,7,,user_835,2026-05-13 18:00:00
1163,2026-02-02,North,Clothing,2162.93,Hyderabad,55,Basic,412.55,5,user836@example.com,user_836,2026-02-02 01:00:00
1032,2026-01-16,North,Groceries,2614.32,Hyderabad,38,Basic,1188.15,18,user837@example.com,user_837,2026-01-16 04:00:00
1120,2026-02-07,North,Clothing,1526.21,Jaipur,49,Standard,,5,user838@example.com,user_838,2026-02-07 01:00:00
1129,2026-03-02,West,Groceries,1784.7,Delhi,56,Premium,1581.26,11,user839@example.com,user_839,2026-03-02 06:00:00
1121,2026-06-20,South,Clothing,4274.84,Bengaluru,37,Standard,634.28,11,user840@example.com,user_840,2026-06-20 05:00:00
1116,2026-01-27,West,Groceries,1175.09,Jaipur,56,Premium,1401.78,15,user841@example.com,user_841,2026-01-27 19:00:00
1061,2026-02-24,South,Clothing,4055.63,Pune,29,Basic,409.28,1,user842@example.com,user_842,2026-02-24 11:00:00
1018,2026-01-03,North,Electronics,2817.99,Delhi,34,Basic,429.09,19,user843@example.com,user_843,2026-01-03 11:00:00
1007,2026-01-12,East,Furniture,1492.09,Delhi,32,Standard,389.85,18,user844@example.com,user_844,2026-01-12 07:00:00
1050,2026-02-15,West,Furniture,4230.12,Jaipur,17,Standard,317.62,4,user845@example.com,user_845,2026-02-15 10:00:00
1078,2026-02-23,South,Furniture,1911.24,Mumbai,58,Premium,1885.27,20,user846@example.com,user_846,2026-02-23 13:00:00
1030,2026-01-17,East,Furniture,3995.0,Delhi,50,Basic,1403.99,11,user847@example.com,user_847,2026-01-17 19:00:00
1162,2026-04-20,East,Electronics,3839.1,Bengaluru,28,Standard,623.66,5,user848@example.com,user_848,2026-04-20 10:00:00
1013,2026-03-05,North,Furniture,4272.36,Bengaluru,47,Premium,1468.23,16,user849@example.com,user_849,2026-03-05 21:00:00
1016,2026-06-07,East,Groceries,3781.41,Hyderabad,48,Basic,1022.25,15,user850@example.com,user_850,2026-06-07 05:00:00
1182,2026-03-24,North,Groceries,3606.68,Pune,46,Basic,1183.31,19,user851@example.com,user_851,2026-03-24 20:00:00
1053,2026-01-10,East,Furniture,2315.19,Delhi,41,Premium,646.7,13,user852@example.com,user_852,2026-01-10 18:00:00
1095,2026-02-10,North,Electronics,758.22,Jaipur,34,Basic,1061.7,8,user853@example.com,user_853,2026-02-10 18:00:00
1119,2026-01-11,North,Groceries,2310.64,Pune,42,Basic,1618.78,11,user854@example.com,user_854,2026-01-11 08:00:00
1006,2026-04-08,East,Groceries,1245.57,Hyderabad,20,Basic,1807.88,10,user855@example.com,user_855,2026-04-08 16:00:00
1139,2026-05-12,West,Clothing,4640.37,Jaipur,23,Premium,752.46,18,user856@example.com,user_856,2026-05-12 06:00:00
1050,2026-03-27,North,Clothing,1583.31,Hyderabad,33,Premium,1426.0,5,user857@example.com,user_857,2026-03-27 22:00:00
1066,2026-05-20,West,Clothing,1481.04,Mumbai,41,Basic,1652.63,1,user858@example.com,user_858,2026-05-20 15:00:00
1131,2026-06-17,East,Groceries,1215.13,Hyderabad,29,Basic,505.76,19,user859@example.com,user_859,2026-06-17 17:00:00
1184,2026-04-30,South,Clothing,3980.38,Mumbai,28,Basic,1551.76,14,user860@example.com,user_860,2026-04-30 06:00:00
1115,2026-04-23,West,Clothing,780.86,Delhi,35,Standard,68.88,12,user861@example.com,user_861,2026-04-23 10:00:00
1107,2026-02-27,South,Groceries,3837.92,Hyderabad,50,Basic,685.86,1,user862@example.com,user_862,2026-02-27 18:00:00
1035,2026-01-09,East,Clothing,2884.14,Bengaluru,54,Standard,1740.54,13,user863@example.com,user_863,2026-01-09 06:00:00
1016,2026-04-11,South,Furniture,2426.41,Mumbai,52,Basic,1296.06,10,user864@example.com,user_864,2026-04-11 02:00:00
1026,2026-02-13,East,Electronics,4149.73,Bengaluru,47,Premium,414.05,3,user865@example.com,user_865,2026-02-13 12:00:00
1052,2026-03-14,East,Clothing,3331.89,Jaipur,45,Premium,768.87,1,user866@example.com,user_866,2026-03-14 05:00:00
1105,2026-03-25,South,Furniture,4949.02,Delhi,50,Basic,982.59,3,user867@example.com,user_867,2026-03-25 12:00:00
1033,2026-02-22,East,Clothing,2217.78,Hyderabad,58,Basic,359.62,19,user868@example.com,user_868,2026-02-22 09:00:00
1051,2026-05-31,South,Clothing,1088.34,Delhi,44,Premium,1657.94,20,user869@example.com,user_869,2026-05-31 07:00:00
1084,2026-05-15,South,Groceries,2367.21,Jaipur,21,Basic,1310.28,15,user870@example.com,user_870,2026-05-15 11:00:00
1182,2026-06-29,North,Groceries,3103.83,Delhi,42,Premium,400.18,20,user871@example.com,user_871,2026-06-29 23:00:00
1117,2026-04-21,South,Furniture,3522.76,Jaipur,41,Standard,1894.09,8,user872@example.com,user_872,2026-04-21 05:00:00
1160,2026-03-12,North,Electronics,3520.42,Hyderabad,29,Basic,851.99,18,user873@example.com,user_873,2026-03-12 03:00:00
1019,2026-04-05,West,Clothing,2109.47,Delhi,32,Premium,1036.83,15,user874@example.com,user_874,2026-04-05 00:00:00
1163,2026-01-19,South,Groceries,1783.92,Pune,28,Basic,123.66,9,user875@example.com,user_875,2026-01-19 03:00:00
1083,2026-02-04,South,Groceries,2360.65,Jaipur,51,Standard,522.47,15,user876@example.com,user_876,2026-02-04 04:00:00
1071,2026-05-01,East,Furniture,4208.63,Bengaluru,22,Premium,623.58,18,user877@example.com,user_877,2026-05-01 23:00:00
1043,2026-04-11,West,Electronics,3419.18,Delhi,44,Basic,396.98,2,user878@example.com,user_878,2026-04-11 21:00:00
1055,2026-05-17,South,Electronics,4198.86,Bengaluru,57,Standard,1447.0,4,user879@example.com,user_879,2026-05-17 12:00:00
1078,2026-06-26,South,Electronics,3031.21,Jaipur,40,Premium,1861.2,12,user880@example.com,user_880,2026-06-26 07:00:00
1023,2026-02-21,West,Groceries,236.93,Jaipur,37,Premium,1375.92,3,user881@example.com,user_881,2026-02-21 07:00:00
1170,2026-01-25,East,Furniture,315.66,Bengaluru,22,Basic,679.23,7,user882@example.com,user_882,2026-01-25 19:00:00
1138,2026-02-23,South,Groceries,691.94,Delhi,22,Basic,680.57,1,,user_883,2026-02-23 12:00:00
1080,2026-06-17,West,Groceries,1142.56,Delhi,20,Standard,1639.42,20,user884@example.com,user_884,2026-06-17 11:00:00
1017,2026-01-12,East,Groceries,1577.52,Bengaluru,47,Premium,1439.44,19,user885@example.com,user_885,2026-01-12 05:00:00
1024,2026-03-06,North,Groceries,3421.71,Hyderabad,24,Basic,391.9,11,user886@example.com,user_886,2026-03-06 21:00:00
1017,2026-05-04,North,Electronics,3081.81,Bengaluru,44,Basic,1046.5,8,user887@example.com,user_887,2026-05-04 16:00:00
1180,2026-05-31,West,Furniture,203.95,Jaipur,35,Premium,1488.93,8,user888@example.com,user_888,2026-05-31 19:00:00
1015,2026-01-21,East,Clothing,2543.76,Delhi,25,Basic,448.55,2,user889@example.com,user_889,2026-01-21 07:00:00
1113,2026-06-03,North,Furniture,1462.82,Hyderabad,18,Standard,1593.97,14,user890@example.com,user_890,2026-06-03 20:00:00
1192,2026-03-15,West,Furniture,4249.98,Mumbai,37,Premium,451.34,2,user891@example.com,user_891,2026-03-15 21:00:00
1175,2026-03-05,East,Groceries,2655.21,Delhi,44,Standard,61.78,16,user892@example.com,user_892,2026-03-05 02:00:00
1013,2026-02-19,East,Furniture,715.25,Delhi,53,Standard,1670.88,7,user893@example.com,user_893,2026-02-19 07:00:00
1020,2026-05-10,South,Groceries,1626.17,Hyderabad,28,Premium,876.83,20,user894@example.com,user_894,2026-05-10 07:00:00
1073,2026-03-19,South,Furniture,1432.12,Pune,21,Basic,826.58,6,user895@example.com,user_895,2026-03-19 15:00:00
1108,2026-04-23,South,Furniture,4116.06,Pune,17,Basic,883.42,3,user896@example.com,user_896,2026-04-23 09:00:00
1137,2026-06-02,East,Furniture,1360.73,Pune,35,Basic,,18,user897@example.com,user_897,2026-06-02 19:00:00
1018,2026-05-04,North,Furniture,3602.83,Delhi,25,Premium,58.15,17,user898@example.com,user_898,2026-05-04 23:00:00
1125,2026-04-06,South,Groceries,4707.4,Hyderabad,39,Basic,1004.62,19,user899@example.com,user_899,2026-04-06 02:00:00
1009,2026-04-15,West,Groceries,4667.43,Delhi,28,Basic,1916.34,12,user900@example.com,user_900,2026-04-15 16:00:00
1162,2026-05-06,North,Electronics,3289.44,Pune,31,Premium,981.56,12,user901@example.com,user_901,2026-05-06 20:00:00
1173,2026-06-30,West,Furniture,1380.52,Pune,59,Premium,545.86,20,user902@example.com,user_902,2026-06-30 18:00:00
1041,2026-06-19,West,Electronics,3877.76,Hyderabad,40,Basic,1426.84,3,user903@example.com,user_903,2026-06-19 16:00:00
1108,2026-02-18,East,Groceries,1339.07,Mumbai,48,Standard,1334.05,13,user904@example.com,user_904,2026-02-18 18:00:00
1187,2026-03-20,South,Electronics,635.44,Bengaluru,38,Premium,574.59,7,user905@example.com,user_905,2026-03-20 23:00:00
1178,2026-04-12,North,Electronics,4936.42,Pune,16,Premium,186.19,14,user906@example.com,user_906,2026-04-12 16:00:00
1167,2026-04-17,North,Groceries,936.11,Mumbai,27,Standard,311.95,16,user907@example.com,user_907,2026-04-17 05:00:00
1028,2026-05-09,South,Furniture,1009.63,Jaipur,27,Premium,555.74,14,user908@example.com,user_908,2026-05-09 14:00:00
1159,2026-06-10,West,Furniture,491.07,Jaipur,40,Premium,589.69,11,user909@example.com,user_909,2026-06-10 00:00:00
1060,2026-05-30,South,Groceries,3396.74,Jaipur,16,Premium,568.86,1,user910@example.com,user_910,2026-05-30 21:00:00
1010,2026-05-30,West,Furniture,2659.44,Jaipur,40,Standard,1064.14,9,user911@example.com,user_911,2026-05-30 15:00:00
1193,2026-05-02,North,Groceries,1749.1,Hyderabad,37,Basic,1642.85,12,user912@example.com,user_912,2026-05-02 21:00:00
1096,2026-04-13,West,Clothing,4378.08,Jaipur,16,Basic,1747.56,13,user913@example.com,user_913,2026-04-13 23:00:00
1006,2026-02-05,West,Clothing,4760.2,Delhi,39,Basic,1255.79,16,user914@example.com,user_914,2026-02-05 16:00:00
1169,2026-04-16,East,Electronics,4932.29,Mumbai,17,Standard,,2,user915@example.com,user_915,2026-04-16 23:00:00
1173,2026-03-25,South,Furniture,3073.14,Pune,55,Premium,729.25,16,user916@example.com,user_916,2026-03-25 21:00:00
1025,2026-06-29,South,Clothing,3075.15,Hyderabad,25,Standard,1758.66,17,user917@example.com,user_917,2026-06-29 01:00:00
1127,2026-02-02,West,Clothing,4178.54,Bengaluru,45,Premium,,4,user918@example.com,user_918,2026-02-02 15:00:00
1138,2026-06-19,East,Furniture,1137.04,Hyderabad,60,Premium,255.67,1,user919@example.com,user_919,2026-06-19 05:00:00
1098,2026-03-25,North,Furniture,3623.96,Hyderabad,46,Standard,290.04,5,user920@example.com,user_920,2026-03-25 17:00:00
1185,2026-06-12,South,Electronics,3998.15,Mumbai,30,Standard,1544.36,20,user921@example.com,user_921,2026-06-12 02:00:00
1087,2026-06-14,South,Groceries,3304.21,Bengaluru,43,Premium,485.92,4,user922@example.com,user_922,2026-06-14 09:00:00
1028,2026-01-23,West,Clothing,3728.85,Delhi,23,Standard,767.09,11,user923@example.com,user_923,2026-01-23 12:00:00
1188,2026-05-28,West,Clothing,403.24,Bengaluru,28,Basic,1960.71,11,user924@example.com,user_924,2026-05-28 11:00:00
1032,2026-06-23,East,Electronics,2037.03,Bengaluru,45,Basic,332.17,10,user925@example.com,user_925,2026-06-23 07:00:00
1174,2026-05-08,South,Furniture,3047.18,Delhi,58,Standard,116.97,11,user926@example.com,user_926,2026-05-08 09:00:00
1176,2026-05-09,West,Clothing,4984.56,Hyderabad,52,Basic,1280.6,7,user927@example.com,user_927,2026-05-09 15:00:00
1180,2026-03-16,South,Electronics,4907.6,Mumbai,25,Standard,460.7,8,user928@example.com,user_928,2026-03-16 22:00:00
1198,2026-01-14,East,Groceries,3664.24,Mumbai,58,Premium,,18,user929@example.com,user_929,2026-01-14 12:00:00
1108,2026-03-28,South,Clothing,3812.8,Pune,20,Standard,1467.17,10,user930@example.com,user_930,2026-03-28 22:00:00
1179,2026-02-19,South,Electronics,741.41,Bengaluru,19,Standard,642.94,6,user931@example.com,user_931,2026-02-19 18:00:00
1113,2026-02-05,South,Clothing,4496.37,Delhi,29,Standard,431.53,1,user932@example.com,user_932,2026-02-05 11:00:00
1026,2026-05-28,East,Groceries,4756.95,Pune,59,Premium,1855.67,4,user933@example.com,user_933,2026-05-28 11:00:00
1045,2026-05-02,West,Electronics,4903.36,Hyderabad,37,Standard,895.95,5,user934@example.com,user_934,2026-05-02 20:00:00
1062,2026-04-14,West,Electronics,1280.19,Pune,35,Standard,1212.5,6,user935@example.com,user_935,2026-04-14 20:00:00
1198,2026-04-07,West,Groceries,4337.99,Hyderabad,40,Basic,1283.05,15,user936@example.com,user_936,2026-04-07 11:00:00
1030,2026-01-03,West,Electronics,698.05,Hyderabad,58,Standard,488.62,19,user937@example.com,user_937,2026-01-03 18:00:00
1122,2026-05-27,North,Electronics,3992.28,Delhi,40,Basic,1999.91,14,user938@example.com,user_938,2026-05-27 09:00:00
1032,2026-05-27,West,Clothing,411.14,Bengaluru,27,Basic,,1,user939@example.com,user_939,2026-05-27 12:00:00
1137,2026-05-23,South,Electronics,2642.62,Bengaluru,50,Standard,1646.71,4,user940@example.com,user_940,2026-05-23 06:00:00
1030,2026-06-18,East,Furniture,126.09,Pune,36,Premium,126.33,19,user941@example.com,user_941,2026-06-18 06:00:00
1041,2026-06-17,West,Clothing,4272.11,Jaipur,21,Premium,,12,user942@example.com,user_942,2026-06-17 17:00:00
1108,2026-02-13,West,Furniture,1572.94,Bengaluru,34,Standard,1091.5,5,user943@example.com,user_943,2026-02-13 18:00:00
1177,2026-05-06,North,Clothing,3070.24,Bengaluru,29,Standard,243.07,2,user944@example.com,,2026-05-06 07:00:00
1048,2026-01-10,East,Clothing,4294.82,Delhi,24,Standard,1126.54,19,user945@example.com,user_945,2026-01-10 11:00:00
1032,2026-03-13,South,Electronics,2794.26,Mumbai,40,Standard,,13,user946@example.com,user_946,2026-03-13 14:00:00
1065,2026-01-22,South,Furniture,2725.93,Jaipur,56,Standard,,7,user947@example.com,user_947,2026-01-22 22:00:00
1144,2026-04-06,East,Groceries,4125.68,Mumbai,43,Basic,100.52,20,user948@example.com,user_948,2026-04-06 07:00:00
1069,2026-01-20,West,Electronics,3451.5,Pune,20,Basic,1298.35,12,user949@example.com,user_949,2026-01-20 10:00:00
1037,2026-03-11,East,Clothing,148.33,Pune,30,Basic,1905.98,4,user950@example.com,user_950,2026-03-11 05:00:00
1186,2026-05-15,North,Groceries,568.15,Mumbai,60,Standard,1737.53,18,user951@example.com,user_951,2026-05-15 08:00:00
1025,2026-06-05,West,Furniture,1658.18,Pune,27,Basic,1621.87,18,user952@example.com,user_952,2026-06-05 17:00:00
1103,2026-06-02,South,Furniture,1369.4,Hyderabad,48,Standard,353.21,5,user953@example.com,user_953,2026-06-02 04:00:00
1145,2026-04-07,North,Electronics,4600.36,Hyderabad,39,Standard,1566.18,20,user954@example.com,user_954,2026-04-07 13:00:00
1117,2026-06-30,East,Groceries,4932.61,Pune,48,Basic,587.85,14,user955@example.com,user_955,2026-06-30 16:00:00
1078,2026-02-28,West,Clothing,2091.92,Mumbai,21,Standard,,8,,user_956,2026-02-28 02:00:00
1147,2026-02-12,West,Electronics,3742.71,Bengaluru,47,Premium,1926.22,14,user957@example.com,user_957,2026-02-12 21:00:00
1187,2026-05-11,East,Groceries,2539.25,Hyderabad,59,Standard,1410.87,13,user958@example.com,user_958,2026-05-11 00:00:00
1048,2026-06-07,West,Groceries,3542.7,Hyderabad,38,Premium,1988.73,17,user959@example.com,user_959,2026-06-07 21:00:00
1010,2026-06-05,South,Furniture,3405.16,Bengaluru,30,Premium,196.49,5,user960@example.com,user_960,2026-06-05 16:00:00
1013,2026-04-01,South,Groceries,1957.56,Mumbai,23,Basic,1832.39,8,user961@example.com,user_961,2026-04-01 17:00:00
1074,2026-01-31,North,Groceries,1538.37,Delhi,16,Standard,1280.79,13,user962@example.com,user_962,2026-01-31 06:00:00
1164,2026-03-20,West,Groceries,4473.22,Pune,19,Basic,61.49,15,user963@example.com,user_963,2026-03-20 10:00:00
1090,2026-03-18,West,Electronics,1813.64,Hyderabad,27,Basic,741.34,4,user964@example.com,user_964,2026-03-18 13:00:00
1050,2026-05-06,West,Furniture,2112.52,Pune,16,Premium,1550.42,9,user965@example.com,user_965,2026-05-06 07:00:00
1101,2026-05-01,North,Clothing,1886.03,Delhi,50,Basic,261.96,15,user966@example.com,user_966,2026-05-01 21:00:00
1041,2026-04-23,East,Clothing,3760.75,Jaipur,38,Standard,437.01,7,user967@example.com,,2026-04-23 09:00:00
1034,2026-01-11,South,Groceries,3745.23,Jaipur,26,Standard,438.03,16,user968@example.com,user_968,2026-01-11 21:00:00
1030,2026-03-10,South,Groceries,2795.61,Hyderabad,24,Basic,1514.63,13,user969@example.com,user_969,2026-03-10 16:00:00
1033,2026-04-10,West,Electronics,3984.29,Delhi,25,Basic,1025.0,8,user970@example.com,user_970,2026-04-10 01:00:00
1087,2026-06-23,South,Electronics,2228.21,Mumbai,34,Basic,211.1,14,user971@example.com,user_971,2026-06-23 07:00:00
1039,2026-06-08,East,Furniture,1477.58,Jaipur,32,Standard,532.34,14,user972@example.com,user_972,2026-06-08 06:00:00
1180,2026-05-02,West,Furniture,1024.48,Bengaluru,56,Standard,340.02,4,user973@example.com,user_973,2026-05-02 04:00:00
1009,2026-04-13,North,Furniture,4652.58,Pune,17,Standard,439.3,2,user974@example.com,user_974,2026-04-13 12:00:00
1134,2026-04-15,North,Furniture,1186.7,Pune,46,Premium,1044.23,2,user975@example.com,user_975,2026-04-15 09:00:00
1068,2026-01-29,North,Clothing,4720.69,Hyderabad,42,Premium,673.69,2,user976@example.com,user_976,2026-01-29 05:00:00
1000,2026-01-11,West,Clothing,1138.69,Pune,33,Standard,246.49,6,user977@example.com,user_977,2026-01-11 08:00:00
1093,2026-05-06,North,Clothing,646.49,Hyderabad,16,Standard,1125.95,5,user978@example.com,user_978,2026-05-06 10:00:00
1189,2026-04-03,North,Clothing,1267.44,Mumbai,29,Standard,798.9,4,user979@example.com,user_979,2026-04-03 04:00:00
1190,2026-06-11,West,Electronics,2974.15,Hyderabad,28,Premium,1424.09,4,user980@example.com,user_980,2026-06-11 02:00:00
1158,2026-05-20,North,Clothing,3654.22,Delhi,50,Standard,349.66,5,user981@example.com,user_981,2026-05-20 06:00:00
1140,2026-04-18,North,Clothing,4485.07,Pune,56,Standard,278.99,14,user982@example.com,user_982,2026-04-18 02:00:00
1107,2026-05-04,West,Furniture,3035.85,Hyderabad,24,Basic,138.62,19,,user_983,2026-05-04 01:00:00
1048,2026-06-27,South,Groceries,3455.0,Bengaluru,20,Premium,903.6,17,user984@example.com,user_984,2026-06-27 12:00:00
1199,2026-05-24,South,Groceries,3075.37,Delhi,27,Premium,362.01,7,user985@example.com,user_985,2026-05-24 18:00:00
1002,2026-06-28,South,Clothing,1586.71,Delhi,34,Standard,573.6,4,user986@example.com,user_986,2026-06-28 05:00:00
1011,2026-02-27,East,Clothing,291.54,Delhi,33,Premium,577.35,2,user987@example.com,user_987,2026-02-27 20:00:00
1053,2026-03-05,West,Electronics,3278.36,Hyderabad,54,Basic,682.9,18,user988@example.com,user_988,2026-03-05 08:00:00
1104,2026-02-04,North,Clothing,4927.78,Hyderabad,16,Basic,477.6,9,user989@example.com,user_989,2026-02-04 05:00:00
1004,2026-03-07,West,Groceries,4733.72,Mumbai,56,Standard,1228.47,7,user990@example.com,user_990,2026-03-07 14:00:00
1083,2026-02-26,North,Furniture,2950.15,Pune,25,Basic,501.86,14,user991@example.com,user_991,2026-02-26 11:00:00
1122,2026-02-07,West,Groceries,989.42,Delhi,27,Premium,1160.83,6,user992@example.com,user_992,2026-02-07 20:00:00
1005,2026-03-14,North,Furniture,4437.74,Pune,59,Standard,416.3,5,user993@example.com,user_993,2026-03-14 02:00:00
1062,2026-04-20,South,Groceries,591.15,Bengaluru,24,Standard,1513.37,1,user994@example.com,user_994,2026-04-20 19:00:00
1096,2026-01-26,South,Electronics,639.17,Jaipur,57,Premium,307.75,3,user995@example.com,user_995,2026-01-26 08:00:00
1160,2026-02-06,West,Electronics,4792.33,Jaipur,50,Standard,1645.6,3,user996@example.com,user_996,2026-02-06 06:00:00
1122,2026-02-05,South,Furniture,1606.19,Pune,25,Premium,158.96,9,user997@example.com,,2026-02-05 20:00:00
1031,2026-05-20,West,Electronics,603.8,Mumbai,22,Standard,1778.59,14,user998@example.com,user_998,2026-05-20 04:00:00
1057,2026-01-01,West,Furniture,2192.96,Delhi,38,Standard,609.35,13,user999@example.com,user_999,2026-01-01 21:00:00
1125,2026-01-29,East,Electronics,1200.16,Mumbai,38,Premium,1250.61,4,,user_1000,2026-01-29 11:00:00
1028,2026-06-13,West,Clothing,1299.97,Delhi,22,Standard,1494.3,18,user1@example.com,user_1,2026-06-13 02:00:00
1108,2026-06-01,West,Electronics,559.11,Delhi,48,Standard,101.75,7,,user_2,2026-06-01 22:00:00
1179,2026-06-16,South,Furniture,2301.12,Mumbai,16,Premium,1411.37,11,user3@example.com,user_3,2026-06-16 08:00:00
1055,2026-02-09,North,Electronics,554.45,Jaipur,38,Basic,1227.27,2,user4@example.com,user_4,2026-02-09 23:00:00
1137,2026-04-28,West,Groceries,486.12,Mumbai,56,Standard,1776.63,12,user5@example.com,user_5,2026-04-28 18:00:00
1180,2026-02-19,West,Electronics,3340.19,Mumbai,21,Premium,1739.64,13,user6@example.com,user_6,2026-02-19 08:00:00
1162,2026-04-27,North,Furniture,1913.89,Delhi,58,Basic,1418.55,3,user7@example.com,user_7,2026-04-27 19:00:00
1043,2026-06-12,East,Furniture,2365.08,Mumbai,56,Standard,1136.05,11,user8@example.com,user_8,2026-06-12 01:00:00
1008,2026-02-28,North,Groceries,1411.93,Delhi,52,Standard,663.62,16,user9@example.com,user_9,2026-02-28 12:00:00
1117,2026-06-14,East,Clothing,784.19,Hyderabad,51,Standard,562.35,19,user10@example.com,user_10,2026-06-14 13:00:00
1102,2026-05-30,North,Furniture,4986.9,Delhi,48,Basic,227.27,2,user11@example.com,user_11,2026-05-30 03:00:00
1160,2026-02-09,East,Groceries,3022.4,Pune,40,Standard,1992.44,17,user12@example.com,user_12,2026-02-09 08:00:00
1002,2026-05-22,West,Clothing,3866.13,Mumbai,23,Basic,897.79,15,user13@example.com,user_13,2026-05-22 00:00:00
1128,2026-03-09,East,Electronics,4365.54,Mumbai,56,Standard,1237.49,5,user14@example.com,user_14,2026-03-09 11:00:00
1138,2026-02-11,West,Clothing,2494.17,Jaipur,39,Basic,516.93,8,user15@example.com,user_15,2026-02-11 18:00:00
1021,2026-01-21,South,Electronics,4892.12,Bengaluru,24,Premium,1336.51,18,user16@example.com,user_16,2026-01-21 05:00:00
1135,2026-03-09,South,Furniture,4651.68,Hyderabad,60,Premium,1440.25,13,user17@example.com,user_17,2026-03-09 21:00:00
1095,2026-06-16,South,Groceries,692.92,Delhi,20,Basic,91.02,18,user18@example.com,user_18,2026-06-16 07:00:00
1056,2026-05-31,West,Electronics,3568.42,Jaipur,30,Premium,1815.57,11,user19@example.com,,2026-05-31 02:00:00
1060,2026-05-12,North,Groceries,1149.76,Delhi,52,Standard,971.71,16,user20@example.com,user_20,2026-05-12 13:00:00
