item_id,order_id,product_id,quantity,unit_price,discount_percent
ITEM0000001,ORD000001,PROD00284,5,3583.48,3.98
ITEM0000002,ORD000002,PROD00120,3,1922.05,16.55
ITEM0000003,ORD000002,PROD00222,2,529.14,14.56
ITEM0000004,ORD000002,PROD00123,3,16024.54,4.08
ITEM0000005,ORD000002,PROD00085,5,3944.47,7.13
ITEM0000006,ORD000002,PROD00115,1,3345.82,10.69
ITEM0000007,ORD000002,PROD00270,5,16051.61,18.49
ITEM0000008,ORD000003,PROD00212,3,18473.59,4.1
ITEM0000009,ORD000003,PROD00295,5,6438.13,23.47
ITEM0000010,ORD000003,PROD00201,5,331.81,3.29
ITEM0000011,ORD000003,PROD00120,4,1922.05,17.12
ITEM0000012,ORD000004,PROD00036,4,9080.54,7.62
ITEM0000013,ORD000004,PROD00289,1,1903.39,27.76
ITEM0000014,ORD000004,PROD00019,3,39804.94,8.37
ITEM0000015,ORD000004,PROD00082,1,4931.74,9.54
ITEM0000016,ORD000004,PROD00189,-4,9958.04,17.26
ITEM0000017,ORD000004,PROD00266,4,150138.51,28.92
ITEM0000018,ORD000005,PROD00079,3,11534.5,5.32
ITEM0000019,ORD000005,PROD00194,2,1718.09,6.85
ITEM0000020,ORD000005,PROD00258,1,11131.97,23.51
ITEM0000021,ORD000006,PROD00162,4,44239.81,33.39
ITEM0000022,ORD000007,PROD00195,2,45234.5,133.75
ITEM0000023,ORD000007,PROD00144,4,35676.4,33.87
ITEM0000024,ORD000007,PROD00126,2,14276.93,24.15
ITEM0000025,ORD000007,PROD00253,1,30181.5,28.66
ITEM0000026,ORD000007,PROD00297,4,1866.66,22.96
ITEM0000027,ORD000008,PROD00128,2,2957.45,1.07
ITEM0000028,ORD000008,PROD00173,5,77771.82,30.86
ITEM0000029,ORD000009,PROD00283,2,34928.13,8.52
ITEM0000030,ORD000009,PROD00003,5,47677.98,29.78
ITEM0000031,ORD000009,PROD00278,2,48030.22,11.82
ITEM0000032,ORD000009,PROD00162,1,44239.81,31.3
ITEM0000033,ORD000009,PROD00013,2,1794.74,5.78
ITEM0000034,ORD000010,PROD00254,5,83824.83,24.87
ITEM0000035,ORD000010,PROD00289,2,1903.39,0.59
ITEM0000036,ORD000010,PROD00121,4,79730.15,10.89
ITEM0000037,ORD000010,PROD00141,5,738.47,24.91
ITEM0000038,ORD000011,PROD00252,1,8369.69,3.7
ITEM0000039,ORD000011,PROD00087,5,9237.82,4.26
ITEM0000040,ORD000012,PROD00003,5,47677.98,9.43
ITEM0000041,ORD000012,PROD00190,4,4989.53,10.91
ITEM0000042,ORD000012,PROD00195,1,45234.5,4.14
ITEM0000043,ORD000013,PROD00102,4,20526.64,5.82
ITEM0000044,ORD000014,PROD00171,3,1587.59,13.27
ITEM0000045,ORD000015,PROD00090,4,12776.72,17.73
ITEM0000046,ORD000015,PROD00119,4,1779.27,28.24
ITEM0000047,ORD000015,PROD00140,3,10466.68,19.83
ITEM0000048,ORD000016,PROD00015,0,3631.08,3.02
ITEM0000049,ORD000016,PROD00212,2,18473.59,33.48
ITEM0000050,ORD000016,PROD00193,5,33770.04,4.4
ITEM0000051,ORD000016,PROD00228,2,12035.67,18.73
ITEM0000052,ORD000017,PROD00298,3,1958.18,0.75
ITEM0000053,ORD000018,PROD00133,1,16317.65,2.98
ITEM0000054,ORD000018,PROD00185,1,88426.11,14.42
ITEM0000055,ORD000019,PROD00010,2,19555.43,8.82
ITEM0000056,ORD000019,PROD00243,4,19132.03,6.05
ITEM0000057,ORD000019,PROD00293,3,6508.01,30.67
ITEM0000058,ORD000020,PROD00182,3,60233.51,14.97
ITEM0000059,ORD000020,PROD00071,1,6126.45,16.66
ITEM0000060,ORD000021,PROD00223,2,31608.39,126.6
ITEM0000061,ORD000021,PROD00035,4,7731.0,20.3
ITEM0000062,ORD000021,PROD00164,5,136789.18,4.11
ITEM0000063,ORD000022,PROD00283,2,34928.13,31.83
ITEM0000064,ORD000022,PROD00250,1,2595.77,1.62
ITEM0000065,ORD000023,PROD00239,5,18153.0,23.91
ITEM0000066,ORD000024,PROD00173,4,77771.82,25.85
ITEM0000067,INVALID_ORD_39132,PROD00139,5,12429.19,24.46
ITEM0000068,ORD000024,PROD00089,2,14553.94,5.24
ITEM0000069,ORD000024,PROD00278,2,48030.22,23.61
ITEM0000070,ORD000024,PROD00184,4,99913.97,19.42
ITEM0000071,ORD000024,PROD00025,2,2571.12,9.59
ITEM0000072,ORD000025,PROD00242,1,49321.02,19.61
ITEM0000073,ORD000025,PROD00034,5,2479.77,33.59
ITEM0000074,ORD000025,PROD00268,5,247.24,32.76
ITEM0000075,ORD000025,PROD00296,1,75276.41,2.66
ITEM0000076,ORD000025,PROD00132,3,1220.54,33.87
ITEM0000077,ORD000025,PROD00259,2,32817.74,12.71
ITEM0000078,ORD000026,PROD00155,4,6690.65,26.94
ITEM0000079,ORD000026,PROD00280,3,93322.92,17.4
ITEM0000080,ORD000026,PROD00248,3,13070.96,25.48
ITEM0000081,ORD000026,PROD00029,4,12387.11,22.14
ITEM0000082,ORD000026,PROD00089,3,14553.94,26.28
ITEM0000083,ORD000026,PROD00285,1,87613.3,5.81
ITEM0000084,ORD000027,PROD00031,5,14324.32,25.48
ITEM0000085,ORD000027,PROD00221,3,6476.61,19.23
ITEM0000086,ORD000027,PROD00293,3,6508.01,14.09
ITEM0000087,ORD000027,PROD00272,2,43464.46,137.31
ITEM0000088,ORD000027,PROD00242,1,49321.02,29.5
ITEM0000089,ORD000028,PROD00126,4,14276.93,22.1
ITEM0000090,ORD000029,PROD00223,5,31608.39,28.02
ITEM0000091,ORD000029,PROD00018,5,57851.82,8.21
ITEM0000092,ORD000029,PROD00080,4,8705.25,15.41
ITEM0000093,ORD000029,PROD00091,5,922.64,16.62
ITEM0000094,ORD000030,PROD00175,4,5323.61,16.48
ITEM0000095,ORD000030,PROD00142,1,3142.8,17.58
ITEM0000096,INVALID_ORD_63461,PROD_DUP_764,3,10284.38,0.12
ITEM0000097,ORD000031,PROD00100,3,9419.26,5.22
ITEM0000098,ORD000032,PROD00204,5,56411.49,7.58
ITEM0000099,ORD000032,PROD00200,3,23481.36,12.99
ITEM0000100,ORD000033,PROD00006,5,3286.66,34.97
ITEM0000101,ORD000033,PROD00133,1,16317.65,3.03
ITEM0000102,ORD000034,PROD00077,3,949.09,12.88
ITEM0000103,ORD000034,PROD00286,2,11352.93,20.77
ITEM0000104,ORD000035,PROD00184,2,99913.97,14.29
ITEM0000105,ORD000035,PROD00100,2,9419.26,34.75
ITEM0000106,ORD000035,PROD00273,3,5839.38,33.13
ITEM0000107,ORD000035,PROD00239,2,18153.0,28.48
ITEM0000108,ORD000035,PROD00091,2,922.64,3.57
ITEM0000109,ORD000035,PROD00118,4,85972.81,25.0
ITEM0000110,ORD000036,PROD00300,3,1163.82,32.75
ITEM0000111,ORD000036,PROD00229,1,17916.53,31.04
ITEM0000112,ORD000036,PROD00064,5,6397.09,18.67
ITEM0000113,ORD000036,PROD00043,2,5667.41,19.16
ITEM0000114,ORD000036,PROD00138,4,14451.36,18.33
ITEM0000115,ORD000037,PROD00191,1,18482.44,23.06
ITEM0000116,ORD000037,PROD00198,3,88452.16,10.75
ITEM0000117,ORD000037,PROD00074,1,2883.54,18.88
ITEM0000118,ORD000037,PROD00081,4,14240.57,24.97
ITEM0000119,ORD000037,PROD00231,2,2536.84,21.09
ITEM0000120,ORD000037,PROD00186,5,10600.32,4.65
ITEM0000121,ORD000038,PROD00293,1,6508.01,31.86
ITEM0000122,ORD000038,PROD00266,2,150138.51,13.03
ITEM0000123,ORD000039,PROD00262,3,2761.19,14.72
ITEM0000124,ORD000040,PROD00042,0,851.12,15.26
ITEM0000125,ORD000040,PROD00269,4,2342.42,14.11
ITEM0000126,ORD000040,PROD00153,4,33477.66,10.42
ITEM0000127,ORD000041,PROD00273,4,5839.38,12.54
ITEM0000128,ORD000041,PROD00001,2,107560.75,5.13
ITEM0000129,ORD000041,PROD00087,2,9237.82,26.58
ITEM0000130,ORD000041,PROD00227,3,2030.73,14.51
ITEM0000131,ORD000041,PROD00132,5,1220.54,0.25
ITEM0000132,ORD000041,PROD00179,3,11703.98,12.68
ITEM0000133,ORD000042,PROD00189,2,9958.04,17.17
ITEM0000134,ORD000042,PROD00077,-1,949.09,5.13
ITEM0000135,ORD000042,PROD00240,2,56530.69,23.9
ITEM0000136,ORD000042,PROD00180,4,45620.93,25.19
ITEM0000137,ORD000042,PROD00088,2,9502.99,9.38
ITEM0000138,ORD000042,PROD00034,0,2479.77,3.36
ITEM0000139,ORD000043,PROD00006,3,3286.66,25.2
ITEM0000140,ORD000043,PROD00227,2,2030.73,14.47
ITEM0000141,ORD000043,PROD00230,5,14806.16,6.92
ITEM0000142,ORD000043,PROD00183,5,9351.26,3.2
ITEM0000143,ORD000043,PROD00030,5,46619.52,17.35
ITEM0000144,ORD000044,PROD00188,5,26614.54,26.29
ITEM0000145,ORD000044,PROD00140,4,10466.68,10.51
ITEM0000146,ORD000044,PROD00110,2,8026.63,30.88
ITEM0000147,ORD000045,PROD00167,2,15629.7,23.07
ITEM0000148,ORD000045,PROD00177,1,2661.74,27.96
ITEM0000149,ORD000045,PROD00231,4,2536.84,26.38
ITEM0000150,ORD000045,PROD00228,3,12035.67,1.52
ITEM0000151,ORD000045,PROD00261,3,35880.89,13.83
ITEM0000152,ORD000045,PROD00030,2,46619.52,19.97
ITEM0000153,ORD000046,PROD00200,3,23481.36,22.39
ITEM0000154,ORD000046,PROD00114,3,129739.16,8.79
ITEM0000155,ORD000046,PROD00169,2,8770.94,3.57
ITEM0000156,ORD000046,PROD00017,2,42741.8,18.24
ITEM0000157,ORD000046,PROD00170,3,12487.59,14.95
ITEM0000158,INVALID_ORD_80454,PROD_DUP_764,1,10284.38,15.45
ITEM0000159,ORD000047,PROD00299,1,5860.91,14.91
ITEM0000160,ORD000047,PROD00060,3,14823.48,25.45
ITEM0000161,ORD000047,PROD00208,3,11211.45,14.31
ITEM0000162,ORD000047,PROD00036,5,9080.54,27.57
ITEM0000163,ORD000047,PROD00161,5,89959.13,13.05
ITEM0000164,ORD000047,PROD00213,-4,67924.54,28.52
ITEM0000165,ORD000048,PROD00001,1,107560.75,29.91
ITEM0000166,ORD000048,PROD00266,1,150138.51,1.09
ITEM0000167,ORD000048,PROD00151,3,75177.2,18.97
ITEM0000168,ORD000049,PROD00029,4,12387.11,3.17
ITEM0000169,ORD000049,PROD00291,5,68752.62,21.89
ITEM0000170,ORD000049,PROD00019,3,39804.94,23.51
ITEM0000171,ORD000049,PROD00114,5,129739.16,17.56
ITEM0000172,ORD000049,PROD00253,1,30181.5,22.47
ITEM0000173,ORD000050,PROD00105,2,16922.48,29.74
ITEM0000174,ORD000050,PROD00188,1,26614.54,3.55
ITEM0000175,ORD000051,PROD_DUP_765,2,60305.75,26.68
ITEM0000176,ORD000051,PROD00181,2,34804.16,30.5
ITEM0000177,ORD000052,PROD00022,1,9177.73,16.73
ITEM0000178,ORD000052,PROD00242,4,49321.02,13.49
ITEM0000179,ORD000052,PROD00131,-5,2403.64,13.98
ITEM0000180,ORD000053,PROD00213,2,67924.54,32.09
ITEM0000181,ORD000053,PROD00190,1,4989.53,3.27
ITEM0000182,ORD000054,PROD00221,1,6476.61,2.87
ITEM0000183,ORD000054,PROD00068,2,15259.49,21.3
ITEM0000184,ORD000054,PROD00031,2,14324.32,26.09
ITEM0000185,ORD000054,PROD00298,2,1958.18,7.74
ITEM0000186,ORD000054,PROD00175,5,5323.61,17.67
ITEM0000187,ORD000055,PROD00011,5,53479.92,19.98
ITEM0000188,ORD000056,PROD00025,3,2571.12,3.12
ITEM0000189,ORD000056,PROD00026,0,19557.07,4.29
ITEM0000190,ORD000056,PROD00053,5,1294.67,26.15
ITEM0000191,ORD000056,PROD00022,5,9177.73,17.48
ITEM0000192,ORD000056,PROD00020,5,70058.39,19.74
ITEM0000193,ORD000057,PROD00181,0,34804.16,23.8
ITEM0000194,ORD000057,PROD00171,5,1587.59,24.23
ITEM0000195,ORD000057,PROD00175,4,5323.61,23.95
ITEM0000196,ORD000057,PROD00179,5,11703.98,4.96
ITEM0000197,ORD000057,PROD00041,3,13175.99,0.56
ITEM0000198,ORD000058,PROD00227,4,2030.73,23.61
ITEM0000199,ORD000058,PROD00148,4,46265.49,3.0
ITEM0000200,ORD000058,PROD00177,2,2661.74,29.98
ITEM0000201,ORD000058,PROD00072,5,6009.58,16.43
ITEM0000202,ORD000059,PROD00193,5,33770.04,4.72
ITEM0000203,ORD000059,PROD00199,2,37442.17,13.58
ITEM0000204,ORD000059,INVALID_PROD_13713,4,23481.36,117.59
ITEM0000205,ORD000059,PROD00268,2,247.24,30.66
ITEM0000206,INVALID_ORD_82569,PROD00212,4,18473.59,12.94
ITEM0000207,ORD000059,PROD00255,4,8717.28,5.53
ITEM0000208,ORD000060,PROD00068,2,15259.49,11.28
ITEM0000209,ORD000060,PROD00104,3,10809.0,13.66
ITEM0000210,ORD000060,PROD00267,3,5023.39,21.68
ITEM0000211,ORD000060,PROD00033,4,25099.93,29.72
ITEM0000212,ORD000061,PROD00005,3,938.76,11.57
ITEM0000213,ORD000061,PROD00097,1,8629.08,14.48
ITEM0000214,ORD000062,PROD00118,3,85972.81,4.44
ITEM0000215,ORD000062,PROD00064,1,6397.09,32.25
ITEM0000216,ORD000062,PROD00133,2,16317.65,9.7
ITEM0000217,ORD000062,PROD00039,3,4450.41,18.84
ITEM0000218,ORD000062,PROD00263,2,4176.74,30.03
ITEM0000219,ORD000063,PROD00239,4,18153.0,24.12
ITEM0000220,ORD000063,PROD00077,1,949.09,18.58
ITEM0000221,ORD000063,PROD00112,4,958.5,23.85
ITEM0000222,ORD000063,PROD00042,0,851.12,1.49
ITEM0000223,ORD000063,PROD00197,2,2320.69,14.29
ITEM0000224,ORD000063,PROD00266,5,150138.51,7.6
ITEM0000225,ORD000064,PROD00243,4,19132.03,30.48
ITEM0000226,ORD000064,PROD00214,2,9055.44,18.29
ITEM0000227,ORD000064,PROD00101,4,90820.31,10.88
ITEM0000228,ORD000064,PROD00066,3,5087.99,31.47
ITEM0000229,ORD000064,PROD00286,2,11352.93,34.47
ITEM0000230,ORD000065,PROD00118,5,85972.81,33.68
ITEM0000231,ORD000065,PROD00135,4,973.62,32.03
ITEM0000232,ORD000065,PROD00273,2,5839.38,10.47
ITEM0000233,ORD000066,PROD00229,1,17916.53,21.9
ITEM0000234,ORD000066,PROD00037,2,16473.88,12.6
ITEM0000235,ORD000066,PROD00191,2,18482.44,22.92
ITEM0000236,ORD000066,PROD00152,1,4664.81,7.7
ITEM0000237,ORD000066,PROD00063,1,4748.54,32.27
ITEM0000238,ORD000067,PROD00196,3,19028.45,9.49
ITEM0000239,ORD000067,PROD00036,5,9080.54,3.38
ITEM0000240,ORD000067,PROD00186,2,10600.32,9.68
ITEM0000241,ORD000067,PROD00231,2,2536.84,16.36
ITEM0000242,ORD000067,PROD00024,2,18935.15,10.31
ITEM0000243,ORD000068,PROD00187,5,8729.44,25.09
ITEM0000244,ORD000068,PROD00272,5,43464.46,16.67
ITEM0000245,ORD000068,PROD00067,1,16473.79,17.47
ITEM0000246,ORD000068,PROD00234,4,491.09,4.46
ITEM0000247,ORD000069,PROD00024,2,18935.15,6.52
ITEM0000248,ORD000069,PROD00165,3,5849.47,15.36
ITEM0000249,ORD000069,PROD00106,1,1535.04,30.74
ITEM0000250,ORD000069,PROD00269,2,2342.42,10.84
ITEM0000251,ORD000069,PROD00255,-3,8717.28,0.63
ITEM0000252,ORD000070,PROD00181,-4,34804.16,23.53
ITEM0000253,ORD000070,PROD00072,2,6009.58,5.41
ITEM0000254,ORD000070,PROD00093,5,799.0,32.48
ITEM0000255,ORD000070,PROD00258,4,11131.97,16.83
ITEM0000256,ORD000071,PROD00069,4,1031.99,20.95
ITEM0000257,ORD000071,PROD00006,3,3286.66,20.52
ITEM0000258,ORD000071,PROD00292,2,148693.56,14.08
ITEM0000259,ORD000071,PROD00204,1,56411.49,34.6
ITEM0000260,ORD000072,PROD00130,3,11592.7,28.4
ITEM0000261,ORD000072,PROD00288,1,12413.32,10.83
ITEM0000262,ORD000073,PROD00180,1,45620.93,4.14
ITEM0000263,ORD000073,PROD00121,4,79730.15,132.36
ITEM0000264,ORD000073,PROD00116,4,72895.77,3.32
ITEM0000265,ORD000073,PROD00174,5,6796.1,34.47
ITEM0000266,ORD000074,PROD00191,5,18482.44,21.79
ITEM0000267,ORD000074,PROD00102,1,20526.64,6.77
ITEM0000268,ORD000074,PROD00173,5,77771.82,16.14
ITEM0000269,ORD000074,PROD00244,4,358.32,27.59
ITEM0000270,ORD000074,PROD00107,3,128039.99,20.85
ITEM0000271,ORD000074,PROD00113,-5,14490.24,19.17
ITEM0000272,ORD000075,PROD00092,4,3453.47,6.72
ITEM0000273,ORD000075,PROD00007,4,4079.3,30.31
ITEM0000274,ORD000075,PROD00039,1,4450.41,10.78
ITEM0000275,ORD000076,PROD00145,2,7654.14,8.79
ITEM0000276,ORD000076,PROD00039,3,4450.41,3.05
ITEM0000277,ORD000076,PROD00269,4,2342.42,27.21
ITEM0000278,ORD000077,PROD00236,-5,38161.26,29.37
ITEM0000279,ORD000077,PROD00293,1,6508.01,7.85
ITEM0000280,ORD000077,PROD00014,4,10284.38,13.33
ITEM0000281,ORD000078,PROD00232,2,20147.3,13.8
ITEM0000282,ORD000078,PROD00093,2,799.0,7.83
ITEM0000283,ORD000078,PROD00187,5,8729.44,15.36
ITEM0000284,ORD000078,PROD00137,3,35792.4,23.26
ITEM0000285,ORD000079,PROD00186,4,10600.32,30.68
ITEM0000286,ORD000079,PROD00061,1,168745.97,21.65
ITEM0000287,ORD000079,PROD00239,4,18153.0,25.56
ITEM0000288,ORD000080,PROD_DUP_764,4,10284.38,19.31
ITEM0000289,ORD000081,PROD00282,4,1528.85,26.47
ITEM0000290,ORD000081,PROD00243,2,19132.03,34.52
ITEM0000291,ORD000081,PROD_DUP_765,3,60305.75,32.05
ITEM0000292,ORD000081,PROD00211,3,235.37,5.89
ITEM0000293,ORD000081,PROD00251,4,37604.62,30.98
ITEM0000294,ORD000081,PROD00180,5,45620.93,9.23
ITEM0000295,ORD000082,PROD00199,4,37442.17,22.16
ITEM0000296,ORD000082,PROD00041,3,13175.99,25.84
ITEM0000297,ORD000082,PROD00227,3,2030.73,25.09
ITEM0000298,ORD000082,PROD00013,3,1794.74,139.0
ITEM0000299,ORD000083,PROD00269,5,2342.42,22.46
ITEM0000300,ORD000083,PROD00014,2,10284.38,9.79
ITEM0000301,ORD000083,PROD00017,4,42741.8,18.62
ITEM0000302,ORD000083,PROD00274,3,3119.83,6.53
ITEM0000303,ORD000083,PROD00127,4,6869.22,25.91
ITEM0000304,ORD000083,PROD00142,1,3142.8,1.94
ITEM0000305,ORD000084,PROD00045,-3,65694.03,30.8
ITEM0000306,ORD000084,PROD00132,1,1220.54,25.83
ITEM0000307,ORD000084,PROD00185,5,88426.11,22.11
ITEM0000308,INVALID_ORD_48890,PROD00150,4,35744.49,9.33
ITEM0000309,ORD000085,PROD00202,4,2205.47,29.78
ITEM0000310,ORD000086,PROD00101,5,90820.31,11.75
ITEM0000311,ORD000086,PROD00028,5,59359.69,1.87
ITEM0000312,ORD000086,PROD00092,4,3453.47,18.67
ITEM0000313,ORD000086,PROD00168,1,786.46,9.18
ITEM0000314,ORD000087,INVALID_PROD_54588,4,41413.51,8.26
ITEM0000315,ORD000087,PROD00219,1,916.28,11.25
ITEM0000316,INVALID_ORD_98112,PROD00191,3,18482.44,20.65
ITEM0000317,ORD000087,PROD00012,3,16414.48,24.02
ITEM0000318,ORD000088,PROD00240,1,56530.69,16.46
ITEM0000319,ORD000088,PROD00241,1,15219.97,32.0
ITEM0000320,ORD000089,PROD00082,5,4931.74,13.97
ITEM0000321,ORD000090,PROD00292,1,148693.56,8.87
ITEM0000322,ORD000090,PROD_DUP_248,5,13444.93,3.59
ITEM0000323,ORD000091,PROD00128,4,2957.45,0.31
ITEM0000324,ORD000091,PROD00259,1,32817.74,1.57
ITEM0000325,ORD000092,PROD00187,1,8729.44,9.36
ITEM0000326,ORD000092,PROD00233,5,5457.87,22.59
ITEM0000327,ORD000092,PROD00138,5,14451.36,7.98
ITEM0000328,ORD000092,PROD00180,4,45620.93,11.5
ITEM0000329,ORD000093,PROD00004,3,945.43,16.77
ITEM0000330,ORD000093,PROD00006,2,3286.66,30.42
ITEM0000331,ORD000093,PROD00200,3,23481.36,14.98
ITEM0000332,ORD000093,PROD00167,5,15629.7,9.14
ITEM0000333,ORD000093,PROD00022,5,9177.73,11.04
ITEM0000334,ORD000093,PROD00111,1,8072.67,21.9
ITEM0000335,ORD000094,PROD00224,1,54820.98,5.41
ITEM0000336,ORD000094,PROD00028,1,59359.69,29.17
ITEM0000337,ORD000094,PROD00067,5,16473.79,14.08
ITEM0000338,ORD000095,PROD00085,2,3944.47,12.34
ITEM0000339,ORD000096,PROD00016,4,155813.5,28.11
ITEM0000340,ORD000096,PROD00031,2,14324.32,5.72
ITEM0000341,ORD000097,INVALID_PROD_54798,2,9351.26,11.42
ITEM0000342,ORD000097,PROD00066,2,5087.99,4.9
ITEM0000343,ORD000097,PROD00197,5,2320.69,10.53
ITEM0000344,ORD000097,PROD00017,5,42741.8,31.83
ITEM0000345,ORD000097,PROD00272,3,43464.46,18.07
ITEM0000346,ORD000097,PROD00249,5,90613.5,28.4
ITEM0000347,ORD000098,PROD00139,3,12429.19,18.42
ITEM0000348,ORD000098,PROD00044,5,36733.67,23.75
ITEM0000349,ORD000099,PROD00224,3,54820.98,30.38
ITEM0000350,ORD000099,PROD00176,2,10514.42,16.35
ITEM0000351,ORD000100,PROD00270,1,16051.61,1.44
ITEM0000352,ORD000100,PROD00263,1,4176.74,29.83
ITEM0000353,ORD000100,PROD00156,3,263.76,3.62
ITEM0000354,ORD000100,PROD00008,3,2233.33,25.88
ITEM0000355,ORD000100,PROD00167,1,15629.7,8.94
ITEM0000356,ORD000101,PROD00022,2,9177.73,32.65
ITEM0000357,ORD000101,PROD00185,3,88426.11,28.0
ITEM0000358,ORD000101,PROD00189,3,9958.04,2.17
ITEM0000359,ORD000102,PROD00079,4,11534.5,15.65
ITEM0000360,ORD000102,PROD00255,4,8717.28,6.3
ITEM0000361,ORD000103,PROD00061,2,168745.97,29.8
ITEM0000362,ORD000103,PROD00128,4,2957.45,0.6
ITEM0000363,ORD000103,PROD00146,3,10852.71,9.95
ITEM0000364,ORD000103,PROD00292,4,148693.56,25.19
ITEM0000365,ORD000103,INVALID_PROD_14549,4,54820.98,11.93
ITEM0000366,ORD000103,PROD00251,1,37604.62,7.73
ITEM0000367,ORD000104,PROD00231,4,2536.84,27.69
ITEM0000368,ORD000104,PROD00064,2,6397.09,17.18
ITEM0000369,ORD000105,PROD00185,2,88426.11,28.6
ITEM0000370,ORD000105,PROD00104,3,10809.0,22.29
ITEM0000371,ORD000105,PROD00174,3,6796.1,8.42
ITEM0000372,ORD000105,PROD00183,5,9351.26,12.72
ITEM0000373,ORD000106,PROD00063,4,4748.54,23.22
ITEM0000374,ORD000106,PROD00248,4,13070.96,28.71
ITEM0000375,ORD000107,PROD00155,5,6690.65,26.57
ITEM0000376,ORD000108,PROD00041,4,13175.99,23.82
ITEM0000377,ORD000108,PROD00082,1,4931.74,20.41
ITEM0000378,ORD000109,PROD00197,1,2320.69,33.79
ITEM0000379,ORD000109,PROD00216,1,4233.5,30.92
ITEM0000380,ORD000109,PROD00280,3,93322.92,3.08
ITEM0000381,ORD000109,PROD00283,2,34928.13,12.93
ITEM0000382,ORD000109,PROD00023,2,13941.86,21.39
ITEM0000383,ORD000110,PROD00122,2,1085.5,17.49
ITEM0000384,ORD000110,PROD00002,2,13344.44,18.16
ITEM0000385,ORD000110,PROD00033,5,25099.93,10.4
ITEM0000386,ORD000110,PROD00231,5,2536.84,27.05
ITEM0000387,ORD000110,PROD00128,3,2957.45,25.87
ITEM0000388,ORD000110,PROD00154,5,15820.26,6.52
ITEM0000389,ORD000111,PROD00150,4,35744.49,14.46
ITEM0000390,ORD000111,PROD00016,3,155813.5,26.83
ITEM0000391,ORD000111,PROD00254,5,83824.83,15.48
ITEM0000392,ORD000111,PROD00168,5,786.46,16.6
ITEM0000393,ORD000112,PROD00140,5,10466.68,18.43
ITEM0000394,ORD000112,PROD00157,3,7028.69,34.4
ITEM0000395,ORD000112,PROD00172,2,660.53,28.28
ITEM0000396,ORD000113,PROD00074,0,2883.54,5.34
ITEM0000397,ORD000113,PROD00299,1,5860.91,28.18
ITEM0000398,ORD000113,INVALID_PROD_16819,4,13444.93,28.27
ITEM0000399,ORD000113,PROD00063,5,4748.54,27.35
ITEM0000400,ORD000113,PROD00070,3,70038.79,6.5
ITEM0000401,ORD000113,PROD00240,2,56530.69,27.07
ITEM0000402,ORD000114,PROD00033,2,25099.93,10.53
ITEM0000403,ORD000114,PROD00267,3,5023.39,32.49
ITEM0000404,ORD000114,PROD00168,5,786.46,31.13
ITEM0000405,ORD000114,PROD00231,4,2536.84,27.68
ITEM0000406,ORD000115,PROD00258,0,11131.97,31.03
ITEM0000407,ORD000115,PROD00068,4,15259.49,14.85
ITEM0000408,ORD000115,PROD00136,2,15602.8,5.8
ITEM0000409,ORD000115,PROD00211,1,235.37,6.75
ITEM0000410,ORD000116,PROD00091,1,922.64,34.32
ITEM0000411,ORD000116,PROD00227,3,2030.73,12.9
ITEM0000412,ORD000116,PROD00167,1,15629.7,33.99
ITEM0000413,ORD000117,PROD00012,3,16414.48,8.24
ITEM0000414,ORD000117,PROD00281,3,2777.16,9.21
ITEM0000415,ORD000117,PROD00096,2,15644.62,32.52
ITEM0000416,ORD000117,PROD00211,2,235.37,20.69
ITEM0000417,ORD000117,PROD00143,2,9888.94,0.05
ITEM0000418,ORD000117,PROD00259,5,32817.74,17.19
ITEM0000419,ORD000118,PROD00065,5,10942.37,16.07
ITEM0000420,ORD000118,PROD00152,5,4664.81,21.63
ITEM0000421,ORD000119,PROD00243,1,19132.03,21.72
ITEM0000422,ORD000119,PROD00058,3,8762.42,17.63
ITEM0000423,ORD000120,PROD00004,4,945.43,25.18
ITEM0000424,ORD000120,PROD00021,4,1935.05,5.36
ITEM0000425,ORD000120,PROD00072,1,6009.58,10.06
ITEM0000426,ORD000121,PROD00236,1,38161.26,33.82
ITEM0000427,ORD000121,PROD00146,2,10852.71,9.87
ITEM0000428,ORD000122,PROD00212,4,18473.59,1.51
ITEM0000429,ORD000122,PROD00206,1,17398.64,11.89
ITEM0000430,ORD000123,PROD00129,4,55423.01,14.73
ITEM0000431,ORD000123,PROD00028,2,59359.69,26.16
ITEM0000432,ORD000124,PROD00161,-1,89959.13,31.12
ITEM0000433,ORD000124,PROD00224,5,54820.98,0.1
ITEM0000434,ORD000124,PROD00039,1,4450.41,18.29
ITEM0000435,ORD000124,PROD00233,5,5457.87,8.43
ITEM0000436,ORD000124,PROD00097,5,8629.08,144.6
ITEM0000437,ORD000124,PROD00140,5,10466.68,11.19
ITEM0000438,ORD000125,PROD00170,4,12487.59,20.36
ITEM0000439,ORD000125,PROD00056,5,64832.21,6.18
ITEM0000440,ORD000125,PROD00212,5,18473.59,23.94
ITEM0000441,ORD000125,PROD00294,1,12314.4,2.41
ITEM0000442,ORD000126,PROD00166,3,13792.77,11.06
ITEM0000443,ORD000127,PROD00098,3,101886.16,8.67
ITEM0000444,ORD000127,PROD00104,-2,10809.0,16.87
ITEM0000445,ORD000128,PROD00155,2,6690.65,0.1
ITEM0000446,ORD000128,PROD00145,1,7654.14,8.17
ITEM0000447,ORD000128,PROD00017,2,42741.8,29.0
ITEM0000448,ORD000128,PROD00226,1,33228.57,24.63
ITEM0000449,ORD000128,PROD00087,5,9237.82,7.84
ITEM0000450,ORD000128,PROD00290,4,41413.51,29.64
ITEM0000451,ORD000129,PROD00056,4,64832.21,1.29
ITEM0000452,ORD000129,PROD00253,2,30181.5,8.36
ITEM0000453,ORD000129,PROD00036,1,9080.54,31.24
ITEM0000454,ORD000129,PROD00194,5,1718.09,25.11
ITEM0000455,ORD000129,PROD_DUP_248,2,13444.93,22.53
ITEM0000456,ORD000130,PROD00132,3,1220.54,25.11
ITEM0000457,ORD000130,PROD00182,2,60233.51,7.09
ITEM0000458,ORD000130,PROD00240,1,56530.69,34.67
ITEM0000459,ORD000130,PROD00004,5,945.43,0.43
ITEM0000460,ORD000130,PROD00165,4,5849.47,6.38
ITEM0000461,ORD000131,PROD00082,-4,4931.74,4.5
ITEM0000462,ORD000131,PROD00197,1,2320.69,114.7
ITEM0000463,ORD000131,PROD00113,4,14490.24,2.38
ITEM0000464,ORD000131,PROD00293,1,6508.01,16.36
ITEM0000465,ORD000131,PROD00101,2,90820.31,5.88
ITEM0000466,ORD000131,PROD00269,4,2342.42,17.35
ITEM0000467,ORD000132,PROD_DUP_248,4,13444.93,4.53
ITEM0000468,ORD000132,PROD00054,5,59992.33,27.05
ITEM0000469,ORD000132,PROD00206,3,17398.64,15.74
ITEM0000470,ORD000133,PROD00186,4,10600.32,3.92
ITEM0000471,ORD000133,PROD00086,2,13674.52,31.56
ITEM0000472,ORD000133,PROD00105,3,16922.48,25.53
ITEM0000473,ORD000133,PROD00236,3,38161.26,21.34
ITEM0000474,ORD000133,PROD00025,4,2571.12,26.15
ITEM0000475,ORD000134,PROD00269,4,2342.42,18.95
ITEM0000476,ORD000134,PROD00058,4,8762.42,15.72
ITEM0000477,ORD000134,PROD00256,4,19894.86,34.47
ITEM0000478,ORD000134,PROD00171,5,1587.59,13.05
ITEM0000479,ORD000134,PROD_DUP_765,4,60305.75,5.06
ITEM0000480,ORD000134,PROD00042,5,851.12,31.22
ITEM0000481,ORD000135,PROD00064,2,6397.09,20.21
ITEM0000482,ORD000135,PROD00300,5,1163.82,23.74
ITEM0000483,ORD000135,PROD00040,2,6724.73,7.59
ITEM0000484,ORD000135,PROD00202,5,2205.47,25.33
ITEM0000485,ORD000135,PROD00119,2,1779.27,14.82
ITEM0000486,ORD000136,PROD00142,5,3142.8,17.65
ITEM0000487,ORD000136,PROD00286,2,11352.93,20.62
ITEM0000488,ORD000137,PROD00063,4,4748.54,28.02
ITEM0000489,ORD000137,PROD00114,1,129739.16,15.1
ITEM0000490,ORD000137,PROD00005,2,938.76,25.24
ITEM0000491,ORD000138,PROD00029,3,12387.11,23.11
ITEM0000492,ORD000138,PROD00289,1,1903.39,32.01
ITEM0000493,ORD000138,PROD00109,3,9016.47,8.67
ITEM0000494,ORD000139,PROD00036,3,9080.54,20.57
ITEM0000495,ORD000140,PROD00081,1,14240.57,25.66
ITEM0000496,ORD000140,PROD_DUP_765,3,60305.75,14.62
ITEM0000497,ORD000140,PROD00132,2,1220.54,18.75
ITEM0000498,ORD000140,PROD00236,1,38161.26,11.36
ITEM0000499,ORD000141,PROD00117,5,28499.09,28.07
ITEM0000500,ORD000141,PROD00035,1,7731.0,27.28
ITEM0000501,ORD000141,PROD00134,5,281.46,20.46
ITEM0000502,ORD000142,PROD00055,5,1893.42,30.71
ITEM0000503,ORD000143,PROD00059,2,1558.61,30.19
ITEM0000504,ORD000143,PROD00190,4,4989.53,18.5
ITEM0000505,ORD000143,PROD00040,1,6724.73,1.32
ITEM0000506,ORD000143,PROD00235,3,9096.22,30.47
ITEM0000507,ORD000143,PROD00147,2,10375.1,32.93
ITEM0000508,ORD000144,PROD00214,-2,9055.44,6.23
ITEM0000509,ORD000144,PROD00119,3,1779.27,21.8
ITEM0000510,ORD000144,PROD00074,0,2883.54,29.28
ITEM0000511,ORD000145,PROD00127,3,6869.22,31.96
ITEM0000512,ORD000145,PROD00175,3,5323.61,23.17
ITEM0000513,ORD000145,PROD00128,5,2957.45,1.8
ITEM0000514,ORD000145,PROD00184,1,99913.97,2.61
ITEM0000515,ORD000146,PROD00044,-2,36733.67,5.97
ITEM0000516,ORD000146,INVALID_PROD_35184,4,1893.42,18.01
ITEM0000517,ORD000146,PROD00173,4,77771.82,18.51
ITEM0000518,ORD000146,PROD00172,3,660.53,6.9
ITEM0000519,ORD000146,PROD00007,2,4079.3,20.9
ITEM0000520,ORD000146,PROD00169,4,8770.94,19.32
ITEM0000521,ORD000147,PROD00051,3,14882.87,19.8
ITEM0000522,ORD000147,PROD00091,3,922.64,28.51
ITEM0000523,ORD000147,PROD00053,3,1294.67,21.27
ITEM0000524,ORD000147,PROD00149,1,737.02,7.57
ITEM0000525,ORD000147,PROD00186,4,10600.32,20.32
ITEM0000526,ORD000148,PROD00212,3,18473.59,29.01
ITEM0000527,ORD000148,PROD00016,1,155813.5,5.33
ITEM0000528,ORD000149,PROD00155,3,6690.65,17.97
ITEM0000529,ORD000149,PROD00207,3,90137.22,24.19
ITEM0000530,ORD000149,PROD00096,5,15644.62,16.0
ITEM0000531,ORD000149,PROD00053,4,1294.67,22.37
ITEM0000532,ORD000149,PROD00161,2,89959.13,19.59
ITEM0000533,ORD000150,PROD00051,2,14882.87,4.81
ITEM0000534,ORD000151,PROD00274,2,3119.83,6.41
ITEM0000535,ORD000151,PROD00007,2,4079.3,25.72
ITEM0000536,ORD000151,PROD00090,4,12776.72,8.49
ITEM0000537,ORD000151,PROD00006,2,3286.66,33.86
ITEM0000538,ORD000152,PROD00124,5,31585.25,28.47
ITEM0000539,ORD000152,PROD00016,3,155813.5,25.61
ITEM0000540,ORD000153,PROD_DUP_765,5,60305.75,31.49
ITEM0000541,ORD000153,PROD00241,3,15219.97,30.68
ITEM0000542,ORD000153,PROD00250,2,2595.77,11.83
ITEM0000543,ORD000153,PROD00027,1,6786.44,1.25
ITEM0000544,ORD000153,PROD00038,1,3024.72,26.4
ITEM0000545,ORD000153,PROD00253,2,30181.5,34.11
ITEM0000546,ORD000154,PROD00222,3,529.14,26.07
ITEM0000547,ORD000154,PROD00273,5,5839.38,16.99
ITEM0000548,ORD000155,PROD00120,5,1922.05,7.68
ITEM0000549,ORD000155,PROD00283,2,34928.13,6.68
ITEM0000550,ORD000155,PROD00099,2,10679.39,22.78
ITEM0000551,ORD000155,PROD00245,1,77190.55,8.13
ITEM0000552,ORD000155,PROD00234,2,491.09,12.85
ITEM0000553,ORD000155,PROD00042,4,851.12,23.61
ITEM0000554,ORD000156,PROD00128,3,2957.45,12.12
ITEM0000555,ORD000156,PROD00002,0,13344.44,19.55
ITEM0000556,ORD000156,PROD00153,5,33477.66,21.42
ITEM0000557,ORD000157,PROD00178,4,11840.22,33.54
ITEM0000558,ORD000157,PROD00037,0,16473.88,11.39
ITEM0000559,ORD000158,PROD00132,5,1220.54,26.19
ITEM0000560,ORD000159,PROD00299,3,5860.91,29.61
ITEM0000561,ORD000159,PROD00018,3,57851.82,3.37
ITEM0000562,ORD000159,PROD00182,1,60233.51,32.09
ITEM0000563,ORD000160,PROD00255,3,8717.28,34.21
ITEM0000564,ORD000160,PROD00220,2,53302.28,21.19
ITEM0000565,ORD000160,PROD00172,1,660.53,17.38
ITEM0000566,ORD000160,PROD00073,2,36426.6,30.32
ITEM0000567,ORD000161,PROD00239,1,18153.0,33.45
ITEM0000568,ORD000161,PROD00111,5,8072.67,15.45
ITEM0000569,ORD000161,PROD00270,5,16051.61,8.05
ITEM0000570,ORD000161,PROD00158,4,255.24,11.21
ITEM0000571,ORD000161,PROD00062,1,1755.31,11.1
ITEM0000572,ORD000162,PROD00255,2,8717.28,29.44
ITEM0000573,ORD000162,PROD00054,1,59992.33,5.67
ITEM0000574,ORD000163,PROD00172,5,660.53,0.92
ITEM0000575,ORD000163,PROD00273,0,5839.38,24.67
ITEM0000576,ORD000163,PROD00191,1,18482.44,4.51
ITEM0000577,ORD000163,PROD00156,1,263.76,3.05
ITEM0000578,ORD000164,PROD00135,4,973.62,16.47
ITEM0000579,ORD000164,PROD00099,2,10679.39,21.23
ITEM0000580,ORD000164,PROD00006,2,3286.66,9.8
ITEM0000581,ORD000164,PROD00254,3,83824.83,10.69
ITEM0000582,ORD000164,PROD00211,3,235.37,0.73
ITEM0000583,ORD000165,PROD00034,1,2479.77,4.27
ITEM0000584,ORD000166,PROD00234,5,491.09,16.53
ITEM0000585,ORD000166,PROD00076,2,117743.14,12.51
ITEM0000586,ORD000166,PROD00238,2,10985.44,27.82
ITEM0000587,ORD000167,PROD00287,5,1349.9,31.72
ITEM0000588,ORD000167,PROD00252,4,8369.69,12.99
ITEM0000589,ORD000167,PROD00257,4,31755.6,27.64
ITEM0000590,ORD000167,PROD00044,5,36733.67,15.98
ITEM0000591,ORD000167,PROD00083,1,56427.07,1.36
ITEM0000592,ORD000168,PROD00130,3,11592.7,32.53
ITEM0000593,ORD000168,PROD00044,4,36733.67,3.97
ITEM0000594,ORD000168,PROD00016,4,155813.5,14.1
ITEM0000595,ORD000168,PROD00021,2,1935.05,12.17
ITEM0000596,ORD000168,PROD00164,5,136789.18,19.91
ITEM0000597,ORD000169,PROD00167,2,15629.7,1.15
ITEM0000598,ORD000169,PROD00157,5,7028.69,6.39
ITEM0000599,ORD000169,PROD00289,3,1903.39,7.98
ITEM0000600,ORD000169,PROD00216,-4,4233.5,34.2
ITEM0000601,ORD000169,PROD00039,3,4450.41,9.77
ITEM0000602,ORD000170,PROD00184,3,99913.97,23.58
ITEM0000603,ORD000170,PROD00019,4,39804.94,24.79
ITEM0000604,ORD000170,PROD00234,4,491.09,18.4
ITEM0000605,ORD000171,PROD00085,2,3944.47,26.68
ITEM0000606,ORD000171,PROD00020,4,70058.39,0.32
ITEM0000607,ORD000171,PROD00159,4,18880.93,4.37
ITEM0000608,ORD000171,PROD00207,1,90137.22,17.21
ITEM0000609,ORD000171,PROD00144,1,35676.4,24.29
ITEM0000610,ORD000172,PROD00210,4,116861.98,33.29
ITEM0000611,ORD000172,PROD00222,2,529.14,33.15
ITEM0000612,ORD000172,PROD00133,5,16317.65,114.7
ITEM0000613,ORD000172,PROD00238,4,10985.44,5.5
ITEM0000614,ORD000173,PROD00147,3,10375.1,16.23
ITEM0000615,ORD000174,PROD00217,5,21374.71,16.9
ITEM0000616,ORD000174,PROD00031,2,14324.32,27.93
ITEM0000617,ORD000174,PROD00052,4,8276.3,25.92
ITEM0000618,ORD000174,PROD00294,2,12314.4,5.63
ITEM0000619,ORD000175,PROD00271,1,69182.89,6.71
ITEM0000620,ORD000175,PROD00219,3,916.28,28.49
ITEM0000621,ORD000175,PROD00195,3,45234.5,5.81
ITEM0000622,ORD000176,PROD00244,-1,358.32,9.49
ITEM0000623,ORD000177,PROD00139,2,12429.19,31.09
ITEM0000624,ORD000177,PROD00241,-3,15219.97,28.44
ITEM0000625,ORD000177,PROD00170,2,12487.59,30.64
ITEM0000626,ORD000177,PROD00106,1,1535.04,3.82
ITEM0000627,ORD000178,PROD00014,-2,10284.38,0.41
ITEM0000628,ORD000178,PROD00206,5,17398.64,12.62
ITEM0000629,ORD000178,PROD00039,3,4450.41,14.83
ITEM0000630,ORD000178,PROD00126,3,14276.93,23.44
ITEM0000631,ORD000178,PROD00218,1,808.31,33.72
ITEM0000632,ORD000179,PROD00293,5,6508.01,14.46
ITEM0000633,ORD000179,PROD00274,3,3119.83,7.34
ITEM0000634,ORD000179,PROD00163,5,49503.31,4.45
ITEM0000635,ORD000179,PROD00189,1,9958.04,21.42
ITEM0000636,ORD000179,PROD00160,1,4270.13,6.82
ITEM0000637,ORD000180,PROD00118,3,85972.81,33.22
ITEM0000638,ORD000180,PROD00171,2,1587.59,0.98
ITEM0000639,ORD000180,PROD00162,1,44239.81,17.8
ITEM0000640,ORD000180,PROD00231,2,2536.84,28.79
ITEM0000641,ORD000180,PROD00184,2,99913.97,17.23
ITEM0000642,ORD000181,PROD00141,5,738.47,8.58
ITEM0000643,ORD000181,PROD00145,0,7654.14,19.89
ITEM0000644,ORD000181,PROD00070,4,70038.79,33.61
ITEM0000645,ORD000182,PROD00187,2,8729.44,27.48
ITEM0000646,ORD000182,PROD00288,3,12413.32,22.86
ITEM0000647,ORD000182,PROD00299,1,5860.91,29.63
ITEM0000648,ORD000183,PROD00185,3,88426.11,6.93
ITEM0000649,ORD000183,PROD00048,4,74181.94,21.51
ITEM0000650,ORD000184,PROD00073,3,36426.6,5.02
ITEM0000651,ORD000184,PROD00185,1,88426.11,4.35
ITEM0000652,ORD000185,PROD00112,2,958.5,8.09
ITEM0000653,ORD000186,PROD00300,3,1163.82,17.8
ITEM0000654,ORD000186,PROD00137,2,35792.4,5.44
ITEM0000655,ORD000186,PROD00219,1,916.28,31.86
ITEM0000656,ORD000186,PROD00135,3,973.62,24.45
ITEM0000657,ORD000186,PROD00182,4,60233.51,6.07
ITEM0000658,ORD000186,PROD00056,4,64832.21,25.48
ITEM0000659,ORD000187,PROD00225,1,525.71,5.08
ITEM0000660,ORD000187,PROD00013,2,1794.74,13.79
ITEM0000661,ORD000188,PROD00244,4,358.32,28.55
ITEM0000662,ORD000188,PROD00142,1,3142.8,11.77
ITEM0000663,ORD000189,PROD00084,5,49768.99,33.5
ITEM0000664,ORD000190,PROD00004,2,945.43,18.62
ITEM0000665,ORD000190,PROD00020,4,70058.39,22.28
ITEM0000666,ORD000190,PROD00087,5,9237.82,15.48
ITEM0000667,ORD000191,PROD00252,4,8369.69,21.87
ITEM0000668,ORD000191,PROD00136,2,15602.8,22.36
ITEM0000669,ORD000191,PROD00100,2,9419.26,7.56
ITEM0000670,ORD000191,PROD00297,2,1866.66,125.17
ITEM0000671,ORD000192,PROD00226,2,33228.57,21.98
ITEM0000672,ORD000192,PROD00268,4,247.24,27.56
ITEM0000673,ORD000192,PROD00176,2,10514.42,31.59
ITEM0000674,ORD000192,PROD00058,0,8762.42,19.87
ITEM0000675,ORD000193,PROD00233,2,5457.87,34.59
ITEM0000676,ORD000193,PROD00108,2,13444.93,31.66
ITEM0000677,ORD000193,PROD00067,5,16473.79,33.13
ITEM0000678,ORD000193,PROD00160,5,4270.13,26.85
ITEM0000679,ORD000193,PROD00233,3,5457.87,24.39
ITEM0000680,ORD000194,PROD00279,-1,13479.28,2.06
ITEM0000681,ORD000194,PROD00015,5,3631.08,30.5
ITEM0000682,ORD000194,PROD00063,5,4748.54,9.77
ITEM0000683,ORD000194,PROD00166,5,13792.77,8.21
ITEM0000684,ORD000195,PROD00265,4,7815.58,12.63
ITEM0000685,ORD000195,PROD00016,0,155813.5,32.76
ITEM0000686,ORD000195,PROD00030,4,46619.52,9.91
ITEM0000687,ORD000196,PROD00007,2,4079.3,4.26
ITEM0000688,ORD000196,PROD00013,1,1794.74,14.81
ITEM0000689,ORD000196,PROD00265,4,7815.58,11.83
ITEM0000690,ORD000197,PROD00174,5,6796.1,1.51
ITEM0000691,ORD000197,PROD00225,2,525.71,21.77
ITEM0000692,ORD000197,PROD00066,4,5087.99,11.87
ITEM0000693,ORD000197,PROD00064,3,6397.09,10.8
ITEM0000694,ORD000197,PROD00116,5,72895.77,31.97
ITEM0000695,ORD000198,PROD00133,4,16317.65,13.51
ITEM0000696,ORD000198,PROD00152,5,4664.81,31.65
ITEM0000697,ORD000198,PROD00194,4,1718.09,19.46
ITEM0000698,ORD000198,PROD00215,5,13895.27,32.76
ITEM0000699,ORD000198,PROD00185,5,88426.11,2.64
ITEM0000700,ORD000198,PROD00028,4,59359.69,16.02
ITEM0000701,ORD000199,PROD00149,1,737.02,22.86
ITEM0000702,ORD000199,PROD00163,2,49503.31,33.85
ITEM0000703,ORD000199,PROD00109,1,9016.47,23.65
ITEM0000704,ORD000199,PROD00076,3,117743.14,127.62
ITEM0000705,ORD000200,PROD00021,4,1935.05,12.06
ITEM0000706,ORD000200,PROD00229,3,17916.53,34.5
ITEM0000707,ORD000200,PROD_DUP_248,2,13444.93,27.07
ITEM0000708,ORD000201,PROD00082,4,4931.74,27.17
ITEM0000709,ORD000201,PROD00187,4,8729.44,34.62
ITEM0000710,ORD000202,PROD00003,1,47677.98,23.09
ITEM0000711,ORD000202,PROD00179,5,11703.98,24.7
ITEM0000712,ORD000203,PROD00195,-1,45234.5,18.89
ITEM0000713,ORD000203,PROD00001,3,107560.75,7.45
ITEM0000714,ORD000203,PROD00024,2,18935.15,9.4
ITEM0000715,ORD000203,PROD00126,4,14276.93,20.59
ITEM0000716,ORD000204,PROD00275,3,1589.33,34.93
ITEM0000717,ORD000204,PROD00226,1,33228.57,14.92
ITEM0000718,ORD000204,PROD00140,4,10466.68,8.39
ITEM0000719,ORD000204,PROD00017,1,42741.8,2.78
ITEM0000720,ORD000204,PROD00250,3,2595.77,13.56
ITEM0000721,ORD000204,PROD00196,2,19028.45,15.28
ITEM0000722,ORD000205,PROD00245,4,77190.55,25.87
ITEM0000723,ORD000205,PROD00192,5,9826.54,5.22
ITEM0000724,ORD000205,PROD00256,3,19894.86,17.71
ITEM0000725,ORD000206,PROD00033,3,25099.93,17.61
ITEM0000726,INVALID_ORD_53430,PROD00215,2,13895.27,6.02
ITEM0000727,ORD000206,PROD00070,2,70038.79,20.48
ITEM0000728,ORD000206,PROD00082,1,4931.74,0.5
ITEM0000729,ORD000206,PROD00063,2,4748.54,24.36
ITEM0000730,ORD000206,PROD00140,5,10466.68,14.7
ITEM0000731,ORD000207,PROD00037,3,16473.88,3.87
ITEM0000732,ORD000207,PROD00195,-4,45234.5,11.05
ITEM0000733,ORD000207,PROD00119,5,1779.27,24.0
ITEM0000734,ORD000207,PROD00190,4,4989.53,27.54
ITEM0000735,ORD000208,PROD00205,3,6001.17,13.47
ITEM0000736,ORD000208,PROD00247,4,60305.75,0.29
ITEM0000737,ORD000208,PROD00176,2,10514.42,30.82
ITEM0000738,ORD000208,PROD00037,4,16473.88,21.81
ITEM0000739,ORD000209,PROD00069,5,1031.99,5.03
ITEM0000740,ORD000209,PROD00142,2,3142.8,24.04
ITEM0000741,ORD000209,PROD00021,4,1935.05,28.94
ITEM0000742,ORD000209,PROD00119,5,1779.27,1.21
ITEM0000743,ORD000209,PROD00246,2,49840.91,15.11
ITEM0000744,ORD000210,PROD00084,1,49768.99,3.11
ITEM0000745,ORD000210,PROD00291,0,68752.62,2.76
ITEM0000746,ORD000211,PROD00135,1,973.62,18.61
ITEM0000747,ORD000211,PROD00256,3,19894.86,12.44
ITEM0000748,ORD000211,PROD00054,3,59992.33,21.3
ITEM0000749,ORD000211,PROD00178,4,11840.22,11.11
ITEM0000750,ORD000211,PROD00293,5,6508.01,24.94
ITEM0000751,ORD000212,PROD00169,3,8770.94,31.99
ITEM0000752,ORD000212,PROD00127,2,6869.22,28.2
ITEM0000753,ORD000213,PROD00276,4,3225.79,22.87
ITEM0000754,ORD000213,PROD00168,4,786.46,21.0
ITEM0000755,ORD000213,PROD00057,4,6857.15,32.7
ITEM0000756,ORD000213,PROD00241,4,15219.97,6.86
ITEM0000757,ORD000213,PROD00275,3,1589.33,12.67
ITEM0000758,ORD000213,PROD_DUP_765,4,60305.75,25.44
ITEM0000759,ORD000214,PROD00047,1,1949.22,28.59
ITEM0000760,ORD000215,PROD00030,5,46619.52,23.66
ITEM0000761,ORD000216,PROD00097,5,8629.08,3.53
ITEM0000762,ORD000217,PROD00039,5,4450.41,12.31
ITEM0000763,ORD000217,PROD00088,3,9502.99,14.6
ITEM0000764,ORD000217,PROD00019,1,39804.94,7.6
ITEM0000765,ORD000218,PROD00109,3,9016.47,6.6
ITEM0000766,ORD000218,PROD00066,3,5087.99,112.15
ITEM0000767,ORD000218,PROD00254,3,83824.83,26.49
ITEM0000768,ORD000218,PROD00034,3,2479.77,30.95
ITEM0000769,ORD000218,PROD00098,3,101886.16,0.51
ITEM0000770,ORD000219,PROD00109,2,9016.47,29.92
ITEM0000771,ORD000219,PROD00290,5,41413.51,147.11
ITEM0000772,ORD000219,PROD00104,-1,10809.0,21.69
ITEM0000773,ORD000219,PROD00050,5,635.92,24.59
ITEM0000774,ORD000219,PROD00067,4,16473.79,17.13
ITEM0000775,ORD000220,PROD00226,4,33228.57,12.49
ITEM0000776,ORD000220,PROD00173,3,77771.82,10.08
ITEM0000777,ORD000220,PROD00093,4,799.0,31.2
ITEM0000778,ORD000221,PROD00296,2,75276.41,24.77
ITEM0000779,ORD000221,PROD00036,3,9080.54,7.27
ITEM0000780,ORD000222,PROD00128,5,2957.45,21.66
ITEM0000781,ORD000222,PROD00170,5,12487.59,15.63
ITEM0000782,ORD000223,PROD00290,1,41413.51,21.13
ITEM0000783,ORD000223,PROD00231,1,2536.84,34.52
ITEM0000784,ORD000223,PROD00125,5,3811.77,16.17
ITEM0000785,ORD000223,PROD00148,2,46265.49,14.75
ITEM0000786,ORD000223,INVALID_PROD_90081,1,922.64,29.97
ITEM0000787,ORD000223,PROD00167,0,15629.7,9.66
ITEM0000788,ORD000224,PROD00129,2,55423.01,7.36
ITEM0000789,ORD000224,PROD00289,4,1903.39,5.47
ITEM0000790,ORD000224,PROD00004,1,945.43,32.19
ITEM0000791,ORD000224,PROD00204,5,56411.49,17.8
ITEM0000792,ORD000225,PROD00229,5,17916.53,1.97
ITEM0000793,ORD000225,PROD00097,5,8629.08,0.5
ITEM0000794,ORD000225,PROD00031,4,14324.32,11.97
ITEM0000795,ORD000225,PROD00218,4,808.31,9.93
ITEM0000796,ORD000225,PROD00212,1,18473.59,10.82
ITEM0000797,ORD000226,PROD00124,3,31585.25,7.58
ITEM0000798,ORD000227,PROD00194,3,1718.09,23.46
ITEM0000799,ORD000227,PROD00271,3,69182.89,11.7
ITEM0000800,ORD000227,PROD00103,3,210.19,7.14
ITEM0000801,ORD000228,PROD00264,3,57779.76,34.73
ITEM0000802,ORD000229,PROD00198,3,88452.16,31.96
ITEM0000803,ORD000229,PROD00211,1,235.37,32.25
ITEM0000804,ORD000229,PROD00118,2,85972.81,6.38
ITEM0000805,ORD000229,PROD00140,5,10466.68,0.3
ITEM0000806,ORD000229,PROD00066,3,5087.99,12.36
ITEM0000807,ORD000229,PROD00189,2,9958.04,16.96
ITEM0000808,ORD000230,PROD00036,3,9080.54,7.49
ITEM0000809,ORD000230,PROD00242,1,49321.02,17.03
ITEM0000810,ORD000230,PROD00287,2,1349.9,7.01
ITEM0000811,ORD000231,PROD00160,2,4270.13,22.33
ITEM0000812,ORD000231,PROD00157,5,7028.69,9.11
ITEM0000813,ORD000232,PROD_DUP_765,3,60305.75,19.1
ITEM0000814,ORD000232,PROD00109,3,9016.47,24.05
ITEM0000815,ORD000232,PROD00225,5,525.71,15.08
ITEM0000816,ORD000232,PROD00159,5,18880.93,28.69
ITEM0000817,ORD000233,PROD00159,2,18880.93,30.76
ITEM0000818,ORD000233,PROD00009,5,11170.3,11.7
ITEM0000819,ORD000233,PROD00085,5,3944.47,13.31
ITEM0000820,ORD000233,PROD00075,2,16738.37,11.46
ITEM0000821,ORD000233,PROD00082,4,4931.74,25.12
ITEM0000822,ORD000234,PROD00085,4,3944.47,9.47
ITEM0000823,ORD000234,PROD00124,3,31585.25,34.23
ITEM0000824,ORD000234,PROD00054,1,59992.33,10.44
ITEM0000825,ORD000234,PROD00198,1,88452.16,30.45
ITEM0000826,ORD000234,PROD00258,5,11131.97,18.2
ITEM0000827,ORD000235,PROD00087,3,9237.82,34.47
ITEM0000828,ORD000235,PROD00126,5,14276.93,14.95
ITEM0000829,ORD000235,PROD00214,1,9055.44,1.65
ITEM0000830,ORD000235,PROD00277,2,10462.69,3.55
ITEM0000831,ORD000236,PROD00063,4,4748.54,16.41
ITEM0000832,ORD000237,PROD00105,4,16922.48,27.48
ITEM0000833,ORD000237,PROD00283,1,34928.13,5.52
ITEM0000834,ORD000238,PROD00040,4,6724.73,12.85
ITEM0000835,ORD000239,PROD00079,2,11534.5,7.57
ITEM0000836,ORD000239,PROD00125,4,3811.77,23.76
ITEM0000837,ORD000239,PROD00003,5,47677.98,16.98
ITEM0000838,ORD000239,PROD00063,5,4748.54,6.56
ITEM0000839,ORD000239,PROD00094,0,18989.87,29.69
ITEM0000840,ORD000239,PROD00234,4,491.09,20.14
ITEM0000841,ORD000240,PROD00003,1,47677.98,26.31
ITEM0000842,ORD000241,PROD00193,3,33770.04,28.73
ITEM0000843,ORD000241,PROD00151,3,75177.2,7.66
ITEM0000844,ORD000241,PROD00247,1,60305.75,9.96
ITEM0000845,ORD000241,PROD00223,5,31608.39,21.92
ITEM0000846,ORD000242,PROD00283,-4,34928.13,16.89
ITEM0000847,ORD000242,PROD00096,1,15644.62,21.81
ITEM0000848,ORD000242,PROD00267,1,5023.39,25.45
ITEM0000849,ORD000242,PROD00291,1,68752.62,3.96
ITEM0000850,ORD000242,PROD00007,1,4079.3,24.86
ITEM0000851,ORD000242,PROD00039,5,4450.41,26.39
ITEM0000852,ORD000243,PROD00197,2,2320.69,1.5
ITEM0000853,ORD000243,PROD00113,1,14490.24,12.12
ITEM0000854,ORD000243,PROD00271,2,69182.89,23.79
ITEM0000855,ORD000243,PROD00043,4,5667.41,28.11
ITEM0000856,ORD000244,PROD00275,4,1589.33,0.25
ITEM0000857,ORD000244,PROD00171,2,1587.59,26.39
ITEM0000858,ORD000244,PROD00120,1,1922.05,20.07
ITEM0000859,ORD000244,PROD00174,2,6796.1,141.68
ITEM0000860,ORD000245,PROD00268,3,247.24,12.0
ITEM0000861,ORD000246,PROD00002,5,13344.44,19.17
ITEM0000862,ORD000246,PROD00251,4,37604.62,17.65
ITEM0000863,ORD000246,PROD00252,1,8369.69,25.41
ITEM0000864,ORD000247,PROD00231,4,2536.84,1.41
ITEM0000865,ORD000247,PROD00119,3,1779.27,2.95
ITEM0000866,ORD000247,PROD00227,2,2030.73,15.49
ITEM0000867,ORD000247,PROD00071,5,6126.45,29.64
ITEM0000868,ORD000247,PROD00121,-2,79730.15,3.78
ITEM0000869,ORD000247,PROD00033,2,25099.93,6.84
ITEM0000870,ORD000248,PROD00038,5,3024.72,6.26
ITEM0000871,ORD000249,PROD00033,1,25099.93,29.12
ITEM0000872,ORD000249,PROD00244,1,358.32,23.39
ITEM0000873,ORD000249,PROD00181,4,34804.16,19.47
ITEM0000874,ORD000250,PROD00046,2,3348.49,8.91
ITEM0000875,ORD000250,PROD00013,3,1794.74,2.81
ITEM0000876,ORD000250,PROD00267,1,5023.39,3.49
ITEM0000877,ORD000250,PROD00141,3,738.47,24.33
ITEM0000878,ORD000250,PROD00214,1,9055.44,9.38
ITEM0000879,ORD000250,PROD00015,1,3631.08,27.66
ITEM0000880,ORD000251,PROD00170,1,12487.59,33.17
ITEM0000881,ORD000251,PROD00021,2,1935.05,19.43
ITEM0000882,ORD000251,PROD00180,2,45620.93,5.68
ITEM0000883,ORD000252,PROD00166,2,13792.77,32.11
ITEM0000884,ORD000252,PROD00094,5,18989.87,16.6
ITEM0000885,ORD000253,PROD00258,4,11131.97,6.0
ITEM0000886,ORD000253,PROD00098,2,101886.16,16.54
ITEM0000887,ORD000253,PROD00009,2,11170.3,31.3
ITEM0000888,ORD000253,PROD00295,5,6438.13,24.99
ITEM0000889,ORD000253,PROD00158,4,255.24,4.74
ITEM0000890,ORD000253,PROD00300,5,1163.82,13.75
ITEM0000891,ORD000254,PROD00123,5,16024.54,14.57
ITEM0000892,ORD000254,PROD00086,2,13674.52,34.32
ITEM0000893,ORD000255,PROD00160,1,4270.13,1.98
ITEM0000894,ORD000255,PROD00218,2,808.31,4.08
ITEM0000895,ORD000256,PROD00048,3,74181.94,30.88
ITEM0000896,ORD000256,PROD00091,4,922.64,30.41
ITEM0000897,ORD000257,PROD00112,2,958.5,9.66
ITEM0000898,ORD000257,PROD00061,3,168745.97,32.69
ITEM0000899,ORD000258,PROD00240,3,56530.69,10.26
ITEM0000900,ORD000259,PROD00148,2,46265.49,19.4
ITEM0000901,ORD000259,PROD00092,3,3453.47,31.47
ITEM0000902,ORD000259,PROD00057,1,6857.15,26.34
ITEM0000903,ORD000259,PROD00089,3,14553.94,20.53
ITEM0000904,ORD000260,PROD00089,3,14553.94,7.5
ITEM0000905,ORD000260,PROD00271,4,69182.89,28.42
ITEM0000906,ORD000260,PROD00002,1,13344.44,9.14
ITEM0000907,ORD000260,PROD00039,5,4450.41,30.92
ITEM0000908,ORD000261,PROD00121,1,79730.15,31.1
ITEM0000909,ORD000261,PROD00167,2,15629.7,17.61
ITEM0000910,ORD000261,PROD00208,3,11211.45,16.74
ITEM0000911,ORD000261,PROD00197,2,2320.69,34.57
ITEM0000912,ORD000261,PROD00138,-4,14451.36,14.73
ITEM0000913,ORD000261,PROD00200,1,23481.36,30.27
ITEM0000914,ORD000262,PROD00229,3,17916.53,5.15
ITEM0000915,ORD000262,PROD00033,5,25099.93,24.5
ITEM0000916,ORD000263,PROD00005,4,938.76,15.32
ITEM0000917,ORD000263,PROD00005,1,938.76,0.08
ITEM0000918,ORD000263,PROD00098,0,101886.16,8.9
ITEM0000919,ORD000264,PROD00085,5,3944.47,14.55
ITEM0000920,ORD000264,PROD00262,2,2761.19,6.04
ITEM0000921,ORD000264,PROD00041,3,13175.99,10.34
ITEM0000922,ORD000264,PROD00237,5,3389.65,21.16
ITEM0000923,ORD000265,PROD00259,3,32817.74,22.66
ITEM0000924,ORD000265,PROD00143,3,9888.94,22.46
ITEM0000925,ORD000265,PROD00251,2,37604.62,32.11
ITEM0000926,ORD000265,PROD00182,5,60233.51,32.43
ITEM0000927,ORD000266,PROD00140,4,10466.68,24.41
ITEM0000928,ORD000266,PROD00251,5,37604.62,1.01
ITEM0000929,ORD000266,PROD00245,5,77190.55,22.45
ITEM0000930,ORD000266,PROD00107,0,128039.99,10.92
ITEM0000931,ORD000266,PROD00021,3,1935.05,25.54
ITEM0000932,ORD000267,PROD00003,3,47677.98,1.95
ITEM0000933,ORD000267,PROD00223,1,31608.39,26.86
ITEM0000934,ORD000267,PROD00197,4,2320.69,14.67
ITEM0000935,ORD000268,PROD00240,-4,56530.69,17.02
ITEM0000936,ORD000268,PROD00088,1,9502.99,4.53
ITEM0000937,ORD000268,PROD00071,4,6126.45,32.02
ITEM0000938,ORD000268,PROD00067,3,16473.79,17.56
ITEM0000939,ORD000268,PROD00120,3,1922.05,5.51
ITEM0000940,ORD000268,PROD00126,4,14276.93,33.08
ITEM0000941,ORD000269,PROD00214,3,9055.44,31.36
ITEM0000942,ORD000269,PROD00130,5,11592.7,12.34
ITEM0000943,INVALID_ORD_92574,PROD00080,3,8705.25,11.58
ITEM0000944,ORD000269,PROD00283,3,34928.13,29.6
ITEM0000945,ORD000270,PROD00252,3,8369.69,29.82
ITEM0000946,ORD000270,PROD00090,5,12776.72,29.66
ITEM0000947,ORD000270,PROD00083,2,56427.07,8.92
ITEM0000948,ORD000270,PROD00289,5,1903.39,7.84
ITEM0000949,ORD000270,PROD00138,1,14451.36,9.18
ITEM0000950,ORD000270,PROD00293,1,6508.01,14.52
ITEM0000951,ORD000271,PROD00164,2,136789.18,2.42
ITEM0000952,ORD000271,PROD00247,4,60305.75,21.53
ITEM0000953,ORD000271,PROD00160,2,4270.13,0.76
ITEM0000954,ORD000271,PROD00182,-2,60233.51,27.67
ITEM0000955,ORD000272,PROD00040,1,6724.73,17.36
ITEM0000956,ORD000272,PROD00267,2,5023.39,34.88
ITEM0000957,ORD000272,PROD00097,2,8629.08,3.58
ITEM0000958,ORD000272,PROD00034,4,2479.77,13.46
ITEM0000959,ORD000273,PROD00119,1,1779.27,9.85
ITEM0000960,ORD000273,PROD00155,2,6690.65,15.05
ITEM0000961,ORD000274,PROD00009,5,11170.3,16.49
ITEM0000962,ORD000274,PROD00025,2,2571.12,20.31
ITEM0000963,ORD000274,PROD00249,4,90613.5,16.23
ITEM0000964,ORD000274,PROD00214,3,9055.44,10.89
ITEM0000965,ORD000274,PROD00170,5,12487.59,31.48
ITEM0000966,ORD000274,PROD00170,3,12487.59,25.27
ITEM0000967,ORD000275,PROD00072,4,6009.58,13.0
ITEM0000968,ORD000276,PROD00276,5,3225.79,24.19
ITEM0000969,ORD000277,PROD00106,3,1535.04,10.9
ITEM0000970,ORD000278,PROD00173,1,77771.82,8.76
ITEM0000971,ORD000278,PROD00217,1,21374.71,3.71
ITEM0000972,ORD000278,PROD00064,3,6397.09,15.29
ITEM0000973,ORD000279,PROD00147,5,10375.1,8.92
ITEM0000974,ORD000279,PROD00297,4,1866.66,9.87
ITEM0000975,ORD000279,PROD00168,4,786.46,23.33
ITEM0000976,ORD000279,PROD00185,5,88426.11,26.89
ITEM0000977,ORD000280,PROD00093,5,799.0,19.58
ITEM0000978,ORD000280,PROD_DUP_765,5,60305.75,21.12
ITEM0000979,ORD000280,PROD00197,3,2320.69,24.74
ITEM0000980,ORD000280,PROD00161,4,89959.13,10.45
ITEM0000981,ORD000280,PROD00165,2,5849.47,1.06
ITEM0000982,ORD000281,PROD00087,3,9237.82,30.76
ITEM0000983,ORD000281,PROD00193,4,33770.04,112.77
ITEM0000984,ORD000281,PROD_DUP_248,4,13444.93,12.13
ITEM0000985,ORD000282,PROD00155,4,6690.65,32.67
ITEM0000986,ORD000282,PROD00117,4,28499.09,33.36
ITEM0000987,ORD000282,PROD00066,5,5087.99,24.19
ITEM0000988,ORD000282,PROD00237,4,3389.65,22.23
ITEM0000989,ORD000282,PROD00217,1,21374.71,3.42
ITEM0000990,ORD000282,PROD00007,4,4079.3,23.98
ITEM0000991,ORD000283,PROD00180,4,45620.93,12.09
ITEM0000992,ORD000283,PROD00258,2,11131.97,26.41
ITEM0000993,ORD000283,PROD00258,3,11131.97,23.8
ITEM0000994,ORD000284,PROD00267,5,5023.39,16.38
ITEM0000995,ORD000284,PROD00187,4,8729.44,14.75
ITEM0000996,ORD000284,PROD00299,3,5860.91,14.72
ITEM0000997,ORD000284,PROD00199,0,37442.17,19.9
ITEM0000998,ORD000285,PROD00212,1,18473.59,7.25
ITEM0000999,ORD000286,PROD00096,2,15644.62,2.61
ITEM0001000,ORD000286,PROD00203,5,16125.87,2.85
ITEM0001001,ORD000287,PROD00220,5,53302.28,10.92
ITEM0001002,ORD000287,PROD00199,5,37442.17,16.86
ITEM0001003,ORD000287,PROD00260,5,51829.61,2.98
ITEM0001004,ORD000287,PROD00115,1,3345.82,1.78
ITEM0001005,ORD000287,PROD00200,5,23481.36,6.32
ITEM0001006,ORD000287,PROD00289,1,1903.39,0.15
ITEM0001007,ORD000288,PROD00145,4,7654.14,0.35
ITEM0001008,ORD000288,PROD00105,1,16922.48,28.89
ITEM0001009,ORD000288,PROD00125,4,3811.77,29.29
ITEM0001010,ORD000288,PROD00178,0,11840.22,27.58
ITEM0001011,ORD000289,PROD00212,2,18473.59,22.44
ITEM0001012,ORD000290,PROD00192,4,9826.54,26.82
ITEM0001013,ORD000290,PROD00034,1,2479.77,29.33
ITEM0001014,ORD000290,PROD00112,0,958.5,26.33
ITEM0001015,ORD000290,PROD00269,2,2342.42,24.32
ITEM0001016,ORD000291,PROD00167,2,15629.7,11.95
ITEM0001017,ORD000291,PROD00060,5,14823.48,0.45
ITEM0001018,ORD000291,PROD00277,1,10462.69,28.85
ITEM0001019,ORD000291,PROD00299,3,5860.91,33.83
ITEM0001020,ORD000291,PROD00288,3,12413.32,23.26
ITEM0001021,ORD000291,PROD00053,1,1294.67,26.67
ITEM0001022,ORD000292,PROD00016,2,155813.5,13.76
ITEM0001023,ORD000292,PROD00156,4,263.76,8.62
ITEM0001024,ORD000292,PROD00168,5,786.46,6.74
ITEM0001025,ORD000292,PROD00252,5,8369.69,23.24
ITEM0001026,ORD000292,PROD00016,2,155813.5,22.15
ITEM0001027,ORD000293,PROD00056,2,64832.21,12.0
ITEM0001028,ORD000293,PROD00230,3,14806.16,20.37
ITEM0001029,ORD000293,PROD00128,1,2957.45,19.44
ITEM0001030,ORD000293,PROD00035,2,7731.0,11.54
ITEM0001031,ORD000293,PROD00150,5,35744.49,5.6
ITEM0001032,ORD000293,PROD00259,2,32817.74,31.83
ITEM0001033,ORD000294,PROD00168,1,786.46,17.38
ITEM0001034,ORD000295,PROD00126,4,14276.93,12.32
ITEM0001035,ORD000296,PROD00071,5,6126.45,4.69
ITEM0001036,ORD000296,PROD00199,1,37442.17,22.98
ITEM0001037,ORD000296,PROD00289,1,1903.39,19.7
ITEM0001038,ORD000297,PROD00298,3,1958.18,28.5
ITEM0001039,ORD000297,PROD00164,4,136789.18,14.32
ITEM0001040,ORD000297,PROD00122,5,1085.5,139.47
ITEM0001041,ORD000298,PROD00299,1,5860.91,25.21
ITEM0001042,ORD000299,PROD00097,2,8629.08,22.79
ITEM0001043,ORD000299,PROD00187,5,8729.44,0.53
ITEM0001044,ORD000299,PROD00146,1,10852.71,14.53
ITEM0001045,ORD000299,PROD00168,2,786.46,17.25
ITEM0001046,ORD000299,PROD00225,-2,525.71,4.89
ITEM0001047,ORD000300,PROD00110,5,8026.63,146.52
ITEM0001048,ORD000300,PROD00219,4,916.28,7.69
ITEM0001049,ORD000301,PROD00103,4,210.19,17.62
ITEM0001050,ORD000302,PROD00186,4,10600.32,3.52
ITEM0001051,ORD000302,PROD00002,3,13344.44,17.16
ITEM0001052,ORD000302,PROD00100,5,9419.26,11.12
ITEM0001053,ORD000302,PROD00231,2,2536.84,8.79
ITEM0001054,ORD000303,PROD00175,3,5323.61,22.88
ITEM0001055,ORD000303,PROD00124,1,31585.25,17.59
ITEM0001056,ORD000303,PROD00030,2,46619.52,4.78
ITEM0001057,ORD000303,PROD00091,4,922.64,11.07
ITEM0001058,ORD000303,PROD00261,1,35880.89,18.05
ITEM0001059,ORD000304,PROD00151,4,75177.2,27.56
ITEM0001060,ORD000305,PROD00021,1,1935.05,1.95
ITEM0001061,ORD000306,PROD00231,2,2536.84,9.02
ITEM0001062,ORD000307,PROD00119,3,1779.27,29.56
ITEM0001063,ORD000307,PROD00119,5,1779.27,21.15
ITEM0001064,ORD000307,PROD00055,5,1893.42,13.23
ITEM0001065,ORD000307,PROD00113,2,14490.24,12.26
ITEM0001066,ORD000307,PROD00278,3,48030.22,12.55
ITEM0001067,ORD000307,PROD00045,5,65694.03,12.37
ITEM0001068,ORD000308,PROD00008,5,2233.33,9.89
ITEM0001069,ORD000308,PROD00161,5,89959.13,28.72
ITEM0001070,ORD000308,PROD00117,2,28499.09,15.67
ITEM0001071,ORD000308,PROD00240,4,56530.69,22.15
ITEM0001072,ORD000308,PROD00269,5,2342.42,29.31
ITEM0001073,ORD000308,PROD00159,1,18880.93,28.63
ITEM0001074,ORD000309,PROD00274,4,3119.83,22.84
ITEM0001075,ORD000309,PROD00052,5,8276.3,24.17
ITEM0001076,ORD000310,PROD00230,1,14806.16,8.48
ITEM0001077,ORD000310,PROD00003,4,47677.98,19.57
ITEM0001078,ORD000311,PROD00114,2,129739.16,28.44
ITEM0001079,ORD000312,PROD00175,4,5323.61,15.83
ITEM0001080,ORD000313,PROD00287,5,1349.9,30.61
ITEM0001081,ORD000313,PROD00080,5,8705.25,11.19
ITEM0001082,ORD000314,PROD00184,5,99913.97,8.34
ITEM0001083,ORD000315,PROD00214,1,9055.44,16.88
ITEM0001084,ORD000315,PROD00087,3,9237.82,32.51
ITEM0001085,ORD000316,PROD00239,1,18153.0,20.17
ITEM0001086,INVALID_ORD_48114,PROD00133,3,16317.65,11.07
ITEM0001087,ORD000316,PROD00091,3,922.64,28.24
ITEM0001088,ORD000317,PROD00273,2,5839.38,25.21
ITEM0001089,ORD000317,PROD00294,1,12314.4,12.79
ITEM0001090,ORD000317,PROD00053,1,1294.67,31.26
ITEM0001091,ORD000317,PROD00279,3,13479.28,10.04
ITEM0001092,ORD000317,PROD00019,3,39804.94,30.3
ITEM0001093,ORD000318,PROD00279,2,13479.28,2.37
ITEM0001094,ORD000319,PROD00223,3,31608.39,16.97
ITEM0001095,ORD000319,PROD00220,1,53302.28,26.13
ITEM0001096,ORD000319,PROD00193,2,33770.04,27.21
ITEM0001097,ORD000320,PROD00154,5,15820.26,9.76
ITEM0001098,ORD000320,PROD00028,3,59359.69,30.58
ITEM0001099,ORD000321,PROD00069,4,1031.99,28.84
ITEM0001100,ORD000321,PROD00086,3,13674.52,31.78
ITEM0001101,ORD000321,PROD00194,1,1718.09,13.64
ITEM0001102,ORD000321,PROD00262,4,2761.19,25.75
ITEM0001103,ORD000321,PROD00093,2,799.0,23.96
ITEM0001104,ORD000322,PROD00241,5,15219.97,24.33
ITEM0001105,ORD000322,PROD00050,5,635.92,4.3
ITEM0001106,ORD000322,PROD00092,5,3453.47,27.8
ITEM0001107,ORD000323,PROD00115,2,3345.82,30.35
ITEM0001108,ORD000323,PROD00201,2,331.81,8.77
ITEM0001109,ORD000323,PROD00257,3,31755.6,2.25
ITEM0001110,ORD000323,PROD00085,3,3944.47,32.29
ITEM0001111,ORD000323,PROD00134,1,281.46,14.08
ITEM0001112,ORD000323,PROD00082,5,4931.74,11.42
ITEM0001113,ORD000324,PROD00005,3,938.76,26.43
ITEM0001114,ORD000324,PROD00185,4,88426.11,17.63
ITEM0001115,ORD000324,PROD00072,1,6009.58,27.78
ITEM0001116,ORD000324,PROD00214,2,9055.44,18.77
ITEM0001117,ORD000324,PROD00108,3,13444.93,23.8
ITEM0001118,ORD000325,PROD00090,-2,12776.72,5.95
ITEM0001119,ORD000325,PROD00225,2,525.71,22.4
ITEM0001120,ORD000325,PROD00110,4,8026.63,8.54
ITEM0001121,ORD000325,PROD00151,4,75177.2,26.05
ITEM0001122,ORD000325,PROD00078,5,80173.3,7.26
ITEM0001123,ORD000326,PROD00026,5,19557.07,31.02
ITEM0001124,ORD000326,PROD00293,1,6508.01,34.96
ITEM0001125,ORD000326,PROD00114,1,129739.16,24.97
ITEM0001126,ORD000327,PROD00211,2,235.37,34.47
ITEM0001127,ORD000327,PROD00269,3,2342.42,2.53
ITEM0001128,ORD000327,PROD00274,3,3119.83,29.87
ITEM0001129,ORD000327,PROD00084,5,49768.99,122.49
ITEM0001130,ORD000328,PROD00041,1,13175.99,14.51
ITEM0001131,ORD000328,PROD00031,2,14324.32,10.37
ITEM0001132,ORD000328,PROD00054,4,59992.33,6.97
ITEM0001133,ORD000328,PROD00055,4,1893.42,10.93
ITEM0001134,ORD000329,PROD00214,4,9055.44,10.08
ITEM0001135,ORD000330,PROD00076,1,117743.14,6.22
ITEM0001136,ORD000330,PROD00079,2,11534.5,12.13
ITEM0001137,ORD000331,PROD00236,1,38161.26,0.54
ITEM0001138,ORD000332,PROD00265,-3,7815.58,8.54
ITEM0001139,ORD000332,PROD00178,1,11840.22,3.3
ITEM0001140,ORD000333,PROD00114,2,129739.16,2.82
ITEM0001141,ORD000333,PROD00163,3,49503.31,5.97
ITEM0001142,ORD000334,PROD00085,3,3944.47,5.48
ITEM0001143,ORD000334,PROD00093,5,799.0,2.53
ITEM0001144,ORD000334,PROD00093,1,799.0,23.8
ITEM0001145,ORD000334,PROD00226,4,33228.57,28.54
ITEM0001146,ORD000334,PROD00221,2,6476.61,11.47
ITEM0001147,ORD000335,PROD00117,2,28499.09,2.22
ITEM0001148,ORD000335,PROD00152,2,4664.81,24.08
ITEM0001149,ORD000335,PROD00024,2,18935.15,28.49
ITEM0001150,ORD000335,PROD00123,5,16024.54,10.35
ITEM0001151,ORD000335,PROD00119,4,1779.27,7.37
ITEM0001152,ORD000335,PROD00137,2,35792.4,12.47
ITEM0001153,ORD000336,PROD00116,1,72895.77,28.74
ITEM0001154,ORD000336,PROD00211,2,235.37,1.64
ITEM0001155,ORD000337,PROD00171,1,1587.59,23.49
ITEM0001156,ORD000338,PROD00055,3,1893.42,4.13
ITEM0001157,ORD000338,PROD00109,4,9016.47,21.5
ITEM0001158,ORD000338,PROD00148,3,46265.49,19.88
ITEM0001159,ORD000338,PROD00242,1,49321.02,25.0
ITEM0001160,ORD000338,PROD00132,3,1220.54,17.64
ITEM0001161,ORD000338,PROD00272,4,43464.46,26.4
ITEM0001162,ORD000339,PROD00194,0,1718.09,4.73
ITEM0001163,ORD000339,PROD00030,3,46619.52,9.22
ITEM0001164,ORD000339,PROD00286,1,11352.93,18.09
ITEM0001165,ORD000340,PROD00079,3,11534.5,18.67
ITEM0001166,ORD000340,PROD00145,1,7654.14,27.08
ITEM0001167,ORD000340,PROD00010,2,19555.43,11.5
ITEM0001168,ORD000340,PROD00192,2,9826.54,19.62
ITEM0001169,ORD000340,PROD00027,2,6786.44,6.87
ITEM0001170,ORD000340,PROD00036,4,9080.54,22.66
ITEM0001171,ORD000341,PROD00125,4,3811.77,21.34
ITEM0001172,ORD000341,PROD00264,2,57779.76,7.32
ITEM0001173,ORD000341,PROD00184,2,99913.97,24.44
ITEM0001174,ORD000342,PROD00268,5,247.24,21.0
ITEM0001175,ORD000343,PROD00122,3,1085.5,2.94
ITEM0001176,ORD000343,PROD00251,3,37604.62,25.46
ITEM0001177,ORD000343,PROD00231,4,2536.84,33.35
ITEM0001178,ORD000343,PROD00214,4,9055.44,12.76
ITEM0001179,ORD000344,PROD00295,4,6438.13,13.47
ITEM0001180,ORD000344,PROD00017,2,42741.8,12.01
ITEM0001181,ORD000344,PROD00206,5,17398.64,3.38
ITEM0001182,ORD000345,PROD00011,3,53479.92,17.39
ITEM0001183,ORD000345,PROD00220,5,53302.28,1.11
ITEM0001184,ORD000345,PROD00083,1,56427.07,27.75
ITEM0001185,ORD000345,PROD00233,1,5457.87,32.31
ITEM0001186,ORD000345,PROD00199,3,37442.17,14.36
ITEM0001187,ORD000345,PROD00036,1,9080.54,11.61
ITEM0001188,ORD000346,PROD00215,4,13895.27,5.09
ITEM0001189,ORD000346,PROD00245,2,77190.55,33.91
ITEM0001190,ORD000346,PROD_DUP_764,1,10284.38,19.68
ITEM0001191,ORD000346,PROD00274,5,3119.83,9.04
ITEM0001192,ORD000346,PROD00299,1,5860.91,22.34
ITEM0001193,ORD000346,PROD00179,5,11703.98,6.77
ITEM0001194,ORD000347,PROD00143,2,9888.94,4.34
ITEM0001195,ORD000348,PROD00207,-4,90137.22,28.76
ITEM0001196,ORD000348,PROD00131,3,2403.64,3.34
ITEM0001197,ORD000348,PROD00002,1,13344.44,1.27
ITEM0001198,ORD000348,PROD00211,1,235.37,34.82
ITEM0001199,ORD000348,PROD00217,3,21374.71,26.91
ITEM0001200,ORD000349,PROD00300,4,1163.82,25.65
ITEM0001201,ORD000349,PROD00170,3,12487.59,25.99
ITEM0001202,ORD000350,PROD00249,5,90613.5,31.36
ITEM0001203,ORD000350,PROD00246,2,49840.91,28.84
ITEM0001204,ORD000350,PROD00142,4,3142.8,31.55
ITEM0001205,ORD000350,PROD00287,2,1349.9,2.34
ITEM0001206,ORD000350,PROD00166,2,13792.77,5.0
ITEM0001207,ORD000351,PROD00029,4,12387.11,4.21
ITEM0001208,ORD000351,PROD00206,1,17398.64,10.13
ITEM0001209,ORD000351,PROD00011,3,53479.92,12.26
ITEM0001210,ORD000351,PROD00031,1,14324.32,3.49
ITEM0001211,ORD000351,PROD00254,4,83824.83,34.99
ITEM0001212,ORD000352,PROD00230,5,14806.16,16.4
ITEM0001213,ORD000352,PROD00110,-3,8026.63,30.57
ITEM0001214,ORD000353,PROD00235,2,9096.22,0.82
ITEM0001215,ORD000353,PROD00263,5,4176.74,25.18
ITEM0001216,ORD000354,PROD00086,4,13674.52,10.92
ITEM0001217,ORD000354,PROD00203,2,16125.87,10.81
ITEM0001218,ORD000355,PROD00065,3,10942.37,13.44
ITEM0001219,ORD000355,PROD00263,2,4176.74,7.15
ITEM0001220,ORD000355,PROD00201,1,331.81,12.28
ITEM0001221,ORD000355,PROD00095,4,56114.19,1.03
ITEM0001222,ORD000356,PROD00116,1,72895.77,26.98
ITEM0001223,ORD000356,PROD00222,4,529.14,11.3
ITEM0001224,ORD000356,PROD00167,2,15629.7,5.49
ITEM0001225,ORD000356,PROD00059,4,1558.61,11.72
ITEM0001226,ORD000357,PROD00223,1,31608.39,12.8
ITEM0001227,ORD000357,PROD00123,5,16024.54,7.85
ITEM0001228,ORD000357,PROD00194,4,1718.09,31.94
ITEM0001229,ORD000357,PROD00152,3,4664.81,14.31
ITEM0001230,ORD000357,PROD00016,-4,155813.5,25.73
ITEM0001231,ORD000358,PROD00005,3,938.76,33.12
ITEM0001232,ORD000358,PROD00205,5,6001.17,10.13
ITEM0001233,ORD000358,PROD00098,3,101886.16,29.31
ITEM0001234,ORD000358,PROD00280,5,93322.92,32.68
ITEM0001235,ORD000359,PROD00078,4,80173.3,1.22
ITEM0001236,ORD000359,PROD00172,3,660.53,28.01
ITEM0001237,ORD000359,PROD00229,3,17916.53,16.61
ITEM0001238,ORD000359,PROD_DUP_248,3,13444.93,6.04
ITEM0001239,ORD000359,PROD00137,3,35792.4,22.62
ITEM0001240,ORD000360,PROD00253,4,30181.5,32.83
ITEM0001241,ORD000360,PROD00046,4,3348.49,11.19
ITEM0001242,ORD000360,PROD00221,3,6476.61,4.46
ITEM0001243,ORD000360,PROD00134,4,281.46,3.32
ITEM0001244,ORD000360,PROD00055,3,1893.42,20.4
ITEM0001245,ORD000361,PROD00286,5,11352.93,19.44
ITEM0001246,ORD000361,PROD00129,2,55423.01,10.57
ITEM0001247,ORD000361,PROD00062,2,1755.31,17.06
ITEM0001248,ORD000361,PROD00128,1,2957.45,0.63
ITEM0001249,ORD000361,PROD00007,3,4079.3,17.78
ITEM0001250,ORD000362,PROD00009,2,11170.3,0.88
ITEM0001251,ORD000362,PROD00284,1,3583.48,11.87
ITEM0001252,ORD000362,PROD00114,3,129739.16,28.83
ITEM0001253,ORD000363,PROD_DUP_765,1,60305.75,27.23
ITEM0001254,ORD000363,PROD00050,4,635.92,14.63
ITEM0001255,ORD000363,PROD00039,2,4450.41,31.7
ITEM0001256,ORD000363,PROD00217,3,21374.71,24.7
ITEM0001257,ORD000363,PROD00178,5,11840.22,27.21
ITEM0001258,ORD000364,PROD00261,5,35880.89,31.55
ITEM0001259,ORD000364,PROD00039,2,4450.41,5.2
ITEM0001260,ORD000364,PROD00041,3,13175.99,33.9
ITEM0001261,ORD000365,PROD00062,4,1755.31,30.12
ITEM0001262,ORD000365,PROD00050,-2,635.92,34.3
ITEM0001263,ORD000365,PROD00030,3,46619.52,23.64
ITEM0001264,ORD000365,PROD00052,4,8276.3,13.5
ITEM0001265,ORD000365,PROD00289,3,1903.39,26.91
ITEM0001266,ORD000365,PROD00012,4,16414.48,31.27
ITEM0001267,ORD000366,PROD00251,4,37604.62,14.46
ITEM0001268,ORD000366,PROD00292,3,148693.56,12.71
ITEM0001269,ORD000366,PROD00279,4,13479.28,24.07
ITEM0001270,ORD000366,PROD00103,5,210.19,1.26
ITEM0001271,ORD000366,PROD00139,3,12429.19,16.58
ITEM0001272,ORD000367,PROD00280,5,93322.92,15.17
ITEM0001273,ORD000367,PROD00196,5,19028.45,32.04
ITEM0001274,ORD000367,PROD00073,4,36426.6,8.4
ITEM0001275,ORD000367,PROD00043,2,5667.41,8.9
ITEM0001276,ORD000367,PROD00177,3,2661.74,19.64
ITEM0001277,ORD000368,PROD00083,0,56427.07,30.13
ITEM0001278,ORD000369,PROD00014,4,10284.38,139.96
ITEM0001279,ORD000369,PROD00293,3,6508.01,12.77
ITEM0001280,ORD000369,PROD00049,3,8241.32,1.07
ITEM0001281,ORD000369,PROD00123,1,16024.54,23.2
ITEM0001282,ORD000369,PROD00240,5,56530.69,14.77
ITEM0001283,ORD000369,PROD00132,4,1220.54,26.29
ITEM0001284,ORD000370,PROD00041,1,13175.99,17.83
ITEM0001285,ORD000371,PROD00286,2,11352.93,22.48
ITEM0001286,ORD000371,PROD00244,5,358.32,6.59
ITEM0001287,ORD000371,INVALID_PROD_88948,2,7654.14,7.91
ITEM0001288,ORD000371,PROD00069,3,1031.99,17.24
ITEM0001289,ORD000372,PROD00234,4,491.09,11.87
ITEM0001290,ORD000372,PROD00055,5,1893.42,3.26
ITEM0001291,ORD000373,PROD00270,3,16051.61,24.88
ITEM0001292,ORD000373,PROD00118,5,85972.81,18.7
ITEM0001293,INVALID_ORD_46044,PROD00259,3,32817.74,26.53
ITEM0001294,ORD000374,PROD00237,3,3389.65,30.95
ITEM0001295,ORD000374,PROD00127,3,6869.22,10.89
ITEM0001296,ORD000374,PROD00029,4,12387.11,29.03
ITEM0001297,ORD000375,PROD00270,3,16051.61,1.91
ITEM0001298,ORD000375,PROD00163,3,49503.31,24.94
ITEM0001299,ORD000376,INVALID_PROD_47077,4,737.02,15.83
ITEM0001300,ORD000376,PROD00035,5,7731.0,27.56
ITEM0001301,ORD000376,PROD00213,1,67924.54,11.39
ITEM0001302,ORD000376,PROD00168,5,786.46,4.02
ITEM0001303,ORD000377,PROD00225,2,525.71,33.64
ITEM0001304,ORD000377,PROD00144,4,35676.4,14.79
ITEM0001305,ORD000377,PROD00101,5,90820.31,30.92
ITEM0001306,ORD000377,PROD00289,5,1903.39,19.96
ITEM0001307,ORD000377,PROD00284,2,3583.48,0.71
ITEM0001308,ORD000377,PROD00064,1,6397.09,8.94
ITEM0001309,ORD000378,PROD00214,5,9055.44,3.0
ITEM0001310,ORD000378,PROD_DUP_764,3,10284.38,26.85
ITEM0001311,ORD000378,PROD00290,4,41413.51,27.46
ITEM0001312,ORD000378,PROD00008,-5,2233.33,24.96
ITEM0001313,ORD000379,PROD00264,4,57779.76,23.06
ITEM0001314,ORD000379,PROD00151,5,75177.2,24.63
ITEM0001315,ORD000379,PROD00153,5,33477.66,34.79
ITEM0001316,ORD000380,PROD_DUP_764,4,10284.38,6.3
ITEM0001317,ORD000381,PROD00106,2,1535.04,16.22
ITEM0001318,ORD000381,PROD00248,4,13070.96,25.28
ITEM0001319,ORD000381,PROD00199,3,37442.17,1.68
ITEM0001320,ORD000382,PROD00154,5,15820.26,0.04
ITEM0001321,ORD000383,PROD00094,-5,18989.87,27.6
ITEM0001322,ORD000384,PROD00296,5,75276.41,34.88
ITEM0001323,ORD000384,PROD00212,5,18473.59,9.55
ITEM0001324,ORD000384,PROD00047,4,1949.22,10.14
ITEM0001325,ORD000384,PROD00200,4,23481.36,27.39
ITEM0001326,ORD000384,PROD00112,2,958.5,32.56
ITEM0001327,ORD000384,PROD00294,3,12314.4,11.41
ITEM0001328,ORD000385,PROD00195,4,45234.5,16.61
ITEM0001329,ORD000385,PROD00048,1,74181.94,24.1
ITEM0001330,ORD000385,PROD00153,4,33477.66,25.41
ITEM0001331,ORD000385,PROD00037,2,16473.88,21.33
ITEM0001332,ORD000385,PROD00105,4,16922.48,26.98
ITEM0001333,ORD000385,PROD00226,3,33228.57,7.8
ITEM0001334,ORD000386,PROD00299,3,5860.91,11.79
ITEM0001335,ORD000387,PROD00112,1,958.5,13.65
ITEM0001336,ORD000387,PROD00061,1,168745.97,9.06
ITEM0001337,ORD000387,PROD00237,1,3389.65,17.55
ITEM0001338,ORD000387,PROD00187,2,8729.44,16.67
ITEM0001339,ORD000388,PROD00127,5,6869.22,16.9
ITEM0001340,ORD000388,PROD00084,5,49768.99,13.74
ITEM0001341,ORD000388,PROD00032,3,15757.18,20.47
ITEM0001342,ORD000388,PROD00243,1,19132.03,32.2
ITEM0001343,ORD000388,PROD00050,3,635.92,34.09
ITEM0001344,ORD000388,INVALID_PROD_54388,1,938.76,7.59
ITEM0001345,ORD000389,PROD00109,2,9016.47,16.48
ITEM0001346,ORD000390,PROD00081,1,14240.57,29.55
ITEM0001347,ORD000391,PROD00256,4,19894.86,21.26
ITEM0001348,ORD000391,PROD00137,2,35792.4,2.21
ITEM0001349,ORD000391,PROD00212,1,18473.59,31.75
ITEM0001350,ORD000392,PROD00081,2,14240.57,30.9
ITEM0001351,ORD000392,PROD00166,5,13792.77,34.59
ITEM0001352,ORD000392,PROD00003,2,47677.98,30.44
ITEM0001353,ORD000392,PROD00115,2,3345.82,29.89
ITEM0001354,ORD000392,PROD00255,1,8717.28,12.28
ITEM0001355,ORD000393,PROD00210,3,116861.98,18.42
ITEM0001356,ORD000393,PROD00256,3,19894.86,11.23
ITEM0001357,ORD000393,PROD00078,5,80173.3,32.32
ITEM0001358,ORD000393,PROD00282,3,1528.85,19.12
ITEM0001359,ORD000393,PROD00246,3,49840.91,32.74
ITEM0001360,ORD000393,PROD00014,3,10284.38,110.06
ITEM0001361,ORD000394,PROD00285,4,87613.3,33.82
ITEM0001362,ORD000394,PROD00223,1,31608.39,28.4
ITEM0001363,ORD000394,PROD00219,4,916.28,22.19
ITEM0001364,ORD000394,PROD00170,2,12487.59,28.6
ITEM0001365,ORD000394,PROD00294,4,12314.4,16.78
ITEM0001366,ORD000394,PROD00076,2,117743.14,15.06
ITEM0001367,ORD000395,PROD00059,5,1558.61,6.35
ITEM0001368,ORD000395,PROD00106,5,1535.04,10.09
ITEM0001369,ORD000395,PROD00166,2,13792.77,11.18
ITEM0001370,ORD000395,PROD00130,4,11592.7,21.85
ITEM0001371,ORD000395,PROD00289,4,1903.39,12.44
ITEM0001372,ORD000396,PROD00121,4,79730.15,26.29
ITEM0001373,ORD000396,PROD00298,1,1958.18,26.3
ITEM0001374,ORD000396,INVALID_PROD_43109,4,1779.27,15.44
ITEM0001375,ORD000396,PROD00180,5,45620.93,26.16
ITEM0001376,ORD000397,PROD00186,4,10600.32,22.11
ITEM0001377,ORD000397,PROD00135,3,973.62,32.64
ITEM0001378,ORD000397,PROD00223,2,31608.39,11.86
ITEM0001379,ORD000398,PROD00248,3,13070.96,2.78
ITEM0001380,ORD000398,PROD00141,5,738.47,31.59
ITEM0001381,ORD000398,PROD00042,5,851.12,16.42
ITEM0001382,ORD000398,PROD00276,2,3225.79,20.81
ITEM0001383,ORD000399,PROD00031,3,14324.32,12.27
ITEM0001384,ORD000400,PROD00195,3,45234.5,11.29
ITEM0001385,ORD000400,PROD00293,2,6508.01,10.17
ITEM0001386,ORD000401,PROD00241,1,15219.97,8.2
ITEM0001387,ORD000401,PROD00029,4,12387.11,30.7
ITEM0001388,ORD000401,PROD00189,5,9958.04,31.74
ITEM0001389,ORD000401,PROD00278,1,48030.22,5.48
ITEM0001390,ORD000401,PROD00062,0,1755.31,17.15
ITEM0001391,ORD000401,PROD00167,4,15629.7,5.12
ITEM0001392,ORD000402,PROD00098,4,101886.16,1.66
ITEM0001393,ORD000402,PROD00234,2,491.09,25.37
ITEM0001394,ORD000402,PROD00198,-4,88452.16,17.48
ITEM0001395,ORD000402,PROD00256,5,19894.86,34.16
ITEM0001396,ORD000403,PROD00150,3,35744.49,15.53
ITEM0001397,INVALID_ORD_54382,PROD00081,5,14240.57,33.98
ITEM0001398,ORD000404,PROD00042,1,851.12,24.87
ITEM0001399,ORD000404,PROD00076,4,117743.14,5.54
ITEM0001400,ORD000404,PROD00122,1,1085.5,2.74
ITEM0001401,ORD000405,PROD00062,1,1755.31,20.44
ITEM0001402,ORD000405,PROD00227,2,2030.73,19.38
ITEM0001403,ORD000405,PROD_DUP_765,5,60305.75,17.71
ITEM0001404,ORD000405,PROD00004,4,945.43,7.02
ITEM0001405,ORD000406,PROD00187,2,8729.44,21.93
ITEM0001406,ORD000407,PROD00112,5,958.5,15.87
ITEM0001407,ORD000407,PROD00013,3,1794.74,1.59
ITEM0001408,ORD000407,PROD00230,2,14806.16,3.74
ITEM0001409,ORD000407,PROD00125,5,3811.77,32.59
ITEM0001410,ORD000407,PROD00267,3,5023.39,28.5
ITEM0001411,ORD000408,PROD00148,5,46265.49,16.56
ITEM0001412,ORD000409,PROD00219,2,916.28,18.52
ITEM0001413,ORD000410,PROD00209,5,48158.17,7.15
ITEM0001414,INVALID_ORD_89563,PROD00064,4,6397.09,13.81
ITEM0001415,ORD000411,PROD00212,1,18473.59,13.0
ITEM0001416,ORD000411,PROD00289,3,1903.39,31.99
ITEM0001417,ORD000411,PROD00149,1,737.02,26.08
ITEM0001418,ORD000411,PROD00227,4,2030.73,34.2
ITEM0001419,ORD000412,PROD00169,5,8770.94,19.18
ITEM0001420,INVALID_ORD_62106,PROD00277,3,10462.69,5.29
ITEM0001421,ORD000413,PROD00150,3,35744.49,1.63
ITEM0001422,ORD000413,PROD00148,-1,46265.49,10.02
ITEM0001423,ORD000413,PROD00240,3,56530.69,13.26
ITEM0001424,ORD000413,PROD00061,4,168745.97,3.01
ITEM0001425,ORD000413,PROD00196,4,19028.45,0.58
ITEM0001426,ORD000414,PROD00183,1,9351.26,10.92
ITEM0001427,ORD000414,PROD00018,5,57851.82,16.71
ITEM0001428,ORD000414,PROD00293,5,6508.01,13.45
ITEM0001429,ORD000414,PROD00158,5,255.24,12.19
ITEM0001430,ORD000414,PROD00260,1,51829.61,22.94
ITEM0001431,ORD000414,PROD00112,4,958.5,5.77
ITEM0001432,ORD000415,PROD00050,4,635.92,8.25
ITEM0001433,ORD000415,PROD00152,2,4664.81,30.52
ITEM0001434,ORD000415,PROD00209,4,48158.17,1.23
ITEM0001435,ORD000415,PROD00018,3,57851.82,33.18
ITEM0001436,ORD000415,PROD00140,5,10466.68,25.78
ITEM0001437,ORD000416,PROD00162,1,44239.81,13.18
ITEM0001438,ORD000416,PROD00027,5,6786.44,7.38
ITEM0001439,ORD000417,PROD_DUP_765,5,60305.75,33.94
ITEM0001440,ORD000418,PROD00053,2,1294.67,21.93
ITEM0001441,ORD000418,PROD00056,2,64832.21,3.54
ITEM0001442,ORD000418,PROD00134,4,281.46,15.37
ITEM0001443,ORD000418,PROD00179,2,11703.98,14.09
ITEM0001444,ORD000418,PROD00203,2,16125.87,26.46
ITEM0001445,ORD000419,PROD00256,5,19894.86,12.74
ITEM0001446,ORD000419,PROD00289,5,1903.39,16.32
ITEM0001447,ORD000419,PROD00113,1,14490.24,3.29
ITEM0001448,ORD000420,PROD00089,4,14553.94,9.28
ITEM0001449,INVALID_ORD_77919,PROD00130,4,11592.7,1.29
ITEM0001450,ORD000420,PROD00054,3,59992.33,33.9
ITEM0001451,ORD000421,PROD00074,5,2883.54,20.86
ITEM0001452,ORD000421,PROD00189,3,9958.04,20.07
ITEM0001453,ORD000421,PROD00113,4,14490.24,17.71
ITEM0001454,ORD000421,PROD00070,1,70038.79,28.28
ITEM0001455,ORD000421,PROD00201,3,331.81,6.08
ITEM0001456,ORD000422,PROD00002,4,13344.44,10.88
ITEM0001457,ORD000422,PROD00139,1,12429.19,4.34
ITEM0001458,ORD000422,PROD00145,2,7654.14,3.02
ITEM0001459,ORD000422,PROD00221,2,6476.61,8.95
ITEM0001460,ORD000423,PROD00185,0,88426.11,23.35
ITEM0001461,ORD000423,PROD00068,3,15259.49,11.87
ITEM0001462,ORD000423,PROD00278,5,48030.22,9.59
ITEM0001463,ORD000423,PROD00089,1,14553.94,5.3
ITEM0001464,ORD000423,PROD00158,1,255.24,21.64
ITEM0001465,ORD000423,PROD00054,2,59992.33,15.8
ITEM0001466,ORD000424,PROD00065,4,10942.37,15.36
ITEM0001467,ORD000424,PROD00172,5,660.53,20.32
ITEM0001468,ORD000424,PROD00198,5,88452.16,16.02
ITEM0001469,ORD000424,PROD00078,5,80173.3,6.79
ITEM0001470,ORD000425,PROD00251,3,37604.62,34.59
ITEM0001471,ORD000425,PROD00207,4,90137.22,21.12
ITEM0001472,ORD000425,PROD00170,2,12487.59,15.37
ITEM0001473,ORD000425,PROD00096,1,15644.62,31.57
ITEM0001474,ORD000426,PROD00055,0,1893.42,8.52
ITEM0001475,ORD000426,PROD00107,5,128039.99,6.99
ITEM0001476,ORD000427,PROD00050,-5,635.92,13.93
ITEM0001477,ORD000427,PROD00006,2,3286.66,2.04
ITEM0001478,ORD000427,PROD00114,5,129739.16,32.01
ITEM0001479,ORD000427,PROD00188,2,26614.54,27.12
ITEM0001480,ORD000427,PROD00124,5,31585.25,12.58
ITEM0001481,ORD000427,PROD00045,3,65694.03,23.58
ITEM0001482,ORD000428,PROD00257,4,31755.6,13.3
ITEM0001483,ORD000429,PROD00020,2,70058.39,6.11
ITEM0001484,ORD000429,PROD00254,5,83824.83,32.66
ITEM0001485,ORD000429,INVALID_PROD_18665,5,59992.33,33.54
ITEM0001486,ORD000429,PROD00051,2,14882.87,4.39
ITEM0001487,ORD000430,PROD00017,1,42741.8,21.47
ITEM0001488,ORD000430,PROD00010,4,19555.43,18.32
ITEM0001489,ORD000430,PROD00245,3,77190.55,18.58
ITEM0001490,ORD000431,PROD00026,5,19557.07,26.7
ITEM0001491,ORD000431,PROD00084,1,49768.99,7.91
ITEM0001492,ORD000431,PROD00028,5,59359.69,32.32
ITEM0001493,ORD000432,PROD00010,2,19555.43,33.39
ITEM0001494,ORD000432,PROD00027,3,6786.44,13.69
ITEM0001495,ORD000432,PROD00021,-4,1935.05,6.2
ITEM0001496,ORD000432,PROD00146,4,10852.71,31.25
ITEM0001497,ORD000432,PROD00268,5,247.24,2.21
ITEM0001498,ORD000433,PROD00273,1,5839.38,5.34
ITEM0001499,ORD000433,PROD00107,2,128039.99,23.77
ITEM0001500,ORD000434,PROD00132,1,1220.54,29.87
ITEM0001501,ORD000434,PROD00152,4,4664.81,8.22
ITEM0001502,ORD000434,PROD00275,4,1589.33,9.39
ITEM0001503,ORD000435,PROD00244,5,358.32,26.37
ITEM0001504,ORD000436,PROD00268,2,247.24,34.23
ITEM0001505,ORD000436,PROD00009,3,11170.3,8.54
ITEM0001506,ORD000436,PROD00020,1,70058.39,16.27
ITEM0001507,ORD000436,PROD00298,1,1958.18,27.63
ITEM0001508,ORD000437,PROD00117,3,28499.09,0.08
ITEM0001509,ORD000438,PROD00057,3,6857.15,9.26
ITEM0001510,ORD000438,PROD00043,3,5667.41,21.63
ITEM0001511,ORD000439,PROD00168,-2,786.46,32.76
ITEM0001512,ORD000439,PROD00090,4,12776.72,2.7
ITEM0001513,ORD000440,PROD00067,4,16473.79,8.09
ITEM0001514,ORD000440,PROD00150,1,35744.49,129.01
ITEM0001515,ORD000440,PROD00230,1,14806.16,11.08
ITEM0001516,ORD000441,PROD00024,3,18935.15,22.29
ITEM0001517,ORD000441,PROD00284,1,3583.48,0.2
ITEM0001518,ORD000441,PROD00171,4,1587.59,8.15
ITEM0001519,ORD000442,PROD00116,3,72895.77,27.99
ITEM0001520,ORD000442,PROD00094,3,18989.87,0.98
ITEM0001521,ORD000442,PROD00270,4,16051.61,13.89
ITEM0001522,ORD000442,PROD00217,1,21374.71,33.84
ITEM0001523,ORD000443,PROD00226,4,33228.57,20.3
ITEM0001524,ORD000443,PROD00044,4,36733.67,24.97
ITEM0001525,ORD000443,PROD00253,3,30181.5,11.06
ITEM0001526,ORD000443,PROD00268,5,247.24,18.34
ITEM0001527,ORD000444,PROD00206,5,17398.64,33.98
ITEM0001528,ORD000445,PROD00048,1,74181.94,4.06
ITEM0001529,ORD000446,PROD00160,3,4270.13,15.39
ITEM0001530,ORD000446,PROD00105,4,16922.48,31.35
ITEM0001531,ORD000446,PROD00136,1,15602.8,23.88
ITEM0001532,ORD000446,PROD00165,3,5849.47,1.87
ITEM0001533,ORD000446,PROD00003,2,47677.98,22.73
ITEM0001534,ORD000447,PROD00207,1,90137.22,7.22
ITEM0001535,ORD000447,PROD00059,1,1558.61,18.63
ITEM0001536,ORD000447,PROD00268,1,247.24,8.55
ITEM0001537,ORD000447,PROD_DUP_764,4,10284.38,9.08
ITEM0001538,ORD000448,PROD00033,3,25099.93,13.96
ITEM0001539,ORD000448,PROD00225,5,525.71,10.18
ITEM0001540,ORD000448,PROD00144,2,35676.4,10.6
ITEM0001541,ORD000448,PROD00036,1,9080.54,11.1
ITEM0001542,INVALID_ORD_65196,PROD00203,4,16125.87,18.49
ITEM0001543,ORD000449,PROD00218,3,808.31,2.77
ITEM0001544,ORD000450,INVALID_PROD_60199,1,6001.17,32.95
ITEM0001545,ORD000450,PROD00051,3,14882.87,32.18
ITEM0001546,ORD000450,PROD00164,2,136789.18,10.03
ITEM0001547,ORD000451,PROD00120,1,1922.05,9.46
ITEM0001548,ORD000451,PROD00005,4,938.76,28.75
ITEM0001549,ORD000452,PROD00110,4,8026.63,3.65
ITEM0001550,ORD000452,PROD00149,4,737.02,22.15
ITEM0001551,ORD000452,PROD00007,4,4079.3,1.59
ITEM0001552,ORD000452,PROD00220,5,53302.28,15.85
ITEM0001553,ORD000452,PROD00058,5,8762.42,34.44
ITEM0001554,ORD000452,PROD00166,3,13792.77,29.32
ITEM0001555,ORD000453,PROD00115,3,3345.82,29.98
ITEM0001556,ORD000453,PROD00222,5,529.14,14.93
ITEM0001557,ORD000453,PROD00080,3,8705.25,28.3
ITEM0001558,ORD000454,PROD00025,3,2571.12,146.48
ITEM0001559,ORD000454,PROD00060,5,14823.48,20.03
ITEM0001560,ORD000454,PROD00010,5,19555.43,11.46
ITEM0001561,ORD000455,PROD00017,5,42741.8,5.36
ITEM0001562,ORD000455,PROD00137,4,35792.4,17.69
ITEM0001563,ORD000455,PROD00106,5,1535.04,10.08
ITEM0001564,ORD000456,PROD00049,1,8241.32,1.23
ITEM0001565,ORD000456,PROD00196,2,19028.45,31.22
ITEM0001566,ORD000456,PROD00262,5,2761.19,1.89
ITEM0001567,ORD000456,PROD00104,1,10809.0,23.37
ITEM0001568,ORD000456,PROD00299,3,5860.91,5.2
ITEM0001569,ORD000456,PROD00083,2,56427.07,11.53
ITEM0001570,ORD000457,PROD00178,1,11840.22,7.5
ITEM0001571,ORD000457,PROD00220,1,53302.28,24.48
ITEM0001572,ORD000458,PROD00048,2,74181.94,22.84
ITEM0001573,ORD000458,PROD00074,2,2883.54,24.48
ITEM0001574,ORD000458,PROD00093,1,799.0,5.29
ITEM0001575,ORD000459,PROD00018,4,57851.82,9.13
ITEM0001576,ORD000459,PROD00261,4,35880.89,10.06
ITEM0001577,ORD000460,PROD00169,5,8770.94,27.78
ITEM0001578,ORD000460,PROD00002,5,13344.44,25.87
ITEM0001579,ORD000460,PROD00254,5,83824.83,7.83
ITEM0001580,ORD000460,PROD00094,4,18989.87,15.88
ITEM0001581,ORD000460,PROD00051,4,14882.87,2.5
ITEM0001582,ORD000460,PROD00044,2,36733.67,31.09
ITEM0001583,ORD000461,PROD00107,1,128039.99,6.57
ITEM0001584,ORD000461,PROD00023,2,13941.86,20.19
ITEM0001585,ORD000461,PROD00148,1,46265.49,25.52
ITEM0001586,ORD000461,PROD00088,1,9502.99,18.33
ITEM0001587,ORD000461,PROD00243,1,19132.03,25.18
ITEM0001588,ORD000461,PROD00300,0,1163.82,18.44
ITEM0001589,ORD000462,PROD00266,2,150138.51,7.88
ITEM0001590,ORD000462,INVALID_PROD_46939,5,808.31,149.82
ITEM0001591,ORD000462,PROD00108,4,13444.93,8.12
ITEM0001592,ORD000462,PROD00279,3,13479.28,19.57
ITEM0001593,ORD000463,PROD00277,1,10462.69,34.46
ITEM0001594,ORD000463,PROD00119,5,1779.27,7.31
ITEM0001595,ORD000464,PROD00295,3,6438.13,12.82
ITEM0001596,ORD000464,PROD00226,0,33228.57,11.23
ITEM0001597,ORD000464,PROD00183,3,9351.26,4.56
ITEM0001598,ORD000465,PROD00283,1,34928.13,0.96
ITEM0001599,ORD000465,PROD00092,5,3453.47,34.74
ITEM0001600,ORD000465,PROD00070,5,70038.79,34.14
ITEM0001601,ORD000466,PROD00264,4,57779.76,2.46
ITEM0001602,ORD000466,PROD00151,1,75177.2,33.15
ITEM0001603,ORD000466,PROD00018,4,57851.82,14.56
ITEM0001604,ORD000467,PROD00206,2,17398.64,3.5
ITEM0001605,ORD000468,PROD00221,1,6476.61,20.66
ITEM0001606,ORD000469,PROD00014,5,10284.38,3.99
ITEM0001607,ORD000469,PROD00030,2,46619.52,147.92
ITEM0001608,ORD000470,PROD00293,-2,6508.01,3.41
ITEM0001609,ORD000470,PROD00071,1,6126.45,32.18
ITEM0001610,ORD000470,PROD00024,4,18935.15,6.39
ITEM0001611,ORD000470,PROD00153,2,33477.66,32.61
ITEM0001612,ORD000471,PROD00165,1,5849.47,29.21
ITEM0001613,ORD000471,PROD00013,3,1794.74,28.25
ITEM0001614,ORD000471,PROD00062,-2,1755.31,15.76
ITEM0001615,ORD000472,PROD00018,5,57851.82,23.15
ITEM0001616,ORD000472,PROD00120,3,1922.05,0.39
ITEM0001617,ORD000472,PROD00051,5,14882.87,33.85
ITEM0001618,ORD000472,PROD00135,3,973.62,24.64
ITEM0001619,INVALID_ORD_32053,PROD00276,1,3225.79,10.3
ITEM0001620,ORD000472,PROD00162,3,44239.81,12.65
ITEM0001621,ORD000473,PROD00167,4,15629.7,0.34
ITEM0001622,ORD000473,PROD00025,1,2571.12,27.96
ITEM0001623,ORD000473,PROD00125,1,3811.77,7.84
ITEM0001624,ORD000474,PROD00041,3,13175.99,22.02
ITEM0001625,ORD000474,PROD00246,1,49840.91,27.42
ITEM0001626,ORD000474,PROD00222,3,529.14,145.58
ITEM0001627,ORD000474,PROD00020,1,70058.39,29.72
ITEM0001628,ORD000474,PROD00237,4,3389.65,25.61
ITEM0001629,ORD000474,PROD00226,3,33228.57,9.87
ITEM0001630,ORD000475,PROD00073,3,36426.6,15.52
ITEM0001631,ORD000475,PROD00099,5,10679.39,11.6
ITEM0001632,ORD000475,PROD00260,1,51829.61,27.74
ITEM0001633,ORD000475,PROD00091,3,922.64,12.88
ITEM0001634,ORD000475,PROD00012,3,16414.48,0.75
ITEM0001635,ORD000476,PROD00255,3,8717.28,9.61
ITEM0001636,ORD000477,PROD00199,2,37442.17,3.55
ITEM0001637,ORD000477,PROD00118,2,85972.81,16.05
ITEM0001638,ORD000477,PROD00084,3,49768.99,14.47
ITEM0001639,ORD000477,PROD00150,3,35744.49,12.79
ITEM0001640,ORD000478,PROD00093,3,799.0,23.25
ITEM0001641,ORD000478,PROD00261,1,35880.89,27.83
ITEM0001642,ORD000478,PROD00066,3,5087.99,9.77
ITEM0001643,ORD000478,PROD00081,5,14240.57,34.27
ITEM0001644,ORD000478,PROD00137,3,35792.4,20.13
ITEM0001645,ORD000479,PROD00295,3,6438.13,30.24
ITEM0001646,ORD000480,PROD00121,5,79730.15,19.61
ITEM0001647,ORD000480,PROD00258,4,11131.97,16.68
ITEM0001648,ORD000480,PROD00204,4,56411.49,20.03
ITEM0001649,ORD000480,PROD00232,5,20147.3,29.98
ITEM0001650,ORD000481,PROD00052,5,8276.3,29.63
ITEM0001651,ORD000481,PROD00157,4,7028.69,14.88
ITEM0001652,ORD000481,PROD00030,5,46619.52,6.64
ITEM0001653,ORD000481,PROD00195,3,45234.5,22.7
ITEM0001654,ORD000481,PROD00230,4,14806.16,141.74
ITEM0001655,ORD000482,PROD00230,3,14806.16,13.12
ITEM0001656,ORD000482,PROD00109,5,9016.47,14.55
ITEM0001657,ORD000482,PROD00156,3,263.76,16.85
ITEM0001658,ORD000482,PROD00057,3,6857.15,29.61
ITEM0001659,ORD000483,PROD00070,3,70038.79,24.4
ITEM0001660,ORD000484,PROD00132,5,1220.54,27.45
ITEM0001661,ORD000484,PROD00276,3,3225.79,12.96
ITEM0001662,ORD000484,PROD00111,4,8072.67,32.68
ITEM0001663,ORD000485,PROD00173,3,77771.82,13.66
ITEM0001664,ORD000485,PROD00210,2,116861.98,9.5
ITEM0001665,ORD000485,PROD00171,1,1587.59,33.32
ITEM0001666,ORD000486,PROD00231,2,2536.84,4.58
ITEM0001667,ORD000486,PROD00074,4,2883.54,17.76
ITEM0001668,ORD000486,PROD00031,5,14324.32,32.84
ITEM0001669,ORD000486,PROD00219,-4,916.28,14.34
ITEM0001670,ORD000486,PROD00277,1,10462.69,16.26
ITEM0001671,ORD000486,PROD00157,3,7028.69,26.96
ITEM0001672,ORD000487,PROD00101,3,90820.31,21.11
ITEM0001673,ORD000487,PROD00053,4,1294.67,30.47
ITEM0001674,ORD000487,PROD00270,3,16051.61,14.7
ITEM0001675,ORD000488,PROD_DUP_764,1,10284.38,14.99
ITEM0001676,ORD000489,PROD00242,2,49321.02,1.26
ITEM0001677,ORD000489,PROD00038,3,3024.72,2.17
ITEM0001678,ORD000489,PROD00073,2,36426.6,0.74
ITEM0001679,ORD000489,PROD00111,3,8072.67,4.95
ITEM0001680,ORD000489,PROD00246,3,49840.91,15.13
ITEM0001681,ORD000489,PROD00090,3,12776.72,0.13
ITEM0001682,ORD000490,PROD00296,3,75276.41,4.13
ITEM0001683,ORD000490,PROD00294,3,12314.4,8.65
ITEM0001684,ORD000490,PROD00278,2,48030.22,31.7
ITEM0001685,ORD000490,PROD00183,5,9351.26,22.87
ITEM0001686,ORD000490,PROD00097,2,8629.08,34.35
ITEM0001687,ORD000490,PROD00198,4,88452.16,8.88
ITEM0001688,ORD000491,PROD00097,5,8629.08,12.5
ITEM0001689,ORD000491,PROD00147,2,10375.1,8.48
ITEM0001690,ORD000491,PROD00124,3,31585.25,11.36
ITEM0001691,ORD000492,PROD00092,4,3453.47,27.75
ITEM0001692,ORD000493,PROD00105,1,16922.48,33.21
ITEM0001693,ORD000493,PROD00102,2,20526.64,5.1
ITEM0001694,ORD000493,PROD00157,5,7028.69,13.81
ITEM0001695,ORD000493,PROD00237,4,3389.65,17.86
ITEM0001696,ORD000493,PROD00292,3,148693.56,6.0
ITEM0001697,ORD000494,PROD00227,2,2030.73,17.43
ITEM0001698,ORD000494,PROD00043,1,5667.41,24.67
ITEM0001699,ORD000494,PROD00085,5,3944.47,27.8
ITEM0001700,ORD000494,PROD00145,1,7654.14,2.6
ITEM0001701,ORD000495,PROD00010,-3,19555.43,2.71
ITEM0001702,ORD000495,PROD00236,1,38161.26,27.15
ITEM0001703,ORD000496,PROD00128,4,2957.45,14.78
ITEM0001704,ORD000496,PROD00052,3,8276.3,12.52
ITEM0001705,ORD000496,PROD00299,2,5860.91,23.16
ITEM0001706,ORD000496,PROD00059,3,1558.61,15.5
ITEM0001707,ORD000496,PROD00047,2,1949.22,25.34
ITEM0001708,ORD000496,PROD00237,3,3389.65,33.29
ITEM0001709,ORD000497,PROD00256,-2,19894.86,33.03
ITEM0001710,ORD000498,PROD00228,2,12035.67,20.84
ITEM0001711,ORD000498,PROD00023,1,13941.86,3.42
ITEM0001712,ORD000498,PROD00149,5,737.02,28.95
ITEM0001713,ORD000498,PROD00081,2,14240.57,9.14
ITEM0001714,ORD000498,PROD00213,1,67924.54,9.45
ITEM0001715,ORD000498,PROD00219,4,916.28,10.96
ITEM0001716,ORD000499,PROD00128,3,2957.45,9.69
ITEM0001717,ORD000499,PROD00033,5,25099.93,27.52
ITEM0001718,ORD000499,PROD00174,1,6796.1,8.48
ITEM0001719,ORD000500,PROD00293,3,6508.01,33.67
ITEM0001720,ORD000501,PROD00030,2,46619.52,6.67
ITEM0001721,ORD000501,PROD00141,4,738.47,14.6
ITEM0001722,ORD000501,PROD00132,5,1220.54,5.24
ITEM0001723,ORD000501,PROD00005,3,938.76,30.27
ITEM0001724,ORD000502,PROD_DUP_765,3,60305.75,14.53
ITEM0001725,ORD000502,PROD00252,3,8369.69,25.86
ITEM0001726,ORD000502,PROD00256,1,19894.86,19.53
ITEM0001727,ORD000502,PROD00196,1,19028.45,33.15
ITEM0001728,ORD000503,PROD00170,3,12487.59,5.96
ITEM0001729,ORD000503,PROD00281,4,2777.16,1.63
ITEM0001730,ORD000503,PROD00149,1,737.02,9.76
ITEM0001731,ORD000503,PROD00134,2,281.46,22.02
ITEM0001732,ORD000503,PROD00032,3,15757.18,28.67
ITEM0001733,ORD000503,PROD00263,4,4176.74,14.37
ITEM0001734,ORD000504,PROD00228,1,12035.67,14.38
ITEM0001735,ORD000504,PROD00259,1,32817.74,32.44
ITEM0001736,ORD000504,PROD00196,5,19028.45,1.54
ITEM0001737,ORD000504,PROD00136,2,15602.8,5.4
ITEM0001738,ORD000504,PROD00240,4,56530.69,1.66
ITEM0001739,ORD000505,PROD00043,3,5667.41,15.13
ITEM0001740,ORD000505,PROD00235,3,9096.22,25.99
ITEM0001741,ORD000505,PROD00003,4,47677.98,6.27
ITEM0001742,ORD000505,PROD00189,3,9958.04,21.88
ITEM0001743,ORD000506,PROD00024,4,18935.15,3.23
ITEM0001744,ORD000506,PROD00091,5,922.64,30.24
ITEM0001745,ORD000506,PROD00006,5,3286.66,5.55
ITEM0001746,ORD000506,PROD00187,5,8729.44,14.8
ITEM0001747,ORD000507,PROD00028,5,59359.69,24.04
ITEM0001748,ORD000507,PROD00300,3,1163.82,21.98
ITEM0001749,ORD000507,PROD_DUP_765,5,60305.75,3.17
ITEM0001750,ORD000508,PROD00176,4,10514.42,7.57
ITEM0001751,ORD000508,PROD00008,5,2233.33,17.18
ITEM0001752,ORD000509,PROD00207,2,90137.22,13.94
ITEM0001753,ORD000510,PROD00116,3,72895.77,30.97
ITEM0001754,ORD000511,PROD00064,4,6397.09,2.69
ITEM0001755,ORD000511,PROD00078,5,80173.3,12.15
ITEM0001756,ORD000511,PROD00099,4,10679.39,27.32
ITEM0001757,ORD000512,PROD00263,4,4176.74,2.12
ITEM0001758,ORD000512,PROD00168,3,786.46,34.8
ITEM0001759,ORD000512,PROD00199,5,37442.17,19.57
ITEM0001760,ORD000512,PROD00105,5,16922.48,29.41
ITEM0001761,ORD000513,PROD00148,1,46265.49,22.39
ITEM0001762,ORD000513,PROD00166,5,13792.77,33.61
ITEM0001763,ORD000513,PROD00289,2,1903.39,9.68
ITEM0001764,ORD000513,PROD00161,-4,89959.13,18.68
ITEM0001765,ORD000513,PROD00255,1,8717.28,29.72
ITEM0001766,ORD000513,PROD00191,5,18482.44,16.36
ITEM0001767,ORD000514,PROD00162,5,44239.81,16.45
ITEM0001768,ORD000515,PROD00272,-5,43464.46,29.71
ITEM0001769,ORD000515,PROD00189,0,9958.04,33.04
ITEM0001770,ORD000515,PROD00026,1,19557.07,33.28
ITEM0001771,ORD000515,PROD00169,3,8770.94,121.31
ITEM0001772,ORD000515,PROD00249,-3,90613.5,5.6
ITEM0001773,ORD000515,PROD00167,1,15629.7,137.74
ITEM0001774,ORD000516,PROD00185,1,88426.11,1.96
ITEM0001775,ORD000516,PROD00081,3,14240.57,15.32
ITEM0001776,ORD000516,PROD00177,1,2661.74,34.42
ITEM0001777,ORD000516,PROD00062,5,1755.31,0.86
ITEM0001778,ORD000516,PROD00149,1,737.02,120.33
ITEM0001779,ORD000517,PROD00141,3,738.47,21.13
ITEM0001780,ORD000518,PROD00079,4,11534.5,27.46
ITEM0001781,ORD000518,PROD00293,5,6508.01,16.29
ITEM0001782,ORD000519,PROD00291,2,68752.62,7.13
ITEM0001783,ORD000520,PROD00188,4,26614.54,15.36
ITEM0001784,ORD000521,PROD00105,4,16922.48,21.55
ITEM0001785,ORD000522,PROD00275,1,1589.33,13.63
ITEM0001786,ORD000522,PROD00098,4,101886.16,12.25
ITEM0001787,ORD000522,PROD00044,3,36733.67,24.25
ITEM0001788,ORD000523,PROD00191,4,18482.44,1.11
ITEM0001789,ORD000523,PROD00164,1,136789.18,8.14
ITEM0001790,ORD000523,PROD00056,5,64832.21,16.76
ITEM0001791,ORD000524,PROD00123,0,16024.54,5.45
ITEM0001792,ORD000524,PROD00124,2,31585.25,26.56
ITEM0001793,ORD000525,PROD00198,1,88452.16,21.37
ITEM0001794,ORD000525,PROD00079,-4,11534.5,0.2
ITEM0001795,ORD000525,PROD00126,5,14276.93,15.01
ITEM0001796,ORD000525,PROD00021,4,1935.05,25.84
ITEM0001797,ORD000525,PROD00245,5,77190.55,7.09
ITEM0001798,ORD000526,PROD00106,4,1535.04,19.42
ITEM0001799,ORD000526,PROD00076,2,117743.14,19.75
ITEM0001800,ORD000526,PROD00298,5,1958.18,1.76
ITEM0001801,ORD000527,PROD00051,5,14882.87,3.65
ITEM0001802,ORD000527,PROD00212,2,18473.59,34.48
ITEM0001803,ORD000527,PROD00035,4,7731.0,0.39
ITEM0001804,ORD000528,PROD00259,5,32817.74,17.02
ITEM0001805,ORD000528,PROD00084,3,49768.99,13.21
ITEM0001806,ORD000528,PROD00012,4,16414.48,15.74
ITEM0001807,ORD000528,PROD00147,1,10375.1,15.97
ITEM0001808,ORD000529,PROD00112,1,958.5,7.42
ITEM0001809,ORD000530,PROD00280,3,93322.92,31.79
ITEM0001810,ORD000531,PROD00294,1,12314.4,9.51
ITEM0001811,ORD000531,PROD00127,2,6869.22,11.14
ITEM0001812,ORD000531,PROD00235,2,9096.22,7.58
ITEM0001813,ORD000531,PROD00259,1,32817.74,25.45
ITEM0001814,ORD000531,PROD00164,5,136789.18,23.93
ITEM0001815,ORD000532,PROD00272,0,43464.46,24.59
ITEM0001816,ORD000533,PROD00172,2,660.53,25.72
ITEM0001817,ORD000533,PROD00271,-4,69182.89,34.75
ITEM0001818,ORD000534,PROD00250,5,2595.77,22.11
ITEM0001819,ORD000534,PROD00040,3,6724.73,4.18
ITEM0001820,ORD000534,PROD00174,4,6796.1,20.8
ITEM0001821,ORD000535,PROD00130,2,11592.7,34.16
ITEM0001822,ORD000535,PROD00116,1,72895.77,16.72
ITEM0001823,ORD000535,PROD00017,0,42741.8,31.87
ITEM0001824,ORD000535,PROD00206,3,17398.64,11.62
ITEM0001825,ORD000535,PROD00209,4,48158.17,24.43
ITEM0001826,ORD000535,PROD00163,4,49503.31,31.6
ITEM0001827,ORD000536,PROD00077,3,949.09,14.07
ITEM0001828,ORD000536,PROD00092,5,3453.47,5.67
ITEM0001829,ORD000536,PROD00216,4,4233.5,23.32
ITEM0001830,ORD000537,PROD00054,2,59992.33,32.35
ITEM0001831,ORD000537,PROD00209,5,48158.17,21.57
ITEM0001832,ORD000537,PROD00275,5,1589.33,12.54
ITEM0001833,ORD000538,PROD00257,4,31755.6,15.08
ITEM0001834,ORD000538,PROD00117,3,28499.09,22.45
ITEM0001835,ORD000538,PROD00160,2,4270.13,24.71
ITEM0001836,ORD000538,PROD00297,2,1866.66,125.95
ITEM0001837,ORD000539,PROD00040,2,6724.73,9.99
ITEM0001838,ORD000540,PROD00300,4,1163.82,1.27
ITEM0001839,ORD000541,PROD00004,1,945.43,12.45
ITEM0001840,ORD000542,PROD00159,3,18880.93,8.7
ITEM0001841,ORD000542,PROD00243,5,19132.03,4.56
ITEM0001842,ORD000542,PROD00252,3,8369.69,5.47
ITEM0001843,ORD000543,PROD00162,2,44239.81,23.28
ITEM0001844,ORD000543,PROD00260,4,51829.61,1.98
ITEM0001845,ORD000543,PROD00102,2,20526.64,13.07
ITEM0001846,ORD000543,PROD00205,5,6001.17,15.66
ITEM0001847,ORD000543,PROD00207,1,90137.22,3.26
ITEM0001848,ORD000543,PROD00130,1,11592.7,33.27
ITEM0001849,ORD000544,PROD00076,4,117743.14,9.0
ITEM0001850,ORD000544,PROD00295,3,6438.13,4.91
ITEM0001851,ORD000545,PROD00183,1,9351.26,9.96
ITEM0001852,ORD000545,PROD00135,1,973.62,5.49
ITEM0001853,ORD000545,PROD00294,3,12314.4,31.61
ITEM0001854,ORD000545,PROD00256,3,19894.86,19.63
ITEM0001855,ORD000545,PROD00289,2,1903.39,23.56
ITEM0001856,ORD000545,PROD00084,5,49768.99,5.76
ITEM0001857,ORD000546,PROD00205,3,6001.17,23.06
ITEM0001858,ORD000547,PROD00254,4,83824.83,27.11
ITEM0001859,ORD000547,PROD00075,5,16738.37,15.98
ITEM0001860,ORD000548,PROD00145,1,7654.14,16.54
ITEM0001861,ORD000548,PROD00135,4,973.62,16.83
ITEM0001862,ORD000548,PROD00262,2,2761.19,128.03
ITEM0001863,ORD000548,PROD00039,1,4450.41,19.57
ITEM0001864,ORD000549,PROD00261,2,35880.89,13.27
ITEM0001865,ORD000549,PROD00063,2,4748.54,17.71
ITEM0001866,ORD000550,PROD00026,2,19557.07,0.06
ITEM0001867,ORD000550,PROD00241,5,15219.97,26.85
ITEM0001868,ORD000550,PROD00134,2,281.46,31.23
ITEM0001869,ORD000550,PROD00060,2,14823.48,7.16
ITEM0001870,ORD000551,PROD00240,1,56530.69,29.87
ITEM0001871,ORD000552,PROD00123,5,16024.54,8.35
ITEM0001872,ORD000552,PROD00277,3,10462.69,25.98
ITEM0001873,ORD000552,PROD00064,2,6397.09,3.53
ITEM0001874,ORD000552,PROD00202,3,2205.47,23.1
ITEM0001875,ORD000552,PROD00132,3,1220.54,17.68
ITEM0001876,ORD000552,PROD00238,4,10985.44,29.95
ITEM0001877,ORD000553,PROD00190,1,4989.53,13.47
ITEM0001878,ORD000553,PROD00228,4,12035.67,22.99
ITEM0001879,ORD000553,PROD00104,2,10809.0,0.12
ITEM0001880,ORD000553,PROD00269,1,2342.42,16.84
ITEM0001881,ORD000553,PROD00124,4,31585.25,17.31
ITEM0001882,ORD000554,PROD00098,5,101886.16,29.2
ITEM0001883,ORD000554,PROD00056,5,64832.21,3.77
ITEM0001884,ORD000554,PROD_DUP_764,5,10284.38,32.01
ITEM0001885,ORD000554,PROD00292,2,148693.56,5.14
ITEM0001886,ORD000554,PROD00052,4,8276.3,11.05
ITEM0001887,ORD000554,PROD00161,2,89959.13,29.83
ITEM0001888,ORD000555,PROD00253,1,30181.5,7.84
ITEM0001889,ORD000555,PROD00037,4,16473.88,2.49
ITEM0001890,ORD000555,PROD00153,4,33477.66,2.23
ITEM0001891,ORD000555,PROD00049,4,8241.32,4.99
ITEM0001892,ORD000555,PROD00011,1,53479.92,10.77
ITEM0001893,ORD000555,PROD00289,3,1903.39,23.46
ITEM0001894,ORD000556,PROD00029,1,12387.11,32.98
ITEM0001895,ORD000556,PROD00028,4,59359.69,0.1
ITEM0001896,ORD000556,PROD00254,4,83824.83,25.56
ITEM0001897,ORD000556,PROD00295,2,6438.13,17.43
ITEM0001898,ORD000557,PROD00096,2,15644.62,21.39
ITEM0001899,ORD000557,PROD00046,1,3348.49,23.39
ITEM0001900,ORD000557,PROD00106,5,1535.04,0.92
ITEM0001901,ORD000557,PROD00099,1,10679.39,8.79
ITEM0001902,ORD000558,PROD00290,4,41413.51,23.75
ITEM0001903,ORD000559,PROD00197,2,2320.69,132.99
ITEM0001904,ORD000559,PROD00073,4,36426.6,29.53
ITEM0001905,ORD000559,PROD00118,0,85972.81,15.56
ITEM0001906,ORD000559,PROD00057,5,6857.15,31.78
ITEM0001907,ORD000559,PROD00099,1,10679.39,124.21
ITEM0001908,ORD000559,PROD00054,3,59992.33,14.5
ITEM0001909,ORD000560,PROD00209,4,48158.17,27.87
ITEM0001910,ORD000561,PROD00171,1,1587.59,34.82
ITEM0001911,ORD000561,PROD00001,2,107560.75,15.88
ITEM0001912,ORD000561,PROD00237,3,3389.65,26.94
ITEM0001913,ORD000561,PROD00186,4,10600.32,20.58
ITEM0001914,ORD000561,PROD00155,1,6690.65,15.16
ITEM0001915,ORD000561,PROD00011,2,53479.92,27.42
ITEM0001916,ORD000562,PROD00096,1,15644.62,0.82
ITEM0001917,ORD000562,PROD00051,4,14882.87,29.74
ITEM0001918,ORD000562,PROD00113,1,14490.24,30.58
ITEM0001919,ORD000562,PROD00001,4,107560.75,31.18
ITEM0001920,ORD000563,PROD00104,1,10809.0,13.22
ITEM0001921,ORD000563,PROD00029,4,12387.11,15.11
ITEM0001922,ORD000563,PROD00028,2,59359.69,2.02
ITEM0001923,ORD000563,PROD00138,1,14451.36,20.09
ITEM0001924,ORD000563,PROD00241,4,15219.97,3.64
ITEM0001925,ORD000564,PROD00212,4,18473.59,13.55
ITEM0001926,ORD000564,PROD00237,3,3389.65,30.2
ITEM0001927,ORD000564,PROD00262,-2,2761.19,23.43
ITEM0001928,ORD000565,PROD00160,4,4270.13,17.8
ITEM0001929,INVALID_ORD_44407,PROD00132,2,1220.54,34.52
ITEM0001930,ORD000565,PROD00276,4,3225.79,8.88
ITEM0001931,ORD000565,PROD00120,1,1922.05,19.95
ITEM0001932,ORD000565,PROD00167,3,15629.7,142.5
ITEM0001933,ORD000566,PROD00111,4,8072.67,23.03
ITEM0001934,ORD000566,PROD00168,4,786.46,33.85
ITEM0001935,ORD000567,PROD00082,5,4931.74,29.13
ITEM0001936,ORD000567,PROD00061,2,168745.97,11.41
ITEM0001937,ORD000567,PROD00086,2,13674.52,19.95
ITEM0001938,ORD000567,PROD00241,5,15219.97,30.87
ITEM0001939,ORD000567,PROD00033,3,25099.93,24.82
ITEM0001940,ORD000568,PROD00012,1,16414.48,1.69
ITEM0001941,ORD000568,PROD00157,3,7028.69,12.15
ITEM0001942,ORD000568,PROD00034,3,2479.77,21.57
ITEM0001943,ORD000568,PROD00254,5,83824.83,30.29
ITEM0001944,ORD000568,PROD00038,5,3024.72,27.64
ITEM0001945,ORD000569,PROD00011,5,53479.92,33.5
ITEM0001946,ORD000570,PROD00268,1,247.24,10.79
ITEM0001947,ORD000570,PROD00219,4,916.28,16.33
ITEM0001948,ORD000570,PROD00143,2,9888.94,30.29
ITEM0001949,ORD000570,PROD00016,3,155813.5,12.06
ITEM0001950,ORD000571,PROD00006,3,3286.66,24.91
ITEM0001951,ORD000571,PROD00166,4,13792.77,1.17
ITEM0001952,ORD000571,PROD00043,3,5667.41,30.27
ITEM0001953,ORD000571,PROD00178,5,11840.22,27.06
ITEM0001954,ORD000571,PROD00156,4,263.76,3.52
ITEM0001955,ORD000571,PROD00178,5,11840.22,12.7
ITEM0001956,ORD000572,PROD00043,1,5667.41,14.12
ITEM0001957,ORD000573,PROD00069,2,1031.99,24.41
ITEM0001958,ORD000573,PROD00273,3,5839.38,5.79
ITEM0001959,ORD000573,PROD00121,5,79730.15,12.98
ITEM0001960,ORD000573,PROD00143,3,9888.94,8.44
ITEM0001961,ORD000573,PROD00061,1,168745.97,16.71
ITEM0001962,ORD000574,PROD00190,1,4989.53,31.25
ITEM0001963,ORD000575,PROD00081,0,14240.57,26.53
ITEM0001964,ORD000575,PROD00125,1,3811.77,28.55
ITEM0001965,ORD000576,PROD00113,2,14490.24,5.07
ITEM0001966,ORD000576,PROD00292,3,148693.56,20.16
ITEM0001967,ORD000576,PROD00224,2,54820.98,31.03
ITEM0001968,ORD000576,PROD00007,4,4079.3,11.4
ITEM0001969,ORD000576,PROD00268,1,247.24,18.15
ITEM0001970,ORD000576,PROD00150,1,35744.49,5.57
ITEM0001971,ORD000577,PROD00178,5,11840.22,6.62
ITEM0001972,ORD000577,PROD00232,1,20147.3,5.5
ITEM0001973,ORD000577,PROD00260,4,51829.61,18.33
ITEM0001974,ORD000578,PROD00069,2,1031.99,32.8
ITEM0001975,ORD000578,PROD00210,4,116861.98,2.95
ITEM0001976,ORD000578,PROD00070,4,70038.79,7.53
ITEM0001977,ORD000578,PROD00049,3,8241.32,32.37
ITEM0001978,ORD000578,PROD00279,5,13479.28,25.76
ITEM0001979,ORD000579,PROD_DUP_765,0,60305.75,1.09
ITEM0001980,ORD000579,PROD00171,2,1587.59,20.42
ITEM0001981,ORD000579,PROD00039,2,4450.41,27.18
ITEM0001982,ORD000579,PROD00200,3,23481.36,29.58
ITEM0001983,ORD000580,PROD00200,3,23481.36,5.55
ITEM0001984,ORD000580,PROD00197,2,2320.69,18.96
ITEM0001985,ORD000580,PROD00106,3,1535.04,23.68
ITEM0001986,ORD000580,PROD00068,5,15259.49,4.27
ITEM0001987,ORD000581,PROD00039,5,4450.41,1.55
ITEM0001988,ORD000581,PROD00292,5,148693.56,20.96
ITEM0001989,ORD000581,INVALID_PROD_55194,4,39804.94,18.15
ITEM0001990,ORD000581,PROD00073,1,36426.6,18.07
ITEM0001991,INVALID_ORD_46821,PROD00157,2,7028.69,17.34
ITEM0001992,ORD000583,PROD00126,4,14276.93,12.61
ITEM0001993,ORD000584,PROD00213,2,67924.54,20.34
ITEM0001994,ORD000584,PROD00038,2,3024.72,18.5
ITEM0001995,ORD000584,PROD00001,5,107560.75,18.16
ITEM0001996,ORD000584,PROD00016,5,155813.5,0.13
ITEM0001997,ORD000584,PROD00090,2,12776.72,27.3
ITEM0001998,ORD000584,PROD00016,5,155813.5,23.18
ITEM0001999,ORD000585,PROD00108,4,13444.93,6.94
ITEM0002000,ORD000585,PROD00254,4,83824.83,19.57
ITEM0002001,ORD000585,PROD00038,5,3024.72,1.92
ITEM0002002,ORD000586,PROD00153,2,33477.66,16.41
ITEM0002003,ORD000586,PROD00169,4,8770.94,6.18
ITEM0002004,ORD000586,PROD00285,1,87613.3,26.14
ITEM0002005,ORD000586,PROD00086,5,13674.52,31.18
ITEM0002006,ORD000586,PROD00082,4,4931.74,112.29
ITEM0002007,ORD000587,PROD00109,1,9016.47,3.97
ITEM0002008,ORD000587,PROD00009,3,11170.3,4.92
ITEM0002009,ORD000587,PROD00270,5,16051.61,18.66
ITEM0002010,ORD000587,PROD00086,1,13674.52,9.16
ITEM0002011,ORD000587,PROD00067,4,16473.79,19.36
ITEM0002012,ORD000587,PROD00005,5,938.76,1.49
ITEM0002013,ORD000588,PROD00236,5,38161.26,11.33
ITEM0002014,ORD000589,PROD00087,2,9237.82,2.63
ITEM0002015,ORD000589,PROD00017,-2,42741.8,19.8
ITEM0002016,ORD000589,PROD00047,5,1949.22,32.06
ITEM0002017,ORD000589,PROD00199,1,37442.17,14.1
ITEM0002018,ORD000589,PROD00254,2,83824.83,22.15
ITEM0002019,ORD000589,INVALID_PROD_68727,0,2571.12,25.75
ITEM0002020,ORD000590,PROD00180,2,45620.93,0.95
ITEM0002021,ORD000590,PROD00096,4,15644.62,1.25
ITEM0002022,ORD000590,PROD00296,3,75276.41,8.55
ITEM0002023,ORD000590,PROD00186,1,10600.32,3.52
ITEM0002024,ORD000590,PROD00065,1,10942.37,1.93
ITEM0002025,ORD000590,PROD_DUP_764,0,10284.38,10.83
ITEM0002026,ORD000591,PROD00174,5,6796.1,11.81
ITEM0002027,ORD000591,PROD00026,2,19557.07,34.31
ITEM0002028,ORD000592,PROD00247,3,60305.75,20.58
ITEM0002029,ORD000592,PROD00010,-1,19555.43,19.34
ITEM0002030,ORD000592,PROD00073,4,36426.6,24.97
ITEM0002031,ORD000593,PROD00063,0,4748.54,133.1
ITEM0002032,ORD000593,PROD00190,3,4989.53,25.15
ITEM0002033,ORD000594,PROD00148,2,46265.49,26.7
ITEM0002034,ORD000594,PROD00011,0,53479.92,13.14
ITEM0002035,ORD000594,PROD00268,0,247.24,26.04
ITEM0002036,INVALID_ORD_47284,PROD00058,4,8762.42,33.92
ITEM0002037,ORD000594,PROD00297,2,1866.66,16.56
ITEM0002038,ORD000594,PROD00011,3,53479.92,22.66
ITEM0002039,ORD000595,PROD00264,3,57779.76,23.59
ITEM0002040,ORD000595,PROD00276,5,3225.79,27.46
ITEM0002041,ORD000595,PROD00073,1,36426.6,19.45
ITEM0002042,ORD000595,PROD00016,2,155813.5,7.96
ITEM0002043,ORD000595,PROD00152,1,4664.81,25.29
ITEM0002044,ORD000595,PROD00241,1,15219.97,15.32
ITEM0002045,ORD000596,PROD00033,3,25099.93,0.54
ITEM0002046,ORD000596,PROD00027,1,6786.44,0.65
ITEM0002047,ORD000597,PROD00180,3,45620.93,14.87
ITEM0002048,ORD000597,PROD00070,4,70038.79,7.11
ITEM0002049,ORD000597,PROD00020,-5,70058.39,18.22
ITEM0002050,ORD000597,PROD00166,1,13792.77,24.84
ITEM0002051,ORD000597,PROD00227,1,2030.73,0.21
ITEM0002052,ORD000598,PROD00031,-4,14324.32,6.07
ITEM0002053,ORD000598,PROD00166,2,13792.77,8.91
ITEM0002054,ORD000598,PROD00216,2,4233.5,31.76
ITEM0002055,ORD000598,PROD00036,4,9080.54,3.37
ITEM0002056,ORD000599,PROD00019,3,39804.94,5.77
ITEM0002057,ORD000599,PROD00097,5,8629.08,21.38
ITEM0002058,ORD000599,PROD00053,1,1294.67,31.13
ITEM0002059,ORD000599,PROD00300,4,1163.82,15.19
ITEM0002060,ORD000600,PROD00196,3,19028.45,29.29
ITEM0002061,ORD000601,PROD00133,4,16317.65,5.94
ITEM0002062,ORD000601,PROD00285,3,87613.3,23.82
ITEM0002063,ORD000601,PROD00157,2,7028.69,20.08
ITEM0002064,ORD000601,PROD00183,4,9351.26,20.26
ITEM0002065,ORD000602,PROD00062,1,1755.31,11.72
ITEM0002066,ORD000602,INVALID_PROD_81475,2,55423.01,11.28
ITEM0002067,ORD000602,PROD00006,2,3286.66,30.42
ITEM0002068,ORD000602,PROD00210,3,116861.98,26.69
ITEM0002069,ORD000603,PROD00271,1,69182.89,29.97
ITEM0002070,ORD000603,PROD00022,3,9177.73,17.11
ITEM0002071,ORD000603,PROD00278,2,48030.22,31.54
ITEM0002072,ORD000603,PROD00054,4,59992.33,14.06
ITEM0002073,ORD000603,PROD00034,5,2479.77,129.58
ITEM0002074,ORD000604,PROD00297,4,1866.66,16.98
ITEM0002075,ORD000605,PROD00179,-3,11703.98,15.28
ITEM0002076,ORD000605,PROD00060,3,14823.48,15.19
ITEM0002077,ORD000605,PROD00157,2,7028.69,22.18
ITEM0002078,ORD000606,PROD00212,4,18473.59,32.01
ITEM0002079,ORD000606,PROD00289,4,1903.39,5.74
ITEM0002080,ORD000606,PROD00086,3,13674.52,1.5
ITEM0002081,ORD000607,PROD00041,5,13175.99,14.32
ITEM0002082,ORD000607,PROD00056,3,64832.21,6.69
ITEM0002083,ORD000607,PROD00204,5,56411.49,33.23
ITEM0002084,ORD000607,PROD00228,4,12035.67,22.43
ITEM0002085,ORD000607,PROD00018,3,57851.82,20.41
ITEM0002086,ORD000607,PROD00004,2,945.43,8.32
ITEM0002087,ORD000608,PROD00129,2,55423.01,2.36
ITEM0002088,ORD000608,PROD00270,3,16051.61,12.06
ITEM0002089,ORD000608,PROD00062,4,1755.31,4.35
ITEM0002090,ORD000608,PROD00147,4,10375.1,0.88
ITEM0002091,ORD000609,PROD00276,4,3225.79,25.65
ITEM0002092,ORD000609,PROD00144,3,35676.4,14.61
ITEM0002093,ORD000609,PROD00100,1,9419.26,17.91
ITEM0002094,ORD000609,PROD00091,4,922.64,144.73
ITEM0002095,ORD000610,PROD00138,2,14451.36,10.44
ITEM0002096,ORD000610,PROD00243,5,19132.03,14.16
ITEM0002097,ORD000610,PROD00006,5,3286.66,23.72
ITEM0002098,ORD000610,PROD00036,5,9080.54,33.25
ITEM0002099,ORD000610,PROD00146,4,10852.71,18.44
ITEM0002100,ORD000611,PROD00240,2,56530.69,32.46
ITEM0002101,ORD000612,PROD00112,4,958.5,19.74
ITEM0002102,INVALID_ORD_56882,PROD00265,1,7815.58,26.71
ITEM0002103,ORD000612,PROD00104,0,10809.0,11.88
ITEM0002104,ORD000612,PROD00002,5,13344.44,19.87
ITEM0002105,ORD000613,PROD00147,4,10375.1,25.39
ITEM0002106,ORD000613,PROD00209,5,48158.17,8.19
ITEM0002107,ORD000613,PROD00068,2,15259.49,27.33
ITEM0002108,ORD000613,PROD00039,3,4450.41,20.29
ITEM0002109,ORD000614,PROD00274,2,3119.83,7.0
ITEM0002110,ORD000614,PROD00209,1,48158.17,10.88
ITEM0002111,ORD000614,PROD00243,0,19132.03,17.88
ITEM0002112,ORD000614,PROD00008,4,2233.33,24.0
ITEM0002113,ORD000614,PROD00037,1,16473.88,20.57
ITEM0002114,ORD000615,PROD00039,2,4450.41,15.55
ITEM0002115,ORD000615,PROD00277,3,10462.69,32.96
ITEM0002116,ORD000615,PROD00285,2,87613.3,27.55
ITEM0002117,ORD000615,PROD00265,1,7815.58,8.75
ITEM0002118,ORD000615,PROD00216,5,4233.5,33.12
ITEM0002119,ORD000616,PROD00225,2,525.71,14.5
ITEM0002120,ORD000617,PROD00175,4,5323.61,27.58
ITEM0002121,ORD000618,PROD00027,4,6786.44,23.77
ITEM0002122,ORD000618,PROD00252,1,8369.69,34.43
ITEM0002123,ORD000619,PROD00001,3,107560.75,34.46
ITEM0002124,ORD000619,PROD00020,5,70058.39,9.97
ITEM0002125,ORD000619,PROD00258,3,11131.97,15.7
ITEM0002126,ORD000619,PROD00285,4,87613.3,7.75
ITEM0002127,ORD000619,PROD00232,4,20147.3,14.56
ITEM0002128,ORD000620,PROD00170,1,12487.59,19.92
ITEM0002129,ORD000620,PROD00219,3,916.28,24.43
ITEM0002130,ORD000620,PROD00129,2,55423.01,32.6
ITEM0002131,ORD000620,PROD00127,4,6869.22,14.58
ITEM0002132,ORD000620,PROD00260,3,51829.61,15.85
ITEM0002133,ORD000621,PROD00186,5,10600.32,33.76
ITEM0002134,ORD000621,PROD00212,1,18473.59,28.16
ITEM0002135,ORD000621,PROD00099,4,10679.39,19.79
ITEM0002136,ORD000621,PROD00194,1,1718.09,11.35
ITEM0002137,ORD000621,PROD00200,4,23481.36,34.51
ITEM0002138,ORD000622,PROD00171,5,1587.59,31.96
ITEM0002139,ORD000622,PROD00002,2,13344.44,26.74
ITEM0002140,ORD000623,PROD00115,5,3345.82,1.08
ITEM0002141,ORD000624,PROD00047,2,1949.22,139.25
ITEM0002142,ORD000624,PROD00164,0,136789.18,14.46
ITEM0002143,ORD000624,PROD00237,1,3389.65,26.12
ITEM0002144,ORD000625,PROD00041,2,13175.99,5.83
ITEM0002145,ORD000625,PROD00188,5,26614.54,1.5
ITEM0002146,ORD000626,PROD00192,4,9826.54,10.54
ITEM0002147,ORD000626,PROD00077,0,949.09,31.73
ITEM0002148,ORD000626,PROD00002,3,13344.44,11.81
ITEM0002149,ORD000626,PROD00108,5,13444.93,29.33
ITEM0002150,ORD000627,PROD00208,1,11211.45,32.48
ITEM0002151,ORD000627,PROD00209,1,48158.17,2.78
ITEM0002152,ORD000627,PROD00011,2,53479.92,13.18
ITEM0002153,ORD000627,PROD_DUP_765,1,60305.75,8.06
ITEM0002154,ORD000627,PROD00199,5,37442.17,11.63
ITEM0002155,ORD000628,PROD00202,1,2205.47,27.12
ITEM0002156,ORD000628,PROD00011,3,53479.92,19.13
ITEM0002157,ORD000628,INVALID_PROD_32284,5,18880.93,20.59
ITEM0002158,ORD000629,PROD00280,1,93322.92,18.11
ITEM0002159,ORD000630,PROD00149,1,737.02,32.82
ITEM0002160,ORD000631,PROD00171,1,1587.59,4.23
ITEM0002161,ORD000631,PROD00124,4,31585.25,5.54
ITEM0002162,ORD000631,PROD00107,1,128039.99,10.3
ITEM0002163,ORD000632,PROD00084,1,49768.99,29.75
ITEM0002164,ORD000633,PROD00016,1,155813.5,13.56
ITEM0002165,ORD000633,PROD00286,4,11352.93,13.36
ITEM0002166,ORD000633,PROD00215,3,13895.27,6.93
ITEM0002167,ORD000633,PROD00190,1,4989.53,3.47
ITEM0002168,ORD000634,PROD00248,4,13070.96,28.16
ITEM0002169,ORD000634,PROD00104,2,10809.0,30.46
ITEM0002170,ORD000634,PROD00112,4,958.5,10.98
ITEM0002171,ORD000634,PROD00299,1,5860.91,21.17
ITEM0002172,ORD000635,PROD00013,2,1794.74,24.07
ITEM0002173,ORD000635,PROD00105,5,16922.48,13.2
ITEM0002174,ORD000635,PROD00207,5,90137.22,23.63
ITEM0002175,ORD000635,PROD00139,5,12429.19,21.15
ITEM0002176,ORD000635,PROD00005,5,938.76,8.12
ITEM0002177,ORD000635,PROD00153,1,33477.66,20.44
ITEM0002178,ORD000636,PROD00147,5,10375.1,10.19
ITEM0002179,ORD000636,PROD00096,4,15644.62,10.51
ITEM0002180,ORD000636,PROD00078,4,80173.3,21.05
ITEM0002181,ORD000636,PROD00084,5,49768.99,15.97
ITEM0002182,ORD000636,PROD00126,5,14276.93,27.92
ITEM0002183,ORD000637,PROD00087,5,9237.82,11.0
ITEM0002184,ORD000637,PROD00059,1,1558.61,18.72
ITEM0002185,ORD000637,PROD00001,4,107560.75,20.15
ITEM0002186,ORD000637,PROD00111,5,8072.67,13.78
ITEM0002187,ORD000637,PROD00245,3,77190.55,28.51
ITEM0002188,ORD000638,PROD00247,1,60305.75,14.22
ITEM0002189,ORD000638,PROD00271,4,69182.89,27.84
ITEM0002190,ORD000638,PROD00201,2,331.81,0.36
ITEM0002191,ORD000638,PROD00210,2,116861.98,18.05
ITEM0002192,ORD000639,PROD00130,4,11592.7,9.69
ITEM0002193,ORD000639,PROD00016,3,155813.5,33.73
ITEM0002194,ORD000639,INVALID_PROD_29340,5,1220.54,4.62
ITEM0002195,ORD000639,PROD00195,2,45234.5,1.1
ITEM0002196,ORD000639,PROD00091,5,922.64,32.13
ITEM0002197,ORD000640,PROD00013,0,1794.74,8.61
ITEM0002198,ORD000641,PROD00148,3,46265.49,14.66
ITEM0002199,INVALID_ORD_29322,PROD00087,2,9237.82,11.06
ITEM0002200,ORD000643,PROD00140,1,10466.68,11.45
ITEM0002201,ORD000644,PROD00075,4,16738.37,29.6
ITEM0002202,ORD000644,PROD00090,4,12776.72,33.42
ITEM0002203,ORD000644,PROD00102,2,20526.64,15.26
ITEM0002204,ORD000644,PROD00160,-2,4270.13,19.3
ITEM0002205,ORD000644,PROD00165,4,5849.47,14.5
ITEM0002206,ORD000644,PROD00090,5,12776.72,27.0
ITEM0002207,ORD000645,PROD00145,-1,7654.14,2.72
ITEM0002208,ORD000645,PROD00250,2,2595.77,12.9
ITEM0002209,ORD000645,PROD00131,4,2403.64,12.67
ITEM0002210,ORD000645,PROD00033,2,25099.93,7.71
ITEM0002211,ORD000646,PROD00211,4,235.37,10.6
ITEM0002212,ORD000646,PROD00263,5,4176.74,31.44
ITEM0002213,ORD000646,PROD00154,2,15820.26,11.89
ITEM0002214,ORD000647,PROD00093,3,799.0,15.04
ITEM0002215,ORD000647,PROD00273,4,5839.38,17.38
ITEM0002216,ORD000647,PROD00044,2,36733.67,9.93
ITEM0002217,ORD000648,PROD00038,2,3024.72,1.52
ITEM0002218,ORD000648,PROD00046,5,3348.49,13.1
ITEM0002219,ORD000648,PROD00071,3,6126.45,32.68
ITEM0002220,ORD000649,PROD00180,1,45620.93,0.81
ITEM0002221,ORD000649,PROD00221,1,6476.61,25.27
ITEM0002222,ORD000649,PROD00233,2,5457.87,114.75
ITEM0002223,ORD000649,PROD00274,3,3119.83,26.73
ITEM0002224,ORD000650,PROD00066,-5,5087.99,11.21
ITEM0002225,ORD000650,PROD00032,5,15757.18,25.6
ITEM0002226,ORD000650,PROD00295,3,6438.13,16.53
ITEM0002227,ORD000651,PROD00176,2,10514.42,8.4
ITEM0002228,ORD000652,PROD00108,2,13444.93,13.59
ITEM0002229,ORD000652,PROD00170,3,12487.59,12.12
ITEM0002230,ORD000652,PROD00196,2,19028.45,17.42
ITEM0002231,ORD000652,PROD00177,4,2661.74,34.45
ITEM0002232,ORD000652,PROD00125,5,3811.77,2.51
ITEM0002233,ORD000652,PROD00180,1,45620.93,12.37
ITEM0002234,ORD000653,PROD00272,2,43464.46,29.94
ITEM0002235,ORD000653,PROD00290,3,41413.51,29.06
ITEM0002236,ORD000653,PROD00229,5,17916.53,2.49
ITEM0002237,ORD000653,PROD00222,3,529.14,26.84
ITEM0002238,ORD000654,PROD00010,4,19555.43,14.68
ITEM0002239,ORD000654,PROD00194,-4,1718.09,7.32
ITEM0002240,ORD000654,PROD00051,5,14882.87,12.48
ITEM0002241,ORD000654,PROD00169,1,8770.94,1.12
ITEM0002242,ORD000655,PROD00175,2,5323.61,31.3
ITEM0002243,ORD000655,PROD00237,3,3389.65,13.96
ITEM0002244,ORD000655,PROD00273,3,5839.38,21.49
ITEM0002245,ORD000655,PROD00153,3,33477.66,0.46
ITEM0002246,ORD000656,PROD00052,5,8276.3,22.85
ITEM0002247,ORD000656,PROD00001,1,107560.75,6.86
ITEM0002248,ORD000656,PROD00093,5,799.0,25.72
ITEM0002249,ORD000656,PROD00130,2,11592.7,22.35
ITEM0002250,ORD000656,PROD00213,4,67924.54,1.02
ITEM0002251,ORD000656,PROD00113,3,14490.24,12.83
ITEM0002252,ORD000657,PROD00013,5,1794.74,31.54
ITEM0002253,ORD000657,PROD00099,1,10679.39,13.52
ITEM0002254,ORD000657,PROD00269,2,2342.42,34.62
ITEM0002255,ORD000657,PROD00031,4,14324.32,13.41
ITEM0002256,ORD000657,PROD00138,2,14451.36,0.85
ITEM0002257,ORD000657,PROD00285,2,87613.3,7.43
ITEM0002258,ORD000658,PROD00196,3,19028.45,1.33
ITEM0002259,ORD000658,PROD00202,1,2205.47,8.29
ITEM0002260,ORD000658,PROD00271,5,69182.89,8.95
ITEM0002261,ORD000659,PROD00031,4,14324.32,17.63
ITEM0002262,ORD000660,PROD00273,1,5839.38,15.96
ITEM0002263,ORD000660,PROD00201,3,331.81,15.0
ITEM0002264,ORD000660,PROD00190,4,4989.53,0.75
ITEM0002265,ORD000660,PROD00116,4,72895.77,11.21
ITEM0002266,ORD000660,PROD00144,4,35676.4,29.17
ITEM0002267,ORD000661,PROD00299,2,5860.91,18.52
ITEM0002268,ORD000661,PROD00206,3,17398.64,18.83
ITEM0002269,ORD000661,PROD00110,2,8026.63,9.23
ITEM0002270,ORD000661,PROD00090,1,12776.72,0.08
ITEM0002271,ORD000661,PROD00240,3,56530.69,7.08
ITEM0002272,ORD000662,PROD00223,3,31608.39,14.85
ITEM0002273,ORD000662,PROD00175,1,5323.61,4.94
ITEM0002274,ORD000662,PROD00104,1,10809.0,17.74
ITEM0002275,ORD000662,PROD00090,4,12776.72,30.3
ITEM0002276,ORD000662,PROD00028,3,59359.69,28.48
ITEM0002277,ORD000663,PROD00275,5,1589.33,2.77
ITEM0002278,ORD000664,PROD00258,1,11131.97,8.11
ITEM0002279,ORD000664,PROD00164,4,136789.18,3.5
ITEM0002280,ORD000664,PROD00208,5,11211.45,31.5
ITEM0002281,ORD000665,PROD00233,4,5457.87,31.95
ITEM0002282,ORD000665,PROD00171,2,1587.59,28.98
ITEM0002283,ORD000665,PROD00038,0,3024.72,13.82
ITEM0002284,ORD000665,PROD00222,3,529.14,10.75
ITEM0002285,ORD000665,PROD00121,3,79730.15,14.97
ITEM0002286,ORD000665,PROD00099,4,10679.39,6.03
ITEM0002287,ORD000666,PROD00276,5,3225.79,17.2
ITEM0002288,ORD000666,PROD00114,5,129739.16,31.52
ITEM0002289,ORD000666,PROD00083,2,56427.07,1.05
ITEM0002290,ORD000666,PROD00009,5,11170.3,2.16
ITEM0002291,ORD000667,PROD00040,3,6724.73,21.73
ITEM0002292,ORD000667,PROD00114,2,129739.16,17.07
ITEM0002293,ORD000667,PROD00173,5,77771.82,12.65
ITEM0002294,ORD000667,PROD00177,2,2661.74,27.07
ITEM0002295,ORD000667,PROD00065,5,10942.37,27.1
ITEM0002296,ORD000667,PROD00281,5,2777.16,25.52
ITEM0002297,ORD000668,PROD00099,1,10679.39,2.03
ITEM0002298,ORD000668,PROD00268,2,247.24,28.55
ITEM0002299,ORD000668,PROD00128,3,2957.45,34.87
ITEM0002300,ORD000668,PROD00227,5,2030.73,32.24
ITEM0002301,ORD000668,PROD00075,3,16738.37,24.63
ITEM0002302,ORD000668,PROD00074,1,2883.54,10.16
ITEM0002303,ORD000669,PROD00147,4,10375.1,7.04
ITEM0002304,ORD000669,PROD00121,3,79730.15,25.17
ITEM0002305,ORD000669,PROD00299,3,5860.91,19.61
ITEM0002306,ORD000669,PROD00285,3,87613.3,5.4
ITEM0002307,ORD000670,PROD00106,2,1535.04,11.82
ITEM0002308,ORD000670,PROD00287,4,1349.9,9.31
ITEM0002309,ORD000670,PROD00054,5,59992.33,8.83
ITEM0002310,ORD000670,PROD00240,4,56530.69,26.92
ITEM0002311,ORD000671,PROD00206,5,17398.64,4.02
ITEM0002312,ORD000671,PROD00035,4,7731.0,8.66
ITEM0002313,ORD000671,PROD00074,5,2883.54,15.9
ITEM0002314,ORD000671,PROD00168,1,786.46,30.96
ITEM0002315,ORD000671,PROD00171,5,1587.59,14.68
ITEM0002316,ORD000672,PROD00153,1,33477.66,4.16
ITEM0002317,ORD000672,PROD00024,4,18935.15,12.26
ITEM0002318,ORD000672,PROD00091,2,922.64,10.04
ITEM0002319,INVALID_ORD_51226,PROD00278,5,48030.22,23.22
ITEM0002320,ORD000672,PROD00128,3,2957.45,29.04
ITEM0002321,ORD000673,PROD00135,1,973.62,22.95
ITEM0002322,ORD000674,PROD00150,4,35744.49,23.12
ITEM0002323,ORD000675,PROD00087,5,9237.82,32.92
ITEM0002324,ORD000675,PROD00129,3,55423.01,0.29
ITEM0002325,ORD000675,PROD00235,4,9096.22,34.29
ITEM0002326,ORD000675,PROD00165,4,5849.47,6.81
ITEM0002327,ORD000675,PROD00003,5,47677.98,9.5
ITEM0002328,ORD000675,PROD00130,0,11592.7,6.73
ITEM0002329,ORD000676,PROD00082,2,4931.74,14.08
ITEM0002330,ORD000676,PROD00200,3,23481.36,5.41
ITEM0002331,ORD000676,PROD00238,4,10985.44,14.56
ITEM0002332,ORD000676,PROD00232,2,20147.3,8.33
ITEM0002333,ORD000676,PROD00164,4,136789.18,34.56
ITEM0002334,ORD000677,PROD00297,-5,1866.66,30.41
ITEM0002335,INVALID_ORD_82327,PROD00283,-5,34928.13,123.29
ITEM0002336,ORD000677,PROD00100,4,9419.26,13.91
ITEM0002337,ORD000678,PROD00083,2,56427.07,6.67
ITEM0002338,ORD000678,PROD00032,5,15757.18,19.99
ITEM0002339,ORD000678,PROD00086,2,13674.52,13.25
ITEM0002340,ORD000678,PROD00086,1,13674.52,29.79
ITEM0002341,ORD000679,PROD00288,1,12413.32,23.76
ITEM0002342,ORD000679,PROD00069,5,1031.99,24.31
ITEM0002343,ORD000679,PROD00080,5,8705.25,26.91
ITEM0002344,ORD000679,PROD00299,2,5860.91,19.58
ITEM0002345,ORD000679,PROD00277,4,10462.69,11.33
ITEM0002346,ORD000680,PROD00073,2,36426.6,29.72
ITEM0002347,ORD000681,PROD00077,5,949.09,22.92
ITEM0002348,ORD000681,PROD00050,4,635.92,12.26
ITEM0002349,ORD000681,PROD00285,0,87613.3,22.27
ITEM0002350,ORD000681,PROD00045,3,65694.03,26.53
ITEM0002351,ORD000682,PROD00153,1,33477.66,21.95
ITEM0002352,ORD000682,PROD00022,2,9177.73,17.78
ITEM0002353,ORD000682,PROD00050,3,635.92,18.95
ITEM0002354,ORD000682,PROD00288,5,12413.32,5.66
ITEM0002355,ORD000682,PROD00265,3,7815.58,20.54
ITEM0002356,ORD000682,PROD00023,5,13941.86,19.34
ITEM0002357,ORD000683,PROD00178,5,11840.22,17.26
ITEM0002358,ORD000683,PROD00011,1,53479.92,12.44
ITEM0002359,ORD000683,PROD00042,5,851.12,7.36
ITEM0002360,ORD000683,PROD00165,4,5849.47,31.77
ITEM0002361,ORD000684,PROD00192,4,9826.54,19.15
ITEM0002362,ORD000684,PROD00007,1,4079.3,19.67
ITEM0002363,ORD000684,PROD00109,4,9016.47,6.55
ITEM0002364,ORD000685,PROD00147,0,10375.1,34.06
ITEM0002365,ORD000685,PROD00293,1,6508.01,31.65
ITEM0002366,ORD000685,PROD00138,4,14451.36,28.31
ITEM0002367,ORD000685,PROD00249,2,90613.5,16.95
ITEM0002368,ORD000685,PROD00125,1,3811.77,11.67
ITEM0002369,ORD000685,PROD00275,-5,1589.33,21.63
ITEM0002370,ORD000686,PROD00030,1,46619.52,8.74
ITEM0002371,ORD000686,PROD00158,1,255.24,31.13
ITEM0002372,ORD000686,PROD00079,2,11534.5,30.38
ITEM0002373,ORD000686,PROD00177,4,2661.74,28.91
ITEM0002374,ORD000686,PROD00096,5,15644.62,33.51
ITEM0002375,ORD000686,PROD00183,3,9351.26,19.51
ITEM0002376,ORD000687,PROD00185,1,88426.11,13.46
ITEM0002377,ORD000687,PROD00257,4,31755.6,10.85
ITEM0002378,ORD000687,PROD00243,1,19132.03,6.15
ITEM0002379,ORD000687,PROD00208,3,11211.45,10.0
ITEM0002380,ORD000687,PROD00179,2,11703.98,34.15
ITEM0002381,ORD000688,PROD00004,3,945.43,10.9
ITEM0002382,ORD000688,PROD00198,2,88452.16,14.96
ITEM0002383,ORD000688,PROD00055,1,1893.42,22.69
ITEM0002384,ORD000688,PROD00226,3,33228.57,19.73
ITEM0002385,ORD000689,PROD00269,1,2342.42,32.59
ITEM0002386,ORD000689,PROD00040,5,6724.73,33.66
ITEM0002387,ORD000689,PROD00045,1,65694.03,24.98
ITEM0002388,ORD000689,PROD00236,3,38161.26,1.81
ITEM0002389,ORD000689,PROD00002,5,13344.44,15.35
ITEM0002390,ORD000690,PROD00213,5,67924.54,34.96
ITEM0002391,ORD000690,PROD00157,4,7028.69,18.66
ITEM0002392,ORD000691,PROD00214,1,9055.44,24.52
ITEM0002393,ORD000691,PROD00247,4,60305.75,11.07
ITEM0002394,ORD000691,PROD00277,3,10462.69,14.5
ITEM0002395,ORD000691,PROD00035,4,7731.0,22.41
ITEM0002396,ORD000691,PROD00165,2,5849.47,14.7
ITEM0002397,ORD000692,PROD00251,3,37604.62,34.82
ITEM0002398,ORD000692,PROD00155,3,6690.65,33.9
ITEM0002399,ORD000692,PROD00294,3,12314.4,3.29
ITEM0002400,ORD000692,PROD00265,1,7815.58,8.46
ITEM0002401,ORD000692,PROD00056,5,64832.21,20.35
ITEM0002402,ORD000692,PROD00088,2,9502.99,11.47
ITEM0002403,ORD000693,PROD00091,3,922.64,26.22
ITEM0002404,ORD000693,PROD00164,4,136789.18,13.41
ITEM0002405,ORD000694,PROD00239,3,18153.0,31.86
ITEM0002406,ORD000694,PROD00065,5,10942.37,17.35
ITEM0002407,ORD000694,PROD00106,1,1535.04,33.49
ITEM0002408,ORD000694,PROD00039,0,4450.41,22.1
ITEM0002409,ORD000694,PROD00119,3,1779.27,135.98
ITEM0002410,ORD000694,PROD00193,2,33770.04,9.72
ITEM0002411,ORD000695,PROD00092,5,3453.47,17.34
ITEM0002412,ORD000695,PROD00170,2,12487.59,30.65
ITEM0002413,ORD000695,PROD00117,3,28499.09,4.57
ITEM0002414,ORD000695,PROD00196,5,19028.45,26.06
ITEM0002415,ORD000695,PROD00275,3,1589.33,30.93
ITEM0002416,ORD000695,PROD00126,3,14276.93,30.7
ITEM0002417,ORD000696,PROD00185,2,88426.11,2.69
ITEM0002418,ORD000696,PROD00116,-5,72895.77,9.32
ITEM0002419,ORD000696,PROD00070,4,70038.79,6.87
ITEM0002420,ORD000697,PROD00019,3,39804.94,34.31
ITEM0002421,ORD000697,PROD00113,3,14490.24,8.4
ITEM0002422,ORD000697,PROD00285,1,87613.3,9.12
ITEM0002423,ORD000697,PROD00289,4,1903.39,20.29
ITEM0002424,ORD000698,PROD00185,4,88426.11,30.22
ITEM0002425,ORD000698,PROD00269,1,2342.42,33.93
ITEM0002426,ORD000698,PROD00199,1,37442.17,10.64
ITEM0002427,ORD000699,PROD00014,1,10284.38,11.66
ITEM0002428,ORD000699,PROD00201,3,331.81,26.79
ITEM0002429,ORD000699,PROD00020,4,70058.39,30.36
ITEM0002430,ORD000700,PROD00069,2,1031.99,1.47
ITEM0002431,ORD000700,PROD00032,4,15757.18,3.68
ITEM0002432,ORD000700,PROD00220,5,53302.28,25.86
ITEM0002433,ORD000700,PROD00124,3,31585.25,27.89
ITEM0002434,ORD000700,PROD00155,2,6690.65,5.39
ITEM0002435,ORD000700,PROD00069,2,1031.99,23.78
ITEM0002436,ORD000701,PROD00139,1,12429.19,10.06
ITEM0002437,ORD000702,PROD00075,3,16738.37,10.05
ITEM0002438,ORD000702,PROD00119,2,1779.27,0.95
ITEM0002439,ORD000703,PROD00270,5,16051.61,5.64
ITEM0002440,ORD000703,PROD00171,1,1587.59,19.85
ITEM0002441,ORD000703,PROD00120,3,1922.05,11.29
ITEM0002442,ORD000703,PROD00249,4,90613.5,25.78
ITEM0002443,ORD000704,PROD00250,4,2595.77,18.81
ITEM0002444,ORD000704,PROD00233,4,5457.87,13.16
ITEM0002445,ORD000704,PROD00002,5,13344.44,1.39
ITEM0002446,ORD000704,PROD00126,2,14276.93,33.19
ITEM0002447,ORD000705,PROD00172,4,660.53,14.75
ITEM0002448,ORD000705,PROD00102,4,20526.64,11.24
ITEM0002449,ORD000705,PROD00280,5,93322.92,15.92
ITEM0002450,ORD000705,PROD00094,3,18989.87,2.24
ITEM0002451,ORD000705,PROD00082,2,4931.74,18.55
ITEM0002452,ORD000705,PROD00268,1,247.24,11.39
ITEM0002453,ORD000706,PROD00173,5,77771.82,16.99
ITEM0002454,ORD000706,PROD00298,3,1958.18,1.48
ITEM0002455,ORD000707,PROD00143,3,9888.94,32.36
ITEM0002456,ORD000708,PROD00129,3,55423.01,18.28
ITEM0002457,ORD000708,PROD00291,2,68752.62,30.61
ITEM0002458,ORD000709,PROD00144,4,35676.4,21.48
ITEM0002459,ORD000710,PROD00236,3,38161.26,30.07
ITEM0002460,ORD000710,PROD00120,2,1922.05,22.54
ITEM0002461,ORD000710,PROD00041,-5,13175.99,8.48
ITEM0002462,ORD000710,PROD00138,3,14451.36,12.09
ITEM0002463,ORD000710,PROD00095,3,56114.19,7.87
ITEM0002464,ORD000710,PROD00098,-1,101886.16,0.16
ITEM0002465,ORD000711,PROD00286,4,11352.93,28.9
ITEM0002466,ORD000712,PROD00146,4,10852.71,5.89
ITEM0002467,ORD000712,PROD00138,5,14451.36,22.62
ITEM0002468,ORD000712,PROD00022,5,9177.73,4.77
ITEM0002469,ORD000712,PROD00235,1,9096.22,4.56
ITEM0002470,ORD000713,PROD00136,1,15602.8,2.17
ITEM0002471,ORD000713,PROD00189,3,9958.04,10.61
ITEM0002472,ORD000713,PROD00217,4,21374.71,17.76
ITEM0002473,ORD000713,PROD00292,3,148693.56,19.89
ITEM0002474,ORD000713,PROD00019,2,39804.94,5.97
ITEM0002475,ORD000713,PROD00167,2,15629.7,15.06
ITEM0002476,ORD000714,PROD00116,2,72895.77,10.32
ITEM0002477,ORD000714,PROD00031,2,14324.32,31.14
ITEM0002478,ORD000714,PROD00098,1,101886.16,23.65
ITEM0002479,ORD000714,PROD00274,2,3119.83,31.98
ITEM0002480,ORD000714,PROD00124,1,31585.25,34.7
ITEM0002481,ORD000714,PROD00206,3,17398.64,19.22
ITEM0002482,ORD000715,PROD00196,3,19028.45,21.95
ITEM0002483,ORD000715,PROD00019,4,39804.94,16.11
ITEM0002484,ORD000715,PROD00021,1,1935.05,10.3
ITEM0002485,ORD000715,PROD00149,5,737.02,21.21
ITEM0002486,ORD000716,PROD00054,1,59992.33,25.08
ITEM0002487,ORD000716,PROD00014,3,10284.38,1.91
ITEM0002488,ORD000717,PROD00032,4,15757.18,2.5
ITEM0002489,ORD000717,PROD00151,5,75177.2,19.9
ITEM0002490,ORD000717,PROD00213,3,67924.54,4.55
ITEM0002491,ORD000717,PROD00021,3,1935.05,1.02
ITEM0002492,ORD000717,PROD00005,2,938.76,17.97
ITEM0002493,ORD000717,PROD00020,4,70058.39,15.57
ITEM0002494,ORD000718,PROD00060,3,14823.48,12.09
ITEM0002495,ORD000718,PROD00207,1,90137.22,25.18
ITEM0002496,ORD000718,PROD00243,1,19132.03,27.25
ITEM0002497,ORD000718,PROD00059,1,1558.61,2.77
ITEM0002498,ORD000718,PROD00090,4,12776.72,26.3
ITEM0002499,ORD000718,PROD00135,1,973.62,30.0
ITEM0002500,ORD000719,PROD00131,4,2403.64,7.54
ITEM0002501,ORD000720,PROD00255,2,8717.28,5.1
ITEM0002502,ORD000721,PROD00017,5,42741.8,28.48
ITEM0002503,ORD000721,PROD00154,1,15820.26,27.69
ITEM0002504,ORD000721,PROD00220,5,53302.28,8.06
ITEM0002505,ORD000722,PROD00051,1,14882.87,22.92
ITEM0002506,ORD000723,PROD_DUP_765,1,60305.75,9.41
ITEM0002507,ORD000724,PROD00259,1,32817.74,21.85
ITEM0002508,ORD000724,PROD00057,5,6857.15,27.74
ITEM0002509,ORD000724,PROD00267,4,5023.39,2.69
ITEM0002510,ORD000724,PROD00132,5,1220.54,22.26
ITEM0002511,ORD000724,PROD00170,1,12487.59,22.57
ITEM0002512,ORD000725,PROD00222,5,529.14,31.3
ITEM0002513,ORD000725,PROD00043,1,5667.41,5.99
ITEM0002514,ORD000725,PROD00070,4,70038.79,0.67
ITEM0002515,ORD000725,PROD00242,4,49321.02,13.49
ITEM0002516,ORD000725,PROD00035,1,7731.0,31.18
ITEM0002517,ORD000726,PROD00258,5,11131.97,2.91
ITEM0002518,ORD000727,PROD00098,1,101886.16,6.24
ITEM0002519,ORD000727,PROD00128,4,2957.45,13.56
ITEM0002520,ORD000728,PROD00229,2,17916.53,25.67
ITEM0002521,ORD000729,PROD00206,1,17398.64,30.22
ITEM0002522,ORD000729,PROD00217,1,21374.71,0.7
ITEM0002523,ORD000729,PROD00123,-5,16024.54,19.88
ITEM0002524,ORD000729,PROD00245,4,77190.55,14.42
ITEM0002525,ORD000730,PROD00118,2,85972.81,22.69
ITEM0002526,ORD000730,PROD00201,4,331.81,138.64
ITEM0002527,ORD000730,PROD00182,1,60233.51,1.29
ITEM0002528,ORD000730,PROD00025,5,2571.12,14.56
ITEM0002529,ORD000731,PROD00025,5,2571.12,12.3
ITEM0002530,ORD000731,PROD00190,4,4989.53,2.72
ITEM0002531,ORD000731,PROD00148,1,46265.49,14.62
ITEM0002532,ORD000732,PROD00007,2,4079.3,20.45
ITEM0002533,ORD000732,PROD00226,4,33228.57,22.06
ITEM0002534,ORD000732,PROD00159,5,18880.93,17.27
ITEM0002535,ORD000733,PROD00122,2,1085.5,15.49
ITEM0002536,ORD000734,PROD00048,1,74181.94,11.65
ITEM0002537,ORD000734,PROD00021,3,1935.05,22.46
ITEM0002538,ORD000734,PROD00054,3,59992.33,32.89
ITEM0002539,ORD000734,PROD00091,5,922.64,8.67
ITEM0002540,ORD000734,PROD00019,2,39804.94,14.86
ITEM0002541,ORD000734,PROD00220,4,53302.28,16.52
ITEM0002542,ORD000735,PROD00167,1,15629.7,23.15
ITEM0002543,ORD000735,PROD00253,3,30181.5,17.38
ITEM0002544,ORD000736,PROD00030,4,46619.52,25.03
ITEM0002545,ORD000736,PROD00277,1,10462.69,8.72
ITEM0002546,ORD000737,PROD00258,2,11131.97,3.39
ITEM0002547,ORD000738,PROD00013,5,1794.74,18.21
ITEM0002548,ORD000739,PROD00059,4,1558.61,17.45
ITEM0002549,ORD000739,PROD00160,3,4270.13,7.82
ITEM0002550,ORD000739,PROD00205,1,6001.17,4.38
ITEM0002551,ORD000740,PROD00228,0,12035.67,9.4
ITEM0002552,ORD000740,PROD00020,0,70058.39,29.73
ITEM0002553,ORD000740,PROD00155,4,6690.65,4.97
ITEM0002554,ORD000740,PROD00272,5,43464.46,28.29
ITEM0002555,ORD000741,PROD00295,2,6438.13,15.74
ITEM0002556,ORD000741,PROD00098,5,101886.16,6.17
ITEM0002557,ORD000741,PROD00285,4,87613.3,10.63
ITEM0002558,ORD000741,PROD00115,4,3345.82,22.54
ITEM0002559,ORD000741,PROD00032,5,15757.18,27.23
ITEM0002560,ORD000742,PROD00227,4,2030.73,25.04
ITEM0002561,ORD000742,PROD00093,-5,799.0,5.55
ITEM0002562,ORD000742,PROD00085,4,3944.47,5.5
ITEM0002563,ORD000743,PROD00041,3,13175.99,33.6
ITEM0002564,ORD000743,PROD00219,0,916.28,18.31
ITEM0002565,ORD000743,PROD00023,-1,13941.86,33.09
ITEM0002566,ORD000743,PROD00163,5,49503.31,23.72
ITEM0002567,ORD000744,PROD00190,4,4989.53,20.18
ITEM0002568,ORD000744,PROD00169,3,8770.94,21.98
ITEM0002569,ORD000745,PROD00173,1,77771.82,19.27
ITEM0002570,ORD000745,PROD00102,3,20526.64,13.65
ITEM0002571,ORD000745,PROD00268,1,247.24,18.59
ITEM0002572,ORD000746,PROD00208,3,11211.45,19.46
ITEM0002573,ORD000746,PROD00040,3,6724.73,16.78
ITEM0002574,ORD000747,PROD00054,5,59992.33,18.44
ITEM0002575,ORD000747,PROD00218,1,808.31,24.88
ITEM0002576,ORD000747,PROD00116,2,72895.77,11.16
ITEM0002577,ORD000747,PROD00271,2,69182.89,8.8
ITEM0002578,ORD000747,PROD00045,5,65694.03,19.6
ITEM0002579,ORD000748,PROD00252,3,8369.69,16.02
ITEM0002580,ORD000748,PROD00114,5,129739.16,7.0
ITEM0002581,ORD000748,PROD00031,1,14324.32,15.63
ITEM0002582,ORD000748,PROD00001,1,107560.75,26.25
ITEM0002583,ORD000748,PROD00197,1,2320.69,15.83
ITEM0002584,ORD000748,PROD00200,1,23481.36,16.51
ITEM0002585,ORD000749,PROD00048,4,74181.94,11.06
ITEM0002586,ORD000749,PROD00033,3,25099.93,27.84
ITEM0002587,ORD000749,PROD00136,2,15602.8,2.63
ITEM0002588,ORD000750,PROD00231,3,2536.84,2.11
ITEM0002589,ORD000750,PROD00134,-4,281.46,17.24
ITEM0002590,ORD000750,PROD00045,5,65694.03,25.4
ITEM0002591,ORD000750,PROD_DUP_248,2,13444.93,27.65
ITEM0002592,ORD000750,PROD00169,5,8770.94,4.42
ITEM0002593,ORD000750,PROD00286,4,11352.93,9.12
ITEM0002594,ORD000751,PROD00242,1,49321.02,6.76
ITEM0002595,ORD000751,PROD00004,2,945.43,14.64
ITEM0002596,ORD000751,PROD00221,3,6476.61,23.37
ITEM0002597,ORD000752,PROD00092,4,3453.47,23.6
ITEM0002598,ORD000752,PROD00120,3,1922.05,26.46
ITEM0002599,ORD000752,PROD00127,5,6869.22,11.52
ITEM0002600,ORD000752,PROD00153,2,33477.66,20.24
ITEM0002601,ORD000753,PROD00132,3,1220.54,17.65
ITEM0002602,ORD000753,PROD00103,5,210.19,147.79
ITEM0002603,ORD000753,PROD00240,4,56530.69,5.75
ITEM0002604,ORD000754,PROD00123,5,16024.54,5.14
ITEM0002605,ORD000754,PROD00231,1,2536.84,24.14
ITEM0002606,ORD000754,PROD00137,-2,35792.4,28.8
ITEM0002607,ORD000755,PROD00239,2,18153.0,30.55
ITEM0002608,ORD000755,PROD00144,1,35676.4,26.93
ITEM0002609,ORD000755,PROD00275,1,1589.33,18.38
ITEM0002610,ORD000755,PROD00286,5,11352.93,14.02
ITEM0002611,ORD000755,PROD00131,2,2403.64,28.18
ITEM0002612,ORD000755,PROD00180,4,45620.93,27.37
ITEM0002613,ORD000756,PROD00209,1,48158.17,2.27
ITEM0002614,ORD000756,PROD00194,4,1718.09,18.46
ITEM0002615,ORD000756,PROD00033,-3,25099.93,22.39
ITEM0002616,ORD000757,PROD00292,1,148693.56,27.12
ITEM0002617,ORD000758,PROD00160,4,4270.13,25.3
ITEM0002618,ORD000758,PROD00221,4,6476.61,32.75
ITEM0002619,ORD000759,PROD00093,3,799.0,22.05
ITEM0002620,ORD000759,PROD00253,4,30181.5,19.32
ITEM0002621,ORD000760,PROD00234,1,491.09,22.33
ITEM0002622,ORD000760,PROD00293,3,6508.01,15.96
ITEM0002623,ORD000760,PROD00089,2,14553.94,20.92
ITEM0002624,ORD000760,PROD00014,5,10284.38,7.79
ITEM0002625,ORD000760,PROD00129,3,55423.01,16.74
ITEM0002626,ORD000760,PROD00050,1,635.92,34.72
ITEM0002627,ORD000761,PROD00286,1,11352.93,15.56
ITEM0002628,ORD000762,PROD00231,1,2536.84,14.96
ITEM0002629,ORD000763,PROD00060,2,14823.48,31.56
ITEM0002630,ORD000763,PROD00125,5,3811.77,10.36
ITEM0002631,ORD000764,PROD00115,3,3345.82,25.82
ITEM0002632,ORD000765,PROD00046,1,3348.49,10.5
ITEM0002633,ORD000765,PROD00168,5,786.46,23.4
ITEM0002634,ORD000766,PROD00230,4,14806.16,127.14
ITEM0002635,ORD000766,PROD00065,3,10942.37,2.34
ITEM0002636,ORD000766,PROD00111,3,8072.67,32.01
ITEM0002637,ORD000766,PROD00203,4,16125.87,28.12
ITEM0002638,ORD000766,PROD00224,5,54820.98,29.81
ITEM0002639,ORD000767,PROD00160,3,4270.13,4.1
ITEM0002640,ORD000767,PROD00100,2,9419.26,26.65
ITEM0002641,ORD000767,PROD00014,4,10284.38,9.62
ITEM0002642,ORD000767,PROD00298,3,1958.18,4.9
ITEM0002643,ORD000767,PROD00090,3,12776.72,22.48
ITEM0002644,ORD000767,PROD00175,1,5323.61,18.95
ITEM0002645,ORD000768,PROD00297,2,1866.66,4.15
ITEM0002646,ORD000768,PROD00010,2,19555.43,21.53
ITEM0002647,ORD000768,PROD00021,0,1935.05,23.33
ITEM0002648,INVALID_ORD_39900,PROD00189,5,9958.04,34.45
ITEM0002649,ORD000768,PROD00287,1,1349.9,17.95
ITEM0002650,ORD000769,PROD00159,-1,18880.93,34.03
ITEM0002651,ORD000770,PROD00139,4,12429.19,24.53
ITEM0002652,ORD000770,PROD00141,2,738.47,32.05
ITEM0002653,ORD000770,PROD00101,2,90820.31,4.19
ITEM0002654,ORD000770,PROD00137,5,35792.4,22.95
ITEM0002655,ORD000770,PROD00296,1,75276.41,25.74
ITEM0002656,ORD000770,PROD00195,5,45234.5,30.25
ITEM0002657,ORD000771,PROD00034,4,2479.77,24.48
ITEM0002658,ORD000771,PROD00189,5,9958.04,27.52
ITEM0002659,ORD000771,PROD00292,1,148693.56,14.72
ITEM0002660,ORD000772,PROD00043,3,5667.41,7.58
ITEM0002661,ORD000773,PROD00198,3,88452.16,22.11
ITEM0002662,ORD000774,PROD00137,5,35792.4,0.1
ITEM0002663,ORD000774,PROD00018,1,57851.82,28.14
ITEM0002664,ORD000774,PROD00015,3,3631.08,12.04
ITEM0002665,ORD000774,PROD00089,3,14553.94,19.14
ITEM0002666,ORD000774,PROD00277,1,10462.69,20.86
ITEM0002667,ORD000774,PROD00211,3,235.37,11.29
ITEM0002668,ORD000775,PROD00208,5,11211.45,9.9
ITEM0002669,ORD000776,PROD00231,3,2536.84,19.8
ITEM0002670,ORD000776,PROD00291,1,68752.62,22.54
ITEM0002671,ORD000776,PROD00203,4,16125.87,21.86
ITEM0002672,ORD000776,PROD00185,2,88426.11,29.14
ITEM0002673,ORD000776,PROD00194,5,1718.09,24.33
ITEM0002674,ORD000776,PROD00134,2,281.46,27.75
ITEM0002675,ORD000777,PROD_DUP_764,2,10284.38,18.89
ITEM0002676,ORD000777,PROD00248,5,13070.96,28.66
ITEM0002677,ORD000777,PROD00099,-4,10679.39,15.83
ITEM0002678,ORD000777,PROD00043,2,5667.41,27.65
ITEM0002679,ORD000777,PROD00157,5,7028.69,15.99
ITEM0002680,ORD000778,PROD00040,2,6724.73,20.74
ITEM0002681,ORD000778,PROD00061,-3,168745.97,2.01
ITEM0002682,ORD000778,PROD00052,2,8276.3,2.62
ITEM0002683,ORD000778,PROD00002,1,13344.44,12.52
ITEM0002684,ORD000778,PROD00056,2,64832.21,17.72
ITEM0002685,ORD000779,PROD00299,3,5860.91,11.44
ITEM0002686,ORD000779,PROD00293,4,6508.01,15.1
ITEM0002687,ORD000779,PROD00052,2,8276.3,24.23
ITEM0002688,ORD000779,PROD00289,5,1903.39,29.41
ITEM0002689,ORD000779,PROD00067,1,16473.79,3.78
ITEM0002690,ORD000779,PROD00057,1,6857.15,18.03
ITEM0002691,ORD000780,PROD00020,5,70058.39,26.5
ITEM0002692,ORD000780,PROD00211,1,235.37,27.58
ITEM0002693,ORD000780,PROD00289,3,1903.39,29.59
ITEM0002694,ORD000781,PROD00033,2,25099.93,24.36
ITEM0002695,ORD000782,PROD00297,4,1866.66,34.54
ITEM0002696,ORD000782,PROD00126,2,14276.93,27.96
ITEM0002697,ORD000782,PROD00199,5,37442.17,10.75
ITEM0002698,ORD000782,PROD00087,2,9237.82,17.03
ITEM0002699,ORD000783,PROD00029,3,12387.11,34.85
ITEM0002700,ORD000783,PROD00007,3,4079.3,21.52
ITEM0002701,ORD000783,PROD00139,2,12429.19,19.02
ITEM0002702,ORD000783,PROD00170,4,12487.59,24.51
ITEM0002703,ORD000783,PROD00240,3,56530.69,1.76
ITEM0002704,INVALID_ORD_80420,PROD00299,1,5860.91,25.94
ITEM0002705,ORD000784,PROD00261,1,35880.89,19.31
ITEM0002706,ORD000784,PROD00189,2,9958.04,21.94
ITEM0002707,ORD000784,PROD00050,4,635.92,4.95
ITEM0002708,ORD000784,PROD00246,2,49840.91,5.67
ITEM0002709,ORD000784,PROD00039,4,4450.41,27.12
ITEM0002710,ORD000785,PROD00135,2,973.62,29.44
ITEM0002711,ORD000785,PROD00057,2,6857.15,26.67
ITEM0002712,ORD000786,PROD00191,2,18482.44,4.85
ITEM0002713,ORD000786,PROD00113,-1,14490.24,3.96
ITEM0002714,ORD000786,PROD00218,3,808.31,9.87
ITEM0002715,ORD000786,PROD00245,5,77190.55,33.76
ITEM0002716,ORD000786,PROD00071,2,6126.45,0.82
ITEM0002717,ORD000786,PROD00219,1,916.28,13.98
ITEM0002718,ORD000787,PROD00299,5,5860.91,12.3
ITEM0002719,ORD000787,PROD00224,3,54820.98,0.54
ITEM0002720,ORD000787,PROD00223,3,31608.39,5.88
ITEM0002721,ORD000787,PROD00207,2,90137.22,0.92
ITEM0002722,ORD000788,PROD00055,5,1893.42,1.67
ITEM0002723,ORD000789,PROD00095,2,56114.19,30.95
ITEM0002724,ORD000789,PROD00248,1,13070.96,33.47
ITEM0002725,ORD000789,PROD00292,2,148693.56,4.84
ITEM0002726,ORD000790,PROD00156,2,263.76,34.19
ITEM0002727,ORD000791,PROD00242,3,49321.02,14.47
ITEM0002728,ORD000791,PROD00250,1,2595.77,28.25
ITEM0002729,ORD000791,PROD00035,1,7731.0,31.59
ITEM0002730,ORD000791,PROD00299,1,5860.91,11.27
ITEM0002731,ORD000792,PROD00206,1,17398.64,7.36
ITEM0002732,ORD000792,PROD00155,3,6690.65,34.31
ITEM0002733,ORD000792,PROD00298,2,1958.18,16.16
ITEM0002734,ORD000792,PROD00178,1,11840.22,22.61
ITEM0002735,ORD000792,PROD00034,1,2479.77,17.42
ITEM0002736,ORD000793,PROD00143,1,9888.94,28.89
ITEM0002737,ORD000793,PROD00131,2,2403.64,15.45
ITEM0002738,ORD000793,PROD00208,4,11211.45,10.83
ITEM0002739,ORD000794,PROD00235,1,9096.22,14.25
ITEM0002740,ORD000794,PROD00251,4,37604.62,15.59
ITEM0002741,ORD000794,PROD00214,4,9055.44,13.12
ITEM0002742,ORD000794,PROD00121,2,79730.15,22.42
ITEM0002743,ORD000794,PROD00267,1,5023.39,29.92
ITEM0002744,ORD000794,PROD00110,3,8026.63,22.15
ITEM0002745,ORD000795,PROD00234,1,491.09,25.17
ITEM0002746,ORD000795,PROD00227,1,2030.73,13.06
ITEM0002747,ORD000795,PROD00014,1,10284.38,27.17
ITEM0002748,ORD000795,PROD00078,4,80173.3,6.14
ITEM0002749,ORD000796,PROD00284,3,3583.48,9.04
ITEM0002750,ORD000796,PROD00176,2,10514.42,17.43
ITEM0002751,ORD000796,PROD00273,3,5839.38,22.75
ITEM0002752,ORD000796,PROD00080,3,8705.25,17.69
ITEM0002753,INVALID_ORD_54942,PROD00079,1,11534.5,2.55
ITEM0002754,ORD000797,PROD00208,1,11211.45,5.47
ITEM0002755,ORD000797,PROD00055,3,1893.42,21.8
ITEM0002756,ORD000797,PROD00119,4,1779.27,20.08
ITEM0002757,ORD000797,PROD00061,5,168745.97,34.65
ITEM0002758,ORD000797,PROD00092,0,3453.47,25.49
ITEM0002759,ORD000798,PROD00199,1,37442.17,11.75
ITEM0002760,INVALID_ORD_90014,PROD00130,3,11592.7,13.89
ITEM0002761,ORD000798,PROD00136,1,15602.8,28.01
ITEM0002762,ORD000798,PROD00088,1,9502.99,14.14
ITEM0002763,ORD000798,PROD00030,4,46619.52,3.38
ITEM0002764,ORD000799,PROD00239,3,18153.0,20.66
ITEM0002765,ORD000799,PROD00296,-4,75276.41,18.31
ITEM0002766,ORD000799,PROD00042,3,851.12,31.46
ITEM0002767,ORD000799,PROD00254,1,83824.83,27.65
ITEM0002768,ORD000799,PROD00234,4,491.09,16.34
ITEM0002769,ORD000799,PROD00171,5,1587.59,17.03
ITEM0002770,ORD000800,PROD00204,1,56411.49,34.46
ITEM0002771,ORD000800,PROD00242,5,49321.02,17.59
ITEM0002772,ORD000800,PROD00030,1,46619.52,1.16
ITEM0002773,ORD000800,PROD00298,2,1958.18,12.74
ITEM0002774,ORD000800,PROD00076,2,117743.14,9.44
ITEM0002775,ORD000801,PROD00204,2,56411.49,19.26
ITEM0002776,ORD000802,PROD00129,4,55423.01,32.42
ITEM0002777,ORD000802,PROD00215,1,13895.27,11.37
ITEM0002778,ORD000802,PROD00240,5,56530.69,19.98
ITEM0002779,ORD000802,PROD00062,3,1755.31,13.49
ITEM0002780,ORD000802,PROD00018,3,57851.82,1.77
ITEM0002781,ORD000803,PROD00188,3,26614.54,1.56
ITEM0002782,ORD000803,PROD00102,4,20526.64,21.63
ITEM0002783,ORD000803,PROD00017,-3,42741.8,11.25
ITEM0002784,ORD000803,PROD00087,2,9237.82,34.31
ITEM0002785,ORD000804,PROD00138,3,14451.36,0.34
ITEM0002786,ORD000804,PROD00183,1,9351.26,31.9
ITEM0002787,ORD000804,PROD00202,2,2205.47,14.15
ITEM0002788,ORD000804,PROD00060,1,14823.48,3.99
ITEM0002789,ORD000804,PROD00088,4,9502.99,2.7
ITEM0002790,ORD000804,PROD00072,2,6009.58,4.97
ITEM0002791,ORD000805,PROD00132,1,1220.54,30.14
ITEM0002792,ORD000805,PROD00200,1,23481.36,16.96
ITEM0002793,ORD000805,PROD00133,3,16317.65,18.22
ITEM0002794,ORD000805,PROD00121,4,79730.15,19.59
ITEM0002795,ORD000805,PROD00145,1,7654.14,28.09
ITEM0002796,ORD000806,PROD00201,1,331.81,6.39
ITEM0002797,ORD000806,PROD00268,4,247.24,18.97
ITEM0002798,ORD000807,PROD00190,4,4989.53,1.73
ITEM0002799,ORD000807,PROD00249,-3,90613.5,7.06
ITEM0002800,ORD000807,PROD00009,0,11170.3,5.44
ITEM0002801,ORD000807,PROD00114,4,129739.16,23.88
ITEM0002802,ORD000807,PROD00242,3,49321.02,28.97
ITEM0002803,ORD000808,PROD00074,4,2883.54,21.77
ITEM0002804,ORD000808,PROD00168,3,786.46,25.95
ITEM0002805,ORD000809,PROD00127,4,6869.22,17.88
ITEM0002806,ORD000809,PROD00159,1,18880.93,32.08
ITEM0002807,ORD000810,PROD00177,5,2661.74,23.35
ITEM0002808,ORD000810,PROD00257,1,31755.6,26.29
ITEM0002809,ORD000810,PROD00288,1,12413.32,8.09
ITEM0002810,ORD000810,PROD00225,2,525.71,11.53
ITEM0002811,ORD000810,PROD00248,3,13070.96,17.1
ITEM0002812,ORD000811,PROD00248,2,13070.96,28.02
ITEM0002813,ORD000811,PROD00122,2,1085.5,13.73
ITEM0002814,ORD000811,PROD00097,2,8629.08,8.88
ITEM0002815,ORD000811,PROD00203,3,16125.87,27.35
ITEM0002816,ORD000811,PROD00280,4,93322.92,29.16
ITEM0002817,ORD000811,PROD00055,2,1893.42,139.42
ITEM0002818,ORD000812,PROD00238,3,10985.44,14.21
ITEM0002819,ORD000812,PROD00246,1,49840.91,3.0
ITEM0002820,ORD000812,PROD00069,1,1031.99,20.07
ITEM0002821,ORD000813,PROD00276,3,3225.79,12.77
ITEM0002822,ORD000814,PROD00112,4,958.5,17.8
ITEM0002823,ORD000814,PROD00033,4,25099.93,14.72
ITEM0002824,ORD000814,PROD00182,5,60233.51,2.63
ITEM0002825,ORD000814,PROD00195,4,45234.5,25.92
ITEM0002826,ORD000815,PROD00141,3,738.47,27.95
ITEM0002827,ORD000815,PROD00149,0,737.02,9.41
ITEM0002828,ORD000815,PROD00129,2,55423.01,14.63
ITEM0002829,ORD000815,PROD00062,4,1755.31,24.79
ITEM0002830,ORD000816,PROD00075,1,16738.37,4.59
ITEM0002831,ORD000816,PROD_DUP_765,4,60305.75,23.39
ITEM0002832,ORD000817,PROD00296,1,75276.41,7.14
ITEM0002833,ORD000817,PROD00052,1,8276.3,12.79
ITEM0002834,ORD000817,PROD00287,-3,1349.9,25.74
ITEM0002835,ORD000817,PROD00243,-1,19132.03,10.99
ITEM0002836,ORD000817,PROD00166,1,13792.77,14.93
ITEM0002837,ORD000817,PROD00151,2,75177.2,2.72
ITEM0002838,ORD000818,PROD00034,4,2479.77,26.59
ITEM0002839,ORD000818,PROD00044,3,36733.67,7.39
ITEM0002840,ORD000818,PROD00260,2,51829.61,28.03
ITEM0002841,ORD000818,PROD00073,2,36426.6,4.65
ITEM0002842,ORD000818,PROD00131,3,2403.64,6.08
ITEM0002843,ORD000818,PROD00156,3,263.76,14.62
ITEM0002844,ORD000819,PROD00289,5,1903.39,6.16
ITEM0002845,ORD000820,PROD00101,1,90820.31,25.54
ITEM0002846,ORD000820,PROD00103,2,210.19,3.88
ITEM0002847,ORD000820,PROD00239,3,18153.0,3.52
ITEM0002848,ORD000820,PROD00164,3,136789.18,0.69
ITEM0002849,ORD000820,PROD00122,4,1085.5,24.53
ITEM0002850,ORD000821,PROD00192,2,9826.54,15.87
ITEM0002851,ORD000821,PROD00155,1,6690.65,26.94
ITEM0002852,ORD000821,PROD00219,4,916.28,9.55
ITEM0002853,ORD000821,PROD00087,5,9237.82,34.22
ITEM0002854,ORD000822,PROD00283,4,34928.13,19.54
ITEM0002855,ORD000822,PROD00252,-3,8369.69,27.27
ITEM0002856,ORD000822,PROD00074,3,2883.54,15.86
ITEM0002857,ORD000822,PROD00001,3,107560.75,3.93
ITEM0002858,ORD000823,PROD00140,1,10466.68,4.4
ITEM0002859,ORD000823,PROD00173,3,77771.82,20.61
ITEM0002860,ORD000823,PROD00151,1,75177.2,23.1
ITEM0002861,ORD000823,PROD00181,4,34804.16,1.97
ITEM0002862,ORD000823,PROD00165,2,5849.47,6.64
ITEM0002863,ORD000824,PROD00219,4,916.28,30.09
ITEM0002864,ORD000824,PROD00184,5,99913.97,21.62
ITEM0002865,ORD000825,PROD00238,4,10985.44,17.91
ITEM0002866,ORD000825,PROD00295,2,6438.13,24.42
ITEM0002867,ORD000825,PROD00250,4,2595.77,17.59
ITEM0002868,ORD000825,PROD00237,1,3389.65,30.14
ITEM0002869,ORD000825,PROD00176,5,10514.42,6.83
ITEM0002870,ORD000826,PROD00025,4,2571.12,11.79
ITEM0002871,ORD000826,PROD00066,5,5087.99,27.36
ITEM0002872,ORD000826,PROD00294,4,12314.4,11.38
ITEM0002873,ORD000827,PROD00229,5,17916.53,21.57
ITEM0002874,ORD000828,PROD00160,5,4270.13,31.87
ITEM0002875,ORD000829,PROD00017,5,42741.8,5.15
ITEM0002876,ORD000829,PROD00282,3,1528.85,0.79
ITEM0002877,ORD000829,PROD00082,4,4931.74,124.73
ITEM0002878,ORD000830,PROD00221,4,6476.61,8.1
ITEM0002879,ORD000830,PROD00227,5,2030.73,2.69
ITEM0002880,ORD000830,PROD00299,1,5860.91,26.83
ITEM0002881,ORD000830,PROD00051,5,14882.87,5.94
ITEM0002882,ORD000831,PROD00144,4,35676.4,9.52
ITEM0002883,ORD000831,PROD00033,4,25099.93,5.3
ITEM0002884,ORD000832,PROD00163,1,49503.31,0.99
ITEM0002885,ORD000832,PROD00183,1,9351.26,10.63
ITEM0002886,ORD000833,PROD00229,2,17916.53,12.16
ITEM0002887,ORD000833,PROD00065,2,10942.37,21.63
ITEM0002888,ORD000833,PROD00254,3,83824.83,10.97
ITEM0002889,ORD000833,PROD00145,3,7654.14,6.85
ITEM0002890,ORD000833,PROD00126,5,14276.93,25.56
ITEM0002891,ORD000833,PROD00034,5,2479.77,10.18
ITEM0002892,ORD000834,PROD00287,2,1349.9,4.11
ITEM0002893,ORD000835,PROD00131,3,2403.64,12.81
ITEM0002894,ORD000835,PROD00125,3,3811.77,16.99
ITEM0002895,ORD000835,PROD00100,2,9419.26,8.18
ITEM0002896,ORD000835,PROD00022,4,9177.73,5.32
ITEM0002897,ORD000836,PROD00273,2,5839.38,0.59
ITEM0002898,ORD000836,PROD00097,5,8629.08,18.48
ITEM0002899,ORD000836,PROD00267,1,5023.39,28.84
ITEM0002900,ORD000836,PROD00032,2,15757.18,18.96
ITEM0002901,ORD000836,PROD00205,5,6001.17,26.96
ITEM0002902,ORD000836,PROD00183,4,9351.26,27.38
ITEM0002903,ORD000837,PROD00033,1,25099.93,12.2
ITEM0002904,ORD000837,PROD00232,2,20147.3,34.29
ITEM0002905,ORD000837,PROD00084,3,49768.99,8.1
ITEM0002906,ORD000838,PROD00074,1,2883.54,12.08
ITEM0002907,ORD000838,PROD00165,1,5849.47,0.82
ITEM0002908,ORD000838,PROD00187,4,8729.44,21.55
ITEM0002909,ORD000838,PROD00121,5,79730.15,30.72
ITEM0002910,ORD000838,PROD00197,4,2320.69,18.19
ITEM0002911,ORD000839,PROD00111,3,8072.67,6.23
ITEM0002912,ORD000839,PROD00200,4,23481.36,5.99
ITEM0002913,ORD000839,PROD00186,5,10600.32,6.38
ITEM0002914,ORD000840,PROD00058,3,8762.42,10.79
ITEM0002915,ORD000840,PROD00252,5,8369.69,1.99
ITEM0002916,ORD000840,PROD00282,-4,1528.85,6.61
ITEM0002917,ORD000840,PROD00053,4,1294.67,1.91
ITEM0002918,ORD000840,PROD00129,5,55423.01,20.1
ITEM0002919,ORD000840,PROD00107,-2,128039.99,9.6
ITEM0002920,ORD000841,PROD00250,2,2595.77,34.55
ITEM0002921,ORD000841,PROD00233,2,5457.87,15.68
ITEM0002922,ORD000842,PROD00080,4,8705.25,1.95
ITEM0002923,ORD000843,PROD00109,2,9016.47,5.54
ITEM0002924,ORD000843,PROD00199,4,37442.17,21.39
ITEM0002925,ORD000843,PROD00085,4,3944.47,29.86
ITEM0002926,ORD000843,PROD00187,5,8729.44,6.2
ITEM0002927,ORD000844,PROD00204,3,56411.49,33.4
ITEM0002928,ORD000844,PROD00167,5,15629.7,19.84
ITEM0002929,ORD000844,PROD00039,3,4450.41,26.64
ITEM0002930,ORD000845,PROD00232,5,20147.3,6.14
ITEM0002931,ORD000845,PROD00150,5,35744.49,10.91
ITEM0002932,ORD000846,PROD00299,3,5860.91,17.38
ITEM0002933,ORD000846,PROD00165,1,5849.47,32.94
ITEM0002934,ORD000846,PROD00238,5,10985.44,32.32
ITEM0002935,ORD000846,PROD00035,1,7731.0,10.96
ITEM0002936,ORD000847,PROD00212,5,18473.59,5.8
ITEM0002937,ORD000847,PROD00256,5,19894.86,19.09
ITEM0002938,ORD000847,PROD00154,0,15820.26,33.32
ITEM0002939,ORD000848,PROD00094,5,18989.87,3.58
ITEM0002940,ORD000848,PROD00238,-3,10985.44,27.95
ITEM0002941,ORD000848,PROD00015,5,3631.08,3.85
ITEM0002942,ORD000848,PROD00115,-5,3345.82,20.33
ITEM0002943,ORD000848,PROD00145,3,7654.14,34.55
ITEM0002944,ORD000849,INVALID_PROD_70044,2,1718.09,31.04
ITEM0002945,ORD000849,INVALID_PROD_89251,3,10985.44,3.21
ITEM0002946,ORD000849,PROD00068,5,15259.49,26.38
ITEM0002947,ORD000849,PROD00124,5,31585.25,34.65
ITEM0002948,ORD000850,PROD00151,5,75177.2,23.89
ITEM0002949,ORD000850,PROD00035,4,7731.0,12.19
ITEM0002950,ORD000850,PROD00174,2,6796.1,22.83
ITEM0002951,ORD000850,PROD00067,1,16473.79,19.19
ITEM0002952,ORD000850,PROD00155,5,6690.65,4.29
ITEM0002953,ORD000851,PROD00217,2,21374.71,19.76
ITEM0002954,ORD000851,PROD00050,0,635.92,23.54
ITEM0002955,ORD000851,PROD00200,1,23481.36,22.71
ITEM0002956,ORD000851,PROD00015,3,3631.08,18.19
ITEM0002957,ORD000851,PROD00149,3,737.02,3.12
ITEM0002958,ORD000852,PROD00009,5,11170.3,30.67
ITEM0002959,ORD000852,PROD00209,3,48158.17,16.28
ITEM0002960,ORD000853,PROD00169,1,8770.94,11.71
ITEM0002961,ORD000853,PROD00025,5,2571.12,15.67
ITEM0002962,ORD000853,PROD00002,4,13344.44,13.27
ITEM0002963,ORD000854,PROD00206,1,17398.64,9.65
ITEM0002964,ORD000854,PROD00187,1,8729.44,27.59
ITEM0002965,ORD000854,PROD00195,5,45234.5,12.6
ITEM0002966,ORD000854,PROD00276,2,3225.79,24.26
ITEM0002967,ORD000854,PROD00068,2,15259.49,3.86
ITEM0002968,ORD000854,PROD00289,3,1903.39,0.73
ITEM0002969,ORD000855,PROD00255,0,8717.28,24.91
ITEM0002970,ORD000855,PROD00040,-2,6724.73,21.84
ITEM0002971,ORD000856,PROD_DUP_764,4,10284.38,27.34
ITEM0002972,ORD000856,PROD00134,5,281.46,12.11
ITEM0002973,ORD000856,PROD00217,2,21374.71,30.33
ITEM0002974,ORD000857,PROD00044,2,36733.67,31.17
ITEM0002975,ORD000857,PROD00002,1,13344.44,27.42
ITEM0002976,ORD000857,PROD00045,1,65694.03,16.56
ITEM0002977,ORD000858,PROD00082,2,4931.74,5.82
ITEM0002978,ORD000858,PROD00227,1,2030.73,26.67
ITEM0002979,ORD000858,PROD00258,4,11131.97,8.6
ITEM0002980,ORD000858,PROD00021,5,1935.05,33.16
ITEM0002981,ORD000858,PROD00026,5,19557.07,1.9
ITEM0002982,ORD000858,PROD00151,2,75177.2,17.18
ITEM0002983,ORD000859,PROD00051,4,14882.87,16.65
ITEM0002984,ORD000859,PROD00018,3,57851.82,11.92
ITEM0002985,ORD000859,PROD00009,1,11170.3,6.52
ITEM0002986,ORD000859,PROD00069,3,1031.99,24.73
ITEM0002987,ORD000859,PROD00115,1,3345.82,9.65
ITEM0002988,ORD000860,PROD00031,3,14324.32,5.97
ITEM0002989,ORD000860,PROD00047,4,1949.22,12.16
ITEM0002990,ORD000861,PROD00257,2,31755.6,21.99
ITEM0002991,ORD000861,PROD00080,5,8705.25,21.57
ITEM0002992,ORD000861,PROD00148,4,46265.49,112.14
ITEM0002993,ORD000861,PROD00085,1,3944.47,28.82
ITEM0002994,ORD000862,PROD00194,4,1718.09,11.82
ITEM0002995,ORD000862,PROD00200,2,23481.36,26.47
ITEM0002996,ORD000862,PROD00171,1,1587.59,8.39
ITEM0002997,ORD000862,PROD00194,5,1718.09,30.87
ITEM0002998,ORD000863,PROD_DUP_765,2,60305.75,28.88
ITEM0002999,ORD000864,PROD00132,3,1220.54,20.44
ITEM0003000,ORD000864,PROD00225,2,525.71,5.14
ITEM0003001,ORD000864,PROD00029,3,12387.11,10.73
ITEM0003002,ORD000864,PROD00056,4,64832.21,19.92
ITEM0003003,ORD000864,PROD00135,4,973.62,10.54
ITEM0003004,ORD000865,PROD00186,4,10600.32,10.23
ITEM0003005,ORD000865,INVALID_PROD_45315,2,49503.31,17.88
ITEM0003006,ORD000865,PROD00202,3,2205.47,30.97
ITEM0003007,ORD000865,PROD00013,3,1794.74,32.5
ITEM0003008,ORD000865,PROD00040,2,6724.73,27.19
ITEM0003009,ORD000865,PROD00256,3,19894.86,7.51
ITEM0003010,ORD000866,PROD00226,1,33228.57,5.31
ITEM0003011,ORD000866,PROD00085,3,3944.47,0.05
ITEM0003012,ORD000867,PROD00108,3,13444.93,16.62
ITEM0003013,ORD000867,PROD00234,2,491.09,2.41
ITEM0003014,ORD000867,PROD00111,4,8072.67,29.96
ITEM0003015,ORD000867,PROD00121,5,79730.15,23.24
ITEM0003016,ORD000867,PROD00251,4,37604.62,5.58
ITEM0003017,ORD000868,PROD00175,5,5323.61,12.8
ITEM0003018,ORD000868,PROD00280,2,93322.92,5.57
ITEM0003019,ORD000868,PROD00144,3,35676.4,19.49
ITEM0003020,ORD000868,INVALID_PROD_28545,5,51829.61,34.06
ITEM0003021,ORD000868,PROD00271,1,69182.89,21.06
ITEM0003022,ORD000869,PROD00062,4,1755.31,8.23
ITEM0003023,ORD000869,PROD00002,4,13344.44,32.14
ITEM0003024,ORD000869,PROD00164,3,136789.18,6.57
ITEM0003025,ORD000869,PROD00233,1,5457.87,21.89
ITEM0003026,ORD000869,PROD00290,2,41413.51,27.13
ITEM0003027,ORD000870,PROD00013,5,1794.74,33.8
ITEM0003028,ORD000871,PROD00193,2,33770.04,7.96
ITEM0003029,ORD000872,PROD00255,2,8717.28,8.37
ITEM0003030,ORD000872,PROD00015,4,3631.08,31.87
ITEM0003031,ORD000872,PROD00254,5,83824.83,15.11
ITEM0003032,ORD000872,PROD00040,1,6724.73,19.91
ITEM0003033,ORD000872,PROD00092,4,3453.47,10.18
ITEM0003034,ORD000872,PROD00091,1,922.64,22.0
ITEM0003035,ORD000873,PROD00277,2,10462.69,19.79
ITEM0003036,ORD000873,PROD00296,3,75276.41,29.91
ITEM0003037,ORD000874,PROD00274,1,3119.83,34.07
ITEM0003038,ORD000875,PROD00225,4,525.71,4.43
ITEM0003039,ORD000875,PROD00071,3,6126.45,0.86
ITEM0003040,ORD000875,PROD00111,4,8072.67,12.21
ITEM0003041,ORD000875,PROD00123,5,16024.54,34.78
ITEM0003042,ORD000876,PROD00231,1,2536.84,28.07
ITEM0003043,ORD000876,PROD00039,4,4450.41,6.17
ITEM0003044,ORD000876,PROD00040,5,6724.73,34.38
ITEM0003045,ORD000877,PROD00170,1,12487.59,18.25
ITEM0003046,ORD000877,PROD00106,1,1535.04,8.14
ITEM0003047,ORD000878,PROD00197,4,2320.69,32.64
ITEM0003048,ORD000879,PROD00079,5,11534.5,31.15
ITEM0003049,ORD000879,PROD00143,4,9888.94,15.14
ITEM0003050,ORD000880,PROD00182,5,60233.51,13.47
ITEM0003051,ORD000880,PROD00145,2,7654.14,5.57
ITEM0003052,ORD000880,PROD00224,4,54820.98,29.58
ITEM0003053,ORD000881,PROD00247,4,60305.75,142.19
ITEM0003054,ORD000881,PROD00172,2,660.53,26.49
ITEM0003055,ORD000881,PROD00185,5,88426.11,34.57
ITEM0003056,ORD000881,PROD00231,5,2536.84,16.88
ITEM0003057,ORD000881,PROD00204,1,56411.49,29.77
ITEM0003058,ORD000881,PROD00249,2,90613.5,4.3
ITEM0003059,ORD000882,PROD00121,5,79730.15,3.22
ITEM0003060,ORD000882,PROD00163,3,49503.31,3.27
ITEM0003061,ORD000882,PROD00134,2,281.46,34.15
ITEM0003062,ORD000883,PROD00213,-5,67924.54,28.16
ITEM0003063,ORD000883,PROD00270,3,16051.61,22.57
ITEM0003064,ORD000883,PROD00219,3,916.28,15.69
ITEM0003065,ORD000883,PROD00230,5,14806.16,16.91
ITEM0003066,ORD000883,PROD00150,2,35744.49,2.02
ITEM0003067,ORD000884,PROD00110,4,8026.63,11.43
ITEM0003068,ORD000884,PROD00300,4,1163.82,2.16
ITEM0003069,ORD000884,PROD00232,5,20147.3,31.76
ITEM0003070,ORD000885,PROD00163,2,49503.31,144.34
ITEM0003071,ORD000885,PROD00225,5,525.71,20.84
ITEM0003072,ORD000886,PROD00114,2,129739.16,2.49
ITEM0003073,ORD000887,PROD00080,4,8705.25,31.49
ITEM0003074,ORD000887,PROD00005,2,938.76,27.72
ITEM0003075,ORD000887,PROD00198,2,88452.16,19.58
ITEM0003076,ORD000887,PROD00232,1,20147.3,1.45
ITEM0003077,ORD000887,PROD00193,1,33770.04,2.28
ITEM0003078,ORD000888,PROD00141,1,738.47,24.85
ITEM0003079,ORD000888,PROD00148,1,46265.49,17.26
ITEM0003080,ORD000888,PROD00008,4,2233.33,5.38
ITEM0003081,ORD000888,PROD00269,5,2342.42,3.2
ITEM0003082,ORD000889,PROD00018,2,57851.82,21.67
ITEM0003083,ORD000889,PROD00136,4,15602.8,19.32
ITEM0003084,ORD000890,PROD00120,4,1922.05,34.11
ITEM0003085,ORD000890,PROD00074,4,2883.54,10.83
ITEM0003086,ORD000890,PROD00044,-1,36733.67,13.99
ITEM0003087,ORD000890,PROD00227,0,2030.73,24.12
ITEM0003088,ORD000890,PROD00263,2,4176.74,24.12
ITEM0003089,ORD000890,PROD00037,-5,16473.88,3.28
ITEM0003090,ORD000891,PROD00125,4,3811.77,29.03
ITEM0003091,ORD000891,PROD00077,2,949.09,24.58
ITEM0003092,ORD000891,PROD00112,5,958.5,26.08
ITEM0003093,ORD000892,PROD00280,1,93322.92,27.64
ITEM0003094,ORD000893,PROD00003,4,47677.98,18.14
ITEM0003095,ORD000894,PROD00021,1,1935.05,2.85
ITEM0003096,ORD000895,PROD00118,2,85972.81,12.7
ITEM0003097,ORD000895,PROD00132,2,1220.54,32.79
ITEM0003098,ORD000895,PROD00198,1,88452.16,2.2
ITEM0003099,ORD000895,PROD00011,2,53479.92,10.55
ITEM0003100,ORD000896,PROD00162,3,44239.81,9.64
ITEM0003101,ORD000896,PROD00043,5,5667.41,32.06
ITEM0003102,ORD000896,PROD00135,5,973.62,33.16
ITEM0003103,ORD000896,PROD00169,1,8770.94,4.96
ITEM0003104,ORD000897,PROD00215,2,13895.27,7.95
ITEM0003105,ORD000897,PROD00165,3,5849.47,4.37
ITEM0003106,ORD000898,PROD00079,1,11534.5,24.16
ITEM0003107,ORD000898,PROD00067,1,16473.79,14.54
ITEM0003108,ORD000899,PROD00237,3,3389.65,6.23
ITEM0003109,ORD000899,PROD00284,1,3583.48,2.16
ITEM0003110,ORD000899,PROD00154,5,15820.26,20.25
ITEM0003111,ORD000899,PROD00201,4,331.81,19.87
ITEM0003112,ORD000899,PROD00081,5,14240.57,10.92
ITEM0003113,ORD000899,PROD00036,1,9080.54,4.31
ITEM0003114,ORD000900,PROD00168,3,786.46,22.33
ITEM0003115,ORD000900,PROD00156,4,263.76,33.13
ITEM0003116,ORD000900,PROD00231,1,2536.84,16.3
ITEM0003117,ORD000900,PROD00109,2,9016.47,26.94
ITEM0003118,ORD000900,PROD00089,4,14553.94,11.21
ITEM0003119,ORD000901,PROD00149,2,737.02,20.79
ITEM0003120,ORD000901,PROD00220,3,53302.28,2.05
ITEM0003121,ORD000901,PROD00016,1,155813.5,10.51
ITEM0003122,ORD000901,PROD00168,5,786.46,7.04
ITEM0003123,ORD000901,PROD00089,2,14553.94,27.63
ITEM0003124,ORD000902,PROD00112,3,958.5,5.67
ITEM0003125,ORD000902,PROD00269,5,2342.42,28.56
ITEM0003126,ORD000903,PROD00189,3,9958.04,23.26
ITEM0003127,ORD000903,PROD00114,5,129739.16,8.15
ITEM0003128,ORD000903,PROD00204,1,56411.49,12.79
ITEM0003129,ORD000903,PROD00005,1,938.76,4.03
ITEM0003130,ORD000903,PROD00271,1,69182.89,7.42
ITEM0003131,ORD000903,PROD00140,2,10466.68,19.09
ITEM0003132,ORD000904,PROD00173,1,77771.82,7.07
ITEM0003133,ORD000904,PROD00187,1,8729.44,25.98
ITEM0003134,ORD000904,PROD00071,1,6126.45,1.35
ITEM0003135,ORD000904,PROD00286,1,11352.93,29.92
ITEM0003136,ORD000905,PROD00019,2,39804.94,26.25
ITEM0003137,ORD000906,PROD00204,5,56411.49,14.46
ITEM0003138,ORD000906,PROD00005,5,938.76,32.7
ITEM0003139,ORD000906,PROD00228,4,12035.67,3.52
ITEM0003140,ORD000907,PROD00032,4,15757.18,17.6
ITEM0003141,ORD000908,PROD00041,3,13175.99,33.77
ITEM0003142,ORD000908,PROD00150,2,35744.49,13.17
ITEM0003143,ORD000908,PROD00132,4,1220.54,6.96
ITEM0003144,ORD000908,PROD00260,1,51829.61,25.35
ITEM0003145,ORD000909,PROD00161,3,89959.13,9.95
ITEM0003146,ORD000909,PROD00127,5,6869.22,30.7
ITEM0003147,ORD000909,PROD00261,5,35880.89,22.81
ITEM0003148,ORD000909,PROD00235,5,9096.22,6.25
ITEM0003149,ORD000909,PROD00148,3,46265.49,25.48
ITEM0003150,ORD000909,PROD00078,-1,80173.3,3.95
ITEM0003151,ORD000910,PROD00205,1,6001.17,16.56
ITEM0003152,ORD000910,PROD00144,3,35676.4,22.71
ITEM0003153,ORD000910,PROD00226,5,33228.57,4.48
ITEM0003154,ORD000910,PROD00091,2,922.64,8.44
ITEM0003155,ORD000910,PROD00005,1,938.76,4.47
ITEM0003156,ORD000911,PROD00101,5,90820.31,30.32
ITEM0003157,ORD000911,PROD00106,4,1535.04,26.12
ITEM0003158,ORD000911,PROD00184,2,99913.97,29.41
ITEM0003159,ORD000912,PROD00114,1,129739.16,15.57
ITEM0003160,ORD000913,INVALID_PROD_19793,3,1535.04,31.21
ITEM0003161,ORD000913,PROD00091,1,922.64,20.27
ITEM0003162,ORD000914,PROD00254,5,83824.83,2.4
ITEM0003163,ORD000914,PROD00111,3,8072.67,23.83
ITEM0003164,ORD000914,PROD00029,3,12387.11,31.38
ITEM0003165,ORD000914,PROD00090,3,12776.72,16.94
ITEM0003166,ORD000914,INVALID_PROD_58434,2,35676.4,4.36
ITEM0003167,ORD000915,PROD00001,5,107560.75,14.72
ITEM0003168,ORD000915,PROD00244,5,358.32,16.52
ITEM0003169,ORD000916,PROD00114,4,129739.16,1.65
ITEM0003170,ORD000916,PROD00182,1,60233.51,20.75
ITEM0003171,ORD000916,PROD00066,5,5087.99,13.85
ITEM0003172,ORD000917,PROD00150,1,35744.49,8.28
ITEM0003173,ORD000917,PROD00043,1,5667.41,24.76
ITEM0003174,ORD000917,PROD00015,2,3631.08,3.48
ITEM0003175,ORD000918,PROD00006,2,3286.66,5.94
ITEM0003176,ORD000918,PROD00063,5,4748.54,20.81
ITEM0003177,ORD000918,PROD00182,4,60233.51,2.16
ITEM0003178,ORD000918,PROD00124,5,31585.25,22.68
ITEM0003179,ORD000918,PROD00149,3,737.02,30.44
ITEM0003180,ORD000918,PROD00238,3,10985.44,26.72
ITEM0003181,ORD000919,PROD00251,4,37604.62,31.1
ITEM0003182,ORD000919,PROD00178,1,11840.22,8.56
ITEM0003183,ORD000919,PROD00188,2,26614.54,8.48
ITEM0003184,ORD000919,PROD00021,3,1935.05,24.06
ITEM0003185,ORD000919,PROD00207,1,90137.22,28.96
ITEM0003186,ORD000919,PROD00012,4,16414.48,14.94
ITEM0003187,ORD000920,PROD00183,1,9351.26,5.18
ITEM0003188,ORD000920,PROD00025,4,2571.12,12.11
ITEM0003189,ORD000920,PROD00108,2,13444.93,17.38
ITEM0003190,ORD000920,PROD00133,1,16317.65,23.6
ITEM0003191,ORD000920,PROD00101,5,90820.31,29.53
ITEM0003192,ORD000921,PROD00026,-1,19557.07,2.35
ITEM0003193,ORD000921,PROD00080,1,8705.25,13.56
ITEM0003194,ORD000921,PROD00283,1,34928.13,20.36
ITEM0003195,ORD000921,PROD00245,1,77190.55,20.15
ITEM0003196,ORD000922,PROD00274,4,3119.83,143.91
ITEM0003197,ORD000923,PROD00239,3,18153.0,3.59
ITEM0003198,ORD000924,PROD00221,4,6476.61,4.38
ITEM0003199,ORD000924,PROD00157,5,7028.69,24.01
ITEM0003200,ORD000924,PROD00087,5,9237.82,29.18
ITEM0003201,ORD000924,PROD00173,1,77771.82,2.72
ITEM0003202,ORD000924,PROD00236,3,38161.26,11.42
ITEM0003203,ORD000925,PROD00251,4,37604.62,12.06
ITEM0003204,ORD000925,PROD00252,4,8369.69,30.15
ITEM0003205,ORD000925,PROD00165,4,5849.47,27.09
ITEM0003206,ORD000925,PROD00110,5,8026.63,3.35
ITEM0003207,ORD000925,PROD00274,2,3119.83,30.4
ITEM0003208,ORD000925,PROD00100,3,9419.26,0.82
ITEM0003209,ORD000926,PROD00007,4,4079.3,29.59
ITEM0003210,ORD000926,PROD00226,3,33228.57,10.35
ITEM0003211,ORD000926,PROD00156,3,263.76,29.66
ITEM0003212,ORD000926,PROD00251,2,37604.62,6.19
ITEM0003213,ORD000927,PROD00167,5,15629.7,16.49
ITEM0003214,ORD000927,PROD00180,1,45620.93,2.32
ITEM0003215,ORD000927,PROD00195,3,45234.5,14.55
ITEM0003216,ORD000928,PROD00289,4,1903.39,17.16
ITEM0003217,ORD000928,PROD00246,4,49840.91,5.79
ITEM0003218,ORD000928,PROD00266,2,150138.51,0.89
ITEM0003219,ORD000928,PROD00235,2,9096.22,34.1
ITEM0003220,ORD000928,PROD00216,4,4233.5,33.22
ITEM0003221,ORD000929,PROD00256,1,19894.86,8.16
ITEM0003222,ORD000929,PROD00226,4,33228.57,3.32
ITEM0003223,ORD000929,PROD00287,3,1349.9,4.27
ITEM0003224,ORD000929,PROD00058,5,8762.42,31.57
ITEM0003225,ORD000930,PROD00019,5,39804.94,26.44
ITEM0003226,ORD000930,PROD00059,4,1558.61,4.73
ITEM0003227,ORD000930,PROD00028,0,59359.69,13.91
ITEM0003228,ORD000931,PROD00185,1,88426.11,9.34
ITEM0003229,ORD000931,PROD00261,4,35880.89,16.35
ITEM0003230,ORD000931,PROD00156,3,263.76,25.39
ITEM0003231,ORD000931,PROD00183,4,9351.26,3.46
ITEM0003232,ORD000932,PROD00235,5,9096.22,22.66
ITEM0003233,ORD000933,PROD_DUP_248,2,13444.93,19.99
ITEM0003234,ORD000933,PROD00011,5,53479.92,25.29
ITEM0003235,ORD000933,PROD00105,2,16922.48,33.68
ITEM0003236,ORD000933,PROD00218,5,808.31,20.0
ITEM0003237,INVALID_ORD_56851,PROD00011,2,53479.92,28.36
ITEM0003238,ORD000935,PROD00026,3,19557.07,3.38
ITEM0003239,ORD000935,PROD00021,4,1935.05,3.33
ITEM0003240,ORD000936,PROD00173,2,77771.82,13.07
ITEM0003241,ORD000936,PROD00128,5,2957.45,34.78
ITEM0003242,ORD000937,PROD00291,2,68752.62,1.88
ITEM0003243,ORD000937,PROD00106,5,1535.04,13.95
ITEM0003244,ORD000937,PROD00291,4,68752.62,3.97
ITEM0003245,ORD000937,PROD00101,3,90820.31,26.27
ITEM0003246,ORD000937,PROD00117,1,28499.09,23.28
ITEM0003247,ORD000937,PROD00098,3,101886.16,20.17
ITEM0003248,ORD000938,PROD00126,1,14276.93,1.77
ITEM0003249,ORD000938,PROD00170,5,12487.59,34.03
ITEM0003250,ORD000938,PROD00090,3,12776.72,1.12
ITEM0003251,ORD000939,PROD00094,2,18989.87,7.62
ITEM0003252,ORD000939,PROD00077,3,949.09,15.39
ITEM0003253,ORD000939,PROD00294,4,12314.4,29.58
ITEM0003254,ORD000940,PROD00151,2,75177.2,6.22
ITEM0003255,ORD000940,PROD00054,4,59992.33,18.97
ITEM0003256,ORD000940,PROD00175,1,5323.61,34.46
ITEM0003257,ORD000940,PROD00252,5,8369.69,5.03
ITEM0003258,ORD000941,PROD00141,5,738.47,31.51
ITEM0003259,ORD000941,PROD00164,1,136789.18,16.85
ITEM0003260,ORD000941,PROD00248,1,13070.96,24.15
ITEM0003261,ORD000941,PROD00222,5,529.14,32.31
ITEM0003262,ORD000941,PROD00262,3,2761.19,3.38
ITEM0003263,ORD000941,PROD00238,1,10985.44,19.98
ITEM0003264,ORD000942,PROD00045,4,65694.03,0.04
ITEM0003265,ORD000942,PROD00251,-1,37604.62,5.99
ITEM0003266,ORD000942,PROD00218,2,808.31,6.41
ITEM0003267,ORD000942,PROD00149,-2,737.02,33.93
ITEM0003268,ORD000942,PROD00280,4,93322.92,14.7
ITEM0003269,ORD000942,PROD00147,4,10375.1,19.74
ITEM0003270,ORD000943,PROD00277,4,10462.69,29.12
ITEM0003271,ORD000944,PROD00250,3,2595.77,6.24
ITEM0003272,ORD000944,PROD00298,2,1958.18,32.6
ITEM0003273,ORD000944,PROD00014,2,10284.38,34.59
ITEM0003274,ORD000944,PROD00273,3,5839.38,16.94
ITEM0003275,ORD000944,PROD00198,3,88452.16,9.12
ITEM0003276,ORD000945,PROD00106,1,1535.04,4.51
ITEM0003277,ORD000945,PROD00236,-3,38161.26,2.66
ITEM0003278,ORD000945,PROD00202,3,2205.47,13.07
ITEM0003279,ORD000946,PROD00144,3,35676.4,22.55
ITEM0003280,ORD000946,PROD00147,5,10375.1,14.77
ITEM0003281,ORD000946,PROD00130,0,11592.7,34.3
ITEM0003282,ORD000946,INVALID_PROD_29284,1,11131.97,1.71
ITEM0003283,ORD000946,PROD00270,5,16051.61,3.96
ITEM0003284,ORD000947,PROD00123,5,16024.54,16.74
ITEM0003285,ORD000947,PROD00115,5,3345.82,6.85
ITEM0003286,ORD000947,PROD00229,4,17916.53,25.19
ITEM0003287,ORD000947,PROD00298,5,1958.18,33.59
ITEM0003288,ORD000947,PROD00223,5,31608.39,12.2
ITEM0003289,ORD000948,PROD00171,1,1587.59,21.11
ITEM0003290,ORD000948,PROD00121,4,79730.15,25.65
ITEM0003291,ORD000949,PROD00297,5,1866.66,18.07
ITEM0003292,ORD000950,PROD00207,1,90137.22,32.52
ITEM0003293,ORD000950,PROD00180,1,45620.93,34.92
ITEM0003294,ORD000950,PROD00223,2,31608.39,15.73
ITEM0003295,ORD000950,PROD00228,5,12035.67,23.47
ITEM0003296,ORD000950,PROD00247,1,60305.75,21.31
ITEM0003297,ORD000951,PROD00225,3,525.71,27.56
ITEM0003298,ORD000951,PROD00117,2,28499.09,17.01
ITEM0003299,ORD000951,PROD00218,2,808.31,4.11
ITEM0003300,ORD000951,PROD00124,2,31585.25,16.53
ITEM0003301,ORD000951,PROD00180,1,45620.93,21.2
ITEM0003302,ORD000952,PROD00202,1,2205.47,0.75
ITEM0003303,ORD000952,PROD00187,4,8729.44,29.7
ITEM0003304,ORD000952,PROD00179,4,11703.98,23.12
ITEM0003305,ORD000952,PROD00018,1,57851.82,23.69
ITEM0003306,ORD000953,PROD00261,3,35880.89,0.29
ITEM0003307,ORD000953,PROD_DUP_248,5,13444.93,32.65
ITEM0003308,ORD000954,PROD00138,3,14451.36,2.27
ITEM0003309,ORD000954,PROD00015,3,3631.08,7.82
ITEM0003310,ORD000954,PROD00250,3,2595.77,33.3
ITEM0003311,ORD000954,PROD00196,3,19028.45,25.05
ITEM0003312,ORD000954,PROD00294,5,12314.4,5.23
ITEM0003313,ORD000954,PROD00220,3,53302.28,23.62
ITEM0003314,ORD000955,PROD00124,0,31585.25,17.39
ITEM0003315,ORD000955,PROD00187,1,8729.44,14.68
ITEM0003316,ORD000955,PROD00241,4,15219.97,18.81
ITEM0003317,ORD000956,PROD00056,3,64832.21,13.21
ITEM0003318,ORD000956,PROD00006,1,3286.66,30.55
ITEM0003319,ORD000956,PROD00020,0,70058.39,0.89
ITEM0003320,ORD000957,PROD00042,3,851.12,12.12
ITEM0003321,ORD000957,PROD00300,2,1163.82,8.96
ITEM0003322,ORD000957,PROD00224,3,54820.98,3.36
ITEM0003323,ORD000957,PROD00275,5,1589.33,6.63
ITEM0003324,ORD000957,PROD00293,5,6508.01,15.65
ITEM0003325,ORD000958,PROD00107,1,128039.99,15.19
ITEM0003326,ORD000958,PROD00022,-4,9177.73,25.83
ITEM0003327,ORD000959,PROD00190,-1,4989.53,15.1
ITEM0003328,ORD000959,PROD00211,1,235.37,4.91
ITEM0003329,ORD000959,PROD00150,1,35744.49,3.96
ITEM0003330,ORD000959,PROD00098,1,101886.16,21.04
ITEM0003331,ORD000960,PROD00036,3,9080.54,31.12
ITEM0003332,ORD000960,PROD00299,5,5860.91,13.88
ITEM0003333,ORD000961,PROD00004,2,945.43,5.06
ITEM0003334,ORD000961,PROD00025,3,2571.12,32.75
ITEM0003335,ORD000962,PROD00050,2,635.92,24.56
ITEM0003336,ORD000962,PROD00271,5,69182.89,32.75
ITEM0003337,ORD000962,PROD00140,3,10466.68,8.46
ITEM0003338,ORD000962,PROD00220,3,53302.28,21.78
ITEM0003339,ORD000962,PROD00256,1,19894.86,17.86
ITEM0003340,ORD000963,PROD00019,3,39804.94,0.96
ITEM0003341,ORD000963,PROD00025,0,2571.12,22.71
ITEM0003342,ORD000963,PROD00201,1,331.81,4.85
ITEM0003343,ORD000963,PROD00114,3,129739.16,13.12
ITEM0003344,ORD000964,PROD00185,1,88426.11,29.2
ITEM0003345,ORD000965,PROD00191,4,18482.44,31.2
ITEM0003346,ORD000965,PROD00244,5,358.32,3.37
ITEM0003347,ORD000965,PROD00250,3,2595.77,19.84
ITEM0003348,ORD000965,PROD00098,3,101886.16,27.68
ITEM0003349,ORD000965,PROD00199,1,37442.17,15.94
ITEM0003350,ORD000965,PROD00140,4,10466.68,30.44
ITEM0003351,ORD000966,PROD00117,2,28499.09,22.13
ITEM0003352,ORD000966,PROD00224,4,54820.98,16.97
ITEM0003353,ORD000966,PROD00283,1,34928.13,146.25
ITEM0003354,ORD000966,PROD00276,2,3225.79,34.24
ITEM0003355,ORD000966,PROD00274,1,3119.83,28.01
ITEM0003356,ORD000966,PROD00093,5,799.0,28.11
ITEM0003357,ORD000967,PROD00283,4,34928.13,26.18
ITEM0003358,ORD000967,PROD00284,1,3583.48,31.76
ITEM0003359,ORD000967,PROD00180,2,45620.93,29.13
ITEM0003360,ORD000967,PROD00028,1,59359.69,23.96
ITEM0003361,ORD000968,PROD00171,4,1587.59,1.73
ITEM0003362,ORD000968,PROD00141,5,738.47,27.97
ITEM0003363,ORD000968,PROD00267,1,5023.39,22.21
ITEM0003364,ORD000968,PROD00059,3,1558.61,31.1
ITEM0003365,ORD000968,PROD00175,3,5323.61,0.13
ITEM0003366,ORD000968,PROD00187,4,8729.44,13.68
ITEM0003367,ORD000969,INVALID_PROD_36394,3,737.02,30.58
ITEM0003368,ORD000969,PROD00113,4,14490.24,15.17
ITEM0003369,ORD000969,PROD00181,5,34804.16,8.0
ITEM0003370,ORD000970,PROD00120,5,1922.05,6.46
ITEM0003371,ORD000970,PROD00138,5,14451.36,3.77
ITEM0003372,ORD000971,PROD00160,4,4270.13,8.18
ITEM0003373,ORD000972,PROD00276,1,3225.79,7.03
ITEM0003374,ORD000972,PROD00043,2,5667.41,12.09
ITEM0003375,ORD000972,PROD00056,4,64832.21,17.74
ITEM0003376,ORD000973,PROD00158,4,255.24,6.7
ITEM0003377,ORD000973,PROD00090,2,12776.72,26.15
ITEM0003378,ORD000973,PROD00195,1,45234.5,14.26
ITEM0003379,ORD000974,PROD00178,5,11840.22,18.29
ITEM0003380,ORD000974,PROD00140,2,10466.68,26.29
ITEM0003381,ORD000975,PROD00254,-3,83824.83,15.66
ITEM0003382,ORD000975,PROD00015,4,3631.08,20.11
ITEM0003383,ORD000975,PROD00250,3,2595.77,20.64
ITEM0003384,ORD000975,PROD00029,4,12387.11,25.93
ITEM0003385,ORD000975,PROD00169,1,8770.94,11.07
ITEM0003386,ORD000975,PROD00040,5,6724.73,10.13
ITEM0003387,ORD000976,PROD00264,4,57779.76,0.21
ITEM0003388,ORD000976,PROD00045,4,65694.03,23.36
ITEM0003389,ORD000977,PROD00156,3,263.76,17.23
ITEM0003390,ORD000978,PROD00011,1,53479.92,3.35
ITEM0003391,ORD000978,PROD00056,4,64832.21,2.68
ITEM0003392,ORD000979,PROD00097,4,8629.08,9.45
ITEM0003393,ORD000979,PROD00046,2,3348.49,110.23
ITEM0003394,ORD000980,PROD00294,3,12314.4,33.5
ITEM0003395,ORD000981,PROD00160,5,4270.13,30.0
ITEM0003396,ORD000982,PROD00273,2,5839.38,13.43
ITEM0003397,ORD000982,PROD00240,2,56530.69,2.73
ITEM0003398,ORD000982,PROD00026,5,19557.07,18.15
ITEM0003399,ORD000983,PROD00160,5,4270.13,5.95
ITEM0003400,ORD000983,PROD00012,5,16414.48,0.61
ITEM0003401,ORD000983,PROD00198,0,88452.16,136.86
ITEM0003402,ORD000983,PROD00134,3,281.46,21.36
ITEM0003403,ORD000983,PROD00043,5,5667.41,1.0
ITEM0003404,ORD000984,PROD00123,2,16024.54,5.82
ITEM0003405,ORD000984,PROD00114,4,129739.16,9.16
ITEM0003406,ORD000984,PROD00198,1,88452.16,16.25
ITEM0003407,ORD000984,PROD00168,2,786.46,22.99
ITEM0003408,ORD000985,PROD00106,1,1535.04,12.04
ITEM0003409,ORD000985,PROD00289,4,1903.39,29.52
ITEM0003410,ORD000985,PROD00178,5,11840.22,14.73
ITEM0003411,ORD000985,PROD00032,1,15757.18,16.04
ITEM0003412,ORD000985,PROD00006,3,3286.66,8.48
ITEM0003413,INVALID_ORD_92279,PROD00149,1,737.02,29.91
ITEM0003414,ORD000986,PROD00223,3,31608.39,34.07
ITEM0003415,ORD000986,PROD00081,3,14240.57,6.07
ITEM0003416,ORD000986,PROD00212,2,18473.59,23.06
ITEM0003417,ORD000987,PROD00133,2,16317.65,31.96
ITEM0003418,ORD000987,PROD00164,5,136789.18,19.68
ITEM0003419,ORD000987,PROD00167,1,15629.7,17.01
ITEM0003420,ORD000987,PROD00139,5,12429.19,12.82
ITEM0003421,ORD000987,PROD00264,5,57779.76,11.66
ITEM0003422,ORD000988,PROD00097,4,8629.08,27.04
ITEM0003423,ORD000988,PROD00042,1,851.12,2.5
ITEM0003424,ORD000988,PROD00265,4,7815.58,27.2
ITEM0003425,ORD000988,PROD00092,1,3453.47,7.51
ITEM0003426,ORD000988,PROD00148,3,46265.49,19.74
ITEM0003427,ORD000989,PROD00119,5,1779.27,7.01
ITEM0003428,ORD000989,PROD00186,2,10600.32,1.26
ITEM0003429,ORD000989,PROD00175,2,5323.61,33.76
ITEM0003430,ORD000989,PROD00251,2,37604.62,13.29
ITEM0003431,ORD000989,PROD00011,4,53479.92,22.41
ITEM0003432,ORD000989,PROD00078,3,80173.3,16.65
ITEM0003433,ORD000990,PROD00009,5,11170.3,1.36
ITEM0003434,ORD000991,PROD00084,2,49768.99,7.34
ITEM0003435,ORD000992,PROD00055,2,1893.42,20.87
ITEM0003436,ORD000992,PROD00098,2,101886.16,3.46
ITEM0003437,ORD000992,PROD00085,4,3944.47,14.44
ITEM0003438,ORD000993,PROD00059,3,1558.61,16.62
ITEM0003439,ORD000993,PROD00019,3,39804.94,13.75
ITEM0003440,ORD000994,PROD00253,5,30181.5,29.04
ITEM0003441,ORD000994,PROD00064,3,6397.09,6.25
ITEM0003442,ORD000994,PROD00096,2,15644.62,13.76
ITEM0003443,ORD000994,PROD00138,4,14451.36,6.73
ITEM0003444,ORD000995,PROD00289,2,1903.39,29.85
ITEM0003445,ORD000995,PROD00291,4,68752.62,19.19
ITEM0003446,ORD000995,PROD00175,3,5323.61,32.87
ITEM0003447,ORD000995,PROD00224,0,54820.98,6.38
ITEM0003448,ORD000995,PROD00220,-3,53302.28,23.66
ITEM0003449,ORD000995,PROD00274,4,3119.83,20.99
ITEM0003450,ORD000996,PROD00288,4,12413.32,13.72
ITEM0003451,ORD000996,PROD00290,2,41413.51,34.95
ITEM0003452,ORD000996,PROD00064,5,6397.09,31.89
ITEM0003453,ORD000996,PROD00200,1,23481.36,2.92
ITEM0003454,ORD000997,PROD00019,2,39804.94,3.96
ITEM0003455,ORD000998,PROD00267,4,5023.39,32.25
ITEM0003456,ORD000998,PROD00105,2,16922.48,4.57
ITEM0003457,ORD000998,PROD00206,4,17398.64,28.33
ITEM0003458,ORD000999,PROD00277,3,10462.69,5.65
ITEM0003459,ORD000999,PROD00208,3,11211.45,10.66
ITEM0003460,ORD000999,PROD00237,2,3389.65,25.69
ITEM0003461,ORD001000,PROD00103,-1,210.19,12.38
ITEM0003462,ORD001000,PROD00024,2,18935.15,27.04
ITEM0003463,ORD001000,PROD00294,4,12314.4,19.1
ITEM0003464,ORD001001,PROD00281,4,2777.16,34.6
ITEM0003465,ORD001001,PROD00154,2,15820.26,3.49
ITEM0003466,ORD001001,PROD00171,2,1587.59,24.75
ITEM0003467,ORD001002,PROD00222,1,529.14,26.64
ITEM0003468,ORD001002,PROD00263,1,4176.74,1.67
ITEM0003469,ORD001002,PROD00300,1,1163.82,10.57
ITEM0003470,ORD001002,PROD00002,3,13344.44,0.5
ITEM0003471,ORD001002,PROD00124,3,31585.25,5.65
ITEM0003472,ORD001003,PROD00113,4,14490.24,6.01
ITEM0003473,ORD001003,PROD00232,2,20147.3,7.67
ITEM0003474,ORD001003,PROD00092,3,3453.47,121.57
ITEM0003475,ORD001003,PROD00130,1,11592.7,9.91
ITEM0003476,ORD001004,PROD00189,2,9958.04,28.79
ITEM0003477,ORD001004,PROD00205,5,6001.17,6.5
ITEM0003478,ORD001005,PROD00258,-2,11131.97,3.43
ITEM0003479,ORD001005,PROD00053,2,1294.67,26.92
ITEM0003480,ORD001005,PROD00133,2,16317.65,21.19
ITEM0003481,ORD001005,PROD00083,1,56427.07,127.41
ITEM0003482,ORD001006,PROD00184,1,99913.97,21.8
ITEM0003483,ORD001006,PROD00175,2,5323.61,4.73
ITEM0003484,ORD001007,PROD00123,0,16024.54,13.62
ITEM0003485,ORD001007,PROD00121,4,79730.15,19.26
ITEM0003486,ORD001008,PROD00102,4,20526.64,23.96
ITEM0003487,ORD001008,PROD00123,-2,16024.54,6.99
ITEM0003488,ORD001008,PROD00173,4,77771.82,9.51
ITEM0003489,ORD001009,PROD00098,2,101886.16,3.2
ITEM0003490,ORD001010,PROD00149,5,737.02,5.53
ITEM0003491,ORD001010,PROD00222,2,529.14,7.43
ITEM0003492,ORD001011,PROD00016,2,155813.5,10.89
ITEM0003493,ORD001011,PROD00127,1,6869.22,11.99
ITEM0003494,ORD001011,PROD00195,4,45234.5,10.71
ITEM0003495,ORD001011,PROD00101,3,90820.31,11.37
ITEM0003496,ORD001011,PROD00070,2,70038.79,7.57
ITEM0003497,ORD001012,PROD00165,2,5849.47,26.68
ITEM0003498,ORD001012,PROD00131,5,2403.64,15.33
ITEM0003499,ORD001012,PROD00123,2,16024.54,137.33
ITEM0003500,ORD001012,PROD00151,1,75177.2,5.03
ITEM0003501,ORD001012,PROD00040,3,6724.73,9.15
ITEM0003502,ORD001012,PROD00105,1,16922.48,11.69
ITEM0003503,ORD001013,PROD00073,4,36426.6,22.78
ITEM0003504,ORD001013,PROD00130,1,11592.7,4.39
ITEM0003505,ORD001014,PROD00204,2,56411.49,10.42
ITEM0003506,ORD001014,PROD00079,1,11534.5,33.15
ITEM0003507,ORD001014,PROD00161,3,89959.13,17.84
ITEM0003508,ORD001014,PROD00247,5,60305.75,10.7
ITEM0003509,ORD001014,PROD00096,4,15644.62,6.81
ITEM0003510,ORD001014,PROD00046,2,3348.49,21.53
ITEM0003511,ORD001015,PROD00282,2,1528.85,0.04
ITEM0003512,ORD001015,PROD00214,4,9055.44,2.47
ITEM0003513,ORD001015,PROD00145,5,7654.14,4.19
ITEM0003514,ORD001015,PROD00182,4,60233.51,25.87
ITEM0003515,ORD001015,PROD00279,3,13479.28,24.19
ITEM0003516,ORD001015,PROD00215,5,13895.27,33.97
ITEM0003517,ORD001016,PROD00207,1,90137.22,0.38
ITEM0003518,ORD001016,PROD00196,1,19028.45,5.94
ITEM0003519,ORD001016,PROD00081,3,14240.57,20.97
ITEM0003520,ORD001017,PROD00172,0,660.53,1.92
ITEM0003521,ORD001017,INVALID_PROD_89606,3,129739.16,25.78
ITEM0003522,ORD001017,PROD00037,1,16473.88,7.44
ITEM0003523,ORD001017,PROD00072,2,6009.58,33.59
ITEM0003524,ORD001017,PROD00170,1,12487.59,21.91
ITEM0003525,ORD001018,PROD00238,2,10985.44,7.16
ITEM0003526,ORD001019,PROD00077,2,949.09,23.65
ITEM0003527,ORD001019,PROD00062,2,1755.31,20.39
ITEM0003528,ORD001019,PROD00241,2,15219.97,21.06
ITEM0003529,ORD001019,PROD00240,4,56530.69,28.76
ITEM0003530,ORD001019,PROD00004,5,945.43,20.76
ITEM0003531,ORD001020,PROD00169,1,8770.94,27.87
ITEM0003532,ORD001020,PROD00236,3,38161.26,5.43
ITEM0003533,ORD001020,PROD00271,1,69182.89,29.55
ITEM0003534,ORD001020,PROD00290,5,41413.51,24.61
ITEM0003535,ORD001021,PROD_DUP_765,5,60305.75,26.57
ITEM0003536,ORD001021,PROD00122,2,1085.5,31.45
ITEM0003537,ORD001022,PROD00060,1,14823.48,20.68
ITEM0003538,ORD001022,PROD00100,1,9419.26,34.95
ITEM0003539,ORD001022,PROD00144,5,35676.4,9.88
ITEM0003540,ORD001022,PROD00088,4,9502.99,5.81
ITEM0003541,ORD001022,PROD00004,2,945.43,33.31
ITEM0003542,ORD001023,PROD00210,1,116861.98,34.26
ITEM0003543,ORD001024,PROD00140,1,10466.68,11.57
ITEM0003544,ORD001024,PROD00220,2,53302.28,146.01
ITEM0003545,ORD001025,PROD00248,3,13070.96,14.38
ITEM0003546,ORD001025,PROD00213,3,67924.54,11.42
ITEM0003547,ORD001025,PROD00274,2,3119.83,15.11
ITEM0003548,ORD001026,PROD00038,1,3024.72,9.73
ITEM0003549,ORD001026,PROD00257,3,31755.6,6.65
ITEM0003550,ORD001026,PROD00031,1,14324.32,29.12
ITEM0003551,ORD001026,PROD00174,5,6796.1,23.59
ITEM0003552,ORD001026,PROD00062,1,1755.31,32.05
ITEM0003553,ORD001027,PROD00049,3,8241.32,26.81
ITEM0003554,ORD001028,PROD00204,5,56411.49,3.41
ITEM0003555,ORD001028,PROD00025,5,2571.12,8.48
ITEM0003556,ORD001028,PROD00042,4,851.12,1.72
ITEM0003557,ORD001029,PROD00288,5,12413.32,22.15
ITEM0003558,ORD001029,PROD00240,5,56530.69,33.54
ITEM0003559,ORD001029,PROD00102,5,20526.64,31.44
ITEM0003560,ORD001029,PROD00179,-1,11703.98,28.63
ITEM0003561,ORD001030,PROD00243,2,19132.03,19.42
ITEM0003562,ORD001030,PROD00265,2,7815.58,24.65
ITEM0003563,ORD001030,PROD00262,2,2761.19,3.23
ITEM0003564,ORD001031,PROD00120,1,1922.05,13.36
ITEM0003565,ORD001031,PROD_DUP_248,3,13444.93,14.44
ITEM0003566,ORD001031,PROD00009,1,11170.3,14.69
ITEM0003567,ORD001031,PROD00116,0,72895.77,9.04
ITEM0003568,ORD001031,PROD00046,1,3348.49,0.92
ITEM0003569,ORD001031,PROD00200,1,23481.36,32.54
ITEM0003570,ORD001032,PROD00206,5,17398.64,10.88
ITEM0003571,ORD001032,PROD00070,1,70038.79,4.43
ITEM0003572,ORD001032,PROD00268,1,247.24,20.09
ITEM0003573,ORD001032,PROD00116,3,72895.77,11.43
ITEM0003574,ORD001032,PROD00159,4,18880.93,27.68
ITEM0003575,ORD001032,PROD00210,2,116861.98,0.9
ITEM0003576,ORD001033,PROD00209,1,48158.17,20.45
ITEM0003577,ORD001034,PROD00245,2,77190.55,21.84
ITEM0003578,ORD001035,PROD00200,4,23481.36,13.16
ITEM0003579,ORD001036,PROD00052,5,8276.3,20.16
ITEM0003580,ORD001036,PROD00263,3,4176.74,22.93
ITEM0003581,ORD001037,PROD00247,1,60305.75,24.28
ITEM0003582,ORD001037,PROD00082,4,4931.74,13.44
ITEM0003583,ORD001037,PROD00143,1,9888.94,13.64
ITEM0003584,ORD001038,PROD00235,1,9096.22,4.91
ITEM0003585,ORD001038,PROD00010,1,19555.43,24.24
ITEM0003586,ORD001038,PROD00291,2,68752.62,17.17
ITEM0003587,ORD001039,PROD00210,2,116861.98,4.8
ITEM0003588,ORD001039,PROD00041,-3,13175.99,24.93
ITEM0003589,ORD001040,PROD00097,3,8629.08,21.98
ITEM0003590,ORD001040,PROD00275,1,1589.33,17.64
ITEM0003591,ORD001041,PROD00265,2,7815.58,7.15
ITEM0003592,ORD001041,PROD00083,5,56427.07,17.36
ITEM0003593,ORD001041,PROD00067,0,16473.79,24.92
ITEM0003594,INVALID_ORD_38706,PROD00299,5,5860.91,19.78
ITEM0003595,ORD001041,PROD00025,2,2571.12,14.71
ITEM0003596,ORD001041,PROD00291,1,68752.62,30.65
ITEM0003597,ORD001042,PROD00001,2,107560.75,17.1
ITEM0003598,ORD001042,PROD00024,5,18935.15,23.88
ITEM0003599,ORD001042,PROD00289,1,1903.39,21.16
ITEM0003600,ORD001042,PROD00295,1,6438.13,18.26
ITEM0003601,ORD001042,PROD00272,5,43464.46,20.54
ITEM0003602,ORD001042,PROD00041,4,13175.99,15.58
ITEM0003603,ORD001043,PROD00234,4,491.09,25.05
ITEM0003604,ORD001044,PROD00154,2,15820.26,12.51
ITEM0003605,ORD001044,PROD00277,5,10462.69,25.51
ITEM0003606,ORD001044,PROD00136,1,15602.8,29.13
ITEM0003607,ORD001044,PROD00242,1,49321.02,28.16
ITEM0003608,ORD001044,PROD00174,1,6796.1,10.34
ITEM0003609,ORD001044,PROD00042,5,851.12,26.11
ITEM0003610,ORD001045,PROD00273,4,5839.38,25.05
ITEM0003611,ORD001045,PROD00052,2,8276.3,20.19
ITEM0003612,ORD001045,PROD00032,4,15757.18,2.82
ITEM0003613,ORD001045,PROD00012,1,16414.48,28.54
ITEM0003614,ORD001045,PROD00159,2,18880.93,6.11
ITEM0003615,ORD001046,PROD00160,1,4270.13,16.62
ITEM0003616,ORD001047,PROD00101,3,90820.31,6.47
ITEM0003617,ORD001047,PROD00084,4,49768.99,17.55
ITEM0003618,ORD001047,PROD00124,3,31585.25,13.89
ITEM0003619,ORD001047,PROD00128,2,2957.45,32.96
ITEM0003620,ORD001047,PROD00165,3,5849.47,14.65
ITEM0003621,ORD001047,PROD00097,1,8629.08,32.62
ITEM0003622,ORD001048,PROD00293,5,6508.01,22.82
ITEM0003623,ORD001049,PROD00143,4,9888.94,0.67
ITEM0003624,ORD001049,PROD00061,1,168745.97,29.4
ITEM0003625,ORD001049,PROD00084,3,49768.99,2.41
ITEM0003626,ORD001049,PROD00018,2,57851.82,26.53
ITEM0003627,ORD001049,INVALID_PROD_97458,-3,10514.42,28.15
ITEM0003628,ORD001050,PROD00141,1,738.47,29.17
ITEM0003629,ORD001050,PROD00122,1,1085.5,15.71
ITEM0003630,ORD001050,PROD00191,4,18482.44,30.46
ITEM0003631,ORD001051,PROD00231,3,2536.84,32.24
ITEM0003632,ORD001052,PROD00012,3,16414.48,26.05
ITEM0003633,ORD001052,PROD00201,1,331.81,6.47
ITEM0003634,ORD001052,PROD00111,2,8072.67,34.31
ITEM0003635,ORD001052,PROD00073,2,36426.6,16.86
ITEM0003636,ORD001052,PROD00252,4,8369.69,13.16
ITEM0003637,ORD001052,PROD00167,2,15629.7,33.87
ITEM0003638,INVALID_ORD_37237,PROD00080,4,8705.25,17.79
ITEM0003639,ORD001053,PROD00019,4,39804.94,22.17
ITEM0003640,ORD001053,PROD00177,5,2661.74,19.22
ITEM0003641,ORD001054,PROD00188,1,26614.54,9.7
ITEM0003642,ORD001054,PROD00124,3,31585.25,29.66
ITEM0003643,ORD001054,PROD00287,3,1349.9,6.43
ITEM0003644,ORD001055,PROD00168,1,786.46,18.56
ITEM0003645,ORD001055,PROD00035,3,7731.0,23.28
ITEM0003646,ORD001056,PROD00209,2,48158.17,2.71
ITEM0003647,ORD001056,PROD00010,2,19555.43,29.84
ITEM0003648,ORD001056,PROD00092,4,3453.47,14.64
ITEM0003649,ORD001056,PROD00210,5,116861.98,13.37
ITEM0003650,ORD001057,PROD00090,1,12776.72,23.26
ITEM0003651,ORD001057,PROD00241,5,15219.97,5.05
ITEM0003652,ORD001057,PROD00108,3,13444.93,18.59
ITEM0003653,ORD001058,PROD00059,3,1558.61,10.26
ITEM0003654,ORD001058,PROD00120,5,1922.05,22.46
ITEM0003655,ORD001058,PROD00025,5,2571.12,23.13
ITEM0003656,ORD001059,PROD00130,4,11592.7,27.42
ITEM0003657,ORD001060,PROD00180,5,45620.93,1.29
ITEM0003658,ORD001061,PROD00172,3,660.53,13.57
ITEM0003659,ORD001061,PROD00069,3,1031.99,13.09
ITEM0003660,ORD001061,PROD00185,4,88426.11,33.88
ITEM0003661,ORD001061,PROD00163,1,49503.31,0.2
ITEM0003662,ORD001061,PROD00082,4,4931.74,22.84
ITEM0003663,ORD001061,PROD00031,2,14324.32,18.16
ITEM0003664,ORD001062,PROD00131,4,2403.64,29.88
ITEM0003665,ORD001062,PROD00249,2,90613.5,5.24
ITEM0003666,ORD001062,PROD00035,2,7731.0,34.99
ITEM0003667,INVALID_ORD_59705,PROD00124,4,31585.25,34.74
ITEM0003668,ORD001062,PROD00128,3,2957.45,18.35
ITEM0003669,ORD001063,PROD00255,2,8717.28,15.86
ITEM0003670,ORD001063,PROD00140,3,10466.68,31.52
ITEM0003671,ORD001063,PROD00028,2,59359.69,29.73
ITEM0003672,ORD001063,PROD00179,5,11703.98,1.02
ITEM0003673,ORD001063,PROD00205,1,6001.17,6.95
ITEM0003674,ORD001064,PROD00076,4,117743.14,11.61
ITEM0003675,ORD001064,PROD00290,5,41413.51,9.37
ITEM0003676,ORD001064,PROD00200,2,23481.36,23.95
ITEM0003677,ORD001064,PROD00022,5,9177.73,20.51
ITEM0003678,ORD001065,PROD_DUP_248,5,13444.93,4.84
ITEM0003679,ORD001066,PROD00175,1,5323.61,17.77
ITEM0003680,ORD001067,PROD00261,3,35880.89,3.79
ITEM0003681,ORD001067,PROD00170,2,12487.59,0.04
ITEM0003682,ORD001067,PROD00232,4,20147.3,1.89
ITEM0003683,ORD001067,PROD00091,2,922.64,16.65
ITEM0003684,ORD001068,PROD00261,3,35880.89,33.43
ITEM0003685,ORD001068,PROD00159,4,18880.93,2.72
ITEM0003686,ORD001068,PROD00107,2,128039.99,32.61
ITEM0003687,ORD001068,PROD00132,2,1220.54,31.13
ITEM0003688,ORD001069,PROD00183,5,9351.26,21.73
ITEM0003689,ORD001069,PROD00143,3,9888.94,19.09
ITEM0003690,ORD001069,PROD00106,1,1535.04,30.77
ITEM0003691,ORD001069,PROD00188,5,26614.54,25.74
ITEM0003692,ORD001069,PROD00106,1,1535.04,3.89
ITEM0003693,ORD001069,PROD00169,-4,8770.94,14.44
ITEM0003694,ORD001070,PROD00256,5,19894.86,25.19
ITEM0003695,ORD001070,PROD00096,3,15644.62,12.02
ITEM0003696,ORD001070,PROD00241,3,15219.97,2.43
ITEM0003697,ORD001070,PROD00057,3,6857.15,14.53
ITEM0003698,ORD001071,PROD00108,1,13444.93,5.51
ITEM0003699,ORD001071,PROD00163,5,49503.31,8.08
ITEM0003700,ORD001071,PROD00219,5,916.28,24.81
ITEM0003701,ORD001071,PROD00294,1,12314.4,23.78
ITEM0003702,ORD001072,PROD00070,4,70038.79,28.1
ITEM0003703,ORD001072,PROD00096,4,15644.62,13.61
ITEM0003704,ORD001072,PROD00004,2,945.43,28.49
ITEM0003705,ORD001072,PROD00265,5,7815.58,34.16
ITEM0003706,ORD001073,PROD00158,5,255.24,22.7
ITEM0003707,ORD001073,PROD00297,-5,1866.66,25.69
ITEM0003708,ORD001073,PROD00289,4,1903.39,7.72
ITEM0003709,ORD001073,PROD00123,3,16024.54,11.67
ITEM0003710,ORD001073,PROD00038,1,3024.72,34.57
ITEM0003711,ORD001073,PROD00023,1,13941.86,6.26
ITEM0003712,ORD001074,PROD00121,2,79730.15,20.53
ITEM0003713,ORD001074,PROD00184,4,99913.97,19.99
ITEM0003714,ORD001074,PROD00218,4,808.31,113.69
ITEM0003715,ORD001075,PROD00275,2,1589.33,12.34
ITEM0003716,ORD001075,PROD00052,1,8276.3,1.54
ITEM0003717,ORD001075,PROD00166,1,13792.77,22.04
ITEM0003718,ORD001075,PROD00237,4,3389.65,33.19
ITEM0003719,ORD001076,PROD00011,2,53479.92,5.38
ITEM0003720,ORD001076,PROD00175,1,5323.61,6.97
ITEM0003721,ORD001076,PROD00032,3,15757.18,32.02
ITEM0003722,ORD001076,PROD00219,5,916.28,22.25
ITEM0003723,ORD001077,PROD00196,5,19028.45,27.06
ITEM0003724,ORD001077,PROD00131,4,2403.64,9.73
ITEM0003725,ORD001077,PROD00157,-1,7028.69,32.71
ITEM0003726,ORD001078,PROD00057,2,6857.15,9.21
ITEM0003727,ORD001078,PROD00139,0,12429.19,16.61
ITEM0003728,ORD001078,PROD00092,2,3453.47,29.65
ITEM0003729,ORD001078,PROD00278,2,48030.22,26.97
ITEM0003730,ORD001078,PROD00073,2,36426.6,1.55
ITEM0003731,ORD001078,PROD00061,4,168745.97,18.87
ITEM0003732,ORD001079,PROD00041,1,13175.99,0.66
ITEM0003733,ORD001079,PROD00045,1,65694.03,22.54
ITEM0003734,ORD001079,PROD00123,5,16024.54,33.5
ITEM0003735,ORD001079,PROD00296,1,75276.41,33.97
ITEM0003736,ORD001080,PROD00116,1,72895.77,12.17
ITEM0003737,ORD001080,PROD00270,1,16051.61,12.97
ITEM0003738,ORD001080,PROD00236,3,38161.26,3.84
ITEM0003739,ORD001080,PROD00115,5,3345.82,1.9
ITEM0003740,ORD001081,PROD00141,3,738.47,11.19
ITEM0003741,ORD001081,PROD00102,5,20526.64,25.02
ITEM0003742,ORD001081,PROD00153,1,33477.66,21.56
ITEM0003743,ORD001082,PROD00144,3,35676.4,30.16
ITEM0003744,ORD001082,PROD00230,2,14806.16,23.14
ITEM0003745,ORD001082,PROD00217,3,21374.71,10.31
ITEM0003746,ORD001082,PROD00290,4,41413.51,8.15
ITEM0003747,ORD001083,PROD00080,4,8705.25,16.38
ITEM0003748,ORD001083,PROD00001,4,107560.75,17.69
ITEM0003749,ORD001083,PROD00199,1,37442.17,14.1
ITEM0003750,ORD001083,PROD00044,5,36733.67,30.22
ITEM0003751,ORD001083,PROD00247,3,60305.75,12.64
ITEM0003752,ORD001084,PROD00300,4,1163.82,24.19
ITEM0003753,ORD001085,PROD00297,2,1866.66,34.6
ITEM0003754,ORD001085,PROD00207,1,90137.22,13.81
ITEM0003755,ORD001085,PROD00129,3,55423.01,33.58
ITEM0003756,ORD001086,PROD00087,-2,9237.82,28.32
ITEM0003757,ORD001086,PROD00294,2,12314.4,27.08
ITEM0003758,ORD001086,PROD00102,3,20526.64,24.78
ITEM0003759,ORD001086,PROD00189,4,9958.04,8.89
ITEM0003760,ORD001086,PROD00050,1,635.92,8.14
ITEM0003761,ORD001086,PROD00280,2,93322.92,29.18
ITEM0003762,ORD001087,PROD00084,4,49768.99,15.49
ITEM0003763,ORD001087,PROD00148,1,46265.49,21.92
ITEM0003764,ORD001087,PROD00257,1,31755.6,23.18
ITEM0003765,ORD001087,PROD00252,4,8369.69,7.91
ITEM0003766,ORD001088,PROD00252,2,8369.69,11.18
ITEM0003767,ORD001089,PROD00055,4,1893.42,9.52
ITEM0003768,ORD001089,PROD00010,-1,19555.43,0.54
ITEM0003769,ORD001089,PROD00117,2,28499.09,22.34
ITEM0003770,ORD001090,PROD00281,-5,2777.16,32.05
ITEM0003771,ORD001090,PROD00127,5,6869.22,22.27
ITEM0003772,ORD001090,PROD00040,5,6724.73,32.87
ITEM0003773,ORD001091,PROD00230,4,14806.16,2.64
ITEM0003774,ORD001091,PROD00159,4,18880.93,13.07
ITEM0003775,ORD001092,PROD00101,2,90820.31,21.74
ITEM0003776,ORD001092,PROD00250,1,2595.77,20.67
ITEM0003777,ORD001092,PROD00237,1,3389.65,130.44
ITEM0003778,ORD001092,INVALID_PROD_87585,2,3345.82,29.5
ITEM0003779,ORD001092,PROD00217,1,21374.71,28.11
ITEM0003780,ORD001093,PROD00037,2,16473.88,21.59
ITEM0003781,ORD001093,PROD00294,5,12314.4,34.23
ITEM0003782,ORD001093,PROD00014,5,10284.38,27.47
ITEM0003783,ORD001093,PROD00152,5,4664.81,20.9
ITEM0003784,ORD001093,PROD00164,5,136789.18,15.18
ITEM0003785,ORD001094,PROD00260,1,51829.61,1.19
ITEM0003786,ORD001094,PROD00269,2,2342.42,27.31
ITEM0003787,ORD001094,PROD00115,5,3345.82,9.89
ITEM0003788,ORD001094,PROD00090,4,12776.72,28.56
ITEM0003789,ORD001094,PROD00229,2,17916.53,32.88
ITEM0003790,ORD001094,PROD00207,1,90137.22,5.44
ITEM0003791,ORD001095,PROD00070,0,70038.79,11.63
ITEM0003792,ORD001095,PROD00287,5,1349.9,116.58
ITEM0003793,ORD001096,PROD00081,5,14240.57,27.2
ITEM0003794,ORD001096,PROD00256,4,19894.86,17.92
ITEM0003795,ORD001096,PROD00256,1,19894.86,25.4
ITEM0003796,ORD001096,PROD00006,4,3286.66,22.72
ITEM0003797,ORD001096,PROD00145,2,7654.14,2.76
ITEM0003798,ORD001096,PROD00159,-4,18880.93,19.11
ITEM0003799,ORD001097,PROD00204,4,56411.49,26.41
ITEM0003800,ORD001097,PROD00271,3,69182.89,8.96
ITEM0003801,ORD001097,PROD00025,5,2571.12,4.94
ITEM0003802,ORD001097,PROD00201,0,331.81,21.24
ITEM0003803,ORD001097,PROD00253,1,30181.5,4.99
ITEM0003804,ORD001098,PROD00218,4,808.31,21.69
ITEM0003805,ORD001098,PROD00061,4,168745.97,11.68
ITEM0003806,ORD001098,PROD00082,1,4931.74,18.05
ITEM0003807,ORD001098,PROD00012,2,16414.48,34.73
ITEM0003808,ORD001099,PROD00017,3,42741.8,13.47
ITEM0003809,ORD001099,PROD00047,4,1949.22,34.18
ITEM0003810,ORD001099,PROD00132,1,1220.54,12.09
ITEM0003811,ORD001099,PROD00044,2,36733.67,32.68
ITEM0003812,ORD001100,PROD00039,4,4450.41,26.11
ITEM0003813,ORD001100,PROD00211,4,235.37,13.36
ITEM0003814,ORD001100,PROD00211,3,235.37,1.91
ITEM0003815,ORD001100,PROD00135,2,973.62,11.1
ITEM0003816,ORD001100,PROD00033,5,25099.93,13.92
ITEM0003817,ORD001101,PROD00223,5,31608.39,27.29
ITEM0003818,ORD001101,PROD00260,1,51829.61,2.26
ITEM0003819,ORD001101,PROD00077,3,949.09,32.78
ITEM0003820,ORD001101,PROD00299,1,5860.91,12.11
ITEM0003821,ORD001102,PROD00136,2,15602.8,2.66
ITEM0003822,ORD001103,PROD00194,2,1718.09,9.01
ITEM0003823,ORD001104,PROD00051,2,14882.87,1.72
ITEM0003824,ORD001104,PROD00299,1,5860.91,33.38
ITEM0003825,ORD001104,PROD00144,2,35676.4,16.52
ITEM0003826,ORD001105,PROD00288,1,12413.32,0.6
ITEM0003827,ORD001105,PROD00049,4,8241.32,23.66
ITEM0003828,ORD001105,PROD00125,4,3811.77,7.7
ITEM0003829,ORD001105,PROD00220,3,53302.28,3.89
ITEM0003830,ORD001105,PROD00087,3,9237.82,4.9
ITEM0003831,ORD001106,PROD00002,1,13344.44,26.54
ITEM0003832,ORD001106,PROD00109,5,9016.47,14.51
ITEM0003833,ORD001107,PROD00231,4,2536.84,15.28
ITEM0003834,ORD001107,PROD00044,1,36733.67,32.05
ITEM0003835,INVALID_ORD_91486,PROD00117,3,28499.09,7.33
ITEM0003836,ORD001107,PROD00192,2,9826.54,26.4
ITEM0003837,ORD001108,PROD00071,3,6126.45,22.18
ITEM0003838,ORD001108,PROD00015,5,3631.08,15.62
ITEM0003839,ORD001108,PROD00220,5,53302.28,18.84
ITEM0003840,ORD001108,PROD00066,3,5087.99,28.45
ITEM0003841,ORD001108,PROD00100,4,9419.26,7.42
ITEM0003842,ORD001108,PROD00146,4,10852.71,25.08
ITEM0003843,ORD001109,PROD00071,3,6126.45,15.85
ITEM0003844,ORD001109,PROD00110,4,8026.63,11.91
ITEM0003845,ORD001110,PROD00070,5,70038.79,18.95
ITEM0003846,ORD001110,PROD00004,3,945.43,3.16
ITEM0003847,ORD001110,PROD00110,0,8026.63,16.04
ITEM0003848,ORD001111,PROD00018,4,57851.82,12.24
ITEM0003849,ORD001111,PROD00127,2,6869.22,23.2
ITEM0003850,ORD001111,PROD00143,3,9888.94,12.92
ITEM0003851,ORD001111,PROD00282,5,1528.85,28.32
ITEM0003852,ORD001111,PROD00279,1,13479.28,0.97
ITEM0003853,ORD001111,PROD00092,0,3453.47,24.71
ITEM0003854,ORD001112,PROD00014,3,10284.38,15.52
ITEM0003855,ORD001112,PROD00147,5,10375.1,18.13
ITEM0003856,ORD001113,PROD00220,1,53302.28,30.5
ITEM0003857,ORD001113,PROD00122,1,1085.5,4.67
ITEM0003858,ORD001114,PROD00025,5,2571.12,22.45
ITEM0003859,ORD001114,PROD00257,5,31755.6,1.26
ITEM0003860,ORD001114,PROD00183,0,9351.26,24.62
ITEM0003861,ORD001114,PROD00074,2,2883.54,17.19
ITEM0003862,ORD001114,PROD00026,2,19557.07,4.57
ITEM0003863,ORD001115,PROD00006,2,3286.66,27.83
ITEM0003864,ORD001115,PROD00087,4,9237.82,4.77
ITEM0003865,ORD001115,PROD00238,5,10985.44,17.94
ITEM0003866,ORD001115,PROD00171,5,1587.59,8.77
ITEM0003867,ORD001115,PROD00221,1,6476.61,10.49
ITEM0003868,ORD001116,PROD00240,0,56530.69,16.84
ITEM0003869,ORD001116,PROD00252,1,8369.69,13.29
ITEM0003870,ORD001116,PROD00151,-4,75177.2,17.85
ITEM0003871,ORD001116,PROD00300,3,1163.82,23.61
ITEM0003872,ORD001116,PROD00060,3,14823.48,22.61
ITEM0003873,ORD001116,PROD00197,-1,2320.69,20.04
ITEM0003874,ORD001117,PROD00149,5,737.02,27.27
ITEM0003875,ORD001117,PROD00299,1,5860.91,32.24
ITEM0003876,ORD001117,PROD00128,4,2957.45,23.56
ITEM0003877,ORD001117,PROD00011,1,53479.92,14.91
ITEM0003878,ORD001118,PROD00105,3,16922.48,34.5
ITEM0003879,ORD001118,PROD00227,5,2030.73,17.16
ITEM0003880,ORD001118,PROD00095,5,56114.19,23.56
ITEM0003881,ORD001118,PROD00166,4,13792.77,15.38
ITEM0003882,ORD001118,PROD00255,1,8717.28,21.01
ITEM0003883,ORD001118,PROD00025,2,2571.12,28.52
ITEM0003884,ORD001119,PROD00077,1,949.09,123.54
ITEM0003885,ORD001119,PROD00045,3,65694.03,32.58
ITEM0003886,ORD001119,PROD00223,4,31608.39,34.42
ITEM0003887,ORD001119,PROD00114,5,129739.16,2.25
ITEM0003888,ORD001119,PROD00060,1,14823.48,26.59
ITEM0003889,ORD001120,PROD00132,5,1220.54,5.18
ITEM0003890,ORD001120,PROD00167,5,15629.7,8.15
ITEM0003891,ORD001120,PROD00217,3,21374.71,3.09
ITEM0003892,ORD001121,PROD00012,1,16414.48,2.03
ITEM0003893,ORD001121,PROD00056,1,64832.21,5.76
ITEM0003894,ORD001121,PROD00139,2,12429.19,9.29
ITEM0003895,ORD001122,PROD00161,1,89959.13,22.97
ITEM0003896,ORD001122,PROD00297,4,1866.66,30.05
ITEM0003897,ORD001122,PROD00231,5,2536.84,8.35
ITEM0003898,ORD001122,PROD00021,2,1935.05,8.98
ITEM0003899,ORD001122,PROD00105,1,16922.48,9.55
ITEM0003900,ORD001122,PROD00036,1,9080.54,11.41
ITEM0003901,ORD001123,PROD00275,2,1589.33,31.33
ITEM0003902,ORD001124,PROD_DUP_248,2,13444.93,0.6
ITEM0003903,ORD001124,PROD00122,0,1085.5,19.74
ITEM0003904,ORD001124,PROD00014,4,10284.38,2.11
ITEM0003905,ORD001124,PROD00030,5,46619.52,142.18
ITEM0003906,ORD001125,PROD00084,1,49768.99,25.35
ITEM0003907,ORD001125,PROD00140,3,10466.68,6.85
ITEM0003908,ORD001125,PROD00269,3,2342.42,13.48
ITEM0003909,ORD001126,PROD00290,2,41413.51,17.85
ITEM0003910,ORD001126,PROD00211,5,235.37,0.25
ITEM0003911,ORD001126,PROD00286,4,11352.93,23.51
ITEM0003912,ORD001127,PROD00238,1,10985.44,17.17
ITEM0003913,ORD001128,PROD00238,4,10985.44,6.05
ITEM0003914,ORD001129,PROD00279,1,13479.28,29.22
ITEM0003915,ORD001129,PROD00085,4,3944.47,12.69
ITEM0003916,ORD001129,PROD00016,4,155813.5,10.89
ITEM0003917,ORD001129,PROD00240,4,56530.69,0.68
ITEM0003918,ORD001129,PROD00072,3,6009.58,11.04
ITEM0003919,ORD001130,PROD00132,3,1220.54,27.91
ITEM0003920,ORD001130,PROD00181,1,34804.16,20.08
ITEM0003921,ORD001130,PROD00010,1,19555.43,9.26
ITEM0003922,ORD001131,PROD00011,3,53479.92,10.89
ITEM0003923,ORD001131,PROD00088,3,9502.99,12.23
ITEM0003924,ORD001131,PROD00234,2,491.09,27.78
ITEM0003925,ORD001131,PROD00235,4,9096.22,12.48
ITEM0003926,ORD001131,PROD00132,3,1220.54,8.42
ITEM0003927,ORD001132,PROD00247,0,60305.75,32.24
ITEM0003928,ORD001132,PROD00286,1,11352.93,12.91
ITEM0003929,ORD001132,PROD00243,4,19132.03,11.46
ITEM0003930,ORD001133,PROD00216,5,4233.5,4.87
ITEM0003931,ORD001133,PROD00062,4,1755.31,31.77
ITEM0003932,ORD001133,PROD00184,0,99913.97,16.14
ITEM0003933,ORD001133,PROD00230,2,14806.16,17.67
ITEM0003934,ORD001133,PROD00105,2,16922.48,6.65
ITEM0003935,ORD001134,PROD00070,4,70038.79,2.88
ITEM0003936,ORD001134,PROD00283,2,34928.13,29.67
ITEM0003937,ORD001134,PROD00030,1,46619.52,23.94
ITEM0003938,ORD001135,PROD00205,0,6001.17,15.86
ITEM0003939,ORD001135,PROD00191,2,18482.44,11.9
ITEM0003940,ORD001135,PROD00260,2,51829.61,33.28
ITEM0003941,ORD001135,PROD00285,4,87613.3,27.18
ITEM0003942,ORD001135,PROD00122,2,1085.5,3.88
ITEM0003943,ORD001135,PROD_DUP_764,4,10284.38,16.34
ITEM0003944,ORD001136,PROD00100,5,9419.26,34.82
ITEM0003945,ORD001136,PROD00223,5,31608.39,16.32
ITEM0003946,ORD001136,PROD00080,1,8705.25,30.76
ITEM0003947,ORD001136,PROD00251,3,37604.62,3.07
ITEM0003948,ORD001137,PROD00052,2,8276.3,33.69
ITEM0003949,ORD001137,PROD00149,1,737.02,20.13
ITEM0003950,ORD001137,PROD00156,3,263.76,22.03
ITEM0003951,ORD001138,PROD00199,5,37442.17,12.03
ITEM0003952,ORD001138,PROD00053,1,1294.67,1.51
ITEM0003953,ORD001138,PROD00188,4,26614.54,34.28
ITEM0003954,ORD001138,PROD00195,3,45234.5,25.24
ITEM0003955,ORD001139,PROD00025,2,2571.12,4.52
ITEM0003956,ORD001140,PROD00047,4,1949.22,34.58
ITEM0003957,ORD001140,PROD00099,3,10679.39,21.79
ITEM0003958,ORD001140,PROD00082,1,4931.74,33.55
ITEM0003959,ORD001140,PROD00227,1,2030.73,32.59
ITEM0003960,ORD001141,PROD00029,4,12387.11,8.98
ITEM0003961,ORD001141,PROD00060,1,14823.48,24.27
ITEM0003962,ORD001141,PROD00039,1,4450.41,4.02
ITEM0003963,ORD001141,PROD00135,4,973.62,6.51
ITEM0003964,ORD001141,PROD00160,5,4270.13,14.62
ITEM0003965,ORD001141,PROD00178,-1,11840.22,19.19
ITEM0003966,ORD001142,PROD00242,2,49321.02,27.26
ITEM0003967,ORD001142,PROD00294,0,12314.4,11.92
ITEM0003968,ORD001143,PROD00138,5,14451.36,0.78
ITEM0003969,ORD001143,PROD00210,5,116861.98,12.49
ITEM0003970,ORD001143,PROD00205,3,6001.17,33.69
ITEM0003971,ORD001144,PROD00291,1,68752.62,2.55
ITEM0003972,ORD001144,PROD00152,3,4664.81,9.16
ITEM0003973,ORD001144,PROD00034,1,2479.77,9.29
ITEM0003974,ORD001144,PROD00279,1,13479.28,7.47
ITEM0003975,ORD001144,PROD00139,5,12429.19,27.62
ITEM0003976,ORD001145,PROD00275,3,1589.33,13.83
ITEM0003977,ORD001145,PROD00159,3,18880.93,9.19
ITEM0003978,ORD001145,PROD00189,4,9958.04,3.26
ITEM0003979,ORD001146,PROD00029,4,12387.11,20.28
ITEM0003980,ORD001146,PROD00274,2,3119.83,23.21
ITEM0003981,ORD001146,PROD00068,2,15259.49,9.24
ITEM0003982,ORD001146,PROD00076,3,117743.14,29.26
ITEM0003983,ORD001146,PROD00006,4,3286.66,30.12
ITEM0003984,ORD001146,PROD00236,-5,38161.26,29.85
ITEM0003985,ORD001147,PROD00131,4,2403.64,25.0
ITEM0003986,ORD001147,PROD00109,5,9016.47,26.63
ITEM0003987,ORD001148,PROD00098,5,101886.16,23.94
ITEM0003988,ORD001148,PROD00262,2,2761.19,0.46
ITEM0003989,ORD001148,PROD00257,3,31755.6,11.89
ITEM0003990,ORD001148,PROD00201,5,331.81,3.03
ITEM0003991,ORD001148,PROD00236,5,38161.26,22.21
ITEM0003992,ORD001149,PROD00202,2,2205.47,6.2
ITEM0003993,ORD001149,PROD00259,1,32817.74,30.51
ITEM0003994,ORD001149,PROD00180,1,45620.93,20.75
ITEM0003995,ORD001149,PROD00105,1,16922.48,26.24
ITEM0003996,ORD001150,PROD00165,3,5849.47,3.12
ITEM0003997,ORD001150,PROD00072,1,6009.58,27.99
ITEM0003998,ORD001150,PROD00258,3,11131.97,4.48
ITEM0003999,ORD001151,PROD00126,1,14276.93,24.94
ITEM0004000,ORD001151,PROD00290,2,41413.51,24.93
ITEM0004001,ORD001151,PROD00159,1,18880.93,32.05
ITEM0004002,ORD001152,PROD00207,5,90137.22,19.34
ITEM0004003,ORD001153,PROD00230,3,14806.16,23.32
ITEM0004004,ORD001153,PROD00247,4,60305.75,10.28
ITEM0004005,ORD001153,PROD00095,3,56114.19,20.69
ITEM0004006,ORD001153,PROD00073,1,36426.6,6.61
ITEM0004007,ORD001154,PROD00114,3,129739.16,25.51
ITEM0004008,ORD001154,PROD00298,2,1958.18,22.21
ITEM0004009,ORD001154,PROD00153,-3,33477.66,22.04
ITEM0004010,ORD001155,PROD00094,1,18989.87,31.84
ITEM0004011,ORD001155,PROD00253,-2,30181.5,30.13
ITEM0004012,ORD001156,PROD00084,1,49768.99,25.76
ITEM0004013,ORD001156,PROD00283,3,34928.13,0.03
ITEM0004014,ORD001157,PROD00146,-3,10852.71,33.84
ITEM0004015,ORD001157,PROD00201,1,331.81,19.62
ITEM0004016,ORD001157,PROD00297,5,1866.66,5.24
ITEM0004017,ORD001157,PROD00273,5,5839.38,30.68
ITEM0004018,ORD001157,PROD00271,1,69182.89,23.74
ITEM0004019,ORD001158,PROD00093,5,799.0,25.7
ITEM0004020,ORD001158,PROD00090,2,12776.72,33.2
ITEM0004021,ORD001158,PROD00049,4,8241.32,8.17
ITEM0004022,ORD001158,PROD00236,2,38161.26,4.88
ITEM0004023,ORD001158,PROD00179,1,11703.98,147.78
ITEM0004024,ORD001158,PROD00292,5,148693.56,15.5
ITEM0004025,ORD001159,PROD00043,1,5667.41,20.5
ITEM0004026,ORD001159,PROD00013,3,1794.74,28.85
ITEM0004027,ORD001159,PROD00229,5,17916.53,3.67
ITEM0004028,ORD001159,PROD00054,-3,59992.33,17.93
ITEM0004029,ORD001159,PROD00266,4,150138.51,12.22
ITEM0004030,ORD001160,PROD00206,5,17398.64,20.7
ITEM0004031,ORD001160,PROD00103,4,210.19,22.0
ITEM0004032,ORD001160,PROD00269,3,2342.42,16.72
ITEM0004033,ORD001161,PROD00118,1,85972.81,32.57
ITEM0004034,ORD001161,PROD00052,3,8276.3,34.79
ITEM0004035,ORD001162,PROD00155,2,6690.65,13.3
ITEM0004036,ORD001162,PROD00234,3,491.09,27.25
ITEM0004037,ORD001162,PROD00209,4,48158.17,12.02
ITEM0004038,ORD001162,PROD00227,1,2030.73,2.38
ITEM0004039,ORD001162,PROD00059,1,1558.61,12.92
ITEM0004040,ORD001163,PROD00160,1,4270.13,18.28
ITEM0004041,ORD001163,PROD00281,2,2777.16,9.55
ITEM0004042,ORD001164,PROD00167,-1,15629.7,29.82
ITEM0004043,ORD001164,PROD00286,5,11352.93,9.38
ITEM0004044,ORD001165,PROD00139,1,12429.19,4.52
ITEM0004045,ORD001166,PROD00233,3,5457.87,3.26
ITEM0004046,ORD001166,PROD00244,5,358.32,30.44
ITEM0004047,ORD001166,PROD00067,2,16473.79,25.86
ITEM0004048,ORD001166,PROD00165,5,5849.47,148.74
ITEM0004049,ORD001166,PROD00256,1,19894.86,22.53
ITEM0004050,ORD001166,PROD00138,2,14451.36,11.55
ITEM0004051,ORD001167,PROD00237,1,3389.65,30.73
ITEM0004052,ORD001167,PROD00150,4,35744.49,4.61
ITEM0004053,ORD001167,PROD00248,2,13070.96,27.43
ITEM0004054,ORD001168,PROD00060,5,14823.48,17.81
ITEM0004055,ORD001168,PROD00124,2,31585.25,25.65
ITEM0004056,ORD001168,PROD00299,4,5860.91,1.64
ITEM0004057,ORD001168,PROD00011,2,53479.92,11.28
ITEM0004058,ORD001168,PROD00257,1,31755.6,9.75
ITEM0004059,ORD001168,PROD00079,4,11534.5,4.62
ITEM0004060,ORD001169,PROD00142,5,3142.8,30.64
ITEM0004061,ORD001169,PROD00235,5,9096.22,11.42
ITEM0004062,ORD001169,PROD00252,5,8369.69,0.63
ITEM0004063,ORD001169,PROD00011,5,53479.92,8.72
ITEM0004064,ORD001169,PROD00006,-1,3286.66,22.28
ITEM0004065,ORD001169,PROD00275,1,1589.33,27.73
ITEM0004066,ORD001170,PROD00217,3,21374.71,21.34
ITEM0004067,ORD001170,PROD00088,1,9502.99,13.96
ITEM0004068,ORD001170,PROD00164,5,136789.18,31.68
ITEM0004069,ORD001171,PROD00117,2,28499.09,9.07
ITEM0004070,ORD001171,PROD00201,1,331.81,32.69
ITEM0004071,ORD001172,PROD00279,5,13479.28,32.82
ITEM0004072,ORD001172,PROD00085,2,3944.47,6.18
ITEM0004073,ORD001172,PROD00155,4,6690.65,4.18
ITEM0004074,ORD001173,PROD00042,1,851.12,17.82
ITEM0004075,ORD001173,PROD00057,2,6857.15,26.35
ITEM0004076,INVALID_ORD_95531,PROD00092,1,3453.47,12.5
ITEM0004077,ORD001173,PROD00229,2,17916.53,1.79
ITEM0004078,ORD001174,PROD00253,3,30181.5,6.13
ITEM0004079,ORD001174,PROD00232,2,20147.3,18.03
ITEM0004080,ORD001174,PROD00027,5,6786.44,29.39
ITEM0004081,ORD001174,PROD00075,1,16738.37,34.65
ITEM0004082,ORD001174,PROD00003,5,47677.98,15.91
ITEM0004083,ORD001175,PROD00196,4,19028.45,12.45
ITEM0004084,ORD001175,PROD00250,1,2595.77,11.1
ITEM0004085,ORD001175,PROD00116,2,72895.77,7.42
ITEM0004086,ORD001175,PROD_DUP_248,1,13444.93,32.56
ITEM0004087,ORD001176,PROD00029,3,12387.11,23.77
ITEM0004088,ORD001176,PROD00054,5,59992.33,31.02
ITEM0004089,ORD001176,PROD00023,4,13941.86,9.8
ITEM0004090,ORD001177,PROD00181,2,34804.16,26.4
ITEM0004091,ORD001177,PROD00060,4,14823.48,15.63
ITEM0004092,ORD001177,PROD00244,1,358.32,22.33
ITEM0004093,ORD001177,PROD00201,4,331.81,8.67
ITEM0004094,ORD001177,PROD00215,4,13895.27,9.11
ITEM0004095,ORD001178,PROD00261,5,35880.89,17.18
ITEM0004096,ORD001178,PROD00205,4,6001.17,29.52
ITEM0004097,ORD001178,PROD00027,-2,6786.44,5.8
ITEM0004098,ORD001178,PROD00295,2,6438.13,0.07
ITEM0004099,ORD001178,PROD00287,2,1349.9,18.67
ITEM0004100,ORD001179,PROD00164,0,136789.18,28.31
ITEM0004101,ORD001180,PROD00029,2,12387.11,0.34
ITEM0004102,ORD001180,PROD00138,2,14451.36,15.44
ITEM0004103,ORD001181,PROD00293,3,6508.01,27.12
ITEM0004104,ORD001181,PROD00264,5,57779.76,17.45
ITEM0004105,ORD001182,PROD00237,2,3389.65,20.42
ITEM0004106,ORD001182,PROD00247,5,60305.75,31.75
ITEM0004107,ORD001182,PROD00295,5,6438.13,3.3
ITEM0004108,ORD001182,PROD00092,1,3453.47,16.1
ITEM0004109,ORD001182,PROD00101,1,90820.31,29.81
ITEM0004110,ORD001183,PROD00132,5,1220.54,22.72
ITEM0004111,ORD001183,PROD00276,4,3225.79,9.54
ITEM0004112,ORD001183,PROD00033,1,25099.93,3.7
ITEM0004113,ORD001183,PROD00086,4,13674.52,11.7
ITEM0004114,ORD001183,PROD00008,1,2233.33,18.39
ITEM0004115,ORD001184,PROD00155,0,6690.65,5.65
ITEM0004116,ORD001184,PROD00093,4,799.0,5.54
ITEM0004117,INVALID_ORD_43436,PROD00087,4,9237.82,32.66
ITEM0004118,ORD001184,PROD00124,1,31585.25,7.76
ITEM0004119,ORD001184,PROD00198,4,88452.16,5.55
ITEM0004120,ORD001185,PROD00299,4,5860.91,3.84
ITEM0004121,ORD001185,PROD00141,-4,738.47,6.6
ITEM0004122,ORD001185,PROD00202,3,2205.47,31.38
ITEM0004123,ORD001186,PROD00196,5,19028.45,18.69
ITEM0004124,ORD001186,PROD00259,4,32817.74,26.48
ITEM0004125,ORD001186,PROD00082,5,4931.74,17.41
ITEM0004126,ORD001186,PROD00200,1,23481.36,20.9
ITEM0004127,ORD001186,PROD00279,0,13479.28,1.12
ITEM0004128,ORD001187,PROD00277,2,10462.69,29.27
ITEM0004129,INVALID_ORD_68222,PROD00081,4,14240.57,2.47
ITEM0004130,ORD001187,PROD00025,2,2571.12,1.98
ITEM0004131,ORD001187,PROD00102,2,20526.64,16.62
ITEM0004132,ORD001188,PROD00150,3,35744.49,25.43
ITEM0004133,ORD001188,PROD00145,4,7654.14,31.98
ITEM0004134,ORD001188,PROD00090,3,12776.72,23.69
ITEM0004135,ORD001188,PROD00039,4,4450.41,13.72
ITEM0004136,ORD001188,PROD00292,5,148693.56,0.2
ITEM0004137,ORD001188,PROD00062,2,1755.31,18.62
ITEM0004138,ORD001189,PROD00193,1,33770.04,34.18
ITEM0004139,ORD001189,PROD00105,1,16922.48,27.0
ITEM0004140,ORD001189,PROD00036,2,9080.54,33.13
ITEM0004141,ORD001189,PROD00208,2,11211.45,25.01
ITEM0004142,ORD001190,PROD00223,4,31608.39,31.62
ITEM0004143,ORD001190,PROD00167,1,15629.7,14.68
ITEM0004144,ORD001190,PROD00260,3,51829.61,6.42
ITEM0004145,ORD001191,PROD00131,1,2403.64,5.87
ITEM0004146,ORD001191,PROD00068,1,15259.49,1.63
ITEM0004147,ORD001191,PROD00277,2,10462.69,5.37
ITEM0004148,ORD001191,PROD00204,4,56411.49,16.33
ITEM0004149,ORD001191,PROD00099,1,10679.39,9.33
ITEM0004150,ORD001192,PROD00244,3,358.32,31.03
ITEM0004151,ORD001192,PROD00133,5,16317.65,3.56
ITEM0004152,ORD001193,PROD00254,5,83824.83,3.49
ITEM0004153,ORD001193,PROD00168,0,786.46,25.26
ITEM0004154,ORD001193,PROD00219,3,916.28,3.19
ITEM0004155,ORD001193,PROD00021,3,1935.05,26.38
ITEM0004156,ORD001194,PROD00110,3,8026.63,1.65
ITEM0004157,ORD001194,PROD00090,5,12776.72,21.29
ITEM0004158,ORD001194,PROD00072,3,6009.58,24.74
ITEM0004159,ORD001194,PROD00090,3,12776.72,28.41
ITEM0004160,ORD001194,PROD00095,4,56114.19,9.99
ITEM0004161,ORD001195,PROD00162,0,44239.81,20.18
ITEM0004162,ORD001195,PROD00170,3,12487.59,15.41
ITEM0004163,ORD001195,PROD00193,4,33770.04,19.72
ITEM0004164,ORD001196,PROD00042,0,851.12,14.92
ITEM0004165,ORD001196,PROD00248,0,13070.96,24.31
ITEM0004166,ORD001196,PROD00020,4,70058.39,5.94
ITEM0004167,ORD001197,PROD00256,0,19894.86,14.0
ITEM0004168,ORD001198,PROD00183,3,9351.26,6.38
ITEM0004169,ORD001198,PROD00186,4,10600.32,11.37
ITEM0004170,ORD001198,PROD00287,3,1349.9,19.97
ITEM0004171,ORD001198,PROD00276,2,3225.79,1.19
ITEM0004172,ORD001198,PROD00120,3,1922.05,17.07
ITEM0004173,ORD001198,PROD00262,4,2761.19,32.4
ITEM0004174,ORD001199,PROD00276,3,3225.79,0.21
ITEM0004175,ORD001199,PROD00135,2,973.62,17.04
ITEM0004176,ORD001199,PROD00042,4,851.12,2.29
ITEM0004177,ORD001200,PROD00135,3,973.62,2.67
ITEM0004178,ORD001200,PROD00229,5,17916.53,6.28
ITEM0004179,ORD001200,PROD00271,5,69182.89,12.61
ITEM0004180,ORD001200,PROD00164,2,136789.18,23.33
ITEM0004181,ORD001200,PROD00262,1,2761.19,22.22
ITEM0004182,ORD001201,PROD00040,1,6724.73,31.37
ITEM0004183,ORD001201,PROD00147,3,10375.1,6.32
ITEM0004184,ORD001201,PROD00232,5,20147.3,16.15
ITEM0004185,ORD001202,PROD00237,1,3389.65,22.32
ITEM0004186,ORD001202,PROD00174,5,6796.1,10.92
ITEM0004187,ORD001202,PROD00213,3,67924.54,32.51
ITEM0004188,ORD001202,PROD00187,3,8729.44,25.41
ITEM0004189,ORD001202,PROD00187,2,8729.44,2.96
ITEM0004190,ORD001202,PROD00197,2,2320.69,21.84
ITEM0004191,ORD001203,PROD00030,3,46619.52,20.58
ITEM0004192,ORD001203,PROD00286,3,11352.93,3.57
ITEM0004193,ORD001203,PROD00143,4,9888.94,14.06
ITEM0004194,ORD001203,PROD00103,2,210.19,24.31
ITEM0004195,ORD001203,PROD00264,5,57779.76,7.94
ITEM0004196,ORD001204,PROD00128,2,2957.45,11.36
ITEM0004197,ORD001204,PROD00085,5,3944.47,147.49
ITEM0004198,ORD001204,PROD00202,4,2205.47,17.5
ITEM0004199,ORD001204,PROD00045,1,65694.03,29.55
ITEM0004200,ORD001204,PROD00001,-1,107560.75,31.36
ITEM0004201,ORD001205,PROD00210,0,116861.98,25.11
ITEM0004202,ORD001205,PROD00132,3,1220.54,20.31
ITEM0004203,ORD001205,PROD00074,4,2883.54,12.1
ITEM0004204,ORD001205,PROD00152,2,4664.81,5.39
ITEM0004205,ORD001206,PROD00060,3,14823.48,15.98
ITEM0004206,ORD001206,PROD00081,4,14240.57,30.25
ITEM0004207,ORD001206,PROD00060,4,14823.48,26.33
ITEM0004208,ORD001206,PROD00272,1,43464.46,26.73
ITEM0004209,ORD001206,PROD00023,1,13941.86,31.73
ITEM0004210,ORD001207,PROD00277,2,10462.69,13.13
ITEM0004211,ORD001208,PROD00166,1,13792.77,32.16
ITEM0004212,ORD001208,PROD00068,2,15259.49,29.88
ITEM0004213,ORD001208,PROD00256,4,19894.86,10.04
ITEM0004214,ORD001208,PROD00114,4,129739.16,13.29
ITEM0004215,ORD001209,PROD00210,4,116861.98,6.55
ITEM0004216,ORD001209,PROD00233,2,5457.87,18.52
ITEM0004217,ORD001209,PROD00270,3,16051.61,27.24
ITEM0004218,ORD001209,PROD00185,3,88426.11,34.42
ITEM0004219,ORD001209,PROD00034,5,2479.77,2.83
ITEM0004220,ORD001209,PROD_DUP_248,3,13444.93,31.53
ITEM0004221,ORD001210,PROD00004,1,945.43,9.51
ITEM0004222,ORD001210,PROD00030,3,46619.52,10.15
ITEM0004223,ORD001211,PROD_DUP_764,5,10284.38,26.97
ITEM0004224,ORD001211,PROD00071,1,6126.45,19.08
ITEM0004225,ORD001211,PROD00232,1,20147.3,15.03
ITEM0004226,ORD001211,PROD00068,1,15259.49,121.45
ITEM0004227,ORD001211,PROD00278,4,48030.22,2.83
ITEM0004228,ORD001211,PROD00270,3,16051.61,6.14
ITEM0004229,ORD001212,PROD00222,5,529.14,5.79
ITEM0004230,ORD001212,PROD00165,3,5849.47,3.1
ITEM0004231,ORD001212,PROD00196,4,19028.45,21.7
ITEM0004232,ORD001213,PROD00211,5,235.37,0.32
ITEM0004233,ORD001213,PROD00265,4,7815.58,26.56
ITEM0004234,ORD001213,PROD00097,5,8629.08,31.02
ITEM0004235,ORD001213,PROD00043,4,5667.41,1.9
ITEM0004236,ORD001213,PROD00012,1,16414.48,0.26
ITEM0004237,ORD001213,PROD00201,2,331.81,5.95
ITEM0004238,ORD001214,PROD00081,4,14240.57,19.55
ITEM0004239,ORD001214,PROD00203,2,16125.87,14.9
ITEM0004240,ORD001214,PROD00156,5,263.76,26.13
ITEM0004241,ORD001214,PROD00119,1,1779.27,14.38
ITEM0004242,ORD001214,PROD00187,1,8729.44,21.08
ITEM0004243,ORD001215,PROD00044,5,36733.67,7.42
ITEM0004244,ORD001215,PROD00023,0,13941.86,26.45
ITEM0004245,ORD001215,PROD00019,3,39804.94,1.87
ITEM0004246,ORD001216,PROD00131,1,2403.64,24.39
ITEM0004247,ORD001216,PROD00271,4,69182.89,10.21
ITEM0004248,ORD001217,PROD00168,5,786.46,12.3
ITEM0004249,ORD001217,PROD00226,4,33228.57,12.82
ITEM0004250,ORD001217,PROD00151,3,75177.2,17.3
ITEM0004251,ORD001218,PROD00108,2,13444.93,14.27
ITEM0004252,ORD001219,PROD00144,2,35676.4,6.06
ITEM0004253,ORD001219,PROD00030,5,46619.52,6.68
ITEM0004254,ORD001219,PROD00141,5,738.47,10.07
ITEM0004255,ORD001219,PROD00114,3,129739.16,21.8
ITEM0004256,ORD001219,PROD00130,1,11592.7,13.41
ITEM0004257,ORD001220,PROD00076,2,117743.14,11.83
ITEM0004258,ORD001220,PROD00112,4,958.5,16.91
ITEM0004259,ORD001220,PROD00222,2,529.14,33.4
ITEM0004260,ORD001220,PROD00275,3,1589.33,28.14
ITEM0004261,ORD001221,PROD00199,5,37442.17,23.66
ITEM0004262,ORD001221,PROD00292,4,148693.56,8.57
ITEM0004263,ORD001221,PROD00262,3,2761.19,32.19
ITEM0004264,ORD001222,PROD00160,2,4270.13,24.88
ITEM0004265,ORD001222,PROD00240,4,56530.69,10.96
ITEM0004266,ORD001222,PROD00041,1,13175.99,27.03
ITEM0004267,ORD001222,PROD00050,1,635.92,20.83
ITEM0004268,ORD001222,PROD00288,5,12413.32,30.55
ITEM0004269,ORD001222,PROD00045,3,65694.03,2.24
ITEM0004270,ORD001223,PROD00225,2,525.71,28.83
ITEM0004271,ORD001223,PROD00213,5,67924.54,26.54
ITEM0004272,ORD001223,PROD00134,2,281.46,22.37
ITEM0004273,ORD001223,PROD00050,4,635.92,120.63
ITEM0004274,ORD001223,PROD00171,2,1587.59,27.55
ITEM0004275,ORD001224,PROD00153,4,33477.66,24.24
ITEM0004276,ORD001225,PROD00255,1,8717.28,16.58
ITEM0004277,ORD001225,PROD00175,4,5323.61,4.21
ITEM0004278,ORD001226,PROD00104,3,10809.0,28.82
ITEM0004279,ORD001227,PROD00129,2,55423.01,15.5
ITEM0004280,ORD001227,PROD00041,1,13175.99,34.5
ITEM0004281,ORD001227,PROD00035,1,7731.0,31.09
ITEM0004282,ORD001227,PROD00009,1,11170.3,32.89
ITEM0004283,ORD001228,PROD00164,3,136789.18,6.63
ITEM0004284,ORD001229,PROD00049,2,8241.32,0.12
ITEM0004285,ORD001229,PROD00298,4,1958.18,8.26
ITEM0004286,ORD001230,PROD00176,3,10514.42,29.9
ITEM0004287,ORD001231,PROD00057,5,6857.15,4.55
ITEM0004288,ORD001231,PROD00099,4,10679.39,3.09
ITEM0004289,ORD001231,PROD00120,5,1922.05,27.25
ITEM0004290,ORD001231,PROD00012,4,16414.48,25.53
ITEM0004291,ORD001232,PROD00142,3,3142.8,4.63
ITEM0004292,ORD001232,PROD00248,4,13070.96,19.39
ITEM0004293,ORD001232,PROD00223,4,31608.39,20.67
ITEM0004294,ORD001232,PROD00146,3,10852.71,32.86
ITEM0004295,ORD001232,PROD_DUP_248,1,13444.93,22.42
ITEM0004296,ORD001233,PROD00286,-2,11352.93,7.3
ITEM0004297,ORD001234,PROD00251,-1,37604.62,23.46
ITEM0004298,ORD001234,PROD00170,4,12487.59,34.91
ITEM0004299,ORD001235,PROD00236,2,38161.26,19.79
ITEM0004300,ORD001235,PROD00160,5,4270.13,17.84
ITEM0004301,ORD001236,PROD00100,2,9419.26,29.66
ITEM0004302,ORD001236,PROD00173,1,77771.82,15.65
ITEM0004303,ORD001236,PROD00203,-5,16125.87,8.05
ITEM0004304,ORD001236,PROD00057,2,6857.15,11.88
ITEM0004305,ORD001236,PROD00252,3,8369.69,2.89
ITEM0004306,ORD001236,PROD00083,1,56427.07,22.19
ITEM0004307,ORD001237,PROD00069,1,1031.99,19.07
ITEM0004308,ORD001237,PROD00284,3,3583.48,7.36
ITEM0004309,ORD001237,PROD00028,2,59359.69,14.4
ITEM0004310,ORD001238,PROD00194,4,1718.09,6.61
ITEM0004311,ORD001238,PROD00260,4,51829.61,21.57
ITEM0004312,ORD001238,PROD00246,5,49840.91,24.28
ITEM0004313,ORD001238,PROD00159,3,18880.93,8.67
ITEM0004314,ORD001239,PROD00255,4,8717.28,20.35
ITEM0004315,ORD001239,PROD00080,5,8705.25,19.03
ITEM0004316,ORD001239,PROD00056,4,64832.21,8.54
ITEM0004317,ORD001239,PROD00263,1,4176.74,9.09
ITEM0004318,ORD001240,PROD00089,3,14553.94,0.2
ITEM0004319,ORD001240,PROD00133,5,16317.65,32.62
ITEM0004320,ORD001240,PROD00017,4,42741.8,17.29
ITEM0004321,ORD001240,PROD00093,4,799.0,22.7
ITEM0004322,ORD001240,PROD00009,4,11170.3,3.55
ITEM0004323,ORD001241,PROD00188,4,26614.54,7.74
ITEM0004324,ORD001241,PROD00167,4,15629.7,24.23
ITEM0004325,ORD001241,PROD00110,1,8026.63,17.04
ITEM0004326,ORD001242,PROD00219,4,916.28,12.74
ITEM0004327,ORD001242,PROD00043,2,5667.41,23.92
ITEM0004328,ORD001242,PROD00153,3,33477.66,27.96
ITEM0004329,ORD001242,PROD00298,2,1958.18,23.53
ITEM0004330,ORD001242,PROD00052,3,8276.3,16.57
ITEM0004331,ORD001243,PROD00082,5,4931.74,2.94
ITEM0004332,ORD001243,PROD00201,5,331.81,31.0
ITEM0004333,ORD001243,PROD00230,5,14806.16,32.09
ITEM0004334,ORD001244,PROD00235,1,9096.22,14.14
ITEM0004335,ORD001245,PROD00281,2,2777.16,32.97
ITEM0004336,ORD001246,PROD00240,1,56530.69,25.2
ITEM0004337,ORD001246,PROD00237,3,3389.65,26.3
ITEM0004338,ORD001246,PROD00034,5,2479.77,20.41
ITEM0004339,ORD001246,PROD00274,3,3119.83,4.28
ITEM0004340,ORD001246,PROD00087,4,9237.82,31.29
ITEM0004341,ORD001247,PROD00184,1,99913.97,18.33
ITEM0004342,ORD001247,PROD00257,5,31755.6,22.74
ITEM0004343,ORD001247,PROD00060,1,14823.48,23.92
ITEM0004344,ORD001248,PROD00285,5,87613.3,10.9
ITEM0004345,ORD001249,PROD00131,4,2403.64,31.11
ITEM0004346,ORD001249,PROD00278,3,48030.22,20.12
ITEM0004347,ORD001250,PROD00235,2,9096.22,3.51
ITEM0004348,ORD001250,PROD00263,-1,4176.74,15.22
ITEM0004349,ORD001250,PROD00028,3,59359.69,25.81
ITEM0004350,INVALID_ORD_33931,PROD00230,-5,14806.16,7.45
ITEM0004351,ORD001250,PROD00024,4,18935.15,18.49
ITEM0004352,ORD001250,PROD00185,5,88426.11,18.65
ITEM0004353,ORD001251,PROD00041,5,13175.99,33.81
ITEM0004354,ORD001251,PROD00145,1,7654.14,8.33
ITEM0004355,ORD001251,PROD00018,3,57851.82,26.5
ITEM0004356,ORD001251,PROD00201,2,331.81,4.87
ITEM0004357,ORD001252,PROD00196,1,19028.45,34.52
ITEM0004358,ORD001252,PROD00274,4,3119.83,3.59
ITEM0004359,ORD001253,PROD00260,3,51829.61,10.58
ITEM0004360,ORD001253,PROD00023,1,13941.86,4.13
ITEM0004361,ORD001254,PROD00144,5,35676.4,17.94
ITEM0004362,ORD001254,PROD00181,4,34804.16,28.21
ITEM0004363,ORD001254,PROD00284,4,3583.48,18.44
ITEM0004364,ORD001254,PROD00071,3,6126.45,27.96
ITEM0004365,ORD001254,PROD00022,2,9177.73,30.61
ITEM0004366,ORD001255,PROD00065,4,10942.37,18.96
ITEM0004367,ORD001255,PROD00204,1,56411.49,30.76
ITEM0004368,ORD001256,PROD00068,2,15259.49,15.73
ITEM0004369,ORD001256,PROD00112,4,958.5,15.17
ITEM0004370,ORD001256,PROD00279,1,13479.28,27.4
ITEM0004371,ORD001257,PROD00129,4,55423.01,11.11
ITEM0004372,ORD001258,PROD00198,2,88452.16,19.32
ITEM0004373,ORD001258,PROD00107,5,128039.99,4.92
ITEM0004374,ORD001258,PROD00030,3,46619.52,1.98
ITEM0004375,ORD001258,PROD00293,5,6508.01,10.58
ITEM0004376,ORD001258,PROD00289,2,1903.39,26.48
ITEM0004377,ORD001258,PROD00103,3,210.19,19.91
ITEM0004378,ORD001259,PROD00254,4,83824.83,0.24
ITEM0004379,ORD001259,PROD00067,5,16473.79,21.67
ITEM0004380,ORD001260,PROD00120,2,1922.05,11.24
ITEM0004381,ORD001261,PROD00004,5,945.43,25.34
ITEM0004382,ORD001261,PROD00152,5,4664.81,2.83
ITEM0004383,ORD001261,PROD00080,5,8705.25,14.4
ITEM0004384,ORD001262,PROD00123,5,16024.54,19.63
ITEM0004385,INVALID_ORD_76346,PROD00281,1,2777.16,7.63
ITEM0004386,ORD001262,INVALID_PROD_96214,2,20526.64,26.15
ITEM0004387,ORD001263,PROD00208,1,11211.45,9.93
ITEM0004388,ORD001263,PROD00040,5,6724.73,31.58
ITEM0004389,ORD001264,PROD00164,5,136789.18,2.62
ITEM0004390,ORD001264,PROD00148,2,46265.49,20.25
ITEM0004391,ORD001264,PROD00121,1,79730.15,17.66
ITEM0004392,ORD001264,PROD00176,5,10514.42,22.73
ITEM0004393,ORD001264,PROD00020,5,70058.39,116.33
ITEM0004394,ORD001264,PROD00076,2,117743.14,23.54
ITEM0004395,ORD001265,PROD00226,5,33228.57,21.87
ITEM0004396,ORD001265,PROD00137,-1,35792.4,33.13
ITEM0004397,ORD001265,PROD00138,3,14451.36,10.21
ITEM0004398,ORD001266,PROD00048,4,74181.94,16.64
ITEM0004399,ORD001266,PROD00080,2,8705.25,22.41
ITEM0004400,ORD001266,PROD00034,3,2479.77,135.65
ITEM0004401,ORD001267,PROD00228,5,12035.67,33.45
ITEM0004402,ORD001267,PROD00047,1,1949.22,34.41
ITEM0004403,ORD001267,PROD00179,1,11703.98,7.12
ITEM0004404,ORD001267,PROD00193,2,33770.04,9.86
ITEM0004405,INVALID_ORD_10600,PROD00281,4,2777.16,15.12
ITEM0004406,ORD001267,PROD00277,5,10462.69,32.42
ITEM0004407,ORD001268,PROD00096,5,15644.62,30.41
ITEM0004408,ORD001268,PROD_DUP_764,4,10284.38,21.99
ITEM0004409,ORD001268,PROD00048,3,74181.94,18.45
ITEM0004410,ORD001268,PROD00177,5,2661.74,13.54
ITEM0004411,ORD001269,PROD00212,5,18473.59,31.36
ITEM0004412,ORD001269,PROD00078,5,80173.3,10.85
ITEM0004413,ORD001269,PROD00013,3,1794.74,13.07
ITEM0004414,ORD001269,PROD00154,5,15820.26,3.05
ITEM0004415,ORD001270,PROD00133,2,16317.65,16.78
ITEM0004416,ORD001271,PROD00226,5,33228.57,32.5
ITEM0004417,ORD001271,PROD00083,2,56427.07,8.9
ITEM0004418,ORD001271,PROD00119,2,1779.27,30.16
ITEM0004419,ORD001271,PROD00038,1,3024.72,0.53
ITEM0004420,ORD001271,PROD00110,3,8026.63,28.16
ITEM0004421,ORD001272,PROD00090,4,12776.72,28.4
ITEM0004422,ORD001272,PROD00243,1,19132.03,30.61
ITEM0004423,ORD001272,PROD00086,5,13674.52,9.24
ITEM0004424,ORD001272,PROD00160,2,4270.13,28.3
ITEM0004425,ORD001273,PROD00258,5,11131.97,12.11
ITEM0004426,ORD001274,PROD00147,4,10375.1,6.85
ITEM0004427,ORD001274,PROD00140,1,10466.68,23.32
ITEM0004428,ORD001274,PROD00174,5,6796.1,12.61
ITEM0004429,ORD001274,PROD00180,2,45620.93,15.04
ITEM0004430,ORD001274,PROD00185,5,88426.11,20.88
ITEM0004431,ORD001274,PROD00033,5,25099.93,27.08
ITEM0004432,ORD001275,PROD00122,2,1085.5,29.21
ITEM0004433,ORD001275,PROD00272,4,43464.46,11.77
ITEM0004434,ORD001276,PROD00031,0,14324.32,18.6
ITEM0004435,ORD001276,PROD00279,3,13479.28,23.6
ITEM0004436,ORD001276,PROD00079,4,11534.5,30.05
ITEM0004437,ORD001277,PROD00144,4,35676.4,23.91
ITEM0004438,ORD001277,PROD00051,3,14882.87,1.56
ITEM0004439,ORD001277,PROD00021,4,1935.05,127.99
ITEM0004440,ORD001277,PROD00228,1,12035.67,22.09
ITEM0004441,ORD001277,PROD00016,5,155813.5,27.14
ITEM0004442,ORD001277,PROD00226,2,33228.57,19.77
ITEM0004443,ORD001278,PROD00189,3,9958.04,29.74
ITEM0004444,ORD001279,PROD00104,1,10809.0,28.6
ITEM0004445,ORD001279,PROD00280,4,93322.92,23.13
ITEM0004446,ORD001279,PROD00012,1,16414.48,6.91
ITEM0004447,ORD001280,PROD00277,1,10462.69,22.37
ITEM0004448,ORD001280,PROD00288,4,12413.32,34.17
ITEM0004449,ORD001280,PROD00252,3,8369.69,24.62
ITEM0004450,ORD001281,PROD00118,3,85972.81,23.58
ITEM0004451,ORD001281,PROD00082,4,4931.74,10.56
ITEM0004452,ORD001282,PROD00262,3,2761.19,32.9
ITEM0004453,ORD001282,PROD00147,4,10375.1,6.54
ITEM0004454,ORD001282,PROD00214,5,9055.44,29.79
ITEM0004455,ORD001282,PROD00078,1,80173.3,29.25
ITEM0004456,ORD001282,PROD00239,1,18153.0,30.36
ITEM0004457,ORD001283,PROD00119,1,1779.27,9.54
ITEM0004458,ORD001283,PROD00291,5,68752.62,24.17
ITEM0004459,ORD001283,PROD00150,3,35744.49,31.73
ITEM0004460,ORD001283,PROD00135,1,973.62,34.31
ITEM0004461,ORD001283,PROD00055,1,1893.42,4.07
ITEM0004462,ORD001283,PROD00252,3,8369.69,18.82
ITEM0004463,ORD001284,PROD00214,2,9055.44,25.77
ITEM0004464,ORD001285,PROD00171,2,1587.59,26.35
ITEM0004465,ORD001286,PROD00182,1,60233.51,8.02
ITEM0004466,ORD001286,PROD00274,5,3119.83,8.15
ITEM0004467,ORD001286,PROD00044,5,36733.67,18.74
ITEM0004468,ORD001287,PROD00116,2,72895.77,13.33
ITEM0004469,ORD001287,PROD00151,2,75177.2,18.19
ITEM0004470,ORD001287,PROD00279,4,13479.28,30.32
ITEM0004471,ORD001287,PROD00115,2,3345.82,10.93
ITEM0004472,ORD001288,PROD00245,-3,77190.55,13.29
ITEM0004473,ORD001288,PROD00166,5,13792.77,32.44
ITEM0004474,ORD001289,PROD00127,-1,6869.22,3.48
ITEM0004475,ORD001289,PROD00144,5,35676.4,26.12
ITEM0004476,ORD001289,PROD00130,2,11592.7,6.15
ITEM0004477,ORD001289,PROD00137,5,35792.4,22.98
ITEM0004478,ORD001289,PROD00047,5,1949.22,27.2
ITEM0004479,ORD001289,PROD00034,2,2479.77,26.59
ITEM0004480,ORD001290,PROD00146,4,10852.71,9.12
ITEM0004481,ORD001291,PROD00127,4,6869.22,11.26
ITEM0004482,ORD001291,PROD00201,2,331.81,31.55
ITEM0004483,ORD001291,PROD00181,4,34804.16,34.81
ITEM0004484,ORD001291,PROD00231,3,2536.84,23.16
ITEM0004485,ORD001291,PROD00097,5,8629.08,4.78
ITEM0004486,ORD001291,PROD00054,0,59992.33,26.51
ITEM0004487,ORD001292,PROD00143,3,9888.94,14.4
ITEM0004488,ORD001292,PROD00298,5,1958.18,17.07
ITEM0004489,ORD001292,PROD00117,4,28499.09,14.54
ITEM0004490,ORD001292,PROD00104,3,10809.0,3.93
ITEM0004491,ORD001293,PROD00125,1,3811.77,2.03
ITEM0004492,ORD001293,PROD00272,2,43464.46,27.0
ITEM0004493,ORD001293,PROD00201,2,331.81,6.2
ITEM0004494,ORD001293,PROD00164,4,136789.18,10.19
ITEM0004495,ORD001294,PROD00252,2,8369.69,14.0
ITEM0004496,ORD001294,PROD00153,1,33477.66,20.73
ITEM0004497,ORD001294,PROD00002,5,13344.44,20.48
ITEM0004498,ORD001294,PROD00201,3,331.81,32.8
ITEM0004499,ORD001295,PROD00173,4,77771.82,11.36
ITEM0004500,ORD001295,PROD00214,2,9055.44,2.84
ITEM0004501,ORD001295,PROD00081,4,14240.57,7.3
ITEM0004502,ORD001295,PROD00048,4,74181.94,27.72
ITEM0004503,ORD001295,PROD00235,4,9096.22,28.4
ITEM0004504,ORD001296,PROD00246,-2,49840.91,9.8
ITEM0004505,ORD001296,PROD00115,4,3345.82,27.47
ITEM0004506,ORD001296,PROD00052,4,8276.3,27.72
ITEM0004507,ORD001296,PROD00295,4,6438.13,14.03
ITEM0004508,ORD001297,PROD_DUP_248,5,13444.93,24.8
ITEM0004509,ORD001297,PROD00285,5,87613.3,17.17
ITEM0004510,ORD001297,PROD00187,4,8729.44,3.8
ITEM0004511,ORD001297,PROD00284,1,3583.48,22.49
ITEM0004512,ORD001298,PROD00245,4,77190.55,4.1
ITEM0004513,ORD001298,PROD00237,2,3389.65,14.42
ITEM0004514,ORD001298,PROD00002,1,13344.44,23.67
ITEM0004515,ORD001298,PROD00084,5,49768.99,27.15
ITEM0004516,ORD001298,PROD00051,4,14882.87,31.77
ITEM0004517,ORD001299,PROD00021,5,1935.05,4.65
ITEM0004518,ORD001299,PROD00197,2,2320.69,25.63
ITEM0004519,ORD001299,PROD00219,2,916.28,30.23
ITEM0004520,ORD001299,PROD00123,-4,16024.54,27.66
ITEM0004521,ORD001299,PROD00189,1,9958.04,9.65
ITEM0004522,ORD001300,PROD00119,5,1779.27,16.08
ITEM0004523,ORD001300,PROD00279,-2,13479.28,34.5
ITEM0004524,ORD001300,PROD00007,4,4079.3,20.33
ITEM0004525,ORD001300,PROD00275,4,1589.33,13.08
ITEM0004526,ORD001300,PROD00213,4,67924.54,145.61
ITEM0004527,ORD001301,PROD00014,2,10284.38,23.78
ITEM0004528,ORD001301,PROD00199,4,37442.17,11.4
ITEM0004529,INVALID_ORD_88186,PROD00185,5,88426.11,6.41
ITEM0004530,ORD001301,PROD00255,1,8717.28,28.44
ITEM0004531,ORD001301,PROD00293,2,6508.01,25.55
ITEM0004532,ORD001302,PROD00296,1,75276.41,20.96
ITEM0004533,ORD001302,PROD00131,5,2403.64,34.14
ITEM0004534,ORD001302,PROD00228,2,12035.67,33.43
ITEM0004535,ORD001302,PROD00234,1,491.09,10.5
ITEM0004536,ORD001302,PROD00069,4,1031.99,24.07
ITEM0004537,ORD001303,PROD00212,4,18473.59,31.58
ITEM0004538,ORD001303,PROD00040,4,6724.73,8.13
ITEM0004539,ORD001303,PROD00024,1,18935.15,19.92
ITEM0004540,ORD001303,PROD00197,1,2320.69,0.87
ITEM0004541,ORD001303,PROD00221,3,6476.61,5.84
ITEM0004542,ORD001304,PROD00093,-2,799.0,10.88
ITEM0004543,ORD001304,PROD00134,3,281.46,22.17
ITEM0004544,ORD001304,PROD00012,2,16414.48,22.63
ITEM0004545,ORD001305,PROD00055,1,1893.42,14.1
ITEM0004546,ORD001305,PROD00082,3,4931.74,27.17
ITEM0004547,ORD001305,PROD00287,2,1349.9,32.9
ITEM0004548,ORD001306,PROD00091,4,922.64,28.31
ITEM0004549,ORD001306,PROD00252,2,8369.69,25.42
ITEM0004550,ORD001306,PROD00051,3,14882.87,14.19
ITEM0004551,ORD001306,PROD00091,5,922.64,18.5
ITEM0004552,ORD001306,PROD00232,1,20147.3,34.93
ITEM0004553,ORD001307,PROD00281,1,2777.16,27.59
ITEM0004554,ORD001307,PROD00031,3,14324.32,3.37
ITEM0004555,ORD001307,PROD00217,3,21374.71,1.89
ITEM0004556,ORD001307,PROD00273,5,5839.38,32.48
ITEM0004557,ORD001307,PROD00052,2,8276.3,29.66
ITEM0004558,ORD001308,PROD00173,2,77771.82,17.48
ITEM0004559,ORD001309,PROD00260,5,51829.61,8.81
ITEM0004560,ORD001309,PROD00296,4,75276.41,19.89
ITEM0004561,ORD001309,PROD00253,2,30181.5,30.35
ITEM0004562,ORD001309,PROD00047,3,1949.22,5.77
ITEM0004563,ORD001309,PROD00214,5,9055.44,120.56
ITEM0004564,ORD001309,PROD00069,2,1031.99,1.17
ITEM0004565,ORD001310,PROD00283,4,34928.13,24.37
ITEM0004566,ORD001310,PROD00115,3,3345.82,21.54
ITEM0004567,ORD001310,PROD00086,1,13674.52,22.57
ITEM0004568,ORD001310,PROD00162,4,44239.81,2.96
ITEM0004569,ORD001310,PROD00056,3,64832.21,32.52
ITEM0004570,ORD001310,PROD00091,3,922.64,20.34
ITEM0004571,ORD001311,PROD00130,4,11592.7,34.67
ITEM0004572,ORD001311,PROD00025,2,2571.12,24.77
ITEM0004573,ORD001312,PROD00197,5,2320.69,15.71
ITEM0004574,ORD001312,PROD00139,1,12429.19,17.16
ITEM0004575,ORD001312,PROD00060,2,14823.48,6.79
ITEM0004576,ORD001313,PROD00053,3,1294.67,19.3
ITEM0004577,ORD001313,PROD00297,2,1866.66,1.57
ITEM0004578,ORD001313,PROD00039,2,4450.41,8.86
ITEM0004579,ORD001313,PROD00022,2,9177.73,34.01
ITEM0004580,ORD001313,PROD00153,2,33477.66,16.01
ITEM0004581,ORD001313,PROD00172,1,660.53,4.09
ITEM0004582,ORD001314,PROD00075,5,16738.37,13.43
ITEM0004583,ORD001314,PROD00124,1,31585.25,22.59
ITEM0004584,ORD001314,PROD00263,4,4176.74,10.36
ITEM0004585,ORD001314,PROD00215,3,13895.27,26.1
ITEM0004586,ORD001314,PROD00029,4,12387.11,32.55
ITEM0004587,ORD001314,PROD00081,1,14240.57,20.88
ITEM0004588,ORD001315,PROD00204,1,56411.49,16.52
ITEM0004589,ORD001316,PROD00228,1,12035.67,34.91
ITEM0004590,ORD001316,PROD00076,5,117743.14,0.3
ITEM0004591,ORD001316,PROD00109,5,9016.47,6.33
ITEM0004592,ORD001317,PROD00164,3,136789.18,28.21
ITEM0004593,ORD001317,PROD00134,5,281.46,18.0
ITEM0004594,ORD001317,PROD00023,4,13941.86,20.28
ITEM0004595,ORD001317,PROD00264,5,57779.76,20.23
ITEM0004596,ORD001318,PROD00156,3,263.76,5.11
ITEM0004597,ORD001318,PROD00018,5,57851.82,1.7
ITEM0004598,ORD001318,PROD00068,1,15259.49,21.61
ITEM0004599,ORD001318,PROD00001,4,107560.75,18.66
ITEM0004600,ORD001318,PROD00047,3,1949.22,20.3
ITEM0004601,ORD001319,PROD00239,4,18153.0,17.26
ITEM0004602,ORD001319,PROD00120,5,1922.05,5.05
ITEM0004603,ORD001319,PROD00230,5,14806.16,5.02
ITEM0004604,ORD001319,PROD00128,2,2957.45,19.62
ITEM0004605,ORD001320,PROD00009,3,11170.3,17.02
ITEM0004606,ORD001320,PROD00050,2,635.92,26.05
ITEM0004607,ORD001320,PROD00167,3,15629.7,32.22
ITEM0004608,ORD001320,PROD00008,2,2233.33,137.65
ITEM0004609,ORD001320,PROD00200,0,23481.36,3.58
ITEM0004610,ORD001320,PROD00249,5,90613.5,0.52
ITEM0004611,ORD001321,PROD00172,1,660.53,117.61
ITEM0004612,ORD001321,PROD00253,2,30181.5,22.22
ITEM0004613,ORD001321,PROD00153,1,33477.66,3.59
ITEM0004614,ORD001321,PROD00285,3,87613.3,34.76
ITEM0004615,ORD001321,PROD00106,3,1535.04,11.8
ITEM0004616,ORD001321,PROD00044,2,36733.67,2.9
ITEM0004617,ORD001322,PROD00275,4,1589.33,13.42
ITEM0004618,ORD001322,PROD00257,2,31755.6,34.95
ITEM0004619,ORD001322,PROD00145,5,7654.14,29.37
ITEM0004620,ORD001322,PROD00299,0,5860.91,18.38
ITEM0004621,ORD001323,PROD00035,3,7731.0,16.44
ITEM0004622,ORD001324,PROD00084,4,49768.99,21.75
ITEM0004623,ORD001324,PROD00200,4,23481.36,10.67
ITEM0004624,ORD001324,PROD00199,3,37442.17,17.79
ITEM0004625,ORD001324,PROD00090,2,12776.72,6.94
ITEM0004626,ORD001324,PROD00293,4,6508.01,34.11
ITEM0004627,ORD001324,PROD00252,2,8369.69,5.49
ITEM0004628,ORD001325,PROD00085,5,3944.47,8.07
ITEM0004629,ORD001325,PROD00003,4,47677.98,21.5
ITEM0004630,ORD001325,PROD00011,3,53479.92,5.23
ITEM0004631,ORD001325,PROD00190,1,4989.53,14.23
ITEM0004632,ORD001325,PROD00269,2,2342.42,30.97
ITEM0004633,ORD001326,PROD00103,3,210.19,18.28
ITEM0004634,ORD001327,PROD00174,5,6796.1,30.26
ITEM0004635,ORD001327,PROD00227,3,2030.73,25.64
ITEM0004636,ORD001328,PROD00137,1,35792.4,14.58
ITEM0004637,ORD001328,PROD00217,1,21374.71,14.14
ITEM0004638,ORD001329,PROD00014,4,10284.38,13.77
ITEM0004639,ORD001329,PROD00006,3,3286.66,29.41
ITEM0004640,ORD001329,PROD00247,5,60305.75,13.17
ITEM0004641,ORD001329,PROD00115,4,3345.82,27.58
ITEM0004642,ORD001329,PROD00091,3,922.64,27.39
ITEM0004643,ORD001329,PROD00276,4,3225.79,33.88
ITEM0004644,ORD001330,PROD00259,2,32817.74,9.79
ITEM0004645,ORD001330,PROD00284,4,3583.48,29.53
ITEM0004646,ORD001330,PROD00259,1,32817.74,1.3
ITEM0004647,ORD001330,PROD00063,2,4748.54,33.73
ITEM0004648,ORD001330,PROD00151,1,75177.2,34.46
ITEM0004649,ORD001330,PROD00267,4,5023.39,2.51
ITEM0004650,ORD001331,PROD00142,4,3142.8,12.16
ITEM0004651,ORD001331,PROD00100,5,9419.26,2.43
ITEM0004652,ORD001332,PROD00135,1,973.62,0.92
ITEM0004653,ORD001332,PROD00216,3,4233.5,3.98
ITEM0004654,ORD001332,PROD00193,2,33770.04,5.28
ITEM0004655,ORD001333,PROD00065,4,10942.37,26.89
ITEM0004656,ORD001333,PROD00037,2,16473.88,11.59
ITEM0004657,ORD001333,PROD00071,2,6126.45,12.79
ITEM0004658,ORD001333,PROD00084,5,49768.99,19.07
ITEM0004659,ORD001334,PROD00113,5,14490.24,12.74
ITEM0004660,ORD001334,PROD00025,3,2571.12,28.97
ITEM0004661,ORD001334,PROD00012,4,16414.48,0.44
ITEM0004662,ORD001334,PROD00023,5,13941.86,9.14
ITEM0004663,ORD001335,PROD00258,1,11131.97,17.9
ITEM0004664,ORD001335,PROD00192,4,9826.54,14.41
ITEM0004665,ORD001335,PROD00207,1,90137.22,23.35
ITEM0004666,ORD001335,PROD00269,1,2342.42,13.78
ITEM0004667,ORD001335,PROD00223,5,31608.39,24.98
ITEM0004668,ORD001335,PROD00188,3,26614.54,6.58
ITEM0004669,ORD001336,PROD00036,3,9080.54,33.2
ITEM0004670,ORD001337,PROD00157,3,7028.69,24.53
ITEM0004671,ORD001337,PROD00120,3,1922.05,33.0
ITEM0004672,ORD001337,PROD00138,3,14451.36,33.88
ITEM0004673,ORD001337,PROD00169,3,8770.94,31.29
ITEM0004674,ORD001337,PROD00197,3,2320.69,17.9
ITEM0004675,ORD001337,PROD00214,1,9055.44,2.66
ITEM0004676,ORD001338,PROD00196,1,19028.45,21.99
ITEM0004677,ORD001338,PROD00232,3,20147.3,5.23
ITEM0004678,ORD001339,PROD00069,4,1031.99,20.56
ITEM0004679,ORD001339,PROD00300,3,1163.82,27.38
ITEM0004680,ORD001339,INVALID_PROD_80206,3,358.32,11.0
ITEM0004681,ORD001339,PROD00280,5,93322.92,14.83
ITEM0004682,ORD001339,PROD00156,2,263.76,13.71
ITEM0004683,ORD001339,PROD00055,3,1893.42,12.38
ITEM0004684,ORD001340,PROD00233,2,5457.87,22.16
ITEM0004685,ORD001340,PROD00296,5,75276.41,18.53
ITEM0004686,ORD001340,PROD00218,1,808.31,34.62
ITEM0004687,ORD001340,PROD00083,4,56427.07,20.82
ITEM0004688,ORD001340,PROD00146,5,10852.71,28.78
ITEM0004689,ORD001340,PROD00268,4,247.24,20.42
ITEM0004690,ORD001341,PROD00056,5,64832.21,32.71
ITEM0004691,ORD001341,PROD00117,3,28499.09,34.49
ITEM0004692,ORD001341,PROD00226,3,33228.57,11.06
ITEM0004693,ORD001341,PROD00145,3,7654.14,4.13
ITEM0004694,ORD001342,PROD00094,4,18989.87,14.69
ITEM0004695,ORD001342,PROD00233,5,5457.87,8.36
ITEM0004696,ORD001342,INVALID_PROD_52086,4,3453.47,6.98
ITEM0004697,ORD001342,PROD00265,2,7815.58,17.5
ITEM0004698,ORD001343,PROD00024,1,18935.15,21.53
ITEM0004699,ORD001343,PROD00235,1,9096.22,20.47
ITEM0004700,ORD001344,PROD00240,1,56530.69,33.14
ITEM0004701,ORD001344,PROD_DUP_764,3,10284.38,30.75
ITEM0004702,ORD001344,PROD00198,1,88452.16,1.48
ITEM0004703,ORD001344,PROD00202,3,2205.47,31.66
ITEM0004704,ORD001344,PROD00134,3,281.46,17.82
ITEM0004705,ORD001344,PROD00172,5,660.53,4.41
ITEM0004706,ORD001345,PROD00010,4,19555.43,23.76
ITEM0004707,ORD001346,PROD00232,3,20147.3,4.74
ITEM0004708,ORD001346,PROD00260,1,51829.61,5.04
ITEM0004709,ORD001346,PROD00282,4,1528.85,32.35
ITEM0004710,ORD001346,PROD00220,4,53302.28,27.69
ITEM0004711,ORD001346,PROD00286,1,11352.93,4.96
ITEM0004712,ORD001346,PROD00223,4,31608.39,9.28
ITEM0004713,ORD001347,PROD00116,4,72895.77,18.88
ITEM0004714,ORD001347,PROD00050,4,635.92,28.57
ITEM0004715,ORD001347,PROD00116,4,72895.77,5.85
ITEM0004716,ORD001347,PROD00020,5,70058.39,0.97
ITEM0004717,ORD001347,PROD00011,-3,53479.92,19.98
ITEM0004718,ORD001348,PROD00294,3,12314.4,10.31
ITEM0004719,ORD001348,PROD00137,-4,35792.4,23.53
ITEM0004720,ORD001349,PROD00134,4,281.46,16.39
ITEM0004721,ORD001349,PROD00155,2,6690.65,3.95
ITEM0004722,ORD001350,INVALID_PROD_90082,4,33770.04,33.67
ITEM0004723,ORD001350,PROD00045,2,65694.03,20.43
ITEM0004724,ORD001350,PROD00192,1,9826.54,29.76
ITEM0004725,ORD001351,PROD00043,1,5667.41,3.58
ITEM0004726,ORD001351,PROD00258,1,11131.97,13.25
ITEM0004727,ORD001351,PROD00018,3,57851.82,21.7
ITEM0004728,ORD001351,PROD00275,2,1589.33,0.65
ITEM0004729,ORD001352,PROD00045,4,65694.03,6.53
ITEM0004730,ORD001352,PROD00125,1,3811.77,1.16
ITEM0004731,ORD001352,PROD00188,5,26614.54,16.73
ITEM0004732,ORD001352,PROD00282,4,1528.85,14.39
ITEM0004733,ORD001352,PROD00096,3,15644.62,32.34
ITEM0004734,ORD001353,PROD00128,5,2957.45,32.87
ITEM0004735,ORD001353,PROD00298,5,1958.18,6.35
ITEM0004736,ORD001353,PROD00139,3,12429.19,25.1
ITEM0004737,ORD001353,PROD00044,3,36733.67,4.48
ITEM0004738,ORD001353,PROD_DUP_765,4,60305.75,9.71
ITEM0004739,ORD001353,PROD00034,5,2479.77,5.88
ITEM0004740,ORD001354,PROD_DUP_248,1,13444.93,2.6
ITEM0004741,ORD001354,PROD00248,2,13070.96,2.12
ITEM0004742,ORD001354,PROD00263,2,4176.74,19.33
ITEM0004743,ORD001355,PROD00263,1,4176.74,6.99
ITEM0004744,ORD001355,PROD00266,3,150138.51,34.39
ITEM0004745,ORD001355,PROD00031,3,14324.32,15.08
ITEM0004746,ORD001355,PROD00192,5,9826.54,17.24
ITEM0004747,ORD001356,PROD00295,2,6438.13,24.79
ITEM0004748,ORD001356,PROD00276,1,3225.79,2.43
ITEM0004749,ORD001356,PROD00044,2,36733.67,15.09
ITEM0004750,ORD001356,PROD00251,1,37604.62,6.33
ITEM0004751,ORD001357,PROD00075,3,16738.37,14.62
ITEM0004752,ORD001357,PROD00274,-2,3119.83,7.23
ITEM0004753,ORD001358,PROD00045,3,65694.03,29.3
ITEM0004754,ORD001358,PROD00131,1,2403.64,8.68
ITEM0004755,ORD001358,PROD00036,5,9080.54,16.86
ITEM0004756,ORD001358,PROD00118,5,85972.81,18.18
ITEM0004757,ORD001358,PROD00271,4,69182.89,32.01
ITEM0004758,ORD001359,PROD00155,2,6690.65,23.47
ITEM0004759,ORD001360,PROD_DUP_764,-1,10284.38,32.85
ITEM0004760,ORD001361,PROD00235,5,9096.22,16.12
ITEM0004761,ORD001361,PROD00018,5,57851.82,12.89
ITEM0004762,ORD001361,PROD_DUP_764,5,10284.38,18.32
ITEM0004763,ORD001361,PROD00035,2,7731.0,21.95
ITEM0004764,ORD001361,PROD00276,3,3225.79,20.38
ITEM0004765,ORD001361,PROD00088,2,9502.99,6.13
ITEM0004766,ORD001362,PROD00260,3,51829.61,0.33
ITEM0004767,ORD001362,PROD00078,1,80173.3,31.22
ITEM0004768,ORD001362,PROD00141,5,738.47,21.06
ITEM0004769,ORD001362,PROD00222,3,529.14,0.39
ITEM0004770,ORD001362,PROD00069,3,1031.99,34.07
ITEM0004771,ORD001362,PROD00262,5,2761.19,15.22
ITEM0004772,ORD001363,PROD00067,3,16473.79,29.53
ITEM0004773,ORD001363,PROD00061,4,168745.97,18.21
ITEM0004774,ORD001364,PROD00131,3,2403.64,7.05
ITEM0004775,ORD001364,PROD00046,3,3348.49,10.06
ITEM0004776,ORD001364,PROD00010,4,19555.43,9.74
ITEM0004777,ORD001364,PROD00193,3,33770.04,8.36
ITEM0004778,ORD001365,PROD00218,1,808.31,0.48
ITEM0004779,ORD001365,PROD00140,5,10466.68,10.27
ITEM0004780,ORD001365,PROD00083,3,56427.07,32.28
ITEM0004781,ORD001365,PROD00112,1,958.5,22.77
ITEM0004782,ORD001365,PROD00250,2,2595.77,18.52
ITEM0004783,ORD001365,PROD00175,5,5323.61,5.67
ITEM0004784,ORD001366,PROD00169,5,8770.94,34.98
ITEM0004785,ORD001366,PROD00059,2,1558.61,25.04
ITEM0004786,ORD001367,PROD00191,3,18482.44,9.66
ITEM0004787,ORD001367,PROD00180,3,45620.93,19.31
ITEM0004788,ORD001367,PROD00255,4,8717.28,1.87
ITEM0004789,ORD001367,PROD00289,4,1903.39,19.21
ITEM0004790,ORD001367,PROD00239,1,18153.0,14.89
ITEM0004791,ORD001368,PROD00185,2,88426.11,5.68
ITEM0004792,ORD001368,PROD00105,3,16922.48,14.05
ITEM0004793,ORD001368,PROD00137,-3,35792.4,13.76
ITEM0004794,ORD001369,PROD00154,2,15820.26,6.61
ITEM0004795,ORD001369,PROD00003,5,47677.98,23.4
ITEM0004796,ORD001369,PROD00090,1,12776.72,25.44
ITEM0004797,ORD001369,PROD00085,1,3944.47,33.82
ITEM0004798,ORD001369,PROD00175,4,5323.61,7.1
ITEM0004799,ORD001370,PROD00209,1,48158.17,2.45
ITEM0004800,ORD001371,PROD00221,3,6476.61,20.74
ITEM0004801,ORD001371,PROD00017,3,42741.8,28.67
ITEM0004802,ORD001372,PROD00253,4,30181.5,28.26
ITEM0004803,ORD001372,PROD00271,3,69182.89,2.24
ITEM0004804,ORD001372,PROD00085,5,3944.47,32.31
ITEM0004805,ORD001372,PROD00118,4,85972.81,23.23
ITEM0004806,ORD001372,PROD00095,2,56114.19,25.47
ITEM0004807,ORD001372,PROD00294,2,12314.4,29.86
ITEM0004808,ORD001373,PROD00294,1,12314.4,11.29
ITEM0004809,ORD001373,PROD00233,1,5457.87,22.44
ITEM0004810,ORD001373,PROD00236,5,38161.26,11.65
ITEM0004811,ORD001373,PROD00112,1,958.5,25.93
ITEM0004812,ORD001373,PROD00231,4,2536.84,25.41
ITEM0004813,ORD001374,PROD00198,3,88452.16,11.35
ITEM0004814,ORD001374,PROD00106,4,1535.04,0.35
ITEM0004815,ORD001374,PROD00004,3,945.43,14.18
ITEM0004816,ORD001374,PROD00121,3,79730.15,8.66
ITEM0004817,ORD001374,PROD00024,1,18935.15,28.26
ITEM0004818,ORD001374,PROD00148,1,46265.49,4.76
ITEM0004819,ORD001375,PROD00250,5,2595.77,22.98
ITEM0004820,ORD001376,PROD00179,4,11703.98,15.77
ITEM0004821,ORD001376,PROD00134,2,281.46,26.79
ITEM0004822,ORD001376,PROD00189,1,9958.04,8.38
ITEM0004823,ORD001376,PROD00135,4,973.62,23.84
ITEM0004824,ORD001377,PROD00235,4,9096.22,17.04
ITEM0004825,ORD001377,PROD00296,1,75276.41,3.19
ITEM0004826,ORD001377,PROD00056,5,64832.21,12.91
ITEM0004827,ORD001378,PROD00190,5,4989.53,2.02
ITEM0004828,ORD001378,PROD00206,3,17398.64,13.53
ITEM0004829,ORD001378,PROD00140,5,10466.68,26.05
ITEM0004830,ORD001378,PROD00240,4,56530.69,30.73
ITEM0004831,ORD001378,PROD00126,-3,14276.93,34.43
ITEM0004832,ORD001379,PROD00069,2,1031.99,0.89
ITEM0004833,ORD001379,PROD00014,4,10284.38,28.36
ITEM0004834,ORD001379,PROD00051,2,14882.87,27.2
ITEM0004835,ORD001380,PROD00114,3,129739.16,32.35
ITEM0004836,ORD001380,PROD00044,5,36733.67,15.94
ITEM0004837,ORD001380,PROD00109,3,9016.47,33.61
ITEM0004838,ORD001381,INVALID_PROD_50165,2,491.09,7.42
ITEM0004839,ORD001382,PROD00228,4,12035.67,31.85
ITEM0004840,ORD001382,PROD00107,3,128039.99,18.67
ITEM0004841,ORD001382,PROD00164,3,136789.18,11.92
ITEM0004842,ORD001382,PROD00054,3,59992.33,10.11
ITEM0004843,ORD001382,PROD00066,3,5087.99,17.94
ITEM0004844,ORD001383,PROD00017,4,42741.8,32.5
ITEM0004845,ORD001383,PROD00079,3,11534.5,1.74
ITEM0004846,ORD001383,PROD00196,5,19028.45,11.62
ITEM0004847,ORD001383,PROD00025,1,2571.12,0.59
ITEM0004848,ORD001384,PROD00104,5,10809.0,122.82
ITEM0004849,ORD001384,PROD00093,5,799.0,1.61
ITEM0004850,ORD001384,PROD00131,4,2403.64,2.15
ITEM0004851,ORD001384,PROD00203,5,16125.87,12.44
ITEM0004852,ORD001385,PROD00142,3,3142.8,12.68
ITEM0004853,ORD001385,PROD00252,1,8369.69,30.99
ITEM0004854,ORD001386,PROD00124,2,31585.25,19.04
ITEM0004855,ORD001387,PROD00053,-1,1294.67,12.1
ITEM0004856,ORD001387,PROD00267,1,5023.39,27.26
ITEM0004857,ORD001388,PROD00203,3,16125.87,20.29
ITEM0004858,ORD001389,PROD00211,4,235.37,21.12
ITEM0004859,ORD001389,PROD00028,3,59359.69,33.72
ITEM0004860,ORD001389,PROD00295,1,6438.13,10.35
ITEM0004861,ORD001389,PROD00096,2,15644.62,21.94
ITEM0004862,ORD001390,PROD00080,1,8705.25,4.11
ITEM0004863,ORD001391,PROD00112,5,958.5,25.44
ITEM0004864,ORD001392,PROD00014,1,10284.38,27.39
ITEM0004865,ORD001392,PROD00265,1,7815.58,19.32
ITEM0004866,ORD001392,PROD00006,4,3286.66,17.83
ITEM0004867,ORD001392,PROD00103,2,210.19,1.14
ITEM0004868,ORD001392,PROD00116,5,72895.77,4.91
ITEM0004869,ORD001393,PROD00023,1,13941.86,12.6
ITEM0004870,ORD001393,PROD00118,3,85972.81,21.05
ITEM0004871,ORD001393,PROD00126,5,14276.93,11.08
ITEM0004872,ORD001393,PROD00250,2,2595.77,0.44
ITEM0004873,ORD001393,PROD00173,2,77771.82,9.85
ITEM0004874,ORD001393,PROD00010,1,19555.43,146.51
ITEM0004875,ORD001394,PROD00070,4,70038.79,30.17
ITEM0004876,ORD001394,PROD00057,4,6857.15,24.14
ITEM0004877,ORD001394,PROD00026,3,19557.07,28.89
ITEM0004878,ORD001394,PROD00239,4,18153.0,5.57
ITEM0004879,ORD001394,PROD00071,3,6126.45,16.71
ITEM0004880,ORD001395,PROD00046,-1,3348.49,1.41
ITEM0004881,ORD001395,PROD00092,4,3453.47,7.1
ITEM0004882,ORD001395,PROD_DUP_248,4,13444.93,18.41
ITEM0004883,ORD001396,PROD00137,2,35792.4,26.06
ITEM0004884,ORD001396,PROD00251,0,37604.62,27.16
ITEM0004885,ORD001396,PROD00184,4,99913.97,7.29
ITEM0004886,ORD001396,PROD00132,2,1220.54,21.28
ITEM0004887,ORD001397,PROD00016,1,155813.5,31.98
ITEM0004888,ORD001398,PROD00231,4,2536.84,33.65
ITEM0004889,ORD001398,PROD00069,3,1031.99,26.56
ITEM0004890,ORD001399,PROD00153,1,33477.66,10.87
ITEM0004891,ORD001399,PROD00048,4,74181.94,27.63
ITEM0004892,ORD001399,PROD00077,1,949.09,1.92
ITEM0004893,ORD001400,PROD00243,5,19132.03,23.5
ITEM0004894,ORD001400,PROD00246,1,49840.91,18.37
ITEM0004895,ORD001400,PROD_DUP_248,5,13444.93,20.97
ITEM0004896,ORD001401,PROD00197,2,2320.69,4.44
ITEM0004897,ORD001401,PROD00158,1,255.24,128.62
ITEM0004898,ORD001402,PROD00101,1,90820.31,1.63
ITEM0004899,ORD001402,PROD00264,2,57779.76,31.86
ITEM0004900,ORD001403,PROD00080,4,8705.25,21.94
ITEM0004901,ORD001403,PROD00157,3,7028.69,7.33
ITEM0004902,ORD001403,PROD00197,3,2320.69,29.8
ITEM0004903,ORD001403,PROD00128,1,2957.45,27.22
ITEM0004904,ORD001403,PROD00085,1,3944.47,3.26
ITEM0004905,ORD001403,PROD00300,3,1163.82,5.74
ITEM0004906,ORD001404,PROD00288,5,12413.32,23.0
ITEM0004907,ORD001404,PROD00119,2,1779.27,2.5
ITEM0004908,ORD001404,PROD00169,2,8770.94,20.14
ITEM0004909,ORD001404,PROD00186,-4,10600.32,2.8
ITEM0004910,ORD001404,PROD00053,1,1294.67,34.78
ITEM0004911,ORD001404,PROD00082,3,4931.74,6.58
ITEM0004912,ORD001405,PROD00041,3,13175.99,12.53
ITEM0004913,ORD001405,PROD00176,3,10514.42,30.22
ITEM0004914,ORD001405,PROD00227,2,2030.73,2.35
ITEM0004915,ORD001406,PROD00260,4,51829.61,3.16
ITEM0004916,ORD001406,PROD00289,1,1903.39,33.89
ITEM0004917,ORD001406,PROD00172,1,660.53,19.52
ITEM0004918,ORD001407,PROD00111,4,8072.67,30.39
ITEM0004919,ORD001408,PROD00082,2,4931.74,33.7
ITEM0004920,ORD001408,PROD00146,3,10852.71,14.19
ITEM0004921,ORD001408,PROD00042,4,851.12,28.95
ITEM0004922,ORD001408,PROD00008,0,2233.33,18.17
ITEM0004923,ORD001409,PROD00007,5,4079.3,27.34
ITEM0004924,ORD001409,PROD00204,1,56411.49,30.12
ITEM0004925,ORD001409,PROD_DUP_765,5,60305.75,25.85
ITEM0004926,ORD001409,PROD00116,1,72895.77,0.77
ITEM0004927,ORD001409,PROD00268,4,247.24,15.67
ITEM0004928,ORD001410,PROD00062,4,1755.31,30.84
ITEM0004929,ORD001410,PROD00026,5,19557.07,17.23
ITEM0004930,ORD001410,PROD00274,3,3119.83,6.23
ITEM0004931,ORD001410,PROD00286,3,11352.93,16.38
ITEM0004932,ORD001410,PROD00031,1,14324.32,32.2
ITEM0004933,ORD001411,PROD00189,1,9958.04,19.51
ITEM0004934,ORD001412,PROD00284,1,3583.48,26.91
ITEM0004935,ORD001412,PROD00274,4,3119.83,1.95
ITEM0004936,ORD001412,PROD00060,3,14823.48,14.4
ITEM0004937,ORD001412,PROD00052,4,8276.3,4.92
ITEM0004938,ORD001412,PROD00103,3,210.19,19.61
ITEM0004939,ORD001413,PROD00196,5,19028.45,33.8
ITEM0004940,ORD001413,PROD00181,-4,34804.16,3.72
ITEM0004941,ORD001413,PROD00150,3,35744.49,25.63
ITEM0004942,ORD001413,PROD00032,2,15757.18,28.3
ITEM0004943,ORD001413,PROD00097,1,8629.08,10.34
ITEM0004944,ORD001413,PROD00027,-3,6786.44,13.86
ITEM0004945,ORD001414,PROD00217,2,21374.71,5.27
ITEM0004946,ORD001414,PROD00291,3,68752.62,132.62
ITEM0004947,ORD001415,PROD00103,2,210.19,28.07
ITEM0004948,ORD001415,PROD00021,4,1935.05,9.6
ITEM0004949,ORD001415,PROD00008,3,2233.33,33.71
ITEM0004950,ORD001416,PROD00124,4,31585.25,27.59
ITEM0004951,ORD001416,PROD00032,5,15757.18,0.14
ITEM0004952,ORD001416,PROD00072,5,6009.58,15.47
ITEM0004953,ORD001417,PROD00297,4,1866.66,4.75
ITEM0004954,ORD001417,PROD00044,5,36733.67,33.16
ITEM0004955,ORD001417,PROD00232,5,20147.3,1.25
ITEM0004956,ORD001418,PROD00075,1,16738.37,32.8
ITEM0004957,ORD001418,PROD00087,2,9237.82,30.28
ITEM0004958,ORD001418,PROD00288,4,12413.32,11.06
ITEM0004959,ORD001418,PROD00154,2,15820.26,3.05
ITEM0004960,ORD001419,PROD00294,2,12314.4,31.34
ITEM0004961,ORD001419,PROD00242,3,49321.02,6.45
ITEM0004962,ORD001420,PROD00135,2,973.62,18.02
ITEM0004963,ORD001420,PROD00264,1,57779.76,27.17
ITEM0004964,ORD001420,PROD00234,1,491.09,19.28
ITEM0004965,ORD001420,PROD00022,3,9177.73,0.87
ITEM0004966,ORD001420,PROD00282,2,1528.85,23.99
ITEM0004967,ORD001420,PROD00204,5,56411.49,20.82
ITEM0004968,ORD001421,PROD00283,3,34928.13,19.14
ITEM0004969,ORD001421,PROD00098,2,101886.16,34.81
ITEM0004970,ORD001421,PROD00172,1,660.53,16.16
ITEM0004971,ORD001421,PROD00249,3,90613.5,28.64
ITEM0004972,ORD001421,PROD00153,1,33477.66,27.78
ITEM0004973,ORD001422,PROD00177,1,2661.74,1.32
ITEM0004974,ORD001422,PROD00139,1,12429.19,24.17
ITEM0004975,ORD001422,PROD00204,2,56411.49,32.82
ITEM0004976,ORD001423,PROD00084,4,49768.99,19.64
ITEM0004977,ORD001423,PROD00010,2,19555.43,27.43
ITEM0004978,ORD001423,PROD00018,5,57851.82,6.37
ITEM0004979,ORD001423,PROD00153,1,33477.66,30.05
ITEM0004980,ORD001423,PROD00147,2,10375.1,26.08
ITEM0004981,ORD001423,INVALID_PROD_66078,2,8369.69,26.58
ITEM0004982,ORD001424,PROD00252,2,8369.69,19.93
ITEM0004983,ORD001424,PROD00025,3,2571.12,7.38
ITEM0004984,ORD001425,PROD00182,4,60233.51,23.34
ITEM0004985,ORD001425,PROD00103,3,210.19,2.59
ITEM0004986,ORD001425,PROD00047,1,1949.22,19.54
ITEM0004987,ORD001426,PROD00224,4,54820.98,112.29
ITEM0004988,ORD001426,PROD00266,2,150138.51,16.18
ITEM0004989,ORD001427,PROD00136,2,15602.8,23.36
ITEM0004990,ORD001427,PROD00292,2,148693.56,24.33
ITEM0004991,ORD001428,PROD00216,3,4233.5,29.76
ITEM0004992,ORD001429,PROD00293,3,6508.01,9.31
ITEM0004993,ORD001429,PROD00187,4,8729.44,7.64
ITEM0004994,ORD001429,PROD00257,1,31755.6,32.21
ITEM0004995,ORD001429,PROD00124,3,31585.25,22.28
ITEM0004996,ORD001429,PROD00245,5,77190.55,31.31
ITEM0004997,ORD001429,PROD00215,3,13895.27,13.2
ITEM0004998,ORD001430,PROD00295,1,6438.13,3.61
ITEM0004999,ORD001430,PROD00143,1,9888.94,4.96
ITEM0005000,ORD001430,PROD00131,3,2403.64,23.79
ITEM0005001,ORD001431,PROD00069,1,1031.99,0.57
ITEM0005002,ORD001431,PROD00099,3,10679.39,1.85
ITEM0005003,ORD001431,PROD00052,5,8276.3,12.8
ITEM0005004,ORD001432,PROD00298,1,1958.18,18.79
ITEM0005005,ORD001432,PROD00212,3,18473.59,26.31
ITEM0005006,ORD001432,PROD00235,5,9096.22,0.6
ITEM0005007,ORD001432,PROD00184,1,99913.97,2.06
ITEM0005008,ORD001433,PROD00166,3,13792.77,7.33
ITEM0005009,ORD001433,PROD00141,1,738.47,31.15
ITEM0005010,ORD001434,PROD00077,1,949.09,117.65
ITEM0005011,ORD001434,PROD00052,2,8276.3,3.39
ITEM0005012,ORD001434,PROD00294,3,12314.4,25.92
ITEM0005013,ORD001434,PROD00089,3,14553.94,3.89
ITEM0005014,ORD001434,PROD00166,2,13792.77,19.11
ITEM0005015,ORD001434,PROD00241,1,15219.97,23.47
ITEM0005016,ORD001435,PROD00103,5,210.19,10.04
ITEM0005017,ORD001435,PROD00063,4,4748.54,22.9
ITEM0005018,ORD001435,PROD00160,5,4270.13,30.25
ITEM0005019,INVALID_ORD_84161,PROD00284,4,3583.48,4.14
ITEM0005020,ORD001436,PROD00008,2,2233.33,29.14
ITEM0005021,ORD001436,PROD00180,1,45620.93,21.95
ITEM0005022,ORD001436,PROD00237,2,3389.65,5.31
ITEM0005023,ORD001437,PROD00095,3,56114.19,13.34
ITEM0005024,ORD001438,PROD00057,2,6857.15,34.05
ITEM0005025,ORD001438,PROD00117,5,28499.09,0.51
ITEM0005026,ORD001439,PROD00150,4,35744.49,0.33
ITEM0005027,ORD001440,PROD00141,5,738.47,15.81
ITEM0005028,ORD001440,PROD00103,4,210.19,10.37
ITEM0005029,ORD001440,PROD00104,2,10809.0,24.29
ITEM0005030,ORD001440,PROD00141,1,738.47,17.55
ITEM0005031,ORD001440,PROD00230,3,14806.16,11.76
ITEM0005032,ORD001441,PROD00123,5,16024.54,31.81
ITEM0005033,ORD001441,PROD00193,1,33770.04,23.79
ITEM0005034,ORD001441,PROD00250,-5,2595.77,11.83
ITEM0005035,ORD001441,PROD00106,1,1535.04,16.84
ITEM0005036,ORD001441,PROD00129,5,55423.01,8.69
ITEM0005037,ORD001442,PROD00100,1,9419.26,21.06
ITEM0005038,ORD001442,PROD00092,5,3453.47,20.21
ITEM0005039,ORD001442,PROD00251,1,37604.62,2.92
ITEM0005040,ORD001442,PROD00184,5,99913.97,31.34
ITEM0005041,ORD001443,PROD00083,4,56427.07,26.09
ITEM0005042,ORD001443,PROD00273,5,5839.38,14.58
ITEM0005043,ORD001443,PROD00196,1,19028.45,23.02
ITEM0005044,ORD001444,PROD00238,1,10985.44,7.2
ITEM0005045,ORD001444,PROD00268,2,247.24,5.43
ITEM0005046,ORD001444,PROD00146,2,10852.71,1.55
ITEM0005047,ORD001444,PROD00160,2,4270.13,27.98
ITEM0005048,ORD001445,PROD00200,1,23481.36,14.78
ITEM0005049,ORD001445,PROD00076,2,117743.14,20.48
ITEM0005050,ORD001445,PROD00258,4,11131.97,28.16
ITEM0005051,ORD001445,PROD00008,2,2233.33,29.36
ITEM0005052,ORD001445,PROD00259,4,32817.74,20.91
ITEM0005053,ORD001446,PROD00265,1,7815.58,22.43
ITEM0005054,ORD001446,PROD00146,5,10852.71,16.12
ITEM0005055,ORD001446,PROD00178,5,11840.22,21.83
ITEM0005056,ORD001447,PROD00117,4,28499.09,16.48
ITEM0005057,ORD001448,PROD00278,5,48030.22,1.52
ITEM0005058,ORD001449,PROD00229,1,17916.53,3.08
ITEM0005059,ORD001449,PROD00194,1,1718.09,17.92
ITEM0005060,ORD001449,PROD00265,3,7815.58,5.97
ITEM0005061,ORD001450,PROD00260,1,51829.61,32.73
ITEM0005062,ORD001451,PROD00290,3,41413.51,28.95
ITEM0005063,ORD001451,PROD00157,3,7028.69,33.53
ITEM0005064,ORD001451,PROD00118,4,85972.81,7.62
ITEM0005065,ORD001451,PROD00013,3,1794.74,6.75
ITEM0005066,ORD001451,PROD00064,2,6397.09,17.83
ITEM0005067,ORD001452,PROD00004,2,945.43,18.0
ITEM0005068,ORD001452,PROD00228,5,12035.67,27.78
ITEM0005069,ORD001453,PROD00222,2,529.14,9.26
ITEM0005070,ORD001453,PROD00260,5,51829.61,26.79
ITEM0005071,ORD001453,PROD00291,5,68752.62,11.0
ITEM0005072,ORD001453,PROD00081,2,14240.57,16.89
ITEM0005073,ORD001453,PROD00187,5,8729.44,19.61
ITEM0005074,ORD001453,PROD00161,3,89959.13,11.25
ITEM0005075,ORD001454,PROD00232,2,20147.3,20.22
ITEM0005076,ORD001454,PROD00259,5,32817.74,22.82
ITEM0005077,ORD001454,PROD00121,-4,79730.15,22.12
ITEM0005078,ORD001454,PROD00075,2,16738.37,15.42
ITEM0005079,ORD001454,PROD00182,3,60233.51,15.06
ITEM0005080,ORD001455,PROD00062,4,1755.31,30.65
ITEM0005081,ORD001455,PROD00243,3,19132.03,7.18
ITEM0005082,ORD001455,PROD00252,0,8369.69,14.48
ITEM0005083,ORD001456,PROD00219,1,916.28,15.92
ITEM0005084,ORD001456,PROD00234,3,491.09,33.7
ITEM0005085,ORD001456,PROD00035,5,7731.0,19.12
ITEM0005086,ORD001456,PROD00260,5,51829.61,4.31
ITEM0005087,ORD001456,PROD00140,4,10466.68,124.95
ITEM0005088,ORD001457,PROD00286,2,11352.93,29.41
ITEM0005089,ORD001457,PROD00245,1,77190.55,26.22
ITEM0005090,ORD001457,PROD00133,-3,16317.65,33.74
ITEM0005091,ORD001457,PROD00245,1,77190.55,34.89
ITEM0005092,ORD001457,PROD00243,1,19132.03,8.01
ITEM0005093,ORD001458,PROD00055,1,1893.42,21.91
ITEM0005094,ORD001458,PROD00134,1,281.46,19.6
ITEM0005095,ORD001458,PROD00095,1,56114.19,4.01
ITEM0005096,ORD001458,PROD00264,2,57779.76,2.61
ITEM0005097,ORD001459,PROD00166,1,13792.77,30.97
ITEM0005098,ORD001459,PROD00106,3,1535.04,29.1
ITEM0005099,ORD001459,PROD00217,1,21374.71,27.47
ITEM0005100,ORD001459,PROD00112,4,958.5,13.41
ITEM0005101,ORD001459,PROD00288,0,12413.32,1.85
ITEM0005102,ORD001460,PROD00215,-3,13895.27,3.34
ITEM0005103,ORD001461,PROD00283,-3,34928.13,24.42
ITEM0005104,ORD001461,PROD00151,3,75177.2,9.57
ITEM0005105,ORD001462,PROD00099,3,10679.39,25.85
ITEM0005106,ORD001462,PROD00222,1,529.14,5.47
ITEM0005107,ORD001462,PROD00042,1,851.12,10.27
ITEM0005108,ORD001462,PROD00054,2,59992.33,4.66
ITEM0005109,ORD001462,PROD00190,5,4989.53,22.26
ITEM0005110,ORD001463,PROD00105,5,16922.48,11.33
ITEM0005111,ORD001463,PROD00210,5,116861.98,17.88
ITEM0005112,ORD001463,PROD00225,1,525.71,30.74
ITEM0005113,ORD001463,PROD00252,5,8369.69,19.78
ITEM0005114,ORD001463,PROD00125,5,3811.77,28.66
ITEM0005115,ORD001464,PROD00131,5,2403.64,24.32
ITEM0005116,ORD001464,PROD00233,5,5457.87,25.18
ITEM0005117,ORD001464,PROD00087,2,9237.82,16.6
ITEM0005118,ORD001464,PROD00159,4,18880.93,1.11
ITEM0005119,ORD001464,PROD00077,5,949.09,34.95
ITEM0005120,ORD001465,PROD00210,5,116861.98,2.54
ITEM0005121,ORD001465,PROD00280,5,93322.92,26.45
ITEM0005122,ORD001465,PROD00029,1,12387.11,0.11
ITEM0005123,ORD001465,PROD00138,3,14451.36,11.06
ITEM0005124,ORD001466,PROD00069,3,1031.99,34.06
ITEM0005125,ORD001466,PROD00033,5,25099.93,33.54
ITEM0005126,ORD001466,PROD00291,3,68752.62,27.52
ITEM0005127,ORD001466,PROD00269,2,2342.42,3.1
ITEM0005128,ORD001466,PROD00089,0,14553.94,34.99
ITEM0005129,ORD001466,PROD00267,4,5023.39,27.55
ITEM0005130,ORD001467,PROD00228,2,12035.67,11.41
ITEM0005131,ORD001467,PROD00297,2,1866.66,19.73
ITEM0005132,ORD001467,PROD00275,5,1589.33,32.6
ITEM0005133,ORD001467,PROD00238,4,10985.44,29.79
ITEM0005134,ORD001468,PROD00021,2,1935.05,8.65
ITEM0005135,ORD001468,PROD00088,3,9502.99,15.91
ITEM0005136,ORD001468,PROD00298,2,1958.18,10.98
ITEM0005137,ORD001468,PROD00178,1,11840.22,1.38
ITEM0005138,ORD001468,PROD00136,4,15602.8,7.96
ITEM0005139,ORD001469,PROD00268,5,247.24,33.89
ITEM0005140,ORD001469,PROD00025,4,2571.12,23.86
ITEM0005141,ORD001469,PROD00296,3,75276.41,22.17
ITEM0005142,ORD001469,PROD00024,3,18935.15,15.33
ITEM0005143,ORD001469,PROD00209,4,48158.17,13.06
ITEM0005144,ORD001470,PROD00196,1,19028.45,27.47
ITEM0005145,ORD001470,PROD00241,2,15219.97,29.37
ITEM0005146,ORD001470,PROD00015,3,3631.08,4.06
ITEM0005147,ORD001470,PROD00224,2,54820.98,13.51
ITEM0005148,ORD001471,PROD00093,4,799.0,19.73
ITEM0005149,ORD001471,PROD00136,2,15602.8,24.02
ITEM0005150,ORD001471,PROD00002,4,13344.44,11.61
ITEM0005151,ORD001471,PROD00123,2,16024.54,28.97
ITEM0005152,ORD001471,PROD00097,1,8629.08,3.32
ITEM0005153,ORD001471,PROD00108,3,13444.93,12.12
ITEM0005154,ORD001472,PROD00008,3,2233.33,0.87
ITEM0005155,ORD001472,PROD00150,1,35744.49,14.87
ITEM0005156,ORD001472,PROD00198,3,88452.16,1.86
ITEM0005157,ORD001473,PROD_DUP_764,1,10284.38,15.42
ITEM0005158,ORD001473,PROD00060,2,14823.48,28.13
ITEM0005159,ORD001473,PROD00011,3,53479.92,0.92
ITEM0005160,ORD001473,PROD00167,0,15629.7,4.61
ITEM0005161,ORD001474,PROD00050,4,635.92,17.57
ITEM0005162,ORD001474,PROD00073,3,36426.6,140.2
ITEM0005163,ORD001474,PROD00228,4,12035.67,20.95
ITEM0005164,ORD001474,PROD00201,4,331.81,31.15
ITEM0005165,ORD001474,PROD00224,1,54820.98,1.25
ITEM0005166,ORD001475,PROD00166,3,13792.77,24.14
ITEM0005167,ORD001475,PROD00224,4,54820.98,33.57
ITEM0005168,ORD001475,PROD00034,5,2479.77,14.2
ITEM0005169,ORD001475,PROD00263,4,4176.74,15.06
ITEM0005170,ORD001475,PROD00243,2,19132.03,27.01
ITEM0005171,ORD001476,PROD00162,3,44239.81,4.69
ITEM0005172,ORD001476,PROD00047,5,1949.22,19.4
ITEM0005173,ORD001476,PROD00010,1,19555.43,8.46
ITEM0005174,ORD001476,PROD00074,3,2883.54,4.03
ITEM0005175,ORD001476,PROD00123,1,16024.54,2.81
ITEM0005176,ORD001476,PROD00195,0,45234.5,32.29
ITEM0005177,ORD001477,PROD00033,1,25099.93,32.81
ITEM0005178,ORD001478,PROD00260,1,51829.61,21.43
ITEM0005179,ORD001478,INVALID_PROD_91679,5,12314.4,14.97
ITEM0005180,ORD001478,PROD00058,3,8762.42,19.37
ITEM0005181,ORD001479,PROD00186,1,10600.32,10.53
ITEM0005182,ORD001479,PROD00198,1,88452.16,5.81
ITEM0005183,ORD001479,PROD00199,1,37442.17,33.74
ITEM0005184,ORD001479,PROD00067,3,16473.79,5.6
ITEM0005185,ORD001479,PROD00123,2,16024.54,1.58
ITEM0005186,ORD001480,PROD00082,5,4931.74,33.75
ITEM0005187,ORD001480,PROD00237,2,3389.65,12.86
ITEM0005188,ORD001481,PROD00152,-1,4664.81,20.66
ITEM0005189,ORD001481,PROD00071,1,6126.45,11.81
ITEM0005190,ORD001481,PROD00004,2,945.43,10.46
ITEM0005191,ORD001481,PROD00122,1,1085.5,31.0
ITEM0005192,ORD001481,PROD00164,3,136789.18,28.8
ITEM0005193,ORD001481,PROD00131,2,2403.64,30.34
ITEM0005194,ORD001482,PROD00121,4,79730.15,30.83
ITEM0005195,ORD001483,PROD00056,2,64832.21,127.1
ITEM0005196,ORD001483,PROD00117,1,28499.09,24.48
ITEM0005197,ORD001483,PROD00106,4,1535.04,1.89
ITEM0005198,ORD001483,PROD00064,2,6397.09,22.12
ITEM0005199,ORD001484,PROD00040,1,6724.73,1.05
ITEM0005200,ORD001484,PROD00111,1,8072.67,7.46
ITEM0005201,ORD001485,PROD00033,2,25099.93,2.89
ITEM0005202,ORD001486,PROD00217,1,21374.71,28.8
ITEM0005203,ORD001486,PROD00288,5,12413.32,25.63
ITEM0005204,ORD001486,PROD00280,1,93322.92,11.12
ITEM0005205,ORD001486,PROD00266,4,150138.51,30.91
ITEM0005206,ORD001486,PROD00288,1,12413.32,34.69
ITEM0005207,ORD001487,PROD00224,5,54820.98,17.32
ITEM0005208,ORD001487,PROD00144,3,35676.4,32.48
ITEM0005209,ORD001487,PROD00295,5,6438.13,13.36
ITEM0005210,ORD001487,PROD00015,5,3631.08,1.02
ITEM0005211,ORD001487,PROD00021,4,1935.05,5.07
ITEM0005212,ORD001487,PROD00079,3,11534.5,3.17
ITEM0005213,ORD001488,PROD00296,5,75276.41,28.87
ITEM0005214,ORD001488,PROD00056,3,64832.21,26.76
ITEM0005215,ORD001488,PROD00269,1,2342.42,29.22
ITEM0005216,ORD001488,PROD00130,3,11592.7,14.75
ITEM0005217,ORD001488,PROD00097,2,8629.08,9.12
ITEM0005218,ORD001489,PROD00260,1,51829.61,34.32
ITEM0005219,ORD001490,PROD00209,1,48158.17,23.1
ITEM0005220,ORD001490,PROD00266,3,150138.51,24.28
ITEM0005221,ORD001490,PROD00180,4,45620.93,13.45
ITEM0005222,ORD001490,PROD00008,2,2233.33,22.42
ITEM0005223,ORD001491,PROD00214,1,9055.44,11.72
ITEM0005224,ORD001491,PROD00092,5,3453.47,0.8
ITEM0005225,ORD001491,PROD00148,2,46265.49,9.5
ITEM0005226,ORD001491,PROD00148,5,46265.49,13.82
ITEM0005227,ORD001491,PROD00273,1,5839.38,26.18
ITEM0005228,ORD001492,PROD00067,4,16473.79,20.94
ITEM0005229,ORD001492,PROD00019,5,39804.94,32.93
ITEM0005230,ORD001492,PROD00025,2,2571.12,24.5
ITEM0005231,ORD001492,PROD00239,4,18153.0,33.25
ITEM0005232,ORD001492,PROD00153,1,33477.66,1.88
ITEM0005233,ORD001493,PROD00057,2,6857.15,33.05
ITEM0005234,ORD001494,PROD00046,4,3348.49,17.04
ITEM0005235,ORD001494,PROD00217,2,21374.71,12.47
ITEM0005236,ORD001495,PROD00075,4,16738.37,1.7
ITEM0005237,ORD001496,PROD00164,2,136789.18,7.28
ITEM0005238,ORD001496,PROD00228,5,12035.67,11.78
ITEM0005239,ORD001496,PROD00281,3,2777.16,13.01
ITEM0005240,ORD001496,PROD00010,1,19555.43,30.62
ITEM0005241,ORD001496,PROD00085,4,3944.47,2.79
ITEM0005242,ORD001497,PROD00145,5,7654.14,25.3
ITEM0005243,ORD001498,PROD00258,2,11131.97,33.41
ITEM0005244,ORD001499,PROD00100,1,9419.26,25.9
ITEM0005245,ORD001500,PROD00240,4,56530.69,27.84
ITEM0005246,ORD001500,PROD00120,3,1922.05,27.92
ITEM0005247,ORD001501,PROD00276,2,3225.79,33.78
ITEM0005248,ORD001501,PROD00147,3,10375.1,24.23
ITEM0005249,ORD001501,PROD00095,4,56114.19,15.94
ITEM0005250,ORD001501,PROD00064,5,6397.09,4.48
ITEM0005251,ORD001502,PROD00263,1,4176.74,11.6
ITEM0005252,ORD001502,PROD00082,2,4931.74,20.71
ITEM0005253,ORD001502,PROD00011,3,53479.92,24.53
ITEM0005254,ORD001502,PROD00277,5,10462.69,13.82
ITEM0005255,ORD001503,PROD00189,5,9958.04,1.14
ITEM0005256,ORD001503,PROD00259,4,32817.74,32.99
ITEM0005257,ORD001504,PROD00147,1,10375.1,148.03
ITEM0005258,ORD001504,PROD00296,4,75276.41,11.68
ITEM0005259,ORD001504,PROD00003,1,47677.98,14.62
ITEM0005260,ORD001504,PROD00200,4,23481.36,19.82
ITEM0005261,ORD001504,PROD00276,2,3225.79,30.38
ITEM0005262,ORD001505,PROD00298,5,1958.18,19.85
ITEM0005263,ORD001505,PROD00274,5,3119.83,17.5
ITEM0005264,ORD001505,PROD00296,5,75276.41,24.48
ITEM0005265,ORD001505,PROD00007,1,4079.3,30.78
ITEM0005266,ORD001506,PROD00098,1,101886.16,5.25
ITEM0005267,ORD001506,PROD00194,3,1718.09,30.62
ITEM0005268,ORD001506,PROD00211,2,235.37,5.06
ITEM0005269,ORD001506,PROD00169,1,8770.94,16.31
ITEM0005270,ORD001506,PROD00267,3,5023.39,143.2
ITEM0005271,ORD001507,PROD00296,3,75276.41,0.26
ITEM0005272,ORD001507,PROD00292,2,148693.56,7.73
ITEM0005273,ORD001507,PROD00049,3,8241.32,9.95
ITEM0005274,ORD001508,PROD00264,1,57779.76,25.22
ITEM0005275,ORD001508,PROD00092,3,3453.47,30.33
ITEM0005276,ORD001508,PROD00293,4,6508.01,17.21
ITEM0005277,ORD001508,PROD00173,2,77771.82,32.89
ITEM0005278,ORD001508,PROD00078,1,80173.3,29.93
ITEM0005279,ORD001508,PROD00279,0,13479.28,32.01
ITEM0005280,ORD001509,PROD00019,2,39804.94,24.14
ITEM0005281,ORD001509,PROD00098,4,101886.16,2.08
ITEM0005282,ORD001509,PROD00006,5,3286.66,34.95
ITEM0005283,ORD001509,PROD00119,5,1779.27,12.82
ITEM0005284,ORD001510,PROD00097,2,8629.08,0.26
ITEM0005285,ORD001510,PROD00272,2,43464.46,10.49
ITEM0005286,ORD001510,PROD00063,2,4748.54,3.54
ITEM0005287,ORD001510,PROD00163,4,49503.31,6.59
ITEM0005288,ORD001510,PROD00196,3,19028.45,3.82
ITEM0005289,ORD001511,PROD00070,2,70038.79,23.47
ITEM0005290,ORD001511,PROD00296,3,75276.41,8.56
ITEM0005291,ORD001511,PROD00081,1,14240.57,23.86
ITEM0005292,ORD001511,PROD00277,3,10462.69,31.29
ITEM0005293,ORD001511,PROD00096,4,15644.62,4.81
ITEM0005294,ORD001512,PROD00044,4,36733.67,26.61
ITEM0005295,ORD001512,PROD00298,3,1958.18,3.21
ITEM0005296,ORD001512,PROD00246,5,49840.91,27.67
ITEM0005297,ORD001512,PROD00277,1,10462.69,30.27
ITEM0005298,ORD001512,PROD00062,5,1755.31,4.28
ITEM0005299,ORD001513,PROD00276,1,3225.79,23.26
ITEM0005300,ORD001513,PROD00053,1,1294.67,7.32
ITEM0005301,ORD001513,PROD00223,4,31608.39,10.23
ITEM0005302,ORD001513,PROD00001,3,107560.75,19.59
ITEM0005303,ORD001514,PROD00209,3,48158.17,5.1
ITEM0005304,ORD001515,PROD00014,5,10284.38,24.69
ITEM0005305,ORD001515,PROD00189,2,9958.04,34.06
ITEM0005306,ORD001515,PROD00067,3,16473.79,4.42
ITEM0005307,ORD001515,PROD00162,4,44239.81,16.25
ITEM0005308,ORD001515,PROD00218,4,808.31,34.31
ITEM0005309,ORD001515,PROD00160,3,4270.13,0.76
ITEM0005310,ORD001516,PROD00067,3,16473.79,26.15
ITEM0005311,ORD001516,PROD00299,4,5860.91,6.92
ITEM0005312,ORD001516,PROD00218,5,808.31,29.4
ITEM0005313,ORD001516,PROD00295,2,6438.13,24.91
ITEM0005314,ORD001517,PROD00073,5,36426.6,9.38
ITEM0005315,ORD001517,PROD00048,4,74181.94,18.2
ITEM0005316,ORD001518,PROD00032,1,15757.18,22.84
ITEM0005317,ORD001518,PROD00277,3,10462.69,123.29
ITEM0005318,ORD001518,PROD00279,2,13479.28,9.91
ITEM0005319,ORD001518,PROD00019,3,39804.94,21.44
ITEM0005320,ORD001518,PROD00050,4,635.92,14.01
ITEM0005321,ORD001518,PROD00161,2,89959.13,12.58
ITEM0005322,ORD001519,PROD00107,1,128039.99,21.05
ITEM0005323,ORD001519,PROD00101,2,90820.31,6.17
ITEM0005324,ORD001519,PROD00026,5,19557.07,22.49
ITEM0005325,ORD001520,PROD00269,1,2342.42,1.81
ITEM0005326,ORD001520,PROD00184,4,99913.97,12.76
ITEM0005327,ORD001520,PROD00242,3,49321.02,26.97
ITEM0005328,ORD001521,PROD00152,3,4664.81,24.49
ITEM0005329,ORD001521,PROD00072,1,6009.58,12.78
ITEM0005330,ORD001521,PROD00045,2,65694.03,29.21
ITEM0005331,ORD001522,PROD00293,3,6508.01,31.63
ITEM0005332,ORD001522,PROD00095,5,56114.19,20.07
ITEM0005333,ORD001522,PROD00236,3,38161.26,31.75
ITEM0005334,ORD001522,PROD00211,-2,235.37,9.74
ITEM0005335,ORD001522,PROD00175,1,5323.61,10.65
ITEM0005336,ORD001522,PROD00195,3,45234.5,19.12
ITEM0005337,ORD001523,PROD00033,1,25099.93,25.19
ITEM0005338,ORD001523,PROD00083,3,56427.07,30.49
ITEM0005339,ORD001523,PROD00145,4,7654.14,33.66
ITEM0005340,ORD001523,PROD00193,3,33770.04,13.66
ITEM0005341,ORD001523,PROD00219,-2,916.28,32.72
ITEM0005342,ORD001524,PROD00099,2,10679.39,1.42
ITEM0005343,ORD001524,PROD00152,1,4664.81,12.78
ITEM0005344,ORD001524,PROD00169,4,8770.94,9.26
ITEM0005345,ORD001524,INVALID_PROD_28892,2,2030.73,5.09
ITEM0005346,ORD001524,PROD00197,2,2320.69,16.0
ITEM0005347,ORD001524,PROD00202,1,2205.47,32.21
ITEM0005348,ORD001525,PROD00202,3,2205.47,0.48
ITEM0005349,ORD001525,PROD00197,3,2320.69,15.67
ITEM0005350,ORD001525,PROD00217,5,21374.71,13.66
ITEM0005351,ORD001525,PROD00095,3,56114.19,32.52
ITEM0005352,ORD001525,PROD00146,2,10852.71,17.61
ITEM0005353,ORD001525,PROD00177,4,2661.74,34.97
ITEM0005354,ORD001526,PROD00228,4,12035.67,25.79
ITEM0005355,ORD001526,PROD00127,4,6869.22,1.86
ITEM0005356,ORD001526,PROD00276,4,3225.79,1.58
ITEM0005357,ORD001527,PROD00172,1,660.53,29.39
ITEM0005358,ORD001527,PROD00052,4,8276.3,23.22
ITEM0005359,ORD001527,PROD00277,1,10462.69,17.89
ITEM0005360,ORD001527,PROD00155,5,6690.65,0.22
ITEM0005361,ORD001527,PROD00190,4,4989.53,27.97
ITEM0005362,ORD001527,PROD00193,2,33770.04,4.56
ITEM0005363,ORD001528,PROD00092,2,3453.47,33.88
ITEM0005364,ORD001528,PROD00234,2,491.09,11.78
ITEM0005365,ORD001528,PROD00235,2,9096.22,31.95
ITEM0005366,ORD001528,PROD00023,4,13941.86,17.32
ITEM0005367,ORD001529,PROD00100,4,9419.26,2.63
ITEM0005368,ORD001529,PROD00222,4,529.14,34.64
ITEM0005369,ORD001529,PROD00061,4,168745.97,5.52
ITEM0005370,ORD001529,PROD00066,2,5087.99,24.69
ITEM0005371,ORD001529,PROD00174,4,6796.1,20.81
ITEM0005372,ORD001529,PROD00221,3,6476.61,14.79
ITEM0005373,ORD001530,PROD00038,1,3024.72,11.91
ITEM0005374,ORD001530,PROD00263,1,4176.74,18.18
ITEM0005375,ORD001530,PROD00252,1,8369.69,4.06
ITEM0005376,ORD001530,PROD00214,-4,9055.44,6.76
ITEM0005377,ORD001530,PROD00021,5,1935.05,18.74
ITEM0005378,ORD001531,PROD00030,4,46619.52,10.77
ITEM0005379,ORD001531,PROD00187,4,8729.44,1.5
ITEM0005380,ORD001531,PROD00278,5,48030.22,13.47
ITEM0005381,ORD001531,PROD00015,3,3631.08,9.38
ITEM0005382,ORD001532,PROD00203,4,16125.87,3.42
ITEM0005383,ORD001533,PROD00103,3,210.19,20.07
ITEM0005384,ORD001533,PROD00007,3,4079.3,18.02
ITEM0005385,ORD001533,PROD00162,4,44239.81,23.8
ITEM0005386,ORD001533,PROD00249,3,90613.5,27.37
ITEM0005387,ORD001534,PROD00154,5,15820.26,28.94
ITEM0005388,ORD001534,PROD00073,4,36426.6,23.43
ITEM0005389,ORD001535,PROD00138,3,14451.36,26.2
ITEM0005390,ORD001535,PROD00012,3,16414.48,28.43
ITEM0005391,ORD001535,PROD00064,5,6397.09,13.85
ITEM0005392,ORD001536,PROD00181,4,34804.16,10.33
ITEM0005393,ORD001536,PROD00206,4,17398.64,12.56
ITEM0005394,ORD001536,PROD00043,4,5667.41,20.49
ITEM0005395,ORD001536,PROD00046,4,3348.49,6.95
ITEM0005396,ORD001536,PROD00181,4,34804.16,19.99
ITEM0005397,ORD001536,PROD00230,1,14806.16,2.1
ITEM0005398,ORD001537,INVALID_PROD_64851,2,57851.82,29.71
ITEM0005399,ORD001537,PROD00091,2,922.64,4.33
ITEM0005400,ORD001537,PROD00100,2,9419.26,27.1
ITEM0005401,ORD001537,PROD00166,4,13792.77,2.41
ITEM0005402,ORD001537,PROD00218,1,808.31,21.4
ITEM0005403,ORD001537,PROD00262,4,2761.19,12.95
ITEM0005404,ORD001538,PROD00168,2,786.46,1.75
ITEM0005405,ORD001538,PROD00300,0,1163.82,33.6
ITEM0005406,ORD001538,PROD00021,5,1935.05,9.24
ITEM0005407,ORD001538,PROD00166,5,13792.77,33.36
ITEM0005408,ORD001538,PROD00037,4,16473.88,30.12
ITEM0005409,ORD001538,PROD00218,0,808.31,23.76
ITEM0005410,ORD001539,PROD00041,2,13175.99,6.29
ITEM0005411,ORD001539,PROD00205,4,6001.17,15.44
ITEM0005412,ORD001539,PROD00021,5,1935.05,1.48
ITEM0005413,ORD001539,PROD00107,3,128039.99,5.1
ITEM0005414,ORD001539,PROD00176,5,10514.42,10.21
ITEM0005415,ORD001539,PROD00170,1,12487.59,18.39
ITEM0005416,ORD001540,PROD00300,2,1163.82,10.94
ITEM0005417,ORD001540,PROD00194,4,1718.09,8.18
ITEM0005418,ORD001541,PROD00136,4,15602.8,16.89
ITEM0005419,ORD001541,PROD00205,5,6001.17,34.74
ITEM0005420,ORD001541,PROD00107,-4,128039.99,31.52
ITEM0005421,ORD001541,PROD00253,3,30181.5,9.41
ITEM0005422,ORD001541,PROD00175,1,5323.61,13.02
ITEM0005423,ORD001541,PROD00145,3,7654.14,27.33
ITEM0005424,ORD001542,PROD00126,3,14276.93,16.78
ITEM0005425,ORD001542,PROD00050,1,635.92,19.04
ITEM0005426,ORD001542,PROD00145,4,7654.14,25.48
ITEM0005427,ORD001542,PROD_DUP_765,5,60305.75,18.24
ITEM0005428,ORD001542,PROD00026,-5,19557.07,25.04
ITEM0005429,ORD001543,PROD00113,5,14490.24,20.65
ITEM0005430,ORD001543,PROD00193,4,33770.04,27.42
ITEM0005431,ORD001543,PROD00130,2,11592.7,8.39
ITEM0005432,ORD001543,PROD00172,3,660.53,30.71
ITEM0005433,ORD001543,PROD00154,2,15820.26,26.74
ITEM0005434,ORD001543,PROD00005,3,938.76,8.1
ITEM0005435,ORD001544,PROD00041,4,13175.99,27.32
ITEM0005436,ORD001544,PROD00228,5,12035.67,28.09
ITEM0005437,ORD001544,PROD00179,2,11703.98,6.52
ITEM0005438,ORD001544,PROD00056,3,64832.21,9.06
ITEM0005439,ORD001544,PROD00050,5,635.92,24.93
ITEM0005440,ORD001544,PROD00247,4,60305.75,21.05
ITEM0005441,ORD001545,PROD00034,5,2479.77,13.45
ITEM0005442,ORD001545,PROD00033,3,25099.93,19.31
ITEM0005443,ORD001545,PROD00160,-1,4270.13,14.04
ITEM0005444,ORD001545,PROD00067,4,16473.79,14.8
ITEM0005445,ORD001546,PROD00093,3,799.0,22.33
ITEM0005446,ORD001547,PROD00213,3,67924.54,19.31
ITEM0005447,ORD001547,PROD00236,2,38161.26,7.66
ITEM0005448,ORD001547,PROD00050,1,635.92,9.7
ITEM0005449,ORD001547,PROD00043,3,5667.41,20.23
ITEM0005450,ORD001547,PROD00153,3,33477.66,23.74
ITEM0005451,ORD001547,PROD00211,5,235.37,25.97
ITEM0005452,ORD001548,PROD_DUP_248,1,13444.93,16.97
ITEM0005453,ORD001548,PROD00215,1,13895.27,24.16
ITEM0005454,ORD001548,PROD00142,4,3142.8,32.34
ITEM0005455,ORD001548,PROD00094,2,18989.87,26.45
ITEM0005456,ORD001548,PROD00277,1,10462.69,20.07
ITEM0005457,ORD001549,PROD00229,1,17916.53,9.39
ITEM0005458,ORD001549,PROD00227,4,2030.73,7.09
ITEM0005459,ORD001549,PROD00102,5,20526.64,4.98
ITEM0005460,ORD001549,PROD00238,5,10985.44,3.9
ITEM0005461,ORD001549,PROD00294,1,12314.4,24.02
ITEM0005462,ORD001550,PROD00138,1,14451.36,24.97
ITEM0005463,ORD001550,PROD00263,2,4176.74,25.65
ITEM0005464,ORD001550,PROD00238,3,10985.44,22.59
ITEM0005465,ORD001550,PROD00261,3,35880.89,134.44
ITEM0005466,ORD001550,PROD00186,3,10600.32,17.34
ITEM0005467,ORD001550,PROD00174,4,6796.1,18.23
ITEM0005468,ORD001551,PROD00040,3,6724.73,7.44
ITEM0005469,ORD001551,PROD00067,3,16473.79,34.86
ITEM0005470,ORD001551,PROD00104,4,10809.0,33.73
ITEM0005471,ORD001551,PROD00027,5,6786.44,10.85
ITEM0005472,ORD001551,PROD00031,-2,14324.32,10.38
ITEM0005473,ORD001552,PROD00183,5,9351.26,4.47
ITEM0005474,ORD001552,PROD00260,4,51829.61,9.66
ITEM0005475,ORD001553,PROD00289,4,1903.39,27.64
ITEM0005476,ORD001553,PROD00262,-4,2761.19,4.21
ITEM0005477,ORD001554,PROD00147,4,10375.1,31.65
ITEM0005478,ORD001554,PROD00065,2,10942.37,10.17
ITEM0005479,ORD001555,PROD00080,1,8705.25,9.11
ITEM0005480,ORD001555,PROD00216,4,4233.5,33.99
ITEM0005481,ORD001556,PROD00027,5,6786.44,32.24
ITEM0005482,ORD001557,PROD00248,3,13070.96,18.5
ITEM0005483,ORD001557,PROD00176,4,10514.42,16.06
ITEM0005484,ORD001557,PROD00244,1,358.32,33.41
ITEM0005485,ORD001558,PROD00207,5,90137.22,25.18
ITEM0005486,ORD001558,PROD00280,1,93322.92,11.52
ITEM0005487,ORD001558,PROD00046,3,3348.49,18.5
ITEM0005488,ORD001558,PROD00072,2,6009.58,9.36
ITEM0005489,ORD001558,PROD00238,1,10985.44,12.06
ITEM0005490,ORD001558,PROD00091,-1,922.64,146.15
ITEM0005491,ORD001559,PROD00036,5,9080.54,22.95
ITEM0005492,ORD001559,PROD00265,3,7815.58,1.93
ITEM0005493,ORD001559,PROD00003,5,47677.98,30.66
ITEM0005494,ORD001559,PROD00155,4,6690.65,1.89
ITEM0005495,ORD001559,PROD00236,3,38161.26,33.77
ITEM0005496,ORD001559,PROD00217,2,21374.71,30.36
ITEM0005497,ORD001560,PROD00048,0,74181.94,12.96
ITEM0005498,ORD001561,PROD00081,5,14240.57,5.68
ITEM0005499,ORD001561,PROD00069,1,1031.99,8.12
ITEM0005500,ORD001561,PROD00053,3,1294.67,15.3
ITEM0005501,ORD001561,PROD00257,4,31755.6,3.83
ITEM0005502,ORD001561,PROD00104,1,10809.0,19.01
ITEM0005503,ORD001561,PROD_DUP_765,1,60305.75,17.66
ITEM0005504,ORD001562,PROD00255,3,8717.28,30.16
ITEM0005505,ORD001562,PROD00073,3,36426.6,4.36
ITEM0005506,ORD001563,PROD00058,2,8762.42,17.21
ITEM0005507,ORD001563,PROD00067,5,16473.79,7.88
ITEM0005508,ORD001563,PROD00235,3,9096.22,30.86
ITEM0005509,ORD001563,PROD00191,3,18482.44,27.9
ITEM0005510,ORD001563,PROD00153,4,33477.66,10.32
ITEM0005511,ORD001564,PROD00216,5,4233.5,27.88
ITEM0005512,ORD001564,PROD00154,5,15820.26,128.79
ITEM0005513,ORD001565,PROD00242,5,49321.02,17.35
ITEM0005514,ORD001566,PROD00196,-1,19028.45,29.18
ITEM0005515,ORD001566,PROD00156,3,263.76,17.37
ITEM0005516,ORD001567,PROD00110,4,8026.63,29.71
ITEM0005517,ORD001567,PROD00177,2,2661.74,9.59
ITEM0005518,ORD001567,PROD00062,2,1755.31,20.71
ITEM0005519,ORD001567,PROD00149,2,737.02,30.63
ITEM0005520,ORD001568,PROD00074,3,2883.54,8.25
ITEM0005521,ORD001569,PROD00069,0,1031.99,32.3
ITEM0005522,ORD001570,PROD00242,1,49321.02,1.23
ITEM0005523,ORD001570,PROD00253,3,30181.5,17.49
ITEM0005524,ORD001570,PROD00220,2,53302.28,4.42
ITEM0005525,ORD001570,PROD00004,3,945.43,20.99
ITEM0005526,ORD001570,PROD00280,1,93322.92,16.95
ITEM0005527,ORD001571,PROD00168,1,786.46,11.48
ITEM0005528,ORD001572,PROD00140,-5,10466.68,26.65
ITEM0005529,ORD001572,PROD00170,4,12487.59,125.41
ITEM0005530,ORD001572,PROD00010,3,19555.43,20.97
ITEM0005531,ORD001572,INVALID_PROD_20799,5,59992.33,5.23
ITEM0005532,ORD001572,PROD00237,4,3389.65,19.53
ITEM0005533,ORD001573,PROD00243,5,19132.03,2.62
ITEM0005534,ORD001573,PROD00061,3,168745.97,33.06
ITEM0005535,ORD001573,PROD00216,3,4233.5,22.43
ITEM0005536,ORD001574,PROD00274,2,3119.83,133.72
ITEM0005537,ORD001574,PROD00130,1,11592.7,14.53
ITEM0005538,ORD001574,PROD00283,4,34928.13,3.36
ITEM0005539,ORD001574,PROD00278,5,48030.22,27.09
ITEM0005540,ORD001574,PROD00225,3,525.71,16.57
ITEM0005541,ORD001575,PROD00049,4,8241.32,3.51
ITEM0005542,ORD001575,PROD00004,1,945.43,32.61
ITEM0005543,ORD001575,PROD00209,3,48158.17,22.78
ITEM0005544,ORD001575,PROD00257,2,31755.6,21.94
ITEM0005545,ORD001575,PROD00015,2,3631.08,24.43
ITEM0005546,ORD001575,PROD00207,2,90137.22,0.16
ITEM0005547,ORD001576,PROD00079,5,11534.5,3.76
ITEM0005548,ORD001576,PROD00087,4,9237.82,2.98
ITEM0005549,ORD001576,PROD00237,2,3389.65,6.46
ITEM0005550,ORD001576,PROD00101,4,90820.31,3.75
ITEM0005551,ORD001576,PROD00167,2,15629.7,14.9
ITEM0005552,ORD001577,PROD00046,5,3348.49,32.12
ITEM0005553,ORD001577,PROD00009,4,11170.3,28.87
ITEM0005554,ORD001577,PROD00032,1,15757.18,4.77
ITEM0005555,ORD001577,PROD00213,3,67924.54,3.33
ITEM0005556,ORD001577,PROD00227,3,2030.73,1.65
ITEM0005557,ORD001577,PROD00027,1,6786.44,2.34
ITEM0005558,ORD001578,PROD00060,3,14823.48,13.0
ITEM0005559,ORD001578,PROD00033,-3,25099.93,24.5
ITEM0005560,ORD001578,PROD00083,3,56427.07,34.17
ITEM0005561,ORD001578,PROD00234,3,491.09,13.83
ITEM0005562,ORD001579,PROD00290,1,41413.51,0.29
ITEM0005563,ORD001579,PROD00049,3,8241.32,31.89
ITEM0005564,ORD001580,PROD00048,1,74181.94,4.28
ITEM0005565,ORD001580,PROD00276,5,3225.79,17.32
ITEM0005566,ORD001580,PROD00033,1,25099.93,27.78
ITEM0005567,ORD001580,PROD00123,3,16024.54,5.57
ITEM0005568,ORD001580,PROD00117,4,28499.09,30.36
ITEM0005569,ORD001581,PROD00029,3,12387.11,6.75
ITEM0005570,ORD001581,PROD00158,4,255.24,26.55
ITEM0005571,ORD001581,PROD00036,4,9080.54,14.76
ITEM0005572,ORD001581,PROD00194,3,1718.09,32.75
ITEM0005573,ORD001581,PROD00271,3,69182.89,19.09
ITEM0005574,ORD001582,PROD00044,4,36733.67,15.8
ITEM0005575,ORD001582,PROD00222,2,529.14,2.04
ITEM0005576,ORD001582,PROD00200,1,23481.36,27.23
ITEM0005577,ORD001582,PROD00011,4,53479.92,12.21
ITEM0005578,ORD001583,PROD00074,5,2883.54,33.55
ITEM0005579,ORD001583,PROD00005,4,938.76,19.65
ITEM0005580,ORD001583,PROD00220,-5,53302.28,28.75
ITEM0005581,ORD001583,PROD00134,4,281.46,15.36
ITEM0005582,ORD001583,PROD00051,3,14882.87,26.69
ITEM0005583,INVALID_ORD_24621,PROD00087,4,9237.82,7.58
ITEM0005584,ORD001584,PROD00050,5,635.92,25.01
ITEM0005585,ORD001584,PROD00120,2,1922.05,21.55
ITEM0005586,ORD001584,PROD00041,3,13175.99,20.08
ITEM0005587,ORD001585,PROD00082,4,4931.74,15.89
ITEM0005588,ORD001585,PROD00274,5,3119.83,14.41
ITEM0005589,ORD001585,PROD00201,1,331.81,4.08
ITEM0005590,ORD001585,PROD00253,5,30181.5,18.93
ITEM0005591,ORD001585,PROD00237,5,3389.65,20.01
ITEM0005592,ORD001586,PROD00030,4,46619.52,11.18
ITEM0005593,ORD001586,PROD00027,5,6786.44,33.05
ITEM0005594,ORD001586,PROD00014,5,10284.38,24.67
ITEM0005595,ORD001586,PROD00002,3,13344.44,14.57
ITEM0005596,ORD001586,PROD00094,3,18989.87,30.16
ITEM0005597,ORD001587,PROD00234,2,491.09,0.89
ITEM0005598,ORD001587,PROD00135,1,973.62,9.39
ITEM0005599,ORD001587,PROD00054,4,59992.33,33.08
ITEM0005600,ORD001587,PROD00226,2,33228.57,11.5
ITEM0005601,ORD001587,PROD00100,1,9419.26,11.54
ITEM0005602,ORD001588,PROD00219,3,916.28,13.04
ITEM0005603,ORD001588,PROD00024,2,18935.15,15.74
ITEM0005604,ORD001588,PROD00151,3,75177.2,12.06
ITEM0005605,ORD001588,PROD00027,2,6786.44,33.82
ITEM0005606,ORD001588,PROD00016,1,155813.5,7.76
ITEM0005607,ORD001589,PROD00276,2,3225.79,1.2
ITEM0005608,ORD001589,PROD00056,3,64832.21,29.97
ITEM0005609,ORD001589,PROD00218,4,808.31,17.23
ITEM0005610,ORD001589,PROD00054,5,59992.33,34.61
ITEM0005611,ORD001590,PROD00014,4,10284.38,14.83
ITEM0005612,ORD001591,PROD00230,5,14806.16,29.81
ITEM0005613,ORD001591,PROD00062,0,1755.31,32.35
ITEM0005614,ORD001591,PROD00041,4,13175.99,7.98
ITEM0005615,ORD001591,PROD00037,5,16473.88,24.24
ITEM0005616,ORD001591,PROD00057,4,6857.15,34.21
ITEM0005617,ORD001592,PROD00123,4,16024.54,14.73
ITEM0005618,ORD001592,PROD00231,1,2536.84,24.11
ITEM0005619,ORD001592,PROD00177,5,2661.74,4.08
ITEM0005620,ORD001592,PROD00275,2,1589.33,9.31
ITEM0005621,ORD001592,PROD00281,2,2777.16,10.74
ITEM0005622,ORD001593,PROD00265,5,7815.58,10.95
ITEM0005623,ORD001593,PROD00044,1,36733.67,17.1
ITEM0005624,ORD001594,PROD00127,0,6869.22,6.81
ITEM0005625,ORD001594,PROD00036,5,9080.54,148.47
ITEM0005626,ORD001594,PROD00105,5,16922.48,31.08
ITEM0005627,ORD001594,PROD00002,1,13344.44,28.44
ITEM0005628,ORD001595,PROD00236,2,38161.26,15.58
ITEM0005629,ORD001595,PROD00113,3,14490.24,22.53
ITEM0005630,ORD001595,PROD00050,2,635.92,18.66
ITEM0005631,ORD001595,PROD00134,3,281.46,31.99
ITEM0005632,ORD001595,PROD00055,5,1893.42,11.75
ITEM0005633,ORD001596,PROD00060,1,14823.48,14.81
ITEM0005634,ORD001596,PROD00224,3,54820.98,8.76
ITEM0005635,ORD001596,PROD00297,1,1866.66,15.49
ITEM0005636,ORD001596,PROD00232,2,20147.3,17.35
ITEM0005637,ORD001597,PROD00083,3,56427.07,15.6
ITEM0005638,ORD001598,PROD00039,3,4450.41,31.16
ITEM0005639,ORD001598,PROD00070,1,70038.79,34.17
ITEM0005640,ORD001598,PROD00043,2,5667.41,32.11
ITEM0005641,ORD001599,PROD00025,2,2571.12,20.19
ITEM0005642,ORD001599,PROD00091,2,922.64,33.36
ITEM0005643,ORD001599,PROD00040,2,6724.73,22.46
ITEM0005644,ORD001599,PROD00209,4,48158.17,10.06
ITEM0005645,ORD001599,PROD00073,4,36426.6,16.85
ITEM0005646,ORD001599,PROD00097,2,8629.08,4.0
ITEM0005647,ORD001600,PROD00188,3,26614.54,18.9
ITEM0005648,ORD001600,PROD00234,4,491.09,25.59
ITEM0005649,ORD001600,PROD00048,4,74181.94,13.48
ITEM0005650,ORD001601,PROD00140,3,10466.68,6.59
ITEM0005651,ORD001601,PROD00089,3,14553.94,10.86
ITEM0005652,ORD001601,PROD00191,3,18482.44,9.49
ITEM0005653,ORD001602,PROD00085,1,3944.47,33.67
ITEM0005654,ORD001603,PROD00275,1,1589.33,9.45
ITEM0005655,ORD001604,PROD00243,4,19132.03,11.2
ITEM0005656,ORD001604,PROD00291,5,68752.62,19.28
ITEM0005657,ORD001604,PROD00175,5,5323.61,18.53
ITEM0005658,ORD001604,PROD00299,3,5860.91,28.91
ITEM0005659,ORD001604,PROD00060,1,14823.48,29.44
ITEM0005660,ORD001604,PROD00206,0,17398.64,3.75
ITEM0005661,ORD001605,PROD00277,3,10462.69,1.03
ITEM0005662,ORD001605,PROD00126,4,14276.93,15.37
ITEM0005663,ORD001606,PROD00019,5,39804.94,13.99
ITEM0005664,ORD001606,PROD00176,3,10514.42,34.06
ITEM0005665,ORD001606,PROD00011,1,53479.92,28.72
ITEM0005666,ORD001607,PROD00037,4,16473.88,20.72
ITEM0005667,ORD001608,PROD00281,1,2777.16,16.51
ITEM0005668,ORD001608,PROD00039,3,4450.41,18.23
ITEM0005669,ORD001608,PROD00070,5,70038.79,20.8
ITEM0005670,ORD001608,PROD00124,5,31585.25,2.81
ITEM0005671,ORD001609,PROD00143,1,9888.94,7.82
ITEM0005672,ORD001609,PROD00085,5,3944.47,7.42
ITEM0005673,ORD001609,PROD00250,4,2595.77,29.77
ITEM0005674,ORD001609,PROD00243,2,19132.03,5.09
ITEM0005675,ORD001610,PROD00071,2,6126.45,16.76
ITEM0005676,ORD001610,PROD00127,2,6869.22,5.55
ITEM0005677,ORD001611,PROD00112,2,958.5,11.56
ITEM0005678,ORD001611,PROD00182,5,60233.51,23.5
ITEM0005679,ORD001611,PROD00234,-2,491.09,28.45
ITEM0005680,ORD001611,PROD00043,5,5667.41,20.1
ITEM0005681,ORD001611,PROD00074,3,2883.54,4.98
ITEM0005682,ORD001611,PROD00088,5,9502.99,28.37
ITEM0005683,ORD001612,PROD00071,5,6126.45,1.09
ITEM0005684,ORD001612,PROD_DUP_248,4,13444.93,1.26
ITEM0005685,ORD001613,PROD00091,5,922.64,18.68
ITEM0005686,ORD001613,PROD00142,3,3142.8,20.79
ITEM0005687,ORD001613,PROD00157,2,7028.69,22.61
ITEM0005688,ORD001613,PROD00251,2,37604.62,27.72
ITEM0005689,ORD001613,PROD00130,5,11592.7,12.35
ITEM0005690,ORD001614,PROD00113,4,14490.24,33.92
ITEM0005691,ORD001614,PROD00040,1,6724.73,11.55
ITEM0005692,ORD001614,PROD00216,3,4233.5,25.99
ITEM0005693,ORD001614,PROD00181,4,34804.16,28.74
ITEM0005694,ORD001615,PROD00045,5,65694.03,31.6
ITEM0005695,ORD001615,PROD00203,2,16125.87,118.23
ITEM0005696,ORD001615,PROD00283,3,34928.13,24.74
ITEM0005697,ORD001616,PROD00043,1,5667.41,28.76
ITEM0005698,ORD001616,PROD00066,2,5087.99,15.93
ITEM0005699,ORD001616,PROD00277,2,10462.69,27.11
ITEM0005700,ORD001617,PROD00276,4,3225.79,19.47
ITEM0005701,ORD001617,INVALID_PROD_59684,4,18473.59,0.58
ITEM0005702,ORD001617,PROD00212,3,18473.59,28.08
ITEM0005703,ORD001617,PROD00261,4,35880.89,33.14
ITEM0005704,ORD001618,PROD00292,3,148693.56,134.73
ITEM0005705,ORD001618,PROD00270,3,16051.61,30.11
ITEM0005706,ORD001618,PROD00292,2,148693.56,6.66
ITEM0005707,ORD001618,PROD00199,5,37442.17,13.87
ITEM0005708,ORD001618,PROD00065,1,10942.37,8.49
ITEM0005709,ORD001619,PROD00203,3,16125.87,8.3
ITEM0005710,ORD001620,PROD00037,1,16473.88,10.82
ITEM0005711,ORD001620,PROD00057,1,6857.15,13.49
ITEM0005712,ORD001620,PROD00130,4,11592.7,5.15
ITEM0005713,ORD001620,PROD00192,5,9826.54,20.46
ITEM0005714,ORD001621,PROD00002,3,13344.44,5.61
ITEM0005715,ORD001622,PROD00271,5,69182.89,30.06
ITEM0005716,ORD001623,PROD00042,2,851.12,16.08
ITEM0005717,ORD001623,PROD00011,3,53479.92,22.59
ITEM0005718,ORD001623,PROD00052,0,8276.3,30.57
ITEM0005719,ORD001623,PROD00083,5,56427.07,8.34
ITEM0005720,ORD001623,PROD00221,1,6476.61,33.93
ITEM0005721,ORD001624,PROD00287,5,1349.9,18.61
ITEM0005722,ORD001624,PROD00049,1,8241.32,3.48
ITEM0005723,ORD001625,PROD00251,5,37604.62,0.91
ITEM0005724,ORD001626,PROD00080,1,8705.25,33.29
ITEM0005725,ORD001626,PROD00208,4,11211.45,34.01
ITEM0005726,ORD001626,PROD00159,3,18880.93,30.03
ITEM0005727,ORD001626,PROD00143,2,9888.94,11.45
ITEM0005728,ORD001626,PROD00085,4,3944.47,16.86
ITEM0005729,ORD001626,PROD00178,1,11840.22,5.34
ITEM0005730,ORD001627,PROD00235,3,9096.22,31.76
ITEM0005731,ORD001627,PROD00133,5,16317.65,32.29
ITEM0005732,ORD001628,PROD00147,5,10375.1,14.53
ITEM0005733,ORD001628,PROD00038,4,3024.72,16.6
ITEM0005734,ORD001628,PROD00197,2,2320.69,7.0
ITEM0005735,ORD001628,PROD00162,4,44239.81,8.43
ITEM0005736,ORD001628,PROD00061,4,168745.97,7.41
ITEM0005737,ORD001628,PROD00286,5,11352.93,11.25
ITEM0005738,ORD001629,PROD00065,2,10942.37,34.36
ITEM0005739,ORD001629,PROD00173,5,77771.82,34.36
ITEM0005740,ORD001629,PROD00068,2,15259.49,4.59
ITEM0005741,ORD001629,PROD00039,1,4450.41,33.36
ITEM0005742,ORD001629,PROD00003,3,47677.98,11.81
ITEM0005743,ORD001630,PROD00007,4,4079.3,12.5
ITEM0005744,ORD001630,PROD00133,2,16317.65,18.95
ITEM0005745,ORD001630,PROD00275,5,1589.33,24.43
ITEM0005746,ORD001630,PROD00128,1,2957.45,13.64
ITEM0005747,ORD001631,PROD00077,4,949.09,16.64
ITEM0005748,ORD001632,PROD00057,1,6857.15,23.22
ITEM0005749,ORD001632,PROD00219,1,916.28,28.05
ITEM0005750,ORD001632,PROD00283,3,34928.13,13.23
ITEM0005751,ORD001633,PROD00289,2,1903.39,23.71
ITEM0005752,ORD001633,PROD00021,2,1935.05,29.46
ITEM0005753,ORD001633,PROD00153,4,33477.66,34.77
ITEM0005754,ORD001633,PROD00171,3,1587.59,8.51
ITEM0005755,ORD001634,PROD00286,2,11352.93,17.16
ITEM0005756,ORD001634,PROD00127,3,6869.22,33.97
ITEM0005757,ORD001634,PROD00268,1,247.24,9.24
ITEM0005758,ORD001634,PROD00024,3,18935.15,33.42
ITEM0005759,ORD001635,PROD00253,1,30181.5,28.89
ITEM0005760,ORD001636,PROD00233,5,5457.87,28.25
ITEM0005761,ORD001636,PROD00026,2,19557.07,1.71
ITEM0005762,ORD001636,PROD00238,5,10985.44,22.29
ITEM0005763,ORD001636,PROD00046,3,3348.49,17.59
ITEM0005764,ORD001637,PROD00174,3,6796.1,15.02
ITEM0005765,ORD001637,PROD00063,5,4748.54,2.48
ITEM0005766,ORD001637,PROD00146,3,10852.71,13.61
ITEM0005767,ORD001637,PROD00196,3,19028.45,22.27
ITEM0005768,ORD001637,PROD00017,4,42741.8,2.99
ITEM0005769,ORD001638,PROD00129,4,55423.01,9.54
ITEM0005770,ORD001638,PROD00034,3,2479.77,19.42
ITEM0005771,ORD001638,PROD00271,4,69182.89,0.22
ITEM0005772,ORD001639,PROD00178,1,11840.22,28.2
ITEM0005773,ORD001639,PROD00205,2,6001.17,22.92
ITEM0005774,ORD001639,PROD00166,3,13792.77,33.93
ITEM0005775,ORD001640,PROD00024,4,18935.15,34.2
ITEM0005776,ORD001640,PROD00020,4,70058.39,8.31
ITEM0005777,ORD001640,PROD00275,1,1589.33,21.31
ITEM0005778,ORD001640,PROD00009,0,11170.3,31.38
ITEM0005779,ORD001641,PROD00023,3,13941.86,25.88
ITEM0005780,ORD001642,PROD00294,2,12314.4,24.84
ITEM0005781,ORD001642,PROD00200,1,23481.36,27.66
ITEM0005782,ORD001642,PROD00288,2,12413.32,33.05
ITEM0005783,ORD001643,PROD00229,3,17916.53,31.91
ITEM0005784,ORD001643,PROD00023,5,13941.86,15.19
ITEM0005785,ORD001643,PROD00213,2,67924.54,3.08
ITEM0005786,ORD001644,PROD00214,5,9055.44,31.42
ITEM0005787,ORD001645,PROD00103,3,210.19,18.69
ITEM0005788,ORD001645,PROD00113,2,14490.24,9.02
ITEM0005789,ORD001645,PROD00192,5,9826.54,34.08
ITEM0005790,ORD001645,PROD00050,3,635.92,14.35
ITEM0005791,ORD001646,PROD00056,3,64832.21,26.29
ITEM0005792,ORD001646,PROD_DUP_764,3,10284.38,24.3
ITEM0005793,ORD001646,PROD00015,-4,3631.08,25.68
ITEM0005794,ORD001646,PROD00051,2,14882.87,13.75
ITEM0005795,ORD001646,PROD00272,2,43464.46,19.25
ITEM0005796,ORD001647,PROD00035,3,7731.0,17.09
ITEM0005797,ORD001647,PROD00169,1,8770.94,27.13
ITEM0005798,ORD001647,PROD00094,1,18989.87,21.72
ITEM0005799,ORD001647,PROD00216,3,4233.5,22.8
ITEM0005800,ORD001648,PROD00015,1,3631.08,4.96
ITEM0005801,ORD001648,PROD00069,3,1031.99,2.25
ITEM0005802,ORD001648,PROD00035,4,7731.0,17.57
ITEM0005803,ORD001648,PROD00090,4,12776.72,28.54
ITEM0005804,ORD001649,PROD00270,3,16051.61,17.03
ITEM0005805,ORD001649,PROD00063,2,4748.54,21.25
ITEM0005806,ORD001650,PROD00012,3,16414.48,31.79
ITEM0005807,INVALID_ORD_95277,PROD00020,1,70058.39,32.64
ITEM0005808,INVALID_ORD_75799,PROD00071,5,6126.45,4.35
ITEM0005809,ORD001650,PROD00093,5,799.0,18.27
ITEM0005810,ORD001650,PROD00258,3,11131.97,33.48
ITEM0005811,ORD001651,PROD00087,4,9237.82,7.36
ITEM0005812,ORD001651,PROD00155,5,6690.65,17.92
ITEM0005813,ORD001651,PROD00082,5,4931.74,4.48
ITEM0005814,ORD001651,PROD00121,5,79730.15,5.81
ITEM0005815,ORD001651,PROD00063,1,4748.54,7.87
ITEM0005816,ORD001651,PROD00160,4,4270.13,15.82
ITEM0005817,ORD001652,PROD00132,5,1220.54,26.89
ITEM0005818,ORD001653,PROD00117,1,28499.09,6.09
ITEM0005819,ORD001653,PROD00019,3,39804.94,30.52
ITEM0005820,ORD001653,PROD00086,5,13674.52,2.68
ITEM0005821,ORD001653,PROD00289,2,1903.39,32.23
ITEM0005822,ORD001653,PROD00040,1,6724.73,2.81
ITEM0005823,ORD001653,PROD00271,4,69182.89,110.24
ITEM0005824,ORD001654,PROD00027,1,6786.44,2.13
ITEM0005825,ORD001654,PROD00279,2,13479.28,28.48
ITEM0005826,ORD001655,PROD00194,2,1718.09,3.07
ITEM0005827,ORD001656,PROD00238,2,10985.44,3.66
ITEM0005828,ORD001657,PROD00017,4,42741.8,32.74
ITEM0005829,ORD001657,PROD00010,4,19555.43,22.51
ITEM0005830,ORD001657,PROD00218,3,808.31,34.14
ITEM0005831,ORD001658,PROD00077,4,949.09,14.42
ITEM0005832,ORD001659,PROD00228,3,12035.67,19.82
ITEM0005833,ORD001659,PROD00108,1,13444.93,14.97
ITEM0005834,ORD001659,PROD00277,4,10462.69,9.77
ITEM0005835,ORD001659,PROD00089,1,14553.94,19.83
ITEM0005836,ORD001660,PROD00152,3,4664.81,20.36
ITEM0005837,ORD001661,PROD00240,4,56530.69,14.39
ITEM0005838,ORD001661,PROD00275,3,1589.33,3.27
ITEM0005839,ORD001661,PROD00294,2,12314.4,16.63
ITEM0005840,ORD001661,PROD00224,4,54820.98,28.09
ITEM0005841,ORD001661,PROD00173,3,77771.82,6.68
ITEM0005842,INVALID_ORD_18610,PROD00280,4,93322.92,13.47
ITEM0005843,ORD001662,PROD00118,4,85972.81,12.06
ITEM0005844,ORD001663,PROD00015,4,3631.08,24.29
ITEM0005845,ORD001663,PROD00061,3,168745.97,1.06
ITEM0005846,ORD001663,PROD00056,2,64832.21,6.36
ITEM0005847,ORD001663,PROD00140,5,10466.68,7.63
ITEM0005848,ORD001663,PROD00001,2,107560.75,0.92
ITEM0005849,ORD001663,PROD00044,1,36733.67,2.03
ITEM0005850,ORD001664,PROD00175,5,5323.61,12.6
ITEM0005851,ORD001664,PROD00193,2,33770.04,8.75
ITEM0005852,ORD001664,PROD00201,5,331.81,13.45
ITEM0005853,ORD001664,PROD00025,1,2571.12,13.68
ITEM0005854,ORD001664,PROD00177,4,2661.74,18.13
ITEM0005855,ORD001664,PROD00276,1,3225.79,17.33
ITEM0005856,ORD001665,PROD00110,4,8026.63,10.17
ITEM0005857,ORD001665,PROD00156,4,263.76,12.44
ITEM0005858,ORD001666,PROD00114,1,129739.16,4.76
ITEM0005859,ORD001666,PROD00220,5,53302.28,29.69
ITEM0005860,ORD001666,PROD00164,4,136789.18,20.84
ITEM0005861,ORD001667,PROD00180,2,45620.93,12.08
ITEM0005862,ORD001667,PROD00254,5,83824.83,0.34
ITEM0005863,ORD001667,PROD00171,5,1587.59,14.6
ITEM0005864,ORD001668,PROD00296,2,75276.41,8.96
ITEM0005865,ORD001668,PROD00087,5,9237.82,30.21
ITEM0005866,ORD001668,PROD00015,2,3631.08,25.71
ITEM0005867,ORD001669,PROD00038,2,3024.72,20.32
ITEM0005868,ORD001669,PROD00226,1,33228.57,34.4
ITEM0005869,ORD001669,PROD00077,2,949.09,23.2
ITEM0005870,ORD001669,PROD_DUP_248,1,13444.93,1.42
ITEM0005871,ORD001669,PROD00248,3,13070.96,19.86
ITEM0005872,ORD001669,PROD00104,2,10809.0,138.63
ITEM0005873,ORD001670,PROD00232,1,20147.3,10.36
ITEM0005874,ORD001670,PROD00213,5,67924.54,10.45
ITEM0005875,ORD001670,PROD00286,4,11352.93,33.45
ITEM0005876,ORD001670,PROD00200,4,23481.36,24.32
ITEM0005877,ORD001670,PROD00061,4,168745.97,22.68
ITEM0005878,ORD001670,PROD00070,4,70038.79,28.13
ITEM0005879,ORD001671,PROD00130,4,11592.7,33.24
ITEM0005880,ORD001671,PROD00227,4,2030.73,17.95
ITEM0005881,ORD001671,PROD00099,1,10679.39,12.8
ITEM0005882,ORD001671,PROD00093,3,799.0,11.19
ITEM0005883,ORD001671,PROD00149,3,737.02,5.74
ITEM0005884,ORD001672,PROD00192,4,9826.54,6.5
ITEM0005885,ORD001672,PROD00075,5,16738.37,130.7
ITEM0005886,ORD001672,PROD00150,4,35744.49,34.12
ITEM0005887,ORD001672,PROD00069,3,1031.99,30.35
ITEM0005888,ORD001672,PROD00056,5,64832.21,16.91
ITEM0005889,ORD001672,PROD00250,5,2595.77,8.89
ITEM0005890,ORD001673,PROD00082,4,4931.74,12.56
ITEM0005891,ORD001673,PROD00253,3,30181.5,25.65
ITEM0005892,ORD001673,PROD00218,1,808.31,6.56
ITEM0005893,ORD001673,PROD00204,2,56411.49,6.79
ITEM0005894,ORD001673,PROD00260,1,51829.61,32.85
ITEM0005895,ORD001673,PROD00234,5,491.09,27.99
ITEM0005896,ORD001674,PROD00014,4,10284.38,3.15
ITEM0005897,ORD001674,PROD00208,4,11211.45,20.64
ITEM0005898,ORD001675,PROD00225,5,525.71,13.29
ITEM0005899,ORD001675,PROD00139,1,12429.19,14.24
ITEM0005900,ORD001675,PROD00298,4,1958.18,32.62
ITEM0005901,ORD001675,PROD00057,2,6857.15,32.27
ITEM0005902,INVALID_ORD_76436,PROD00182,1,60233.51,31.14
ITEM0005903,ORD001676,PROD00207,2,90137.22,15.01
ITEM0005904,ORD001676,PROD00130,5,11592.7,9.06
ITEM0005905,ORD001676,PROD00267,4,5023.39,17.51
ITEM0005906,ORD001676,PROD00166,3,13792.77,22.76
ITEM0005907,ORD001676,PROD00209,1,48158.17,28.59
ITEM0005908,ORD001677,PROD00007,1,4079.3,29.8
ITEM0005909,ORD001677,PROD00234,4,491.09,12.85
ITEM0005910,ORD001677,PROD00065,4,10942.37,25.52
ITEM0005911,ORD001677,PROD00260,2,51829.61,23.97
ITEM0005912,ORD001678,PROD00297,2,1866.66,28.68
ITEM0005913,ORD001678,PROD00162,1,44239.81,24.75
ITEM0005914,ORD001678,PROD00004,5,945.43,18.46
ITEM0005915,ORD001678,PROD00250,3,2595.77,6.69
ITEM0005916,ORD001679,PROD00109,4,9016.47,16.35
ITEM0005917,ORD001679,PROD00081,4,14240.57,34.84
ITEM0005918,ORD001679,PROD00213,4,67924.54,9.17
ITEM0005919,ORD001679,PROD00104,3,10809.0,21.47
ITEM0005920,ORD001679,PROD00145,1,7654.14,24.5
ITEM0005921,ORD001680,PROD00073,4,36426.6,18.5
ITEM0005922,ORD001680,INVALID_PROD_16089,5,255.24,13.44
ITEM0005923,ORD001680,PROD00061,2,168745.97,14.06
ITEM0005924,ORD001680,PROD00023,2,13941.86,5.02
ITEM0005925,ORD001681,PROD00104,0,10809.0,20.72
ITEM0005926,ORD001682,PROD00267,1,5023.39,30.94
ITEM0005927,ORD001682,PROD00187,1,8729.44,29.32
ITEM0005928,ORD001682,PROD00076,4,117743.14,11.28
ITEM0005929,ORD001683,PROD00151,2,75177.2,14.68
ITEM0005930,ORD001683,PROD00247,5,60305.75,24.55
ITEM0005931,ORD001683,PROD00029,4,12387.11,33.3
ITEM0005932,ORD001683,PROD00133,3,16317.65,1.9
ITEM0005933,ORD001683,PROD00010,4,19555.43,26.24
ITEM0005934,ORD001683,PROD00022,1,9177.73,3.71
ITEM0005935,INVALID_ORD_38538,PROD00163,2,49503.31,18.79
ITEM0005936,ORD001684,PROD00051,3,14882.87,29.27
ITEM0005937,ORD001684,PROD00009,4,11170.3,9.05
ITEM0005938,ORD001684,PROD00127,5,6869.22,27.92
ITEM0005939,ORD001685,PROD00086,3,13674.52,9.89
ITEM0005940,ORD001685,PROD00188,3,26614.54,34.97
ITEM0005941,ORD001685,PROD00219,1,916.28,4.83
ITEM0005942,ORD001686,PROD00217,4,21374.71,14.7
ITEM0005943,ORD001686,PROD00118,3,85972.81,3.4
ITEM0005944,ORD001686,PROD00279,1,13479.28,25.78
ITEM0005945,ORD001687,PROD00200,3,23481.36,19.55
ITEM0005946,ORD001687,PROD00209,5,48158.17,28.86
ITEM0005947,ORD001687,PROD00040,5,6724.73,18.84
ITEM0005948,ORD001687,PROD00246,3,49840.91,6.08
ITEM0005949,ORD001687,PROD00220,-4,53302.28,8.77
ITEM0005950,ORD001687,PROD00243,1,19132.03,23.08
ITEM0005951,ORD001688,PROD00027,3,6786.44,32.06
ITEM0005952,ORD001688,PROD00267,2,5023.39,22.2
ITEM0005953,ORD001688,PROD00095,4,56114.19,2.93
ITEM0005954,ORD001688,PROD00094,1,18989.87,20.4
ITEM0005955,ORD001688,PROD00172,2,660.53,10.09
ITEM0005956,ORD001689,PROD00213,4,67924.54,1.59
ITEM0005957,ORD001689,PROD00168,4,786.46,26.63
ITEM0005958,ORD001689,PROD00002,2,13344.44,10.63
ITEM0005959,ORD001689,PROD00040,1,6724.73,12.56
ITEM0005960,INVALID_ORD_19851,PROD00047,3,1949.22,25.21
ITEM0005961,ORD001690,PROD00229,1,17916.53,1.81
ITEM0005962,ORD001690,PROD00070,5,70038.79,25.59
ITEM0005963,ORD001690,PROD00262,1,2761.19,0.89
ITEM0005964,ORD001691,PROD00165,2,5849.47,30.69
ITEM0005965,ORD001691,PROD00257,3,31755.6,13.46
ITEM0005966,ORD001691,PROD00104,4,10809.0,3.76
ITEM0005967,ORD001691,PROD00107,1,128039.99,14.21
ITEM0005968,ORD001691,PROD00217,5,21374.71,12.87
ITEM0005969,ORD001692,PROD00289,5,1903.39,32.71
ITEM0005970,ORD001692,PROD00178,4,11840.22,14.37
ITEM0005971,ORD001692,PROD00149,3,737.02,27.36
ITEM0005972,ORD001693,PROD00017,5,42741.8,1.52
ITEM0005973,ORD001693,PROD00211,2,235.37,25.34
ITEM0005974,ORD001693,PROD00223,1,31608.39,140.74
ITEM0005975,ORD001693,PROD00105,4,16922.48,20.01
ITEM0005976,ORD001693,PROD00077,1,949.09,32.38
ITEM0005977,ORD001693,PROD00019,1,39804.94,29.54
ITEM0005978,ORD001694,PROD00186,3,10600.32,4.84
ITEM0005979,ORD001695,PROD00146,4,10852.71,29.66
ITEM0005980,ORD001695,PROD00033,3,25099.93,27.84
ITEM0005981,ORD001695,PROD00004,5,945.43,19.28
ITEM0005982,ORD001695,PROD_DUP_764,3,10284.38,2.14
ITEM0005983,ORD001695,PROD00111,2,8072.67,14.2
ITEM0005984,ORD001696,PROD00175,1,5323.61,29.85
ITEM0005985,ORD001696,PROD00240,0,56530.69,33.22
ITEM0005986,ORD001696,PROD00248,4,13070.96,14.7
ITEM0005987,ORD001696,PROD00229,1,17916.53,1.98
ITEM0005988,ORD001696,PROD00034,1,2479.77,19.72
ITEM0005989,ORD001696,PROD00254,2,83824.83,18.45
ITEM0005990,ORD001697,PROD00230,1,14806.16,34.59
ITEM0005991,ORD001697,PROD00048,4,74181.94,1.75
ITEM0005992,ORD001697,PROD00176,4,10514.42,30.89
ITEM0005993,ORD001698,PROD00158,5,255.24,17.07
ITEM0005994,ORD001698,PROD00031,4,14324.32,33.52
ITEM0005995,ORD001699,PROD00095,5,56114.19,32.72
ITEM0005996,ORD001699,PROD00120,3,1922.05,2.23
ITEM0005997,ORD001699,PROD00183,4,9351.26,13.98
ITEM0005998,ORD001699,PROD00221,3,6476.61,33.61
ITEM0005999,INVALID_ORD_66386,PROD00032,4,15757.18,9.66
ITEM0006000,ORD001700,PROD00091,4,922.64,34.36
ITEM0006001,ORD001700,PROD00127,1,6869.22,5.18
ITEM0006002,ORD001700,PROD00143,1,9888.94,12.87
ITEM0006003,ORD001700,PROD00220,4,53302.28,27.78
ITEM0006004,ORD001700,PROD00034,1,2479.77,24.32
ITEM0006005,ORD001701,PROD00082,4,4931.74,14.69
ITEM0006006,ORD001701,PROD00254,1,83824.83,21.7
ITEM0006007,ORD001701,PROD00120,-1,1922.05,8.42
ITEM0006008,ORD001701,PROD00276,4,3225.79,26.94
ITEM0006009,ORD001701,PROD00152,0,4664.81,27.86
ITEM0006010,ORD001701,PROD00194,4,1718.09,33.19
ITEM0006011,ORD001702,PROD00203,3,16125.87,14.48
ITEM0006012,ORD001702,PROD00187,1,8729.44,3.83
ITEM0006013,ORD001702,PROD00042,3,851.12,18.94
ITEM0006014,INVALID_ORD_39014,PROD00170,3,12487.59,25.01
ITEM0006015,ORD001702,PROD00131,4,2403.64,12.94
ITEM0006016,ORD001703,PROD00256,1,19894.86,22.05
ITEM0006017,ORD001703,PROD00141,1,738.47,18.13
ITEM0006018,ORD001704,PROD00250,5,2595.77,22.32
ITEM0006019,ORD001704,PROD00166,2,13792.77,26.74
ITEM0006020,ORD001704,PROD00223,4,31608.39,24.38
ITEM0006021,ORD001704,PROD00015,5,3631.08,25.72
ITEM0006022,ORD001704,PROD00230,1,14806.16,33.28
ITEM0006023,ORD001704,PROD00273,3,5839.38,34.88
ITEM0006024,ORD001705,PROD00133,1,16317.65,24.05
ITEM0006025,ORD001705,PROD00047,2,1949.22,14.61
ITEM0006026,ORD001705,PROD00096,2,15644.62,22.2
ITEM0006027,ORD001706,PROD00184,1,99913.97,20.23
ITEM0006028,ORD001706,PROD00247,4,60305.75,20.46
ITEM0006029,ORD001706,PROD00097,2,8629.08,16.55
ITEM0006030,ORD001706,PROD00093,2,799.0,2.21
ITEM0006031,ORD001706,PROD00131,2,2403.64,12.58
ITEM0006032,ORD001706,PROD00208,2,11211.45,8.01
ITEM0006033,ORD001707,PROD00180,5,45620.93,20.63
ITEM0006034,ORD001707,PROD00272,5,43464.46,32.59
ITEM0006035,ORD001707,PROD00130,3,11592.7,27.5
ITEM0006036,ORD001708,PROD00109,5,9016.47,4.33
ITEM0006037,ORD001708,PROD00036,2,9080.54,28.71
ITEM0006038,ORD001708,PROD00042,2,851.12,14.94
ITEM0006039,ORD001709,PROD00232,4,20147.3,26.59
ITEM0006040,ORD001709,PROD00106,1,1535.04,22.32
ITEM0006041,ORD001709,PROD00128,2,2957.45,11.4
ITEM0006042,ORD001709,PROD00257,-1,31755.6,1.93
ITEM0006043,ORD001709,PROD00280,5,93322.92,120.23
ITEM0006044,ORD001709,PROD00150,1,35744.49,32.49
ITEM0006045,ORD001710,PROD00030,5,46619.52,11.58
ITEM0006046,ORD001711,PROD00162,2,44239.81,13.23
ITEM0006047,ORD001712,PROD00124,5,31585.25,27.08
ITEM0006048,ORD001712,PROD00137,5,35792.4,12.59
ITEM0006049,ORD001713,INVALID_PROD_16198,1,2883.54,18.34
ITEM0006050,ORD001713,PROD00109,2,9016.47,14.31
ITEM0006051,ORD001713,PROD00030,4,46619.52,21.21
ITEM0006052,ORD001713,PROD00108,2,13444.93,14.17
ITEM0006053,ORD001713,PROD00069,3,1031.99,2.43
ITEM0006054,ORD001714,PROD00282,3,1528.85,31.77
ITEM0006055,ORD001715,PROD00075,4,16738.37,11.23
ITEM0006056,ORD001715,PROD00033,4,25099.93,16.48
ITEM0006057,ORD001716,PROD00106,3,1535.04,18.9
ITEM0006058,ORD001716,PROD00207,0,90137.22,6.6
ITEM0006059,ORD001716,PROD00098,4,101886.16,16.64
ITEM0006060,ORD001716,PROD00021,2,1935.05,24.82
ITEM0006061,ORD001717,PROD00296,3,75276.41,28.91
ITEM0006062,ORD001717,PROD00099,3,10679.39,6.1
ITEM0006063,ORD001717,PROD00140,5,10466.68,32.37
ITEM0006064,ORD001717,PROD00025,4,2571.12,12.9
ITEM0006065,ORD001717,PROD00160,3,4270.13,16.58
ITEM0006066,ORD001718,PROD00151,3,75177.2,4.25
ITEM0006067,ORD001718,PROD00195,0,45234.5,20.3
ITEM0006068,ORD001718,PROD00269,1,2342.42,0.69
ITEM0006069,ORD001718,PROD00146,3,10852.71,2.28
ITEM0006070,ORD001718,PROD00182,2,60233.51,8.06
ITEM0006071,ORD001718,PROD00094,3,18989.87,0.99
ITEM0006072,ORD001719,PROD00027,5,6786.44,32.29
ITEM0006073,ORD001719,PROD00244,4,358.32,33.71
ITEM0006074,ORD001720,PROD00128,2,2957.45,22.54
ITEM0006075,ORD001720,PROD00257,2,31755.6,6.9
ITEM0006076,ORD001721,PROD00262,3,2761.19,16.29
ITEM0006077,ORD001721,PROD00197,1,2320.69,18.58
ITEM0006078,ORD001722,PROD00071,5,6126.45,34.73
ITEM0006079,ORD001722,PROD00163,1,49503.31,24.07
ITEM0006080,ORD001722,PROD00238,1,10985.44,0.45
ITEM0006081,ORD001722,PROD00177,1,2661.74,20.49
ITEM0006082,ORD001723,PROD00084,5,49768.99,27.25
ITEM0006083,ORD001723,PROD00201,5,331.81,18.85
ITEM0006084,ORD001723,PROD00200,1,23481.36,15.95
ITEM0006085,ORD001724,PROD00088,4,9502.99,21.69
ITEM0006086,ORD001725,PROD00164,5,136789.18,4.57
ITEM0006087,ORD001725,PROD00034,4,2479.77,10.28
ITEM0006088,ORD001725,PROD00061,5,168745.97,14.57
ITEM0006089,ORD001726,PROD00106,5,1535.04,3.85
ITEM0006090,ORD001726,PROD00298,1,1958.18,32.23
ITEM0006091,ORD001727,PROD00252,1,8369.69,8.9
ITEM0006092,ORD001727,PROD00184,1,99913.97,11.45
ITEM0006093,ORD001727,PROD00018,1,57851.82,5.92
ITEM0006094,ORD001727,PROD00188,4,26614.54,29.87
ITEM0006095,ORD001727,PROD00068,2,15259.49,0.08
ITEM0006096,ORD001727,PROD00028,4,59359.69,21.93
ITEM0006097,ORD001728,PROD00210,3,116861.98,27.28
ITEM0006098,ORD001728,PROD00076,3,117743.14,30.73
ITEM0006099,ORD001728,PROD00063,2,4748.54,4.11
ITEM0006100,ORD001728,PROD00015,2,3631.08,21.02
ITEM0006101,ORD001728,PROD00191,4,18482.44,34.48
ITEM0006102,ORD001728,PROD00012,2,16414.48,34.76
ITEM0006103,ORD001729,PROD00145,1,7654.14,2.52
ITEM0006104,ORD001730,PROD00052,2,8276.3,20.63
ITEM0006105,ORD001730,PROD00113,3,14490.24,23.15
ITEM0006106,ORD001730,PROD00106,1,1535.04,18.09
ITEM0006107,ORD001730,PROD00091,1,922.64,16.63
ITEM0006108,ORD001730,PROD00222,3,529.14,14.84
ITEM0006109,ORD001731,PROD00062,4,1755.31,23.74
ITEM0006110,ORD001731,PROD00096,1,15644.62,4.21
ITEM0006111,ORD001731,PROD00036,1,9080.54,9.91
ITEM0006112,ORD001732,PROD00096,-1,15644.62,20.04
ITEM0006113,ORD001732,PROD00066,3,5087.99,3.39
ITEM0006114,ORD001732,PROD00209,3,48158.17,21.86
ITEM0006115,ORD001732,PROD00262,4,2761.19,8.21
ITEM0006116,ORD001732,PROD00115,2,3345.82,24.91
ITEM0006117,ORD001733,PROD00013,5,1794.74,7.13
ITEM0006118,ORD001733,PROD00076,3,117743.14,2.1
ITEM0006119,ORD001733,PROD00163,5,49503.31,5.5
ITEM0006120,ORD001733,PROD00180,2,45620.93,140.06
ITEM0006121,ORD001734,PROD00064,-2,6397.09,3.57
ITEM0006122,ORD001734,PROD00285,5,87613.3,33.0
ITEM0006123,ORD001734,PROD00054,2,59992.33,4.57
ITEM0006124,ORD001734,PROD_DUP_765,1,60305.75,24.75
ITEM0006125,ORD001735,PROD00200,4,23481.36,24.66
ITEM0006126,ORD001735,PROD00262,1,2761.19,6.8
ITEM0006127,ORD001735,PROD00120,5,1922.05,10.64
ITEM0006128,ORD001735,PROD00186,4,10600.32,11.96
ITEM0006129,ORD001735,PROD00250,1,2595.77,11.7
ITEM0006130,ORD001736,PROD00193,3,33770.04,9.16
ITEM0006131,ORD001736,PROD00198,2,88452.16,22.2
ITEM0006132,ORD001736,PROD00273,0,5839.38,21.58
ITEM0006133,ORD001736,PROD00082,4,4931.74,20.97
ITEM0006134,ORD001736,PROD00010,3,19555.43,3.9
ITEM0006135,ORD001737,PROD00036,4,9080.54,1.78
ITEM0006136,ORD001737,PROD00228,2,12035.67,6.4
ITEM0006137,ORD001738,PROD00176,2,10514.42,34.58
ITEM0006138,ORD001739,PROD00205,4,6001.17,2.11
ITEM0006139,ORD001739,PROD00199,5,37442.17,18.21
ITEM0006140,ORD001739,PROD00262,3,2761.19,1.3
ITEM0006141,ORD001739,PROD00149,2,737.02,32.59
ITEM0006142,ORD001739,PROD00182,4,60233.51,21.65
ITEM0006143,ORD001740,PROD00223,4,31608.39,20.81
ITEM0006144,ORD001740,PROD00169,3,8770.94,4.66
ITEM0006145,ORD001740,PROD00253,1,30181.5,29.97
ITEM0006146,ORD001740,PROD00234,2,491.09,1.64
ITEM0006147,ORD001740,PROD00120,4,1922.05,25.22
ITEM0006148,ORD001741,PROD00296,4,75276.41,25.01
ITEM0006149,ORD001741,PROD00279,2,13479.28,17.12
ITEM0006150,ORD001741,PROD00041,2,13175.99,32.34
ITEM0006151,ORD001741,PROD00040,1,6724.73,33.85
ITEM0006152,ORD001741,PROD00253,1,30181.5,13.5
ITEM0006153,ORD001742,PROD00078,4,80173.3,9.75
ITEM0006154,ORD001742,PROD00291,5,68752.62,16.47
ITEM0006155,ORD001742,PROD00233,1,5457.87,5.43
ITEM0006156,ORD001742,PROD00069,4,1031.99,12.76
ITEM0006157,ORD001743,PROD00174,4,6796.1,4.29
ITEM0006158,ORD001743,PROD00004,1,945.43,11.22
ITEM0006159,ORD001743,PROD00125,1,3811.77,16.88
ITEM0006160,ORD001743,PROD00102,5,20526.64,31.02
ITEM0006161,ORD001744,PROD00244,3,358.32,12.32
ITEM0006162,ORD001745,PROD00147,2,10375.1,19.4
ITEM0006163,ORD001745,PROD00127,0,6869.22,26.04
ITEM0006164,ORD001746,PROD00104,4,10809.0,28.18
ITEM0006165,ORD001746,PROD00221,5,6476.61,19.02
ITEM0006166,ORD001746,PROD00176,3,10514.42,32.94
ITEM0006167,ORD001746,PROD00040,2,6724.73,28.31
ITEM0006168,ORD001747,PROD00032,3,15757.18,27.41
ITEM0006169,ORD001747,PROD00048,5,74181.94,22.81
ITEM0006170,ORD001747,PROD00120,2,1922.05,11.5
ITEM0006171,ORD001748,PROD00097,2,8629.08,12.74
ITEM0006172,ORD001748,PROD00291,2,68752.62,21.54
ITEM0006173,ORD001749,PROD00108,4,13444.93,23.4
ITEM0006174,ORD001749,PROD00269,1,2342.42,5.66
ITEM0006175,ORD001750,PROD00272,5,43464.46,17.63
ITEM0006176,ORD001750,PROD00265,-5,7815.58,33.07
ITEM0006177,ORD001750,PROD00180,3,45620.93,10.54
ITEM0006178,ORD001750,PROD00094,4,18989.87,8.39
ITEM0006179,ORD001750,PROD00020,3,70058.39,10.28
ITEM0006180,ORD001751,PROD00023,3,13941.86,34.0
ITEM0006181,ORD001751,PROD00073,5,36426.6,15.5
ITEM0006182,ORD001751,PROD00234,4,491.09,120.17
ITEM0006183,ORD001751,PROD00230,1,14806.16,6.97
ITEM0006184,ORD001751,PROD00006,3,3286.66,3.43
ITEM0006185,ORD001751,PROD00290,-4,41413.51,11.61
ITEM0006186,ORD001752,PROD00230,2,14806.16,25.61
ITEM0006187,ORD001752,PROD00036,2,9080.54,30.29
ITEM0006188,ORD001752,PROD00189,4,9958.04,19.73
ITEM0006189,ORD001752,PROD00066,2,5087.99,24.42
ITEM0006190,ORD001752,PROD00035,5,7731.0,141.79
ITEM0006191,ORD001752,PROD00041,5,13175.99,5.58
ITEM0006192,ORD001753,PROD00286,3,11352.93,22.29
ITEM0006193,ORD001753,PROD00107,4,128039.99,23.14
ITEM0006194,ORD001753,PROD00179,2,11703.98,12.73
ITEM0006195,ORD001753,PROD00147,5,10375.1,28.89
ITEM0006196,ORD001754,PROD00277,1,10462.69,21.78
ITEM0006197,ORD001755,PROD00139,3,12429.19,7.85
ITEM0006198,ORD001755,PROD00241,2,15219.97,29.86
ITEM0006199,ORD001756,PROD00116,5,72895.77,20.08
ITEM0006200,ORD001756,PROD00226,5,33228.57,31.54
ITEM0006201,ORD001757,PROD00096,2,15644.62,30.06
ITEM0006202,ORD001757,PROD00072,4,6009.58,18.48
ITEM0006203,ORD001757,PROD00240,1,56530.69,26.49
ITEM0006204,ORD001758,PROD00174,5,6796.1,3.32
ITEM0006205,ORD001758,PROD00079,3,11534.5,6.58
ITEM0006206,ORD001759,PROD00275,2,1589.33,26.28
ITEM0006207,ORD001759,PROD00103,3,210.19,3.21
ITEM0006208,ORD001759,PROD00152,1,4664.81,19.91
ITEM0006209,ORD001759,PROD00156,2,263.76,5.69
ITEM0006210,ORD001759,PROD00044,-1,36733.67,16.32
ITEM0006211,ORD001759,PROD00175,1,5323.61,8.28
ITEM0006212,ORD001760,PROD00014,4,10284.38,12.14
ITEM0006213,ORD001761,PROD00026,3,19557.07,10.12
ITEM0006214,ORD001761,PROD00143,0,9888.94,5.48
ITEM0006215,ORD001762,PROD00257,3,31755.6,14.12
ITEM0006216,ORD001762,PROD00173,1,77771.82,25.28
ITEM0006217,ORD001762,PROD00271,3,69182.89,23.79
ITEM0006218,ORD001763,PROD00075,1,16738.37,13.41
ITEM0006219,ORD001763,PROD00193,0,33770.04,20.6
ITEM0006220,ORD001763,PROD00069,1,1031.99,11.95
ITEM0006221,ORD001764,PROD00184,4,99913.97,33.74
ITEM0006222,ORD001764,PROD00267,4,5023.39,20.82
ITEM0006223,ORD001764,PROD00296,4,75276.41,7.46
ITEM0006224,ORD001764,PROD00267,1,5023.39,127.89
ITEM0006225,ORD001764,PROD00032,1,15757.18,15.8
ITEM0006226,ORD001764,PROD00113,1,14490.24,28.18
ITEM0006227,ORD001765,PROD00063,3,4748.54,149.6
ITEM0006228,ORD001765,PROD00214,-5,9055.44,132.65
ITEM0006229,ORD001765,PROD00272,1,43464.46,2.01
ITEM0006230,ORD001765,PROD00208,3,11211.45,30.59
ITEM0006231,ORD001765,PROD00020,5,70058.39,30.93
ITEM0006232,ORD001766,PROD00084,1,49768.99,0.95
ITEM0006233,ORD001766,PROD00285,1,87613.3,4.64
ITEM0006234,ORD001766,PROD00009,3,11170.3,27.35
ITEM0006235,ORD001766,PROD00282,3,1528.85,12.82
ITEM0006236,ORD001767,PROD00102,5,20526.64,29.75
ITEM0006237,INVALID_ORD_65535,PROD00180,2,45620.93,12.0
ITEM0006238,ORD001767,PROD00158,2,255.24,21.24
ITEM0006239,ORD001768,PROD00230,3,14806.16,18.52
ITEM0006240,ORD001768,PROD00224,3,54820.98,6.61
ITEM0006241,ORD001768,PROD00016,4,155813.5,8.8
ITEM0006242,ORD001769,PROD00292,0,148693.56,31.29
ITEM0006243,ORD001769,PROD00096,1,15644.62,26.06
ITEM0006244,ORD001769,PROD00005,2,938.76,24.27
ITEM0006245,ORD001769,PROD00274,5,3119.83,23.73
ITEM0006246,ORD001770,PROD00223,1,31608.39,2.14
ITEM0006247,ORD001770,INVALID_PROD_18185,1,1558.61,3.82
ITEM0006248,ORD001770,PROD00198,5,88452.16,16.59
ITEM0006249,ORD001770,PROD00173,2,77771.82,13.75
ITEM0006250,ORD001770,PROD00248,4,13070.96,10.34
ITEM0006251,ORD001770,PROD00280,3,93322.92,23.13
ITEM0006252,ORD001771,PROD00264,1,57779.76,24.36
ITEM0006253,ORD001771,PROD00046,4,3348.49,29.15
ITEM0006254,ORD001772,PROD00028,5,59359.69,20.35
ITEM0006255,ORD001772,PROD00028,5,59359.69,16.61
ITEM0006256,ORD001772,PROD00068,4,15259.49,110.97
ITEM0006257,ORD001772,PROD00057,1,6857.15,29.62
ITEM0006258,ORD001772,PROD00288,4,12413.32,13.72
ITEM0006259,ORD001773,PROD00242,1,49321.02,8.15
ITEM0006260,ORD001773,PROD00115,4,3345.82,28.19
ITEM0006261,ORD001773,PROD00168,4,786.46,20.9
ITEM0006262,ORD001773,PROD00114,1,129739.16,31.98
ITEM0006263,ORD001774,PROD00140,1,10466.68,9.08
ITEM0006264,ORD001774,PROD00012,2,16414.48,31.39
ITEM0006265,ORD001774,PROD00138,4,14451.36,0.78
ITEM0006266,ORD001775,PROD00094,2,18989.87,8.21
ITEM0006267,ORD001775,PROD00204,2,56411.49,26.59
ITEM0006268,ORD001775,PROD00026,4,19557.07,28.64
ITEM0006269,ORD001775,PROD00063,5,4748.54,27.09
ITEM0006270,ORD001776,PROD00052,5,8276.3,21.05
ITEM0006271,ORD001776,PROD00110,5,8026.63,17.22
ITEM0006272,ORD001776,PROD00131,2,2403.64,20.65
ITEM0006273,ORD001776,PROD00103,3,210.19,20.47
ITEM0006274,ORD001776,PROD00114,3,129739.16,0.22
ITEM0006275,ORD001776,PROD00010,3,19555.43,30.31
ITEM0006276,ORD001777,PROD00200,1,23481.36,15.87
ITEM0006277,ORD001777,PROD00087,5,9237.82,22.47
ITEM0006278,ORD001777,PROD00276,1,3225.79,11.85
ITEM0006279,INVALID_ORD_23279,PROD00236,-1,38161.26,3.66
ITEM0006280,ORD001777,PROD00210,3,116861.98,14.96
ITEM0006281,ORD001778,PROD00104,1,10809.0,10.26
ITEM0006282,ORD001778,PROD00078,1,80173.3,34.63
ITEM0006283,ORD001779,PROD00234,3,491.09,10.48
ITEM0006284,ORD001779,PROD00139,4,12429.19,25.92
ITEM0006285,ORD001779,PROD00119,4,1779.27,14.28
ITEM0006286,ORD001779,PROD00282,4,1528.85,0.18
ITEM0006287,ORD001780,PROD00253,4,30181.5,25.25
ITEM0006288,ORD001780,PROD00130,1,11592.7,28.23
ITEM0006289,ORD001780,PROD00086,3,13674.52,21.13
ITEM0006290,ORD001781,PROD00045,3,65694.03,33.97
ITEM0006291,ORD001782,PROD00073,4,36426.6,6.63
ITEM0006292,ORD001782,PROD00282,1,1528.85,16.85
ITEM0006293,ORD001783,PROD00102,5,20526.64,25.56
ITEM0006294,ORD001783,PROD00238,5,10985.44,5.49
ITEM0006295,ORD001784,PROD00056,3,64832.21,26.02
ITEM0006296,ORD001784,PROD00231,5,2536.84,10.49
ITEM0006297,ORD001785,PROD00035,1,7731.0,17.28
ITEM0006298,ORD001786,PROD00279,3,13479.28,32.62
ITEM0006299,ORD001786,PROD00159,4,18880.93,11.98
ITEM0006300,ORD001786,PROD00300,4,1163.82,114.45
ITEM0006301,ORD001786,PROD00032,3,15757.18,9.26
ITEM0006302,ORD001787,PROD00217,4,21374.71,27.57
ITEM0006303,ORD001787,PROD00200,4,23481.36,18.09
ITEM0006304,ORD001787,PROD00105,1,16922.48,22.02
ITEM0006305,ORD001787,PROD00205,1,6001.17,16.44
ITEM0006306,ORD001788,INVALID_PROD_18381,2,9958.04,2.77
ITEM0006307,ORD001788,PROD00047,2,1949.22,16.8
ITEM0006308,ORD001788,PROD00275,-5,1589.33,16.02
ITEM0006309,ORD001788,PROD00101,3,90820.31,5.41
ITEM0006310,ORD001788,PROD00272,4,43464.46,10.93
ITEM0006311,ORD001788,PROD00256,-1,19894.86,16.61
ITEM0006312,ORD001789,PROD00023,1,13941.86,18.16
ITEM0006313,ORD001789,PROD00235,1,9096.22,34.8
ITEM0006314,ORD001789,PROD00101,5,90820.31,0.31
ITEM0006315,ORD001789,PROD00053,3,1294.67,23.6
ITEM0006316,ORD001790,PROD00285,1,87613.3,14.3
ITEM0006317,ORD001790,PROD00273,4,5839.38,23.1
ITEM0006318,ORD001790,PROD00197,2,2320.69,3.71
ITEM0006319,ORD001790,PROD00135,4,973.62,25.29
ITEM0006320,ORD001791,PROD00128,2,2957.45,18.98
ITEM0006321,ORD001791,PROD00247,4,60305.75,12.05
ITEM0006322,ORD001792,PROD00098,3,101886.16,3.94
ITEM0006323,ORD001792,PROD00239,5,18153.0,22.76
ITEM0006324,ORD001793,PROD00266,4,150138.51,12.81
ITEM0006325,ORD001793,PROD00292,4,148693.56,7.08
ITEM0006326,ORD001793,PROD00186,4,10600.32,25.57
ITEM0006327,ORD001793,PROD00209,4,48158.17,13.33
ITEM0006328,ORD001794,PROD00156,5,263.76,13.25
ITEM0006329,ORD001794,PROD00267,1,5023.39,4.07
ITEM0006330,ORD001794,PROD00146,2,10852.71,32.31
ITEM0006331,ORD001794,PROD00003,2,47677.98,12.8
ITEM0006332,ORD001794,PROD00297,3,1866.66,18.31
ITEM0006333,ORD001794,PROD00115,3,3345.82,25.42
ITEM0006334,ORD001795,PROD00276,2,3225.79,0.57
ITEM0006335,ORD001795,PROD00234,1,491.09,0.16
ITEM0006336,ORD001795,PROD00242,5,49321.02,3.44
ITEM0006337,ORD001795,PROD00276,1,3225.79,15.3
ITEM0006338,ORD001795,PROD00193,5,33770.04,8.58
ITEM0006339,ORD001795,PROD00221,4,6476.61,24.36
ITEM0006340,ORD001796,PROD00025,1,2571.12,16.68
ITEM0006341,ORD001796,PROD00046,-2,3348.49,25.62
ITEM0006342,ORD001796,PROD00087,2,9237.82,2.35
ITEM0006343,ORD001796,PROD00049,5,8241.32,19.17
ITEM0006344,ORD001796,PROD00231,2,2536.84,28.77
ITEM0006345,ORD001796,PROD00172,5,660.53,15.28
ITEM0006346,ORD001797,PROD00197,4,2320.69,25.46
ITEM0006347,ORD001797,PROD00218,4,808.31,30.4
ITEM0006348,ORD001798,PROD00198,4,88452.16,21.98
ITEM0006349,ORD001798,PROD00076,5,117743.14,6.48
ITEM0006350,ORD001799,PROD00029,-4,12387.11,28.18
ITEM0006351,ORD001799,PROD00101,1,90820.31,8.58
ITEM0006352,ORD001799,PROD00200,1,23481.36,7.06
ITEM0006353,ORD001799,PROD_DUP_765,3,60305.75,23.37
ITEM0006354,ORD001800,PROD00180,1,45620.93,11.78
ITEM0006355,ORD001800,PROD00272,3,43464.46,12.18
ITEM0006356,ORD001800,PROD00196,4,19028.45,4.65
ITEM0006357,ORD001800,PROD00113,4,14490.24,33.64
ITEM0006358,ORD001801,PROD00054,2,59992.33,10.21
ITEM0006359,ORD001801,PROD00006,1,3286.66,7.75
ITEM0006360,ORD001802,PROD00115,2,3345.82,14.83
ITEM0006361,ORD001802,PROD00007,1,4079.3,17.69
ITEM0006362,ORD001802,PROD00274,5,3119.83,11.67
ITEM0006363,ORD001802,PROD00032,2,15757.18,26.77
ITEM0006364,ORD001802,PROD00295,5,6438.13,7.1
ITEM0006365,ORD001803,PROD00021,4,1935.05,12.14
ITEM0006366,ORD001803,PROD00058,4,8762.42,34.93
ITEM0006367,ORD001803,PROD00109,3,9016.47,18.88
ITEM0006368,ORD001803,PROD00226,4,33228.57,11.85
ITEM0006369,ORD001803,PROD00102,5,20526.64,24.14
ITEM0006370,ORD001803,PROD00228,2,12035.67,34.89
ITEM0006371,ORD001804,PROD00262,5,2761.19,13.91
ITEM0006372,ORD001805,PROD00070,2,70038.79,27.03
ITEM0006373,ORD001805,PROD00126,3,14276.93,1.02
ITEM0006374,ORD001805,PROD00258,1,11131.97,12.54
ITEM0006375,ORD001805,PROD00203,4,16125.87,30.84
ITEM0006376,ORD001805,PROD00277,1,10462.69,32.49
ITEM0006377,ORD001806,PROD00061,1,168745.97,21.94
ITEM0006378,ORD001806,PROD00011,3,53479.92,3.4
ITEM0006379,ORD001806,PROD00175,1,5323.61,19.52
ITEM0006380,ORD001806,PROD00203,3,16125.87,3.56
ITEM0006381,ORD001807,PROD00067,1,16473.79,26.69
ITEM0006382,ORD001807,PROD00171,3,1587.59,25.59
ITEM0006383,ORD001807,PROD00254,3,83824.83,34.75
ITEM0006384,ORD001808,PROD00277,5,10462.69,24.78
ITEM0006385,ORD001808,PROD00252,3,8369.69,20.1
ITEM0006386,ORD001808,PROD00192,4,9826.54,27.53
ITEM0006387,ORD001809,PROD00095,5,56114.19,31.54
ITEM0006388,ORD001809,PROD00294,4,12314.4,10.6
ITEM0006389,ORD001810,PROD00065,4,10942.37,12.47
ITEM0006390,ORD001810,PROD00071,-5,6126.45,23.99
ITEM0006391,ORD001810,PROD00110,1,8026.63,30.54
ITEM0006392,ORD001810,PROD00078,0,80173.3,4.44
ITEM0006393,ORD001811,PROD00265,5,7815.58,14.51
ITEM0006394,ORD001811,PROD00024,5,18935.15,11.06
ITEM0006395,ORD001811,PROD00254,1,83824.83,30.84
ITEM0006396,ORD001811,PROD00169,1,8770.94,2.36
ITEM0006397,ORD001811,PROD00078,1,80173.3,23.18
ITEM0006398,ORD001811,PROD00267,1,5023.39,14.78
ITEM0006399,ORD001812,PROD00244,3,358.32,30.78
ITEM0006400,ORD001812,PROD00117,5,28499.09,10.66
ITEM0006401,ORD001812,PROD00036,1,9080.54,33.54
ITEM0006402,ORD001812,PROD00189,4,9958.04,28.82
ITEM0006403,ORD001812,PROD00006,3,3286.66,24.54
ITEM0006404,ORD001813,PROD00187,2,8729.44,11.72
ITEM0006405,ORD001814,PROD00278,2,48030.22,5.29
ITEM0006406,ORD001814,PROD00270,1,16051.61,28.28
ITEM0006407,ORD001814,PROD00299,1,5860.91,3.8
ITEM0006408,ORD001814,PROD00250,2,2595.77,13.33
ITEM0006409,ORD001814,PROD00181,1,34804.16,34.85
ITEM0006410,ORD001814,PROD00030,4,46619.52,1.8
ITEM0006411,ORD001815,PROD00148,3,46265.49,4.7
ITEM0006412,ORD001815,PROD00247,2,60305.75,31.28
ITEM0006413,ORD001815,PROD00039,1,4450.41,15.14
ITEM0006414,ORD001815,PROD00244,2,358.32,8.62
ITEM0006415,ORD001815,PROD00165,4,5849.47,21.76
ITEM0006416,ORD001815,PROD00113,2,14490.24,20.25
ITEM0006417,ORD001816,PROD00188,5,26614.54,19.19
ITEM0006418,ORD001816,PROD00251,1,37604.62,26.09
ITEM0006419,ORD001816,PROD00222,5,529.14,26.32
ITEM0006420,ORD001817,PROD00094,3,18989.87,18.17
ITEM0006421,ORD001817,PROD00169,4,8770.94,29.47
ITEM0006422,ORD001817,PROD00048,3,74181.94,14.81
ITEM0006423,ORD001817,PROD00078,1,80173.3,0.43
ITEM0006424,ORD001817,PROD00146,5,10852.71,21.96
ITEM0006425,ORD001817,PROD00256,2,19894.86,17.02
ITEM0006426,ORD001818,PROD00274,4,3119.83,9.98
ITEM0006427,ORD001818,PROD00128,2,2957.45,31.09
ITEM0006428,ORD001818,PROD00290,4,41413.51,10.92
ITEM0006429,ORD001818,PROD00059,3,1558.61,20.07
ITEM0006430,ORD001818,PROD00039,5,4450.41,11.49
ITEM0006431,ORD001819,PROD00202,1,2205.47,31.26
ITEM0006432,ORD001819,PROD00159,1,18880.93,29.03
ITEM0006433,ORD001819,PROD00195,3,45234.5,31.24
ITEM0006434,ORD001819,PROD00070,5,70038.79,34.79
ITEM0006435,ORD001819,PROD00249,2,90613.5,27.49
ITEM0006436,ORD001819,PROD00262,4,2761.19,30.89
ITEM0006437,ORD001820,PROD00223,1,31608.39,16.4
ITEM0006438,ORD001820,PROD00294,5,12314.4,9.73
ITEM0006439,ORD001820,PROD00086,4,13674.52,3.5
ITEM0006440,ORD001820,PROD00182,3,60233.51,1.78
ITEM0006441,ORD001820,PROD00213,5,67924.54,115.62
ITEM0006442,ORD001820,PROD00289,4,1903.39,12.09
ITEM0006443,ORD001821,PROD00120,4,1922.05,20.25
ITEM0006444,ORD001821,PROD00279,2,13479.28,5.57
ITEM0006445,ORD001822,PROD00091,0,922.64,19.89
ITEM0006446,ORD001822,PROD00234,2,491.09,1.63
ITEM0006447,ORD001822,PROD00130,5,11592.7,25.29
ITEM0006448,ORD001822,PROD00213,0,67924.54,7.56
ITEM0006449,ORD001822,PROD00047,2,1949.22,3.96
ITEM0006450,ORD001823,PROD00152,2,4664.81,34.18
ITEM0006451,ORD001823,PROD00097,4,8629.08,5.6
ITEM0006452,ORD001823,PROD00179,5,11703.98,24.27
ITEM0006453,ORD001823,PROD00030,3,46619.52,32.53
ITEM0006454,ORD001824,PROD00056,4,64832.21,13.08
ITEM0006455,ORD001824,PROD00135,5,973.62,16.32
ITEM0006456,ORD001825,PROD00019,4,39804.94,7.57
ITEM0006457,ORD001825,PROD00152,3,4664.81,23.59
ITEM0006458,ORD001825,PROD00071,5,6126.45,3.05
ITEM0006459,ORD001826,PROD00281,2,2777.16,19.09
ITEM0006460,ORD001827,PROD00110,2,8026.63,16.01
ITEM0006461,ORD001828,PROD00127,2,6869.22,8.1
ITEM0006462,ORD001828,PROD00145,3,7654.14,19.04
ITEM0006463,ORD001828,PROD00269,1,2342.42,31.21
ITEM0006464,ORD001828,PROD00054,1,59992.33,17.49
ITEM0006465,ORD001828,PROD00144,4,35676.4,30.05
ITEM0006466,ORD001828,PROD00125,3,3811.77,18.05
ITEM0006467,ORD001829,PROD00262,0,2761.19,13.97
ITEM0006468,ORD001829,PROD00298,4,1958.18,1.16
ITEM0006469,ORD001830,PROD00297,5,1866.66,29.08
ITEM0006470,ORD001830,PROD00072,2,6009.58,1.87
ITEM0006471,ORD001831,PROD00119,4,1779.27,0.67
ITEM0006472,ORD001831,PROD00177,3,2661.74,8.96
ITEM0006473,ORD001831,PROD00047,2,1949.22,22.85
ITEM0006474,ORD001831,PROD00229,2,17916.53,25.54
ITEM0006475,ORD001832,PROD00296,3,75276.41,22.56
ITEM0006476,ORD001832,PROD00164,1,136789.18,32.92
ITEM0006477,ORD001832,PROD00091,1,922.64,11.34
ITEM0006478,ORD001832,PROD00086,1,13674.52,19.11
ITEM0006479,ORD001832,PROD00211,1,235.37,5.4
ITEM0006480,ORD001832,PROD00282,3,1528.85,25.2
ITEM0006481,ORD001833,PROD00007,5,4079.3,16.48
ITEM0006482,ORD001833,PROD00097,5,8629.08,11.84
ITEM0006483,ORD001834,PROD00215,2,13895.27,12.11
ITEM0006484,ORD001834,PROD00185,2,88426.11,14.77
ITEM0006485,ORD001834,PROD00165,3,5849.47,18.22
ITEM0006486,ORD001835,PROD00081,1,14240.57,22.15
ITEM0006487,ORD001835,PROD00067,2,16473.79,23.69
ITEM0006488,ORD001835,PROD00212,4,18473.59,14.59
ITEM0006489,ORD001835,PROD00098,2,101886.16,23.07
ITEM0006490,ORD001835,PROD00197,4,2320.69,135.39
ITEM0006491,ORD001835,PROD00154,4,15820.26,14.93
ITEM0006492,ORD001836,PROD00188,2,26614.54,15.53
ITEM0006493,ORD001836,PROD00141,1,738.47,16.61
ITEM0006494,ORD001836,PROD00080,1,8705.25,6.09
ITEM0006495,ORD001836,PROD00233,1,5457.87,22.3
ITEM0006496,ORD001836,PROD00271,1,69182.89,22.11
ITEM0006497,ORD001837,PROD00031,3,14324.32,18.31
ITEM0006498,ORD001838,PROD00206,1,17398.64,15.92
ITEM0006499,ORD001838,PROD00296,4,75276.41,5.07
ITEM0006500,ORD001838,PROD00234,-5,491.09,14.33
ITEM0006501,ORD001838,PROD00156,5,263.76,7.0
ITEM0006502,ORD001838,INVALID_PROD_99016,4,7731.0,27.48
ITEM0006503,ORD001839,PROD00140,2,10466.68,30.78
ITEM0006504,ORD001839,PROD00109,4,9016.47,3.31
ITEM0006505,ORD001839,PROD00175,5,5323.61,12.73
ITEM0006506,ORD001839,PROD00075,5,16738.37,23.0
ITEM0006507,ORD001839,PROD00131,1,2403.64,13.3
ITEM0006508,ORD001840,PROD00122,5,1085.5,26.68
ITEM0006509,ORD001840,PROD00149,4,737.02,23.74
ITEM0006510,ORD001840,PROD00209,3,48158.17,32.2
ITEM0006511,ORD001840,PROD00295,5,6438.13,31.8
ITEM0006512,ORD001840,PROD00103,2,210.19,25.8
ITEM0006513,INVALID_ORD_68323,PROD00230,0,14806.16,32.97
ITEM0006514,ORD001841,PROD00249,2,90613.5,19.77
ITEM0006515,ORD001841,PROD00126,5,14276.93,16.9
ITEM0006516,ORD001841,PROD00221,3,6476.61,34.66
ITEM0006517,ORD001842,PROD00089,4,14553.94,3.0
ITEM0006518,ORD001842,PROD00279,2,13479.28,145.59
ITEM0006519,ORD001843,PROD00282,2,1528.85,34.73
ITEM0006520,ORD001844,PROD00151,4,75177.2,32.14
ITEM0006521,ORD001845,PROD00277,5,10462.69,6.44
ITEM0006522,ORD001846,PROD00082,2,4931.74,2.25
ITEM0006523,ORD001846,PROD00157,2,7028.69,15.72
ITEM0006524,ORD001847,PROD00127,0,6869.22,2.98
ITEM0006525,ORD001847,PROD00255,3,8717.28,9.59
ITEM0006526,ORD001847,PROD00081,4,14240.57,31.63
ITEM0006527,ORD001847,PROD00096,2,15644.62,1.83
ITEM0006528,ORD001847,PROD00078,3,80173.3,21.43
ITEM0006529,ORD001847,PROD00197,2,2320.69,32.51
ITEM0006530,ORD001848,PROD00103,3,210.19,34.71
ITEM0006531,ORD001848,PROD00057,4,6857.15,33.98
ITEM0006532,ORD001848,PROD00105,4,16922.48,5.71
ITEM0006533,ORD001848,PROD00053,4,1294.67,8.41
ITEM0006534,ORD001848,PROD00279,3,13479.28,22.24
ITEM0006535,ORD001849,PROD00069,3,1031.99,12.1
ITEM0006536,ORD001849,PROD00284,4,3583.48,26.01
ITEM0006537,ORD001849,PROD00046,3,3348.49,34.86
ITEM0006538,ORD001849,PROD00102,4,20526.64,6.3
ITEM0006539,ORD001850,PROD00196,5,19028.45,0.29
ITEM0006540,ORD001850,PROD00062,1,1755.31,32.71
ITEM0006541,ORD001850,PROD00049,1,8241.32,8.32
ITEM0006542,ORD001850,PROD00283,1,34928.13,1.96
ITEM0006543,ORD001850,PROD00027,4,6786.44,14.82
ITEM0006544,ORD001850,PROD00248,4,13070.96,3.67
ITEM0006545,ORD001851,PROD00021,5,1935.05,29.98
ITEM0006546,ORD001852,PROD00218,2,808.31,8.19
ITEM0006547,ORD001853,PROD00217,5,21374.71,21.12
ITEM0006548,ORD001853,PROD00256,5,19894.86,2.27
ITEM0006549,ORD001854,PROD00102,1,20526.64,30.99
ITEM0006550,ORD001854,PROD00047,4,1949.22,28.88
ITEM0006551,ORD001854,PROD00168,2,786.46,1.12
ITEM0006552,ORD001854,PROD00170,5,12487.59,31.71
ITEM0006553,ORD001855,PROD00027,3,6786.44,12.77
ITEM0006554,ORD001856,PROD00279,4,13479.28,31.76
ITEM0006555,ORD001857,PROD00096,5,15644.62,7.87
ITEM0006556,ORD001857,PROD00136,2,15602.8,5.99
ITEM0006557,ORD001857,PROD00090,1,12776.72,123.24
ITEM0006558,ORD001858,PROD00104,2,10809.0,22.01
ITEM0006559,ORD001858,PROD00072,4,6009.58,0.51
ITEM0006560,ORD001858,PROD00248,3,13070.96,135.32
ITEM0006561,ORD001858,PROD00263,1,4176.74,25.97
ITEM0006562,ORD001858,PROD00285,1,87613.3,17.08
ITEM0006563,ORD001858,INVALID_PROD_41866,5,60305.75,32.46
ITEM0006564,ORD001859,PROD00098,2,101886.16,17.93
ITEM0006565,ORD001859,PROD00021,1,1935.05,33.22
ITEM0006566,ORD001859,PROD00102,4,20526.64,7.44
ITEM0006567,ORD001859,PROD00168,1,786.46,7.72
ITEM0006568,ORD001859,PROD00192,1,9826.54,3.94
ITEM0006569,ORD001859,PROD00246,5,49840.91,34.32
ITEM0006570,ORD001860,PROD00121,4,79730.15,31.07
ITEM0006571,ORD001860,PROD00126,3,14276.93,15.15
ITEM0006572,ORD001860,PROD00087,4,9237.82,4.49
ITEM0006573,ORD001860,PROD00067,4,16473.79,0.91
ITEM0006574,ORD001861,PROD00008,1,2233.33,2.85
ITEM0006575,ORD001861,PROD00002,2,13344.44,29.7
ITEM0006576,ORD001861,PROD00006,5,3286.66,12.32
ITEM0006577,ORD001862,PROD00291,3,68752.62,25.91
ITEM0006578,ORD001862,PROD00269,1,2342.42,7.38
ITEM0006579,ORD001862,PROD00114,2,129739.16,19.63
ITEM0006580,ORD001862,PROD00086,1,13674.52,7.14
ITEM0006581,ORD001862,PROD00125,2,3811.77,22.63
ITEM0006582,ORD001863,PROD00170,-4,12487.59,1.01
ITEM0006583,ORD001863,PROD00102,1,20526.64,17.16
ITEM0006584,ORD001864,PROD00013,4,1794.74,29.35
ITEM0006585,ORD001864,PROD00183,4,9351.26,138.25
ITEM0006586,ORD001865,PROD00060,3,14823.48,10.56
ITEM0006587,ORD001865,PROD00126,1,14276.93,21.55
ITEM0006588,ORD001866,PROD00212,-2,18473.59,25.75
ITEM0006589,ORD001866,PROD00251,4,37604.62,22.21
ITEM0006590,ORD001866,PROD00235,2,9096.22,17.0
ITEM0006591,ORD001866,PROD00282,5,1528.85,3.31
ITEM0006592,ORD001867,PROD00119,4,1779.27,33.09
ITEM0006593,ORD001868,PROD00128,1,2957.45,8.21
ITEM0006594,ORD001868,PROD00242,5,49321.02,12.88
ITEM0006595,ORD001868,PROD00104,4,10809.0,8.95
ITEM0006596,ORD001869,PROD00275,-3,1589.33,18.79
ITEM0006597,ORD001869,PROD00260,3,51829.61,0.28
ITEM0006598,ORD001870,PROD00077,1,949.09,28.86
ITEM0006599,ORD001870,PROD00207,3,90137.22,24.5
ITEM0006600,ORD001870,PROD00189,3,9958.04,18.91
ITEM0006601,ORD001871,PROD00097,2,8629.08,0.52
ITEM0006602,ORD001872,PROD00021,5,1935.05,18.09
ITEM0006603,ORD001872,PROD00119,0,1779.27,25.68
ITEM0006604,ORD001872,PROD00295,5,6438.13,19.31
ITEM0006605,ORD001872,PROD00200,2,23481.36,30.12
ITEM0006606,ORD001872,PROD00148,4,46265.49,11.67
ITEM0006607,ORD001872,PROD00187,4,8729.44,28.39
ITEM0006608,ORD001873,PROD00177,1,2661.74,9.82
ITEM0006609,ORD001873,PROD00152,4,4664.81,16.35
ITEM0006610,ORD001873,PROD00297,5,1866.66,9.74
ITEM0006611,ORD001873,PROD00115,3,3345.82,24.72
ITEM0006612,ORD001873,PROD00149,0,737.02,25.32
ITEM0006613,ORD001873,PROD00003,5,47677.98,13.5
ITEM0006614,ORD001874,PROD00234,-1,491.09,34.14
ITEM0006615,ORD001874,PROD00034,-1,2479.77,32.99
ITEM0006616,ORD001874,PROD00075,2,16738.37,26.4
ITEM0006617,INVALID_ORD_49414,PROD00262,1,2761.19,32.73
ITEM0006618,ORD001874,PROD00146,5,10852.71,10.88
ITEM0006619,ORD001875,PROD00135,1,973.62,34.84
ITEM0006620,ORD001875,PROD00074,5,2883.54,14.86
ITEM0006621,ORD001875,PROD00128,5,2957.45,16.59
ITEM0006622,ORD001876,PROD00161,2,89959.13,15.07
ITEM0006623,ORD001876,PROD00074,2,2883.54,14.23
ITEM0006624,ORD001876,PROD00233,4,5457.87,23.97
ITEM0006625,ORD001876,PROD00115,4,3345.82,23.11
ITEM0006626,ORD001876,PROD_DUP_248,4,13444.93,31.8
ITEM0006627,ORD001877,PROD00247,2,60305.75,3.98
ITEM0006628,ORD001877,PROD00010,4,19555.43,18.8
ITEM0006629,ORD001877,PROD00228,2,12035.67,15.5
ITEM0006630,ORD001877,PROD00198,5,88452.16,11.79
ITEM0006631,ORD001877,PROD00114,4,129739.16,13.71
ITEM0006632,ORD001878,PROD00091,5,922.64,1.01
ITEM0006633,ORD001878,PROD_DUP_764,3,10284.38,25.94
ITEM0006634,ORD001878,PROD00126,2,14276.93,25.65
ITEM0006635,ORD001878,PROD00123,1,16024.54,9.44
ITEM0006636,ORD001878,PROD00180,5,45620.93,8.93
ITEM0006637,ORD001878,PROD00061,3,168745.97,32.67
ITEM0006638,ORD001879,PROD00270,4,16051.61,26.8
ITEM0006639,ORD001880,PROD00179,1,11703.98,27.16
ITEM0006640,ORD001881,PROD00071,5,6126.45,5.33
ITEM0006641,ORD001881,PROD00070,0,70038.79,16.88
ITEM0006642,ORD001881,PROD00039,3,4450.41,10.2
ITEM0006643,ORD001882,PROD00055,4,1893.42,8.21
ITEM0006644,ORD001882,PROD00160,2,4270.13,34.63
ITEM0006645,ORD001882,PROD00235,5,9096.22,5.32
ITEM0006646,ORD001882,PROD00041,1,13175.99,5.69
ITEM0006647,ORD001882,PROD00202,1,2205.47,26.35
ITEM0006648,ORD001883,PROD00088,1,9502.99,31.74
ITEM0006649,ORD001883,PROD00018,5,57851.82,12.3
ITEM0006650,ORD001883,PROD00251,1,37604.62,14.58
ITEM0006651,ORD001883,PROD00206,1,17398.64,19.44
ITEM0006652,ORD001884,PROD00198,3,88452.16,11.34
ITEM0006653,ORD001884,PROD00003,4,47677.98,12.26
ITEM0006654,ORD001884,PROD00250,3,2595.77,28.12
ITEM0006655,ORD001885,PROD00040,1,6724.73,24.77
ITEM0006656,ORD001885,INVALID_PROD_72832,2,46265.49,33.24
ITEM0006657,ORD001885,PROD00073,4,36426.6,27.66
ITEM0006658,ORD001885,PROD00246,5,49840.91,28.05
ITEM0006659,ORD001886,PROD00011,3,53479.92,111.6
ITEM0006660,ORD001886,PROD00108,2,13444.93,4.05
ITEM0006661,ORD001886,PROD00263,3,4176.74,16.2
ITEM0006662,ORD001886,PROD00220,0,53302.28,7.34
ITEM0006663,ORD001886,PROD00164,4,136789.18,22.7
ITEM0006664,ORD001887,PROD00197,5,2320.69,1.53
ITEM0006665,ORD001888,PROD00213,2,67924.54,1.34
ITEM0006666,ORD001888,PROD00173,1,77771.82,10.15
ITEM0006667,ORD001888,PROD00270,5,16051.61,22.71
ITEM0006668,ORD001888,PROD00180,3,45620.93,7.2
ITEM0006669,ORD001888,PROD00031,4,14324.32,21.62
ITEM0006670,ORD001889,PROD00145,2,7654.14,1.85
ITEM0006671,ORD001890,PROD00002,3,13344.44,28.52
ITEM0006672,ORD001891,PROD00207,1,90137.22,18.01
ITEM0006673,ORD001891,PROD00058,4,8762.42,27.46
ITEM0006674,ORD001891,PROD00116,5,72895.77,21.01
ITEM0006675,ORD001891,PROD00056,1,64832.21,21.06
ITEM0006676,ORD001892,PROD00285,3,87613.3,31.63
ITEM0006677,ORD001892,PROD00144,4,35676.4,29.3
ITEM0006678,ORD001892,PROD00198,3,88452.16,22.01
ITEM0006679,ORD001892,PROD00058,1,8762.42,31.36
ITEM0006680,ORD001893,PROD00076,2,117743.14,6.39
ITEM0006681,ORD001893,PROD00235,3,9096.22,4.76
ITEM0006682,ORD001894,PROD00068,-3,15259.49,2.26
ITEM0006683,ORD001894,PROD00275,4,1589.33,14.05
ITEM0006684,ORD001894,PROD00226,4,33228.57,26.97
ITEM0006685,ORD001895,PROD00242,0,49321.02,21.93
ITEM0006686,ORD001895,PROD00258,2,11131.97,32.07
ITEM0006687,ORD001895,PROD00218,2,808.31,17.78
ITEM0006688,ORD001895,PROD00193,3,33770.04,27.05
ITEM0006689,ORD001895,PROD00125,4,3811.77,0.64
ITEM0006690,ORD001896,PROD00254,-3,83824.83,7.62
ITEM0006691,ORD001896,PROD00153,1,33477.66,18.93
ITEM0006692,ORD001896,PROD00105,1,16922.48,0.36
ITEM0006693,ORD001896,PROD00273,2,5839.38,24.06
ITEM0006694,ORD001896,PROD00285,3,87613.3,13.92
ITEM0006695,ORD001897,PROD00227,5,2030.73,30.23
ITEM0006696,ORD001898,PROD00051,5,14882.87,27.27
ITEM0006697,ORD001899,PROD00262,1,2761.19,12.43
ITEM0006698,ORD001899,PROD00119,3,1779.27,14.25
ITEM0006699,ORD001899,PROD00098,4,101886.16,6.43
ITEM0006700,ORD001899,PROD00298,1,1958.18,134.58
ITEM0006701,ORD001899,PROD00124,5,31585.25,19.6
ITEM0006702,ORD001900,PROD00261,3,35880.89,28.54
ITEM0006703,ORD001900,PROD00186,4,10600.32,10.92
ITEM0006704,ORD001900,PROD_DUP_765,3,60305.75,5.46
ITEM0006705,ORD001900,PROD00299,3,5860.91,7.77
ITEM0006706,ORD001900,PROD00257,2,31755.6,5.4
ITEM0006707,ORD001900,PROD00178,2,11840.22,24.62
ITEM0006708,ORD001901,PROD00017,1,42741.8,22.38
ITEM0006709,ORD001901,PROD00237,1,3389.65,27.94
ITEM0006710,ORD001901,PROD00133,5,16317.65,7.33
ITEM0006711,ORD001901,PROD00094,3,18989.87,19.53
ITEM0006712,ORD001901,PROD00167,4,15629.7,21.19
ITEM0006713,ORD001902,PROD00205,1,6001.17,4.74
ITEM0006714,ORD001902,PROD00081,3,14240.57,3.83
ITEM0006715,ORD001902,PROD00122,3,1085.5,12.63
ITEM0006716,ORD001902,PROD00164,4,136789.18,34.18
ITEM0006717,ORD001902,PROD00242,1,49321.02,21.64
ITEM0006718,ORD001902,PROD00258,5,11131.97,13.61
ITEM0006719,ORD001903,PROD00050,3,635.92,32.1
ITEM0006720,ORD001904,PROD00145,5,7654.14,18.6
ITEM0006721,ORD001904,PROD00254,0,83824.83,5.25
ITEM0006722,ORD001904,PROD00146,3,10852.71,29.75
ITEM0006723,ORD001904,PROD00165,5,5849.47,30.35
ITEM0006724,ORD001905,PROD00109,1,9016.47,1.09
ITEM0006725,ORD001906,PROD00178,3,11840.22,22.4
ITEM0006726,ORD001906,PROD00130,1,11592.7,9.72
ITEM0006727,ORD001907,PROD00236,5,38161.26,28.7
ITEM0006728,ORD001907,PROD00017,5,42741.8,17.48
ITEM0006729,ORD001907,PROD00195,3,45234.5,0.74
ITEM0006730,ORD001907,PROD00036,3,9080.54,31.26
ITEM0006731,ORD001907,PROD00106,2,1535.04,32.04
ITEM0006732,ORD001907,PROD00201,1,331.81,30.09
ITEM0006733,ORD001908,PROD00225,4,525.71,15.48
ITEM0006734,ORD001909,PROD00239,-1,18153.0,34.74
ITEM0006735,ORD001909,PROD00166,1,13792.77,17.27
ITEM0006736,ORD001909,PROD00239,3,18153.0,1.3
ITEM0006737,ORD001910,PROD00102,5,20526.64,30.83
ITEM0006738,ORD001910,PROD00144,-4,35676.4,34.04
ITEM0006739,ORD001911,PROD00215,4,13895.27,21.58
ITEM0006740,ORD001912,PROD00242,2,49321.02,30.09
ITEM0006741,ORD001912,PROD00037,1,16473.88,20.74
ITEM0006742,ORD001913,PROD00044,5,36733.67,27.67
ITEM0006743,ORD001913,PROD00080,3,8705.25,2.47
ITEM0006744,ORD001914,PROD00043,2,5667.41,1.04
ITEM0006745,ORD001914,PROD00145,5,7654.14,4.26
ITEM0006746,ORD001914,PROD00072,4,6009.58,8.53
ITEM0006747,ORD001914,PROD00060,5,14823.48,12.33
ITEM0006748,ORD001915,PROD00277,1,10462.69,23.5
ITEM0006749,ORD001915,PROD00254,5,83824.83,28.67
ITEM0006750,ORD001915,PROD00081,3,14240.57,20.83
ITEM0006751,ORD001916,PROD00113,1,14490.24,26.96
ITEM0006752,ORD001916,PROD00073,1,36426.6,34.18
ITEM0006753,ORD001916,PROD00083,5,56427.07,16.39
ITEM0006754,ORD001916,PROD00229,3,17916.53,31.75
ITEM0006755,ORD001916,PROD00193,1,33770.04,5.44
ITEM0006756,ORD001916,PROD00212,-2,18473.59,11.18
ITEM0006757,ORD001917,PROD00066,3,5087.99,8.48
ITEM0006758,ORD001917,PROD_DUP_764,5,10284.38,10.4
ITEM0006759,INVALID_ORD_90547,PROD00209,3,48158.17,17.2
ITEM0006760,ORD001917,PROD00112,3,958.5,12.46
ITEM0006761,ORD001917,PROD00249,3,90613.5,13.98
ITEM0006762,ORD001917,PROD00300,3,1163.82,19.86
ITEM0006763,ORD001918,PROD00291,1,68752.62,20.11
ITEM0006764,ORD001919,PROD00255,5,8717.28,5.14
ITEM0006765,ORD001919,PROD00257,5,31755.6,2.58
ITEM0006766,ORD001919,PROD00056,5,64832.21,120.78
ITEM0006767,ORD001920,PROD00007,1,4079.3,5.35
ITEM0006768,ORD001920,PROD00098,1,101886.16,16.26
ITEM0006769,ORD001920,PROD00163,2,49503.31,6.84
ITEM0006770,ORD001920,PROD00081,3,14240.57,27.33
ITEM0006771,ORD001920,PROD00015,4,3631.08,15.98
ITEM0006772,ORD001921,PROD00296,1,75276.41,21.82
ITEM0006773,ORD001921,PROD00300,4,1163.82,33.42
ITEM0006774,ORD001921,PROD00061,3,168745.97,17.5
ITEM0006775,ORD001921,PROD00152,2,4664.81,27.34
ITEM0006776,ORD001921,PROD00241,0,15219.97,3.72
ITEM0006777,ORD001922,PROD00091,2,922.64,26.55
ITEM0006778,ORD001922,PROD00018,3,57851.82,7.43
ITEM0006779,ORD001923,PROD00262,3,2761.19,2.48
ITEM0006780,ORD001923,PROD00211,-4,235.37,0.89
ITEM0006781,ORD001924,PROD00138,5,14451.36,32.32
ITEM0006782,ORD001925,PROD00292,2,148693.56,31.76
ITEM0006783,ORD001925,PROD00243,2,19132.03,15.77
ITEM0006784,ORD001926,PROD00212,4,18473.59,6.13
ITEM0006785,ORD001926,PROD00219,3,916.28,33.14
ITEM0006786,ORD001926,PROD00193,1,33770.04,34.22
ITEM0006787,ORD001927,PROD00225,5,525.71,13.93
ITEM0006788,ORD001927,PROD00145,1,7654.14,17.26
ITEM0006789,ORD001927,PROD00171,4,1587.59,32.8
ITEM0006790,ORD001927,PROD00297,1,1866.66,2.34
ITEM0006791,ORD001927,PROD00004,5,945.43,19.73
ITEM0006792,ORD001928,PROD00015,1,3631.08,6.54
ITEM0006793,ORD001928,PROD00060,4,14823.48,18.16
ITEM0006794,ORD001928,PROD00288,4,12413.32,5.41
ITEM0006795,ORD001928,PROD00251,3,37604.62,3.79
ITEM0006796,ORD001929,PROD00231,3,2536.84,27.9
ITEM0006797,ORD001929,PROD00172,5,660.53,18.65
ITEM0006798,ORD001929,PROD00276,0,3225.79,3.32
ITEM0006799,ORD001930,PROD00188,3,26614.54,11.09
ITEM0006800,ORD001930,PROD00167,2,15629.7,15.65
ITEM0006801,ORD001930,PROD00156,5,263.76,9.26
ITEM0006802,ORD001930,PROD00191,2,18482.44,25.5
ITEM0006803,ORD001930,PROD00129,3,55423.01,22.18
ITEM0006804,ORD001930,PROD00122,5,1085.5,3.47
ITEM0006805,ORD001931,PROD00231,2,2536.84,26.98
ITEM0006806,ORD001931,PROD00017,1,42741.8,7.64
ITEM0006807,ORD001931,INVALID_PROD_99767,2,5667.41,25.19
ITEM0006808,ORD001932,PROD00180,5,45620.93,24.43
ITEM0006809,ORD001933,PROD00243,3,19132.03,4.2
ITEM0006810,ORD001933,PROD00111,1,8072.67,6.0
ITEM0006811,ORD001933,PROD00252,1,8369.69,1.01
ITEM0006812,ORD001933,PROD00061,5,168745.97,12.93
ITEM0006813,ORD001933,PROD00206,2,17398.64,22.85
ITEM0006814,ORD001934,PROD00055,5,1893.42,25.37
ITEM0006815,ORD001934,PROD00161,2,89959.13,5.68
ITEM0006816,ORD001934,PROD00130,4,11592.7,5.36
ITEM0006817,ORD001934,PROD00181,5,34804.16,21.01
ITEM0006818,ORD001934,PROD00146,2,10852.71,22.53
ITEM0006819,ORD001934,PROD00062,4,1755.31,2.87
ITEM0006820,ORD001935,PROD00251,1,37604.62,31.33
ITEM0006821,ORD001936,PROD00241,2,15219.97,13.08
ITEM0006822,ORD001936,PROD00238,1,10985.44,8.47
ITEM0006823,ORD001936,PROD00029,1,12387.11,4.36
ITEM0006824,ORD001936,PROD00162,5,44239.81,29.07
ITEM0006825,ORD001936,PROD00058,5,8762.42,15.2
ITEM0006826,ORD001936,PROD00132,1,1220.54,29.01
ITEM0006827,ORD001937,PROD00174,5,6796.1,26.68
ITEM0006828,ORD001937,PROD00147,3,10375.1,11.94
ITEM0006829,ORD001937,PROD00260,5,51829.61,7.78
ITEM0006830,ORD001937,PROD00150,3,35744.49,30.96
ITEM0006831,ORD001937,PROD00213,4,67924.54,34.02
ITEM0006832,ORD001938,PROD00189,2,9958.04,24.33
ITEM0006833,ORD001938,PROD00109,2,9016.47,33.33
ITEM0006834,ORD001938,PROD00284,4,3583.48,34.73
ITEM0006835,ORD001939,PROD00270,3,16051.61,17.21
ITEM0006836,ORD001939,PROD00001,3,107560.75,17.67
ITEM0006837,ORD001939,PROD00284,2,3583.48,10.6
ITEM0006838,ORD001940,PROD00106,3,1535.04,18.2
ITEM0006839,ORD001940,PROD00009,3,11170.3,7.34
ITEM0006840,ORD001941,PROD00168,5,786.46,17.74
ITEM0006841,ORD001941,PROD00132,1,1220.54,33.03
ITEM0006842,ORD001942,PROD00080,4,8705.25,10.91
ITEM0006843,ORD001942,PROD00088,1,9502.99,4.39
ITEM0006844,ORD001942,PROD00099,2,10679.39,1.16
ITEM0006845,ORD001943,PROD00115,4,3345.82,5.44
ITEM0006846,ORD001944,PROD00146,-5,10852.71,30.27
ITEM0006847,ORD001944,PROD00184,2,99913.97,22.05
ITEM0006848,ORD001944,PROD00222,2,529.14,23.31
ITEM0006849,ORD001944,PROD00201,1,331.81,2.48
ITEM0006850,ORD001945,PROD00268,1,247.24,3.57
ITEM0006851,ORD001945,PROD00220,1,53302.28,22.61
ITEM0006852,ORD001945,PROD00060,1,14823.48,4.8
ITEM0006853,ORD001945,PROD00134,4,281.46,20.34
ITEM0006854,ORD001945,PROD00174,4,6796.1,19.14
ITEM0006855,ORD001946,PROD00260,3,51829.61,0.77
ITEM0006856,ORD001946,PROD00139,4,12429.19,21.51
ITEM0006857,ORD001947,PROD00013,5,1794.74,16.0
ITEM0006858,ORD001947,PROD00153,1,33477.66,23.93
ITEM0006859,ORD001947,PROD00132,1,1220.54,3.5
ITEM0006860,ORD001947,PROD00222,1,529.14,11.8
ITEM0006861,ORD001947,PROD00077,3,949.09,4.0
ITEM0006862,ORD001948,PROD00018,1,57851.82,18.38
ITEM0006863,ORD001948,PROD00167,3,15629.7,11.15
ITEM0006864,ORD001949,PROD00071,1,6126.45,20.18
ITEM0006865,ORD001950,PROD00126,2,14276.93,32.17
ITEM0006866,ORD001950,PROD00292,5,148693.56,14.7
ITEM0006867,ORD001950,PROD00024,1,18935.15,13.14
ITEM0006868,ORD001950,PROD00169,2,8770.94,23.99
ITEM0006869,ORD001951,PROD00195,2,45234.5,18.3
ITEM0006870,ORD001951,PROD00209,3,48158.17,22.42
ITEM0006871,ORD001952,PROD00209,3,48158.17,24.96
ITEM0006872,ORD001952,PROD00177,3,2661.74,20.62
ITEM0006873,ORD001953,PROD00203,4,16125.87,18.8
ITEM0006874,ORD001953,PROD00141,1,738.47,28.36
ITEM0006875,ORD001954,PROD00127,1,6869.22,9.77
ITEM0006876,ORD001954,PROD00250,5,2595.77,22.2
ITEM0006877,ORD001954,PROD00224,5,54820.98,9.04
ITEM0006878,ORD001954,PROD00078,3,80173.3,8.08
ITEM0006879,ORD001954,PROD00258,4,11131.97,117.08
ITEM0006880,ORD001954,PROD00008,5,2233.33,12.71
ITEM0006881,ORD001955,PROD00255,3,8717.28,19.79
ITEM0006882,ORD001955,PROD00243,3,19132.03,10.52
ITEM0006883,ORD001955,PROD00079,5,11534.5,32.24
ITEM0006884,ORD001955,PROD00241,1,15219.97,13.74
ITEM0006885,ORD001955,PROD00214,5,9055.44,32.89
ITEM0006886,ORD001955,PROD00054,2,59992.33,27.38
ITEM0006887,ORD001956,PROD00248,4,13070.96,13.17
ITEM0006888,ORD001956,PROD00257,3,31755.6,16.05
ITEM0006889,ORD001957,PROD00174,1,6796.1,10.67
ITEM0006890,ORD001957,PROD00179,2,11703.98,1.81
ITEM0006891,ORD001958,PROD00264,0,57779.76,11.58
ITEM0006892,ORD001958,PROD00018,-4,57851.82,21.95
ITEM0006893,ORD001959,PROD00203,1,16125.87,20.05
ITEM0006894,ORD001959,PROD00110,0,8026.63,3.43
ITEM0006895,ORD001959,PROD00093,2,799.0,15.96
ITEM0006896,ORD001959,PROD00123,3,16024.54,34.32
ITEM0006897,ORD001959,PROD00286,-1,11352.93,6.52
ITEM0006898,ORD001960,PROD00002,1,13344.44,19.57
ITEM0006899,ORD001960,PROD00165,3,5849.47,9.1
ITEM0006900,ORD001960,PROD00129,1,55423.01,10.1
ITEM0006901,ORD001961,PROD00230,5,14806.16,4.09
ITEM0006902,ORD001961,PROD00240,2,56530.69,33.04
ITEM0006903,ORD001962,PROD00136,1,15602.8,32.63
ITEM0006904,ORD001962,PROD00019,1,39804.94,19.79
ITEM0006905,ORD001963,PROD00290,1,41413.51,28.67
ITEM0006906,ORD001963,PROD00061,4,168745.97,20.3
ITEM0006907,ORD001963,PROD00282,1,1528.85,10.77
ITEM0006908,ORD001963,PROD00148,3,46265.49,8.62
ITEM0006909,ORD001964,PROD00051,3,14882.87,23.5
ITEM0006910,ORD001964,PROD00155,4,6690.65,32.06
ITEM0006911,ORD001965,PROD00291,2,68752.62,12.25
ITEM0006912,ORD001965,PROD00118,4,85972.81,24.87
ITEM0006913,ORD001965,PROD00232,5,20147.3,34.42
ITEM0006914,ORD001965,PROD00287,4,1349.9,3.5
ITEM0006915,ORD001966,PROD00242,5,49321.02,26.81
ITEM0006916,ORD001966,PROD00113,5,14490.24,20.82
ITEM0006917,ORD001966,PROD00252,-2,8369.69,1.8
ITEM0006918,ORD001966,PROD00084,1,49768.99,31.96
ITEM0006919,ORD001967,PROD00214,5,9055.44,18.69
ITEM0006920,ORD001967,PROD_DUP_764,2,10284.38,15.07
ITEM0006921,ORD001967,PROD00148,5,46265.49,24.34
ITEM0006922,ORD001968,INVALID_PROD_71920,5,9888.94,3.91
ITEM0006923,ORD001968,PROD00051,4,14882.87,19.46
ITEM0006924,ORD001969,PROD00054,0,59992.33,27.5
ITEM0006925,ORD001969,PROD00211,3,235.37,0.89
ITEM0006926,ORD001969,PROD00240,4,56530.69,31.82
ITEM0006927,ORD001969,PROD00019,3,39804.94,20.58
ITEM0006928,ORD001969,PROD00263,2,4176.74,28.35
ITEM0006929,ORD001969,PROD00193,2,33770.04,10.06
ITEM0006930,ORD001970,PROD00036,4,9080.54,34.19
ITEM0006931,ORD001971,PROD00189,4,9958.04,13.5
ITEM0006932,ORD001972,PROD00118,3,85972.81,29.17
ITEM0006933,ORD001973,PROD00133,5,16317.65,25.74
ITEM0006934,ORD001974,PROD00107,3,128039.99,8.48
ITEM0006935,ORD001974,PROD00245,2,77190.55,25.56
ITEM0006936,ORD001975,PROD00120,5,1922.05,33.68
ITEM0006937,ORD001976,PROD00102,1,20526.64,23.64
ITEM0006938,ORD001976,PROD00120,4,1922.05,1.41
ITEM0006939,ORD001976,PROD00085,3,3944.47,0.32
ITEM0006940,ORD001976,PROD00196,4,19028.45,17.22
ITEM0006941,ORD001977,PROD00161,2,89959.13,4.61
ITEM0006942,ORD001977,PROD00167,3,15629.7,9.11
ITEM0006943,ORD001977,PROD00016,1,155813.5,0.04
ITEM0006944,ORD001977,PROD00094,3,18989.87,20.45
ITEM0006945,ORD001978,PROD00260,2,51829.61,9.51
ITEM0006946,ORD001978,PROD00197,4,2320.69,29.5
ITEM0006947,ORD001978,PROD00194,4,1718.09,32.62
ITEM0006948,ORD001978,PROD00139,1,12429.19,29.34
ITEM0006949,ORD001978,PROD00209,3,48158.17,16.99
ITEM0006950,ORD001978,PROD00119,-1,1779.27,4.8
ITEM0006951,ORD001979,PROD00296,2,75276.41,10.39
ITEM0006952,ORD001979,PROD00022,4,9177.73,6.0
ITEM0006953,ORD001979,PROD00264,2,57779.76,24.91
ITEM0006954,ORD001980,PROD00141,3,738.47,2.27
ITEM0006955,ORD001980,PROD00169,4,8770.94,32.64
ITEM0006956,ORD001980,PROD00026,2,19557.07,29.09
ITEM0006957,ORD001980,PROD00193,3,33770.04,5.35
ITEM0006958,ORD001980,PROD00207,5,90137.22,21.24
ITEM0006959,ORD001980,PROD00257,4,31755.6,15.88
ITEM0006960,ORD001981,PROD00151,5,75177.2,15.14
ITEM0006961,ORD001981,PROD00185,4,88426.11,23.31
ITEM0006962,ORD001982,PROD00065,4,10942.37,16.02
ITEM0006963,ORD001982,PROD00036,3,9080.54,34.83
ITEM0006964,ORD001982,PROD00189,3,9958.04,6.29
ITEM0006965,ORD001983,PROD00121,4,79730.15,9.39
ITEM0006966,ORD001983,PROD00030,2,46619.52,7.8
ITEM0006967,ORD001983,PROD00266,4,150138.51,15.46
ITEM0006968,ORD001983,PROD00296,4,75276.41,25.34
ITEM0006969,ORD001984,PROD00069,3,1031.99,3.65
ITEM0006970,ORD001984,PROD00185,4,88426.11,5.09
ITEM0006971,ORD001985,PROD00206,1,17398.64,10.02
ITEM0006972,INVALID_ORD_43073,PROD00272,5,43464.46,2.11
ITEM0006973,ORD001986,PROD00041,2,13175.99,19.33
ITEM0006974,ORD001986,PROD00020,4,70058.39,26.95
ITEM0006975,ORD001986,PROD00248,2,13070.96,6.89
ITEM0006976,ORD001986,PROD00108,5,13444.93,16.8
ITEM0006977,ORD001986,PROD00138,4,14451.36,20.62
ITEM0006978,ORD001987,PROD00079,1,11534.5,3.94
ITEM0006979,ORD001987,PROD00081,4,14240.57,28.08
ITEM0006980,ORD001987,PROD00224,5,54820.98,16.72
ITEM0006981,ORD001987,PROD00134,1,281.46,26.65
ITEM0006982,ORD001987,PROD00229,4,17916.53,33.5
ITEM0006983,ORD001988,PROD00192,1,9826.54,33.1
ITEM0006984,ORD001989,PROD00287,2,1349.9,12.77
ITEM0006985,ORD001989,PROD00126,5,14276.93,21.36
ITEM0006986,ORD001989,PROD00155,1,6690.65,2.16
ITEM0006987,ORD001989,PROD00184,2,99913.97,21.13
ITEM0006988,ORD001989,PROD00230,-2,14806.16,30.92
ITEM0006989,ORD001990,PROD00167,-4,15629.7,22.26
ITEM0006990,ORD001990,PROD00151,-2,75177.2,6.07
ITEM0006991,ORD001990,INVALID_PROD_80907,5,10600.32,28.55
ITEM0006992,ORD001990,PROD00025,4,2571.12,3.03
ITEM0006993,ORD001990,INVALID_PROD_64691,1,16414.48,8.14
ITEM0006994,ORD001990,PROD00115,2,3345.82,5.58
ITEM0006995,ORD001991,PROD00115,2,3345.82,9.08
ITEM0006996,ORD001991,PROD00221,3,6476.61,13.66
ITEM0006997,ORD001991,PROD00052,2,8276.3,33.78
ITEM0006998,ORD001992,PROD00299,4,5860.91,33.59
ITEM0006999,ORD001992,PROD00250,2,2595.77,28.59
ITEM0007000,ORD001992,PROD00219,1,916.28,24.42
ITEM0007001,ORD001993,PROD00098,0,101886.16,33.31
ITEM0007002,ORD001993,PROD00016,4,155813.5,32.78
ITEM0007003,ORD001993,PROD00040,4,6724.73,7.0
ITEM0007004,ORD001993,PROD00295,5,6438.13,27.08
ITEM0007005,ORD001993,PROD00103,2,210.19,19.54
ITEM0007006,ORD001994,PROD00140,2,10466.68,11.6
ITEM0007007,ORD001994,PROD00164,2,136789.18,33.65
ITEM0007008,ORD001995,PROD00135,5,973.62,21.9
ITEM0007009,ORD001995,PROD00234,5,491.09,23.67
ITEM0007010,ORD001995,PROD00205,3,6001.17,18.31
ITEM0007011,ORD001995,PROD00103,5,210.19,117.39
ITEM0007012,ORD001996,PROD00194,5,1718.09,1.9
ITEM0007013,ORD001996,PROD00229,4,17916.53,5.91
ITEM0007014,ORD001996,PROD00140,3,10466.68,29.41
ITEM0007015,ORD001996,PROD00264,2,57779.76,28.78
ITEM0007016,ORD001997,PROD00034,4,2479.77,15.36
ITEM0007017,ORD001997,PROD00095,1,56114.19,0.78
ITEM0007018,ORD001997,PROD00010,2,19555.43,8.01
ITEM0007019,ORD001997,PROD00025,1,2571.12,2.09
ITEM0007020,ORD001997,PROD00006,2,3286.66,31.07
ITEM0007021,ORD001997,PROD00250,1,2595.77,16.81
ITEM0007022,ORD001998,PROD00194,-3,1718.09,16.3
ITEM0007023,ORD001998,PROD00078,1,80173.3,14.83
ITEM0007024,ORD001998,PROD00153,4,33477.66,12.73
ITEM0007025,ORD001998,PROD00138,-2,14451.36,24.38
ITEM0007026,ORD001998,PROD00067,4,16473.79,8.54
ITEM0007027,ORD001999,PROD00063,5,4748.54,22.62
ITEM0007028,ORD001999,PROD00021,5,1935.05,5.13
ITEM0007029,ORD002000,PROD00192,5,9826.54,141.2
ITEM0007030,ORD002000,PROD00267,3,5023.39,17.43
ITEM0007031,ORD002001,PROD00125,3,3811.77,30.81
ITEM0007032,ORD002001,PROD00075,3,16738.37,17.49
ITEM0007033,ORD002001,PROD00014,2,10284.38,7.38
ITEM0007034,ORD002001,PROD00217,1,21374.71,6.31
ITEM0007035,ORD002001,PROD00053,4,1294.67,1.32
ITEM0007036,ORD002002,PROD00263,3,4176.74,4.86
ITEM0007037,ORD002002,PROD00218,4,808.31,18.09
ITEM0007038,ORD002003,PROD00126,1,14276.93,1.01
ITEM0007039,ORD002003,PROD00193,2,33770.04,16.58
ITEM0007040,ORD002003,PROD00056,5,64832.21,21.74
ITEM0007041,ORD002003,PROD00236,3,38161.26,23.42
ITEM0007042,ORD002003,PROD00023,5,13941.86,34.86
ITEM0007043,ORD002004,PROD00125,2,3811.77,23.78
ITEM0007044,ORD002004,PROD00101,3,90820.31,26.28
ITEM0007045,ORD002004,PROD00156,2,263.76,0.7
ITEM0007046,ORD002004,PROD00137,4,35792.4,6.16
ITEM0007047,ORD002004,PROD00003,4,47677.98,19.32
ITEM0007048,ORD002004,PROD00209,4,48158.17,13.19
ITEM0007049,ORD002005,PROD00257,3,31755.6,16.81
ITEM0007050,ORD002005,PROD00049,1,8241.32,1.96
ITEM0007051,ORD002005,PROD00116,-4,72895.77,24.46
ITEM0007052,ORD002005,PROD00165,3,5849.47,11.79
ITEM0007053,ORD002006,PROD00046,3,3348.49,33.82
ITEM0007054,ORD002006,PROD00157,-3,7028.69,10.67
ITEM0007055,ORD002006,PROD00285,2,87613.3,18.01
ITEM0007056,ORD002006,PROD00018,1,57851.82,23.5
ITEM0007057,ORD002006,PROD00177,1,2661.74,25.66
ITEM0007058,ORD002006,PROD00053,4,1294.67,24.08
ITEM0007059,ORD002007,PROD00271,1,69182.89,24.51
ITEM0007060,ORD002007,PROD00183,1,9351.26,13.96
ITEM0007061,ORD002007,PROD00140,3,10466.68,19.31
ITEM0007062,ORD002007,PROD00214,5,9055.44,11.07
ITEM0007063,ORD002007,PROD00130,3,11592.7,1.68
ITEM0007064,ORD002007,PROD00044,-4,36733.67,34.91
ITEM0007065,ORD002008,PROD00300,4,1163.82,15.15
ITEM0007066,ORD002008,PROD00091,1,922.64,14.06
ITEM0007067,ORD002008,PROD00175,3,5323.61,15.5
ITEM0007068,ORD002009,PROD00119,1,1779.27,29.8
ITEM0007069,ORD002009,PROD00228,1,12035.67,12.54
ITEM0007070,ORD002009,PROD00070,5,70038.79,19.56
ITEM0007071,ORD002009,PROD00295,1,6438.13,7.03
ITEM0007072,ORD002009,PROD00240,3,56530.69,21.89
ITEM0007073,ORD002009,PROD00245,3,77190.55,27.29
ITEM0007074,ORD002010,PROD00195,2,45234.5,34.13
ITEM0007075,ORD002010,PROD00293,3,6508.01,23.44
ITEM0007076,ORD002010,PROD00027,4,6786.44,8.61
ITEM0007077,ORD002010,PROD00044,1,36733.67,14.28
ITEM0007078,ORD002010,PROD00093,5,799.0,13.97
ITEM0007079,ORD002011,PROD00004,4,945.43,123.62
ITEM0007080,ORD002011,PROD00009,0,11170.3,31.44
ITEM0007081,ORD002011,PROD00001,3,107560.75,9.72
ITEM0007082,ORD002011,PROD00229,1,17916.53,16.79
ITEM0007083,ORD002011,PROD00285,4,87613.3,14.02
ITEM0007084,ORD002011,PROD00184,4,99913.97,12.16
ITEM0007085,ORD002012,PROD00297,5,1866.66,16.5
ITEM0007086,ORD002012,PROD00225,3,525.71,18.42
ITEM0007087,ORD002012,PROD00143,5,9888.94,24.13
ITEM0007088,ORD002012,PROD00053,-4,1294.67,19.48
ITEM0007089,ORD002012,PROD00105,3,16922.48,12.02
ITEM0007090,ORD002013,PROD00001,1,107560.75,1.17
ITEM0007091,ORD002014,PROD00222,1,529.14,9.29
ITEM0007092,ORD002014,PROD00114,1,129739.16,16.03
ITEM0007093,ORD002014,PROD00045,3,65694.03,23.23
ITEM0007094,ORD002014,PROD00073,5,36426.6,2.07
ITEM0007095,ORD002015,PROD00270,1,16051.61,1.92
ITEM0007096,ORD002015,PROD00181,2,34804.16,30.78
ITEM0007097,ORD002016,PROD00010,1,19555.43,14.83
ITEM0007098,ORD002016,PROD00225,3,525.71,13.51
ITEM0007099,ORD002016,PROD00292,3,148693.56,5.27
ITEM0007100,ORD002016,PROD00275,5,1589.33,23.38
ITEM0007101,ORD002017,PROD00288,2,12413.32,26.28
ITEM0007102,ORD002017,PROD00163,2,49503.31,28.36
ITEM0007103,ORD002018,PROD00032,-2,15757.18,33.38
ITEM0007104,ORD002018,PROD00239,1,18153.0,2.2
ITEM0007105,ORD002018,PROD00153,4,33477.66,0.53
ITEM0007106,ORD002018,PROD00148,3,46265.49,1.3
ITEM0007107,ORD002018,PROD00040,2,6724.73,22.88
ITEM0007108,ORD002019,PROD00224,2,54820.98,13.99
ITEM0007109,ORD002019,PROD00275,5,1589.33,10.46
ITEM0007110,ORD002019,PROD00235,4,9096.22,19.86
ITEM0007111,ORD002020,PROD00146,5,10852.71,137.17
ITEM0007112,ORD002020,PROD00056,5,64832.21,16.75
ITEM0007113,ORD002020,PROD00071,4,6126.45,16.82
ITEM0007114,ORD002020,PROD00095,3,56114.19,19.37
ITEM0007115,ORD002020,PROD00169,1,8770.94,20.48
ITEM0007116,ORD002020,PROD00048,1,74181.94,13.25
ITEM0007117,ORD002021,PROD00021,1,1935.05,21.07
ITEM0007118,ORD002021,PROD00120,5,1922.05,19.49
ITEM0007119,ORD002021,PROD00109,5,9016.47,15.84
ITEM0007120,ORD002021,PROD00034,5,2479.77,28.39
ITEM0007121,ORD002021,PROD00025,2,2571.12,13.04
ITEM0007122,ORD002022,PROD00258,2,11131.97,8.83
ITEM0007123,ORD002022,PROD_DUP_248,3,13444.93,21.47
ITEM0007124,ORD002022,PROD00242,3,49321.02,17.21
ITEM0007125,ORD002022,PROD00262,-2,2761.19,29.98
ITEM0007126,ORD002022,PROD00141,3,738.47,28.1
ITEM0007127,ORD002022,PROD00047,2,1949.22,29.54
ITEM0007128,ORD002023,PROD00264,2,57779.76,6.06
ITEM0007129,ORD002023,PROD00052,1,8276.3,14.37
ITEM0007130,ORD002023,PROD00168,4,786.46,19.01
ITEM0007131,ORD002023,PROD00174,2,6796.1,32.71
ITEM0007132,ORD002024,PROD00132,3,1220.54,13.66
ITEM0007133,ORD002024,PROD00264,5,57779.76,33.2
ITEM0007134,ORD002024,PROD00221,5,6476.61,30.04
ITEM0007135,ORD002024,PROD00045,1,65694.03,34.64
ITEM0007136,ORD002024,PROD00134,1,281.46,1.81
ITEM0007137,ORD002024,PROD00207,3,90137.22,1.18
ITEM0007138,ORD002025,PROD00074,1,2883.54,10.76
ITEM0007139,ORD002025,PROD00044,2,36733.67,24.83
ITEM0007140,ORD002025,PROD_DUP_765,4,60305.75,27.57
ITEM0007141,ORD002026,PROD00280,1,93322.92,13.0
ITEM0007142,ORD002027,PROD00044,5,36733.67,23.66
ITEM0007143,ORD002027,PROD00237,4,3389.65,29.52
ITEM0007144,ORD002027,PROD00117,5,28499.09,33.82
ITEM0007145,ORD002028,PROD00210,3,116861.98,13.87
ITEM0007146,ORD002028,PROD00027,1,6786.44,0.45
ITEM0007147,ORD002029,PROD00007,4,4079.3,33.32
ITEM0007148,ORD002030,PROD00012,4,16414.48,10.54
ITEM0007149,ORD002030,PROD00011,1,53479.92,6.69
ITEM0007150,ORD002030,PROD00210,3,116861.98,33.97
ITEM0007151,ORD002031,PROD00134,4,281.46,19.17
ITEM0007152,ORD002031,PROD00125,5,3811.77,11.17
ITEM0007153,ORD002031,PROD00039,4,4450.41,15.51
ITEM0007154,ORD002031,PROD_DUP_765,5,60305.75,4.18
ITEM0007155,ORD002032,PROD00152,1,4664.81,18.78
ITEM0007156,ORD002032,PROD00208,4,11211.45,25.57
ITEM0007157,ORD002032,PROD00064,0,6397.09,29.67
ITEM0007158,ORD002033,PROD00068,4,15259.49,33.15
ITEM0007159,ORD002034,PROD00188,4,26614.54,8.03
ITEM0007160,ORD002034,PROD00153,5,33477.66,6.7
ITEM0007161,ORD002034,PROD00108,5,13444.93,10.85
ITEM0007162,ORD002034,PROD00048,4,74181.94,3.38
ITEM0007163,ORD002034,PROD00245,5,77190.55,13.55
ITEM0007164,ORD002034,PROD00268,5,247.24,30.39
ITEM0007165,ORD002035,PROD00031,4,14324.32,13.38
ITEM0007166,INVALID_ORD_60908,PROD00134,5,281.46,22.28
ITEM0007167,ORD002035,PROD00253,1,30181.5,11.46
ITEM0007168,ORD002035,PROD00087,3,9237.82,7.45
ITEM0007169,ORD002035,PROD00048,1,74181.94,19.12
ITEM0007170,ORD002036,PROD00276,5,3225.79,3.31
ITEM0007171,ORD002036,PROD00240,1,56530.69,33.44
ITEM0007172,ORD002037,PROD00091,1,922.64,12.55
ITEM0007173,ORD002037,PROD00151,2,75177.2,10.22
ITEM0007174,ORD002038,PROD00094,2,18989.87,34.01
ITEM0007175,ORD002038,PROD00013,3,1794.74,19.19
ITEM0007176,ORD002038,PROD00139,1,12429.19,2.89
ITEM0007177,ORD002038,PROD00237,2,3389.65,7.49
ITEM0007178,ORD002038,PROD00191,1,18482.44,7.59
ITEM0007179,ORD002039,PROD00112,3,958.5,16.71
ITEM0007180,ORD002039,PROD00147,1,10375.1,0.21
ITEM0007181,ORD002039,PROD00215,1,13895.27,14.35
ITEM0007182,ORD002040,PROD00020,1,70058.39,25.15
ITEM0007183,ORD002040,PROD00005,1,938.76,20.72
ITEM0007184,ORD002040,PROD00050,2,635.92,33.16
ITEM0007185,ORD002040,PROD00077,2,949.09,19.01
ITEM0007186,ORD002040,PROD00225,5,525.71,10.05
ITEM0007187,ORD002041,PROD00272,5,43464.46,19.72
ITEM0007188,ORD002041,PROD00158,4,255.24,119.73
ITEM0007189,ORD002041,PROD00107,0,128039.99,6.24
ITEM0007190,ORD002041,PROD00003,1,47677.98,24.68
ITEM0007191,ORD002042,PROD00121,3,79730.15,24.0
ITEM0007192,ORD002042,PROD00078,2,80173.3,2.93
ITEM0007193,ORD002042,PROD00039,1,4450.41,28.62
ITEM0007194,ORD002042,PROD00278,5,48030.22,14.25
ITEM0007195,ORD002042,PROD00116,3,72895.77,9.46
ITEM0007196,ORD002043,PROD00051,3,14882.87,22.49
ITEM0007197,ORD002043,PROD00283,-4,34928.13,18.75
ITEM0007198,ORD002043,PROD00045,4,65694.03,25.31
ITEM0007199,ORD002043,PROD00129,5,55423.01,4.86
ITEM0007200,ORD002043,PROD00136,5,15602.8,13.97
ITEM0007201,ORD002044,PROD00194,1,1718.09,10.11
ITEM0007202,ORD002045,PROD00286,-4,11352.93,31.23
ITEM0007203,ORD002045,PROD00179,1,11703.98,26.49
ITEM0007204,ORD002045,PROD00057,4,6857.15,11.63
ITEM0007205,ORD002046,PROD00161,4,89959.13,31.18
ITEM0007206,ORD002046,PROD00263,1,4176.74,14.13
ITEM0007207,ORD002046,PROD00154,2,15820.26,33.59
ITEM0007208,ORD002047,PROD00046,1,3348.49,31.7
ITEM0007209,ORD002047,PROD00052,4,8276.3,21.86
ITEM0007210,ORD002047,PROD00013,3,1794.74,11.67
ITEM0007211,ORD002048,PROD00100,2,9419.26,20.17
ITEM0007212,ORD002048,PROD00206,3,17398.64,22.08
ITEM0007213,ORD002048,PROD00210,5,116861.98,15.53
ITEM0007214,ORD002048,PROD00225,4,525.71,17.72
ITEM0007215,ORD002048,PROD00060,1,14823.48,17.48
ITEM0007216,ORD002049,PROD00273,5,5839.38,11.65
ITEM0007217,ORD002049,PROD00022,2,9177.73,11.06
ITEM0007218,ORD002050,PROD00082,3,4931.74,6.45
ITEM0007219,ORD002050,PROD00194,3,1718.09,17.44
ITEM0007220,ORD002050,PROD00200,1,23481.36,31.29
ITEM0007221,ORD002050,PROD00261,1,35880.89,22.08
ITEM0007222,ORD002050,PROD00028,5,59359.69,8.51
ITEM0007223,ORD002051,PROD00191,4,18482.44,16.65
ITEM0007224,ORD002051,PROD00131,1,2403.64,28.76
ITEM0007225,ORD002051,PROD00045,5,65694.03,14.3
ITEM0007226,ORD002052,PROD00194,3,1718.09,26.88
ITEM0007227,ORD002053,PROD00224,4,54820.98,30.19
ITEM0007228,ORD002053,PROD00237,5,3389.65,32.27
ITEM0007229,ORD002053,PROD00270,5,16051.61,5.66
ITEM0007230,ORD002053,PROD00269,4,2342.42,24.27
ITEM0007231,ORD002053,PROD00184,3,99913.97,16.54
ITEM0007232,ORD002054,PROD00207,5,90137.22,28.23
ITEM0007233,ORD002054,PROD00071,3,6126.45,12.18
ITEM0007234,ORD002055,PROD00135,4,973.62,17.69
ITEM0007235,ORD002056,PROD00030,5,46619.52,8.01
ITEM0007236,ORD002056,PROD00296,2,75276.41,12.71
ITEM0007237,ORD002057,PROD00168,5,786.46,27.85
ITEM0007238,ORD002058,PROD00119,5,1779.27,3.81
ITEM0007239,ORD002058,PROD00146,2,10852.71,30.04
ITEM0007240,ORD002059,PROD00169,4,8770.94,16.6
ITEM0007241,ORD002059,PROD00232,3,20147.3,29.95
ITEM0007242,ORD002059,PROD00234,3,491.09,27.8
ITEM0007243,ORD002059,PROD00289,2,1903.39,23.29
ITEM0007244,ORD002060,PROD00025,3,2571.12,29.58
ITEM0007245,ORD002061,PROD00220,1,53302.28,33.02
ITEM0007246,ORD002062,PROD00266,3,150138.51,29.4
ITEM0007247,ORD002062,PROD00043,3,5667.41,17.88
ITEM0007248,ORD002062,PROD00099,3,10679.39,8.99
ITEM0007249,ORD002062,PROD00128,5,2957.45,34.3
ITEM0007250,ORD002062,PROD00227,5,2030.73,23.05
ITEM0007251,ORD002063,INVALID_PROD_87324,1,35676.4,13.56
ITEM0007252,ORD002064,PROD00023,4,13941.86,25.45
ITEM0007253,ORD002064,PROD00226,4,33228.57,13.98
ITEM0007254,ORD002064,PROD00176,4,10514.42,0.01
ITEM0007255,ORD002064,PROD00032,0,15757.18,1.27
ITEM0007256,ORD002064,PROD00078,4,80173.3,6.48
ITEM0007257,ORD002064,PROD00063,5,4748.54,29.15
ITEM0007258,ORD002065,PROD00021,5,1935.05,8.61
ITEM0007259,ORD002066,PROD00212,2,18473.59,10.8
ITEM0007260,ORD002066,PROD00136,1,15602.8,10.27
ITEM0007261,ORD002066,PROD00180,0,45620.93,2.19
ITEM0007262,ORD002066,PROD00168,-2,786.46,28.73
ITEM0007263,ORD002066,PROD00128,3,2957.45,14.7
ITEM0007264,ORD002066,PROD00261,2,35880.89,4.35
ITEM0007265,ORD002067,PROD00157,3,7028.69,30.97
ITEM0007266,ORD002067,PROD00147,3,10375.1,23.77
ITEM0007267,ORD002067,PROD00138,4,14451.36,26.36
ITEM0007268,ORD002067,PROD00115,4,3345.82,23.68
ITEM0007269,ORD002068,PROD00205,5,6001.17,26.87
ITEM0007270,ORD002068,PROD00188,3,26614.54,22.22
ITEM0007271,ORD002069,PROD00008,0,2233.33,3.29
ITEM0007272,ORD002069,PROD00117,4,28499.09,3.61
ITEM0007273,ORD002069,PROD00216,1,4233.5,18.26
ITEM0007274,ORD002069,PROD00174,3,6796.1,1.0
ITEM0007275,ORD002070,PROD00190,5,4989.53,24.27
ITEM0007276,ORD002070,PROD00071,0,6126.45,10.52
ITEM0007277,ORD002070,PROD00199,3,37442.17,31.52
ITEM0007278,ORD002070,PROD00144,-3,35676.4,34.72
ITEM0007279,ORD002070,PROD00298,3,1958.18,23.21
ITEM0007280,ORD002070,PROD00060,3,14823.48,20.27
ITEM0007281,ORD002071,PROD00219,2,916.28,21.29
ITEM0007282,ORD002071,PROD00245,2,77190.55,34.99
ITEM0007283,ORD002071,PROD00118,2,85972.81,11.74
ITEM0007284,ORD002071,PROD_DUP_764,1,10284.38,13.6
ITEM0007285,ORD002071,PROD00214,3,9055.44,9.03
ITEM0007286,ORD002071,PROD00249,1,90613.5,10.16
ITEM0007287,ORD002072,PROD00088,2,9502.99,1.06
ITEM0007288,ORD002072,PROD00018,5,57851.82,31.61
ITEM0007289,ORD002072,PROD00157,2,7028.69,17.4
ITEM0007290,ORD002072,PROD00082,4,4931.74,32.55
ITEM0007291,ORD002072,PROD00023,4,13941.86,1.59
ITEM0007292,ORD002073,PROD00119,1,1779.27,5.53
ITEM0007293,ORD002073,PROD00113,2,14490.24,25.99
ITEM0007294,ORD002073,PROD00184,5,99913.97,27.55
ITEM0007295,ORD002073,PROD00077,5,949.09,10.06
ITEM0007296,ORD002073,PROD_DUP_764,5,10284.38,9.03
ITEM0007297,ORD002073,PROD00185,5,88426.11,18.61
ITEM0007298,ORD002074,PROD00270,1,16051.61,10.55
ITEM0007299,ORD002074,PROD00171,2,1587.59,34.01
ITEM0007300,ORD002074,PROD00044,1,36733.67,6.94
ITEM0007301,ORD002074,PROD00126,3,14276.93,16.62
ITEM0007302,ORD002074,PROD00238,2,10985.44,9.78
ITEM0007303,ORD002075,PROD00253,5,30181.5,14.85
ITEM0007304,ORD002075,PROD00020,1,70058.39,10.6
ITEM0007305,ORD002075,PROD00189,3,9958.04,17.64
ITEM0007306,ORD002075,PROD00207,1,90137.22,5.86
ITEM0007307,ORD002075,PROD00016,1,155813.5,17.99
ITEM0007308,ORD002076,PROD00059,4,1558.61,134.28
ITEM0007309,ORD002076,PROD00217,5,21374.71,9.57
ITEM0007310,ORD002077,PROD00300,3,1163.82,6.77
ITEM0007311,ORD002077,PROD00067,1,16473.79,34.29
ITEM0007312,ORD002077,PROD00238,2,10985.44,11.76
ITEM0007313,ORD002077,PROD00187,4,8729.44,27.31
ITEM0007314,ORD002078,PROD00136,2,15602.8,4.79
ITEM0007315,ORD002078,PROD00170,1,12487.59,111.64
ITEM0007316,ORD002078,PROD00108,3,13444.93,29.18
ITEM0007317,ORD002078,PROD00191,1,18482.44,22.82
ITEM0007318,ORD002079,PROD00089,3,14553.94,29.83
ITEM0007319,ORD002079,PROD00035,4,7731.0,8.94
ITEM0007320,ORD002079,PROD00279,2,13479.28,24.05
ITEM0007321,ORD002079,PROD00029,2,12387.11,26.26
ITEM0007322,ORD002079,PROD00297,5,1866.66,32.59
ITEM0007323,INVALID_ORD_58404,PROD00228,3,12035.67,10.14
ITEM0007324,ORD002080,PROD00083,2,56427.07,23.08
ITEM0007325,ORD002080,PROD00231,0,2536.84,15.65
ITEM0007326,ORD002080,PROD00149,3,737.02,0.12
ITEM0007327,ORD002080,PROD00253,4,30181.5,12.97
ITEM0007328,ORD002081,PROD00121,2,79730.15,20.42
ITEM0007329,ORD002081,PROD00046,5,3348.49,120.75
ITEM0007330,ORD002082,PROD00039,1,4450.41,4.91
ITEM0007331,ORD002082,PROD00139,5,12429.19,9.83
ITEM0007332,ORD002083,PROD00157,4,7028.69,12.7
ITEM0007333,ORD002083,PROD00033,5,25099.93,11.77
ITEM0007334,ORD002083,PROD00164,1,136789.18,26.28
ITEM0007335,ORD002083,INVALID_PROD_85318,3,88426.11,15.76
ITEM0007336,ORD002084,PROD00005,3,938.76,12.98
ITEM0007337,ORD002084,PROD00088,3,9502.99,5.27
ITEM0007338,ORD002084,PROD00012,2,16414.48,5.95
ITEM0007339,ORD002085,PROD00149,-5,737.02,11.29
ITEM0007340,ORD002085,PROD00284,4,3583.48,7.25
ITEM0007341,ORD002085,PROD00019,1,39804.94,13.81
ITEM0007342,ORD002085,PROD00027,5,6786.44,7.01
ITEM0007343,ORD002085,PROD00266,4,150138.51,28.91
ITEM0007344,ORD002085,PROD00177,2,2661.74,19.45
ITEM0007345,ORD002086,PROD00282,3,1528.85,21.67
ITEM0007346,ORD002086,PROD00227,2,2030.73,19.49
ITEM0007347,ORD002086,PROD00121,5,79730.15,4.23
ITEM0007348,ORD002086,PROD00015,5,3631.08,14.81
ITEM0007349,ORD002086,PROD00260,5,51829.61,23.24
ITEM0007350,ORD002087,PROD00249,2,90613.5,15.07
ITEM0007351,ORD002087,PROD00063,1,4748.54,29.46
ITEM0007352,ORD002088,PROD00062,-1,1755.31,31.74
ITEM0007353,ORD002088,PROD00279,3,13479.28,22.64
ITEM0007354,ORD002088,PROD00115,5,3345.82,0.68
ITEM0007355,ORD002088,PROD00252,4,8369.69,9.67
ITEM0007356,ORD002088,PROD00045,3,65694.03,10.49
ITEM0007357,ORD002088,PROD00294,4,12314.4,23.22
ITEM0007358,ORD002089,PROD00097,1,8629.08,6.65
ITEM0007359,ORD002089,PROD00166,1,13792.77,22.28
ITEM0007360,ORD002089,PROD00054,4,59992.33,23.26
ITEM0007361,ORD002090,PROD00063,4,4748.54,3.97
ITEM0007362,ORD002090,PROD00148,1,46265.49,13.61
ITEM0007363,ORD002090,PROD00289,3,1903.39,9.43
ITEM0007364,ORD002090,PROD00243,2,19132.03,1.09
ITEM0007365,ORD002091,PROD00254,2,83824.83,28.57
ITEM0007366,ORD002091,PROD00274,5,3119.83,29.77
ITEM0007367,ORD002092,PROD00055,3,1893.42,23.57
ITEM0007368,ORD002093,PROD00255,1,8717.28,30.58
ITEM0007369,ORD002093,PROD00181,4,34804.16,27.4
ITEM0007370,ORD002094,PROD00256,2,19894.86,28.55
ITEM0007371,ORD002094,PROD00101,3,90820.31,33.47
ITEM0007372,ORD002095,PROD00089,0,14553.94,10.39
ITEM0007373,ORD002095,PROD00111,3,8072.67,19.97
ITEM0007374,ORD002095,PROD00137,4,35792.4,24.91
ITEM0007375,ORD002096,PROD00166,5,13792.77,141.49
ITEM0007376,ORD002096,PROD00092,2,3453.47,17.85
ITEM0007377,ORD002096,PROD00290,1,41413.51,17.1
ITEM0007378,ORD002096,PROD00169,5,8770.94,21.05
ITEM0007379,ORD002097,PROD00278,2,48030.22,16.06
ITEM0007380,ORD002097,PROD00133,1,16317.65,7.01
ITEM0007381,ORD002097,PROD00086,3,13674.52,32.66
ITEM0007382,ORD002098,PROD00031,1,14324.32,0.46
ITEM0007383,ORD002098,PROD00254,4,83824.83,17.79
ITEM0007384,ORD002098,PROD00111,2,8072.67,23.58
ITEM0007385,ORD002098,PROD00112,2,958.5,31.25
ITEM0007386,ORD002098,PROD00163,-4,49503.31,4.98
ITEM0007387,ORD002099,PROD00255,2,8717.28,17.13
ITEM0007388,ORD002099,PROD00185,4,88426.11,33.37
ITEM0007389,ORD002099,PROD00208,2,11211.45,13.39
ITEM0007390,INVALID_ORD_53406,PROD00113,4,14490.24,30.6
ITEM0007391,ORD002099,PROD00210,5,116861.98,18.03
ITEM0007392,ORD002099,PROD00107,4,128039.99,15.45
ITEM0007393,ORD002100,PROD00006,1,3286.66,12.88
ITEM0007394,ORD002100,PROD00042,3,851.12,20.29
ITEM0007395,ORD002101,PROD00267,2,5023.39,11.11
ITEM0007396,ORD002101,PROD00107,2,128039.99,19.12
ITEM0007397,ORD002101,PROD00125,-5,3811.77,26.24
ITEM0007398,ORD002102,PROD00168,4,786.46,5.41
ITEM0007399,ORD002103,PROD00108,4,13444.93,13.21
ITEM0007400,ORD002103,PROD00258,4,11131.97,34.2
ITEM0007401,ORD002103,PROD00008,5,2233.33,30.45
ITEM0007402,ORD002103,PROD00058,4,8762.42,15.02
ITEM0007403,ORD002103,PROD00282,3,1528.85,3.61
ITEM0007404,ORD002104,PROD00209,4,48158.17,5.58
ITEM0007405,ORD002104,PROD00123,1,16024.54,31.49
ITEM0007406,ORD002104,PROD00270,1,16051.61,23.64
ITEM0007407,ORD002104,PROD00108,5,13444.93,26.55
ITEM0007408,ORD002104,PROD00092,-5,3453.47,2.39
ITEM0007409,ORD002105,PROD00035,2,7731.0,20.53
ITEM0007410,ORD002105,PROD00227,3,2030.73,7.47
ITEM0007411,ORD002105,PROD00024,5,18935.15,0.35
ITEM0007412,ORD002106,PROD00113,1,14490.24,20.15
ITEM0007413,ORD002106,PROD00229,3,17916.53,6.18
ITEM0007414,ORD002106,PROD00281,2,2777.16,14.67
ITEM0007415,ORD002106,PROD00243,1,19132.03,3.83
ITEM0007416,ORD002107,PROD00142,2,3142.8,6.06
ITEM0007417,ORD002107,PROD00189,5,9958.04,22.98
ITEM0007418,ORD002108,PROD00238,3,10985.44,20.76
ITEM0007419,ORD002109,PROD00010,4,19555.43,8.56
ITEM0007420,ORD002109,PROD00123,5,16024.54,13.03
ITEM0007421,ORD002110,PROD00267,2,5023.39,2.16
ITEM0007422,ORD002110,PROD00293,1,6508.01,26.74
ITEM0007423,ORD002110,PROD00055,3,1893.42,15.44
ITEM0007424,ORD002110,PROD00082,2,4931.74,23.95
ITEM0007425,ORD002110,PROD00215,3,13895.27,27.63
ITEM0007426,ORD002111,PROD00172,1,660.53,9.32
ITEM0007427,ORD002111,PROD00025,1,2571.12,27.84
ITEM0007428,ORD002111,PROD00020,5,70058.39,1.29
ITEM0007429,ORD002111,PROD00186,5,10600.32,27.39
ITEM0007430,ORD002112,PROD00213,2,67924.54,28.8
ITEM0007431,ORD002112,PROD00063,5,4748.54,11.77
ITEM0007432,ORD002112,PROD00193,2,33770.04,30.42
ITEM0007433,ORD002112,PROD00255,1,8717.28,34.8
ITEM0007434,ORD002112,PROD00115,4,3345.82,16.35
ITEM0007435,ORD002112,PROD00203,1,16125.87,30.44
ITEM0007436,ORD002113,PROD00042,5,851.12,14.4
ITEM0007437,ORD002113,PROD00300,5,1163.82,3.07
ITEM0007438,ORD002113,PROD00175,4,5323.61,9.24
ITEM0007439,ORD002113,PROD00141,2,738.47,15.5
ITEM0007440,ORD002113,PROD00263,3,4176.74,26.67
ITEM0007441,ORD002113,PROD00033,2,25099.93,34.89
ITEM0007442,ORD002114,PROD00215,4,13895.27,28.96
ITEM0007443,ORD002114,PROD00273,5,5839.38,2.92
ITEM0007444,ORD002114,PROD00006,5,3286.66,24.14
ITEM0007445,ORD002114,PROD00031,2,14324.32,19.45
ITEM0007446,ORD002114,PROD00057,4,6857.15,31.92
ITEM0007447,ORD002115,PROD00036,1,9080.54,1.17
ITEM0007448,ORD002115,PROD00069,1,1031.99,20.07
ITEM0007449,ORD002115,PROD00271,5,69182.89,25.95
ITEM0007450,ORD002116,PROD00250,2,2595.77,5.2
ITEM0007451,ORD002116,PROD00114,0,129739.16,28.36
ITEM0007452,ORD002116,PROD00166,2,13792.77,1.43
ITEM0007453,ORD002116,PROD00067,3,16473.79,25.98
ITEM0007454,ORD002116,PROD00012,4,16414.48,23.95
ITEM0007455,ORD002117,PROD00129,4,55423.01,22.26
ITEM0007456,ORD002117,PROD00008,2,2233.33,21.24
ITEM0007457,ORD002118,INVALID_PROD_25993,1,44239.81,0.57
ITEM0007458,ORD002118,PROD00087,4,9237.82,4.63
ITEM0007459,ORD002118,PROD00252,2,8369.69,7.49
ITEM0007460,ORD002119,PROD00251,3,37604.62,1.83
ITEM0007461,ORD002119,PROD00197,5,2320.69,31.99
ITEM0007462,ORD002119,PROD00275,3,1589.33,22.69
ITEM0007463,ORD002119,PROD00170,5,12487.59,5.1
ITEM0007464,ORD002119,PROD00123,5,16024.54,15.72
ITEM0007465,ORD002119,PROD00162,3,44239.81,23.5
ITEM0007466,ORD002120,PROD00061,2,168745.97,15.26
ITEM0007467,ORD002120,PROD00037,4,16473.88,7.82
ITEM0007468,ORD002120,PROD00283,1,34928.13,23.98
ITEM0007469,ORD002121,PROD00135,5,973.62,0.53
ITEM0007470,ORD002121,PROD00076,3,117743.14,12.39
ITEM0007471,ORD002121,PROD00252,2,8369.69,128.06
ITEM0007472,ORD002121,PROD00194,1,1718.09,19.19
ITEM0007473,ORD002121,PROD00197,2,2320.69,21.34
ITEM0007474,ORD002121,PROD00022,1,9177.73,116.35
ITEM0007475,ORD002122,PROD00223,4,31608.39,14.65
ITEM0007476,ORD002122,PROD00081,4,14240.57,29.54
ITEM0007477,ORD002122,PROD00082,4,4931.74,23.8
ITEM0007478,ORD002122,PROD00094,1,18989.87,113.57
ITEM0007479,ORD002122,PROD00032,5,15757.18,6.07
ITEM0007480,ORD002122,PROD00087,1,9237.82,6.91
ITEM0007481,ORD002123,PROD00247,5,60305.75,10.16
ITEM0007482,ORD002123,PROD00298,2,1958.18,1.93
ITEM0007483,ORD002123,PROD00202,2,2205.47,20.81
ITEM0007484,ORD002123,PROD00188,3,26614.54,1.73
ITEM0007485,ORD002123,PROD00298,1,1958.18,34.05
ITEM0007486,ORD002124,PROD00027,3,6786.44,4.84
ITEM0007487,ORD002124,PROD00241,1,15219.97,32.03
ITEM0007488,ORD002124,PROD00131,5,2403.64,29.54
ITEM0007489,ORD002124,PROD00201,4,331.81,20.97
ITEM0007490,ORD002124,PROD00079,2,11534.5,0.8
ITEM0007491,ORD002124,PROD00150,2,35744.49,1.39
ITEM0007492,ORD002125,PROD00032,5,15757.18,15.08
ITEM0007493,ORD002125,PROD00131,-2,2403.64,9.56
ITEM0007494,ORD002125,PROD00111,3,8072.67,0.47
ITEM0007495,ORD002125,PROD00090,2,12776.72,9.92
ITEM0007496,ORD002125,PROD00282,1,1528.85,8.76
ITEM0007497,ORD002125,PROD00278,5,48030.22,9.78
ITEM0007498,ORD002126,PROD00291,-5,68752.62,7.83
ITEM0007499,ORD002126,PROD00297,5,1866.66,31.34
ITEM0007500,ORD002127,PROD00283,4,34928.13,29.23
ITEM0007501,ORD002127,PROD00053,4,1294.67,13.58
ITEM0007502,ORD002128,PROD00202,2,2205.47,23.22
ITEM0007503,ORD002128,PROD00238,2,10985.44,19.77
ITEM0007504,ORD002129,PROD00157,3,7028.69,11.73
ITEM0007505,ORD002129,PROD00198,2,88452.16,6.37
ITEM0007506,ORD002129,INVALID_PROD_99061,2,331.81,3.32
ITEM0007507,ORD002130,PROD00153,4,33477.66,17.09
ITEM0007508,ORD002130,PROD00261,5,35880.89,23.95
ITEM0007509,ORD002130,PROD00212,4,18473.59,6.93
ITEM0007510,ORD002131,PROD00283,5,34928.13,12.0
ITEM0007511,ORD002131,PROD00080,3,8705.25,2.05
ITEM0007512,ORD002131,PROD00204,2,56411.49,25.34
ITEM0007513,ORD002131,PROD00016,2,155813.5,7.73
ITEM0007514,ORD002131,PROD00111,1,8072.67,7.42
ITEM0007515,ORD002131,PROD00035,3,7731.0,16.93
ITEM0007516,ORD002132,PROD00137,2,35792.4,21.23
ITEM0007517,ORD002132,PROD00211,2,235.37,15.67
ITEM0007518,ORD002132,PROD00127,1,6869.22,14.96
ITEM0007519,ORD002132,PROD00096,3,15644.62,114.69
ITEM0007520,ORD002133,PROD00135,4,973.62,14.83
ITEM0007521,ORD002133,PROD00010,4,19555.43,5.58
ITEM0007522,ORD002133,PROD00280,4,93322.92,26.6
ITEM0007523,ORD002133,PROD00169,1,8770.94,3.89
ITEM0007524,ORD002133,PROD00276,1,3225.79,14.04
ITEM0007525,ORD002133,PROD00152,4,4664.81,16.2
ITEM0007526,ORD002134,PROD00127,4,6869.22,3.09
ITEM0007527,ORD002135,PROD00069,4,1031.99,14.66
ITEM0007528,ORD002135,PROD00221,1,6476.61,24.6
ITEM0007529,ORD002135,PROD00269,5,2342.42,9.55
ITEM0007530,ORD002136,PROD00220,1,53302.28,11.87
ITEM0007531,ORD002136,PROD00291,1,68752.62,9.32
ITEM0007532,ORD002136,PROD00161,1,89959.13,28.16
ITEM0007533,ORD002137,PROD00201,3,331.81,2.31
ITEM0007534,ORD002137,PROD00008,0,2233.33,10.78
ITEM0007535,ORD002138,PROD00088,1,9502.99,10.94
ITEM0007536,ORD002138,PROD00194,5,1718.09,24.0
ITEM0007537,ORD002138,PROD00118,1,85972.81,6.93
ITEM0007538,ORD002138,PROD00254,4,83824.83,9.29
ITEM0007539,ORD002138,PROD00077,1,949.09,16.9
ITEM0007540,ORD002138,PROD00076,2,117743.14,34.1
ITEM0007541,ORD002139,PROD00002,0,13344.44,25.22
ITEM0007542,ORD002139,PROD00293,1,6508.01,11.71
ITEM0007543,ORD002139,PROD00160,2,4270.13,24.44
ITEM0007544,INVALID_ORD_33561,PROD00073,1,36426.6,30.58
ITEM0007545,ORD002140,PROD00096,3,15644.62,24.6
ITEM0007546,ORD002141,PROD00073,3,36426.6,31.36
ITEM0007547,ORD002142,PROD00063,4,4748.54,6.53
ITEM0007548,ORD002142,PROD00166,0,13792.77,6.83
ITEM0007549,ORD002142,PROD00193,5,33770.04,14.59
ITEM0007550,ORD002142,PROD00282,1,1528.85,14.33
ITEM0007551,ORD002142,PROD00204,5,56411.49,25.35
ITEM0007552,ORD002143,PROD00261,4,35880.89,28.19
ITEM0007553,ORD002143,PROD00197,1,2320.69,4.57
ITEM0007554,ORD002144,PROD00139,2,12429.19,16.61
ITEM0007555,INVALID_ORD_40905,PROD00249,0,90613.5,2.83
ITEM0007556,ORD002144,PROD00183,3,9351.26,30.55
ITEM0007557,ORD002145,PROD00046,1,3348.49,11.15
ITEM0007558,ORD002146,PROD00047,5,1949.22,8.45
ITEM0007559,ORD002146,PROD00207,5,90137.22,29.36
ITEM0007560,ORD002146,PROD00074,4,2883.54,0.15
ITEM0007561,ORD002146,PROD00006,5,3286.66,3.76
ITEM0007562,ORD002147,PROD00159,4,18880.93,32.03
ITEM0007563,ORD002147,PROD00258,2,11131.97,16.6
ITEM0007564,ORD002147,PROD00208,5,11211.45,17.94
ITEM0007565,ORD002148,PROD00001,1,107560.75,30.85
ITEM0007566,ORD002148,PROD00046,5,3348.49,5.95
ITEM0007567,ORD002148,PROD00155,-2,6690.65,6.07
ITEM0007568,ORD002148,PROD00103,1,210.19,17.02
ITEM0007569,ORD002148,PROD00075,5,16738.37,7.66
ITEM0007570,ORD002149,PROD00260,1,51829.61,27.02
ITEM0007571,ORD002149,PROD00224,1,54820.98,19.72
ITEM0007572,ORD002149,PROD00067,1,16473.79,25.87
ITEM0007573,ORD002150,PROD00093,4,799.0,19.48
ITEM0007574,ORD002150,PROD00235,4,9096.22,14.91
ITEM0007575,ORD002150,PROD00288,3,12413.32,34.25
ITEM0007576,ORD002150,PROD00080,1,8705.25,20.81
ITEM0007577,ORD002150,PROD_DUP_764,5,10284.38,7.91
ITEM0007578,ORD002151,INVALID_PROD_64078,5,65694.03,13.76
ITEM0007579,ORD002151,PROD00185,5,88426.11,0.05
ITEM0007580,ORD002152,PROD00147,1,10375.1,19.9
ITEM0007581,ORD002152,PROD00168,1,786.46,0.26
ITEM0007582,ORD002152,PROD00103,2,210.19,24.23
ITEM0007583,ORD002152,PROD00299,5,5860.91,30.35
ITEM0007584,ORD002153,PROD00125,4,3811.77,13.62
ITEM0007585,ORD002153,PROD00281,5,2777.16,129.07
ITEM0007586,ORD002153,PROD00083,1,56427.07,21.89
ITEM0007587,ORD002153,PROD00033,5,25099.93,31.45
ITEM0007588,ORD002153,PROD00017,4,42741.8,26.44
ITEM0007589,ORD002154,PROD00188,1,26614.54,12.71
ITEM0007590,ORD002154,PROD00258,4,11131.97,17.15
ITEM0007591,ORD002154,PROD00294,1,12314.4,28.37
ITEM0007592,ORD002155,PROD00273,3,5839.38,16.13
ITEM0007593,ORD002155,PROD00047,2,1949.22,34.03
ITEM0007594,ORD002155,PROD00167,5,15629.7,20.64
ITEM0007595,ORD002155,PROD00133,4,16317.65,19.8
ITEM0007596,ORD002155,PROD00298,2,1958.18,3.23
ITEM0007597,ORD002156,PROD00192,2,9826.54,30.05
ITEM0007598,ORD002156,PROD00030,1,46619.52,8.12
ITEM0007599,ORD002156,PROD00056,3,64832.21,28.7
ITEM0007600,ORD002156,PROD00215,4,13895.27,20.78
ITEM0007601,ORD002156,PROD00131,1,2403.64,28.86
ITEM0007602,ORD002156,PROD00024,2,18935.15,15.16
ITEM0007603,ORD002157,PROD00112,2,958.5,0.64
ITEM0007604,ORD002157,PROD00277,3,10462.69,4.53
ITEM0007605,ORD002157,PROD00170,3,12487.59,3.68
ITEM0007606,ORD002157,PROD00100,4,9419.26,24.62
ITEM0007607,ORD002157,PROD00237,0,3389.65,32.96
ITEM0007608,ORD002158,PROD00142,2,3142.8,2.66
ITEM0007609,ORD002158,PROD00070,1,70038.79,23.78
ITEM0007610,ORD002159,PROD00292,3,148693.56,30.05
ITEM0007611,ORD002159,PROD00062,5,1755.31,29.84
ITEM0007612,ORD002159,PROD00093,5,799.0,34.17
ITEM0007613,ORD002159,PROD00129,1,55423.01,14.34
ITEM0007614,ORD002159,PROD00016,2,155813.5,11.97
ITEM0007615,ORD002160,PROD00013,2,1794.74,6.71
ITEM0007616,ORD002160,PROD00109,3,9016.47,16.81
ITEM0007617,ORD002160,PROD00268,4,247.24,8.5
ITEM0007618,ORD002160,PROD00283,5,34928.13,6.55
ITEM0007619,ORD002161,PROD00158,4,255.24,9.96
ITEM0007620,ORD002161,PROD00132,1,1220.54,27.83
ITEM0007621,ORD002161,PROD00112,3,958.5,4.3
ITEM0007622,ORD002161,PROD00091,-5,922.64,6.24
ITEM0007623,ORD002161,PROD00103,5,210.19,26.86
ITEM0007624,ORD002162,PROD00257,1,31755.6,16.03
ITEM0007625,ORD002162,PROD00198,3,88452.16,2.75
ITEM0007626,ORD002162,PROD00215,-5,13895.27,13.02
ITEM0007627,ORD002163,PROD00293,4,6508.01,31.25
ITEM0007628,ORD002164,PROD00270,1,16051.61,32.49
ITEM0007629,ORD002164,PROD00102,5,20526.64,17.8
ITEM0007630,ORD002164,PROD00041,4,13175.99,33.95
ITEM0007631,ORD002164,PROD00286,5,11352.93,3.35
ITEM0007632,ORD002164,PROD00087,5,9237.82,0.87
ITEM0007633,ORD002165,PROD00242,4,49321.02,2.34
ITEM0007634,ORD002165,PROD00190,1,4989.53,33.46
ITEM0007635,ORD002165,PROD00125,2,3811.77,15.48
ITEM0007636,ORD002165,PROD00059,1,1558.61,24.17
ITEM0007637,ORD002165,PROD00040,1,6724.73,21.54
ITEM0007638,ORD002166,PROD00005,5,938.76,22.92
ITEM0007639,ORD002166,PROD00056,1,64832.21,33.75
ITEM0007640,ORD002166,PROD00122,5,1085.5,3.76
ITEM0007641,ORD002166,PROD00174,-3,6796.1,24.01
ITEM0007642,ORD002167,PROD00101,3,90820.31,20.42
ITEM0007643,ORD002167,PROD00236,1,38161.26,21.71
ITEM0007644,ORD002168,PROD00252,4,8369.69,20.48
ITEM0007645,ORD002168,PROD00102,1,20526.64,6.18
ITEM0007646,ORD002168,PROD00130,5,11592.7,16.79
ITEM0007647,ORD002168,PROD00126,4,14276.93,14.05
ITEM0007648,ORD002168,PROD00282,2,1528.85,2.04
ITEM0007649,ORD002168,PROD00074,0,2883.54,4.15
ITEM0007650,ORD002169,PROD00285,5,87613.3,1.46
ITEM0007651,ORD002169,PROD00027,1,6786.44,13.77
ITEM0007652,ORD002169,PROD00266,3,150138.51,30.54
ITEM0007653,ORD002170,PROD00042,1,851.12,28.98
ITEM0007654,ORD002170,PROD00253,2,30181.5,8.67
ITEM0007655,ORD002170,PROD00077,2,949.09,23.56
ITEM0007656,ORD002170,PROD00149,3,737.02,12.42
ITEM0007657,ORD002171,PROD00056,-2,64832.21,17.47
ITEM0007658,ORD002172,PROD00040,4,6724.73,4.0
ITEM0007659,ORD002172,PROD00174,1,6796.1,5.85
ITEM0007660,ORD002172,PROD00170,4,12487.59,27.28
ITEM0007661,ORD002172,PROD00163,5,49503.31,31.64
ITEM0007662,ORD002172,PROD00084,4,49768.99,12.53
ITEM0007663,ORD002173,PROD00149,2,737.02,4.99
ITEM0007664,ORD002173,PROD00004,5,945.43,32.79
ITEM0007665,ORD002174,PROD00198,2,88452.16,25.06
ITEM0007666,ORD002174,PROD00174,1,6796.1,23.19
ITEM0007667,ORD002175,PROD00163,2,49503.31,33.1
ITEM0007668,ORD002175,PROD00027,5,6786.44,28.99
ITEM0007669,ORD002175,PROD00246,2,49840.91,21.96
ITEM0007670,ORD002176,PROD00177,3,2661.74,30.08
ITEM0007671,ORD002177,PROD00092,5,3453.47,13.98
ITEM0007672,ORD002177,PROD00057,4,6857.15,22.51
ITEM0007673,ORD002177,PROD00031,4,14324.32,23.96
ITEM0007674,ORD002177,PROD00219,1,916.28,30.18
ITEM0007675,ORD002177,PROD00033,2,25099.93,4.79
ITEM0007676,ORD002178,PROD00252,2,8369.69,10.9
ITEM0007677,ORD002178,PROD00147,5,10375.1,7.96
ITEM0007678,ORD002178,PROD00293,-5,6508.01,4.5
ITEM0007679,ORD002179,PROD00289,1,1903.39,25.65
ITEM0007680,ORD002180,PROD00047,2,1949.22,28.25
ITEM0007681,ORD002180,PROD00041,3,13175.99,21.16
ITEM0007682,ORD002180,PROD00063,1,4748.54,0.17
ITEM0007683,ORD002180,PROD00290,2,41413.51,23.56
ITEM0007684,ORD002180,PROD00249,4,90613.5,3.82
ITEM0007685,ORD002181,PROD00137,2,35792.4,2.77
ITEM0007686,ORD002181,PROD00213,5,67924.54,29.96
ITEM0007687,ORD002181,PROD00190,4,4989.53,24.61
ITEM0007688,ORD002181,PROD00113,3,14490.24,16.34
ITEM0007689,ORD002181,PROD00162,-3,44239.81,28.69
ITEM0007690,ORD002182,PROD00036,-1,9080.54,17.03
ITEM0007691,ORD002182,PROD00167,-3,15629.7,29.11
ITEM0007692,ORD002182,PROD00089,5,14553.94,10.13
ITEM0007693,ORD002183,PROD00231,2,2536.84,19.38
ITEM0007694,ORD002183,PROD00190,5,4989.53,15.1
ITEM0007695,ORD002183,PROD00192,3,9826.54,8.74
ITEM0007696,ORD002183,PROD00237,2,3389.65,15.99
ITEM0007697,ORD002183,PROD00081,5,14240.57,17.75
ITEM0007698,ORD002184,PROD00013,3,1794.74,19.93
ITEM0007699,ORD002184,PROD00113,3,14490.24,28.94
ITEM0007700,ORD002184,PROD00009,1,11170.3,25.97
ITEM0007701,ORD002185,PROD00072,4,6009.58,18.84
ITEM0007702,ORD002185,PROD00153,5,33477.66,14.16
ITEM0007703,ORD002186,PROD00263,1,4176.74,31.58
ITEM0007704,ORD002186,PROD00045,2,65694.03,20.99
ITEM0007705,ORD002186,PROD00206,1,17398.64,1.93
ITEM0007706,ORD002187,PROD00156,3,263.76,23.17
ITEM0007707,ORD002187,PROD00134,3,281.46,2.66
ITEM0007708,ORD002187,PROD00008,5,2233.33,12.6
ITEM0007709,ORD002187,PROD00020,2,70058.39,27.65
ITEM0007710,ORD002188,PROD00049,5,8241.32,0.69
ITEM0007711,ORD002188,PROD00142,4,3142.8,31.55
ITEM0007712,ORD002188,PROD00273,5,5839.38,18.11
ITEM0007713,ORD002189,PROD00158,3,255.24,34.61
ITEM0007714,ORD002190,PROD00174,4,6796.1,17.73
ITEM0007715,ORD002190,PROD00138,1,14451.36,21.08
ITEM0007716,ORD002190,PROD00228,0,12035.67,23.05
ITEM0007717,ORD002190,PROD00082,1,4931.74,0.87
ITEM0007718,ORD002190,PROD00167,1,15629.7,16.92
ITEM0007719,ORD002190,PROD00147,5,10375.1,26.73
ITEM0007720,ORD002191,PROD00276,5,3225.79,8.2
ITEM0007721,ORD002191,PROD00124,5,31585.25,22.44
ITEM0007722,ORD002191,PROD00262,1,2761.19,24.16
ITEM0007723,ORD002191,PROD00046,-4,3348.49,20.5
ITEM0007724,ORD002192,PROD00166,4,13792.77,8.92
ITEM0007725,ORD002192,PROD00014,4,10284.38,3.45
ITEM0007726,ORD002192,PROD00171,2,1587.59,14.5
ITEM0007727,ORD002192,PROD00203,5,16125.87,6.48
ITEM0007728,ORD002192,PROD00063,2,4748.54,16.85
ITEM0007729,ORD002193,PROD00204,5,56411.49,30.73
ITEM0007730,ORD002193,PROD00037,1,16473.88,17.59
ITEM0007731,ORD002194,PROD00283,4,34928.13,17.52
ITEM0007732,ORD002194,PROD00191,2,18482.44,13.26
ITEM0007733,ORD002194,PROD00225,0,525.71,31.51
ITEM0007734,ORD002194,PROD00063,1,4748.54,13.32
ITEM0007735,ORD002195,PROD00184,2,99913.97,34.27
ITEM0007736,ORD002196,PROD00072,4,6009.58,26.9
ITEM0007737,ORD002196,PROD00300,4,1163.82,14.39
ITEM0007738,ORD002196,PROD00293,1,6508.01,6.12
ITEM0007739,ORD002197,PROD00205,1,6001.17,17.36
ITEM0007740,ORD002198,PROD00218,3,808.31,19.8
ITEM0007741,ORD002198,PROD00247,1,60305.75,3.32
ITEM0007742,ORD002198,PROD00052,1,8276.3,22.32
ITEM0007743,ORD002198,PROD00036,5,9080.54,23.04
ITEM0007744,ORD002198,PROD00011,5,53479.92,143.54
ITEM0007745,ORD002198,PROD00149,2,737.02,32.94
ITEM0007746,ORD002199,PROD00066,2,5087.99,22.73
ITEM0007747,ORD002199,PROD00127,3,6869.22,6.94
ITEM0007748,ORD002200,PROD00249,2,90613.5,4.58
ITEM0007749,ORD002200,PROD00200,3,23481.36,24.6
ITEM0007750,ORD002200,PROD00190,1,4989.53,34.35
ITEM0007751,ORD002201,PROD00198,4,88452.16,15.21
ITEM0007752,ORD002201,PROD00047,2,1949.22,25.82
ITEM0007753,ORD002201,PROD00288,2,12413.32,20.75
ITEM0007754,ORD002201,PROD00169,4,8770.94,0.87
ITEM0007755,ORD002201,PROD00119,2,1779.27,22.27
ITEM0007756,ORD002201,PROD00223,2,31608.39,2.47
ITEM0007757,ORD002202,PROD00267,2,5023.39,1.43
ITEM0007758,ORD002202,PROD00091,4,922.64,25.08
ITEM0007759,ORD002202,PROD00092,5,3453.47,13.14
ITEM0007760,ORD002202,PROD00135,3,973.62,24.4
ITEM0007761,ORD002202,PROD00197,3,2320.69,7.58
ITEM0007762,ORD002203,PROD00085,4,3944.47,13.26
ITEM0007763,ORD002203,PROD00281,2,2777.16,21.54
ITEM0007764,ORD002204,PROD00170,2,12487.59,10.59
ITEM0007765,ORD002205,PROD00075,4,16738.37,21.05
ITEM0007766,ORD002205,PROD00259,5,32817.74,14.04
ITEM0007767,ORD002205,PROD00020,5,70058.39,32.07
ITEM0007768,ORD002206,PROD00272,2,43464.46,140.69
ITEM0007769,ORD002206,PROD00201,4,331.81,12.51
ITEM0007770,ORD002206,PROD00005,4,938.76,1.84
ITEM0007771,ORD002206,PROD00111,4,8072.67,0.29
ITEM0007772,ORD002206,PROD00185,4,88426.11,14.17
ITEM0007773,ORD002207,PROD00170,5,12487.59,19.03
ITEM0007774,ORD002207,PROD00052,2,8276.3,21.06
ITEM0007775,ORD002208,PROD00129,1,55423.01,22.35
ITEM0007776,ORD002208,PROD00129,2,55423.01,31.98
ITEM0007777,ORD002208,PROD00077,3,949.09,12.4
ITEM0007778,ORD002209,PROD00135,-2,973.62,0.99
ITEM0007779,ORD002209,PROD00046,1,3348.49,21.34
ITEM0007780,ORD002209,PROD00191,3,18482.44,20.9
ITEM0007781,ORD002209,PROD00113,3,14490.24,33.49
ITEM0007782,ORD002209,PROD00212,5,18473.59,17.8
ITEM0007783,ORD002209,PROD00044,2,36733.67,21.05
ITEM0007784,ORD002210,PROD00044,5,36733.67,18.84
ITEM0007785,ORD002210,PROD00123,2,16024.54,12.09
ITEM0007786,ORD002210,PROD00231,4,2536.84,4.58
ITEM0007787,ORD002211,PROD00079,2,11534.5,15.2
ITEM0007788,ORD002211,PROD00234,1,491.09,18.69
ITEM0007789,ORD002211,PROD00176,1,10514.42,9.48
ITEM0007790,ORD002211,PROD00282,2,1528.85,3.21
ITEM0007791,ORD002211,PROD00222,5,529.14,12.89
ITEM0007792,ORD002211,PROD00204,-3,56411.49,30.85
ITEM0007793,ORD002212,PROD00203,3,16125.87,130.43
ITEM0007794,ORD002212,PROD00173,1,77771.82,17.48
ITEM0007795,ORD002212,PROD00167,1,15629.7,8.66
ITEM0007796,ORD002213,PROD00079,5,11534.5,26.88
ITEM0007797,ORD002213,PROD00177,2,2661.74,6.67
ITEM0007798,ORD002214,PROD00287,3,1349.9,34.68
ITEM0007799,ORD002214,PROD00048,5,74181.94,15.1
ITEM0007800,ORD002214,PROD00023,3,13941.86,11.8
ITEM0007801,ORD002215,PROD00300,4,1163.82,3.06
ITEM0007802,ORD002215,PROD00084,1,49768.99,17.85
ITEM0007803,ORD002215,PROD00082,5,4931.74,1.26
ITEM0007804,ORD002215,PROD00271,3,69182.89,29.2
ITEM0007805,ORD002215,PROD00120,2,1922.05,11.7
ITEM0007806,ORD002215,PROD00163,3,49503.31,15.94
ITEM0007807,INVALID_ORD_82393,PROD00193,1,33770.04,27.7
ITEM0007808,ORD002216,PROD00286,4,11352.93,33.69
ITEM0007809,ORD002216,PROD00251,2,37604.62,12.88
ITEM0007810,ORD002216,PROD00019,-3,39804.94,4.76
ITEM0007811,ORD002217,PROD00071,-3,6126.45,27.25
ITEM0007812,ORD002217,PROD00112,4,958.5,11.52
ITEM0007813,ORD002217,PROD00025,2,2571.12,28.7
ITEM0007814,ORD002217,PROD00190,2,4989.53,8.95
ITEM0007815,ORD002217,PROD00121,3,79730.15,26.52
ITEM0007816,ORD002218,PROD00099,4,10679.39,136.91
ITEM0007817,ORD002218,PROD00108,2,13444.93,10.6
ITEM0007818,ORD002218,PROD00013,1,1794.74,10.11
ITEM0007819,ORD002218,PROD00095,2,56114.19,28.04
ITEM0007820,ORD002218,PROD00257,1,31755.6,9.66
ITEM0007821,ORD002219,PROD00240,4,56530.69,30.22
ITEM0007822,ORD002219,PROD00135,3,973.62,34.82
ITEM0007823,ORD002219,PROD00075,5,16738.37,12.87
ITEM0007824,ORD002220,PROD00148,5,46265.49,17.37
ITEM0007825,ORD002220,PROD00187,3,8729.44,27.07
ITEM0007826,ORD002220,PROD00296,3,75276.41,142.02
ITEM0007827,ORD002220,PROD00225,1,525.71,11.75
ITEM0007828,ORD002220,PROD00057,4,6857.15,17.67
ITEM0007829,ORD002221,PROD00142,4,3142.8,29.54
ITEM0007830,ORD002221,PROD00197,3,2320.69,6.44
ITEM0007831,ORD002221,PROD00219,2,916.28,2.78
ITEM0007832,ORD002222,PROD00031,5,14324.32,4.93
ITEM0007833,ORD002222,PROD00150,5,35744.49,28.19
ITEM0007834,ORD002222,PROD00159,5,18880.93,10.11
ITEM0007835,ORD002222,PROD00224,3,54820.98,11.19
ITEM0007836,ORD002222,PROD00021,3,1935.05,9.51
ITEM0007837,ORD002222,PROD00170,5,12487.59,4.28
ITEM0007838,ORD002223,PROD00073,2,36426.6,25.91
ITEM0007839,ORD002223,PROD00288,5,12413.32,2.99
ITEM0007840,ORD002224,PROD00181,1,34804.16,21.26
ITEM0007841,ORD002224,PROD00032,5,15757.18,4.11
ITEM0007842,ORD002224,PROD00143,5,9888.94,10.58
ITEM0007843,ORD002225,PROD00296,0,75276.41,24.98
ITEM0007844,ORD002225,PROD00255,5,8717.28,0.55
ITEM0007845,ORD002225,PROD00122,3,1085.5,9.42
ITEM0007846,ORD002225,PROD00259,3,32817.74,17.65
ITEM0007847,ORD002226,PROD00040,3,6724.73,10.44
ITEM0007848,ORD002226,PROD00251,2,37604.62,31.85
ITEM0007849,ORD002226,PROD00070,1,70038.79,14.17
ITEM0007850,ORD002227,PROD00118,4,85972.81,26.78
ITEM0007851,ORD002227,PROD00094,5,18989.87,21.98
ITEM0007852,ORD002227,PROD00261,3,35880.89,12.98
ITEM0007853,ORD002227,PROD00165,4,5849.47,20.14
ITEM0007854,ORD002228,PROD00084,5,49768.99,18.49
ITEM0007855,ORD002228,PROD00055,5,1893.42,17.53
ITEM0007856,ORD002229,PROD00184,2,99913.97,29.28
ITEM0007857,ORD002229,PROD00100,3,9419.26,31.47
ITEM0007858,ORD002229,PROD00198,5,88452.16,31.64
ITEM0007859,ORD002229,PROD00070,-4,70038.79,26.28
ITEM0007860,ORD002230,PROD00062,1,1755.31,30.87
ITEM0007861,ORD002230,PROD00198,2,88452.16,24.96
ITEM0007862,ORD002230,PROD00287,3,1349.9,0.77
ITEM0007863,ORD002230,PROD00155,2,6690.65,25.4
ITEM0007864,ORD002230,PROD00142,3,3142.8,13.0
ITEM0007865,ORD002230,PROD00057,1,6857.15,15.1
ITEM0007866,ORD002231,PROD00017,-2,42741.8,22.74
ITEM0007867,ORD002231,PROD00132,1,1220.54,33.0
ITEM0007868,ORD002231,PROD00211,1,235.37,0.01
ITEM0007869,ORD002231,PROD00161,1,89959.13,1.09
ITEM0007870,ORD002231,PROD00278,5,48030.22,2.98
ITEM0007871,ORD002231,PROD00070,4,70038.79,33.01
ITEM0007872,ORD002232,PROD00066,4,5087.99,32.52
ITEM0007873,ORD002232,PROD00094,4,18989.87,31.63
ITEM0007874,ORD002232,PROD00060,1,14823.48,9.5
ITEM0007875,ORD002232,PROD00180,2,45620.93,30.21
ITEM0007876,ORD002232,PROD00109,3,9016.47,32.44
ITEM0007877,ORD002233,PROD00284,5,3583.48,7.42
ITEM0007878,ORD002233,PROD00253,4,30181.5,10.46
ITEM0007879,ORD002233,PROD_DUP_765,4,60305.75,26.31
ITEM0007880,ORD002233,PROD00037,1,16473.88,25.6
ITEM0007881,ORD002233,PROD00133,4,16317.65,7.59
ITEM0007882,ORD002233,PROD00115,1,3345.82,33.78
ITEM0007883,ORD002234,PROD00236,4,38161.26,10.25
ITEM0007884,ORD002234,PROD00156,5,263.76,15.06
ITEM0007885,ORD002234,PROD00219,2,916.28,10.37
ITEM0007886,ORD002234,PROD00151,3,75177.2,12.11
ITEM0007887,ORD002234,PROD00058,4,8762.42,6.98
ITEM0007888,ORD002234,PROD00092,1,3453.47,16.36
ITEM0007889,ORD002235,PROD00017,2,42741.8,11.41
ITEM0007890,ORD002235,PROD00005,2,938.76,32.55
ITEM0007891,ORD002235,PROD00089,3,14553.94,33.54
ITEM0007892,ORD002235,PROD00271,5,69182.89,26.14
ITEM0007893,ORD002235,PROD00008,3,2233.33,28.78
ITEM0007894,ORD002236,PROD00126,4,14276.93,6.78
ITEM0007895,ORD002237,PROD00186,2,10600.32,33.46
ITEM0007896,ORD002237,PROD00162,-5,44239.81,24.38
ITEM0007897,ORD002237,PROD00077,1,949.09,5.89
ITEM0007898,ORD002237,PROD00204,5,56411.49,28.42
ITEM0007899,ORD002237,PROD00081,1,14240.57,17.16
ITEM0007900,ORD002238,PROD00006,2,3286.66,11.21
ITEM0007901,INVALID_ORD_20555,PROD00011,2,53479.92,25.09
ITEM0007902,ORD002239,PROD00012,2,16414.48,6.51
ITEM0007903,ORD002240,PROD00029,4,12387.11,128.37
ITEM0007904,ORD002240,PROD00069,3,1031.99,28.32
ITEM0007905,ORD002240,PROD00174,5,6796.1,24.08
ITEM0007906,ORD002240,PROD00140,2,10466.68,21.71
ITEM0007907,ORD002240,PROD00098,5,101886.16,30.03
ITEM0007908,ORD002241,PROD00263,4,4176.74,34.83
ITEM0007909,ORD002242,PROD00043,4,5667.41,6.63
ITEM0007910,ORD002242,PROD00060,1,14823.48,22.67
ITEM0007911,ORD002243,PROD00185,3,88426.11,25.71
ITEM0007912,ORD002243,PROD00031,5,14324.32,17.28
ITEM0007913,ORD002243,PROD00064,4,6397.09,31.54
ITEM0007914,ORD002243,PROD00089,2,14553.94,33.6
ITEM0007915,ORD002243,PROD00137,3,35792.4,33.87
ITEM0007916,ORD002243,PROD00065,5,10942.37,0.72
ITEM0007917,ORD002244,PROD00244,4,358.32,29.93
ITEM0007918,ORD002244,PROD00164,2,136789.18,0.82
ITEM0007919,ORD002245,PROD00249,2,90613.5,29.91
ITEM0007920,ORD002245,PROD00235,5,9096.22,17.22
ITEM0007921,ORD002245,PROD00233,5,5457.87,11.91
ITEM0007922,ORD002245,PROD00105,1,16922.48,13.06
ITEM0007923,ORD002246,PROD00119,4,1779.27,21.62
ITEM0007924,ORD002246,PROD00282,2,1528.85,20.59
ITEM0007925,ORD002246,PROD00076,1,117743.14,6.51
ITEM0007926,ORD002246,PROD00120,1,1922.05,23.18
ITEM0007927,ORD002246,PROD00018,3,57851.82,34.34
ITEM0007928,INVALID_ORD_58274,PROD00248,5,13070.96,17.78
ITEM0007929,ORD002247,PROD00286,5,11352.93,15.54
ITEM0007930,ORD002247,PROD00287,3,1349.9,7.72
ITEM0007931,ORD002247,PROD00052,1,8276.3,31.25
ITEM0007932,ORD002247,PROD00012,5,16414.48,17.26
ITEM0007933,ORD002247,PROD00206,1,17398.64,28.82
ITEM0007934,ORD002247,PROD00258,1,11131.97,24.31
ITEM0007935,ORD002248,PROD00194,-5,1718.09,20.26
ITEM0007936,ORD002248,PROD00111,1,8072.67,20.34
ITEM0007937,ORD002248,PROD00259,1,32817.74,0.07
ITEM0007938,ORD002248,PROD00295,1,6438.13,20.52
ITEM0007939,ORD002249,PROD00082,1,4931.74,33.21
ITEM0007940,ORD002249,PROD00028,3,59359.69,19.84
ITEM0007941,ORD002249,PROD00018,3,57851.82,10.41
ITEM0007942,ORD002249,PROD00113,1,14490.24,21.92
ITEM0007943,ORD002249,PROD00015,3,3631.08,2.57
ITEM0007944,ORD002250,PROD00165,2,5849.47,10.27
ITEM0007945,ORD002250,PROD00127,4,6869.22,26.85
ITEM0007946,ORD002251,PROD00136,5,15602.8,6.28
ITEM0007947,ORD002251,PROD00159,2,18880.93,27.34
ITEM0007948,ORD002251,PROD00205,1,6001.17,14.19
ITEM0007949,ORD002251,PROD00273,3,5839.38,7.8
ITEM0007950,ORD002251,PROD00283,0,34928.13,33.79
ITEM0007951,ORD002252,PROD00241,5,15219.97,4.53
ITEM0007952,ORD002252,PROD00041,1,13175.99,0.69
ITEM0007953,ORD002253,PROD00291,2,68752.62,26.61
ITEM0007954,ORD002253,PROD00058,1,8762.42,34.21
ITEM0007955,ORD002253,PROD00017,1,42741.8,1.98
ITEM0007956,ORD002253,PROD00019,1,39804.94,30.3
ITEM0007957,ORD002253,PROD00227,4,2030.73,32.23
ITEM0007958,ORD002254,PROD00066,3,5087.99,9.82
ITEM0007959,ORD002254,PROD00273,2,5839.38,0.91
ITEM0007960,ORD002254,PROD00137,1,35792.4,31.76
ITEM0007961,ORD002254,PROD00240,5,56530.69,10.37
ITEM0007962,ORD002254,PROD00118,2,85972.81,12.49
ITEM0007963,ORD002255,PROD00089,4,14553.94,25.43
ITEM0007964,ORD002256,PROD00171,3,1587.59,27.07
ITEM0007965,ORD002256,PROD00240,4,56530.69,2.41
ITEM0007966,ORD002256,PROD00216,5,4233.5,20.14
ITEM0007967,ORD002256,PROD00236,3,38161.26,21.9
ITEM0007968,ORD002256,PROD00096,1,15644.62,29.97
ITEM0007969,ORD002256,PROD00077,1,949.09,9.3
ITEM0007970,ORD002257,PROD00141,5,738.47,31.94
ITEM0007971,ORD002257,PROD00042,3,851.12,17.04
ITEM0007972,ORD002257,PROD00058,4,8762.42,17.69
ITEM0007973,ORD002257,PROD00210,4,116861.98,30.17
ITEM0007974,ORD002258,PROD00278,2,48030.22,29.75
ITEM0007975,ORD002258,PROD00152,4,4664.81,3.66
ITEM0007976,ORD002258,PROD00151,1,75177.2,34.64
ITEM0007977,ORD002258,PROD00174,-4,6796.1,33.72
ITEM0007978,ORD002258,PROD00170,4,12487.59,34.67
ITEM0007979,ORD002258,PROD00220,1,53302.28,19.57
ITEM0007980,ORD002259,PROD00071,5,6126.45,18.44
ITEM0007981,ORD002259,PROD00065,2,10942.37,8.05
ITEM0007982,ORD002259,PROD00092,2,3453.47,5.46
ITEM0007983,ORD002260,PROD00253,5,30181.5,5.74
ITEM0007984,ORD002260,PROD00288,5,12413.32,20.19
ITEM0007985,ORD002260,PROD00125,5,3811.77,13.06
ITEM0007986,ORD002260,PROD00126,3,14276.93,18.04
ITEM0007987,ORD002260,PROD00051,0,14882.87,9.88
ITEM0007988,ORD002261,PROD00012,1,16414.48,9.91
ITEM0007989,ORD002261,PROD00135,5,973.62,13.06
ITEM0007990,ORD002261,PROD00198,2,88452.16,0.48
ITEM0007991,ORD002261,PROD00285,2,87613.3,9.92
ITEM0007992,ORD002262,PROD00258,3,11131.97,12.77
ITEM0007993,ORD002262,PROD00035,3,7731.0,10.1
ITEM0007994,ORD002262,PROD00196,4,19028.45,9.85
ITEM0007995,ORD002262,PROD00262,5,2761.19,7.6
ITEM0007996,ORD002263,PROD00001,3,107560.75,25.17
ITEM0007997,ORD002264,PROD00186,2,10600.32,25.71
ITEM0007998,ORD002264,PROD00070,3,70038.79,30.83
ITEM0007999,ORD002264,PROD00002,4,13344.44,25.25
ITEM0008000,ORD002264,PROD00033,5,25099.93,28.89
ITEM0008001,ORD002264,PROD00008,4,2233.33,10.39
ITEM0008002,ORD002264,PROD00055,1,1893.42,3.06
ITEM0008003,ORD002265,PROD00015,5,3631.08,18.69
ITEM0008004,ORD002265,PROD00100,5,9419.26,20.49
ITEM0008005,ORD002265,PROD00150,5,35744.49,14.27
ITEM0008006,ORD002265,PROD00095,4,56114.19,2.44
ITEM0008007,ORD002265,PROD00113,2,14490.24,22.52
ITEM0008008,ORD002265,PROD00071,3,6126.45,19.05
ITEM0008009,ORD002266,PROD00093,4,799.0,20.86
ITEM0008010,ORD002266,PROD00252,3,8369.69,3.5
ITEM0008011,ORD002266,PROD00061,4,168745.97,30.29
ITEM0008012,ORD002266,PROD00286,2,11352.93,32.2
ITEM0008013,ORD002266,PROD00300,3,1163.82,21.49
ITEM0008014,ORD002266,PROD00167,2,15629.7,27.25
ITEM0008015,ORD002267,PROD00139,5,12429.19,22.12
ITEM0008016,ORD002267,PROD00034,0,2479.77,0.24
ITEM0008017,ORD002267,PROD00274,4,3119.83,145.63
ITEM0008018,ORD002267,PROD00158,4,255.24,20.72
ITEM0008019,ORD002267,PROD00196,4,19028.45,33.55
ITEM0008020,ORD002267,PROD00261,1,35880.89,133.18
ITEM0008021,ORD002268,PROD00114,1,129739.16,27.63
ITEM0008022,ORD002268,PROD00144,5,35676.4,12.27
ITEM0008023,ORD002268,PROD00254,4,83824.83,33.19
ITEM0008024,ORD002268,PROD00249,3,90613.5,1.04
ITEM0008025,ORD002269,PROD00299,5,5860.91,31.39
ITEM0008026,ORD002270,PROD00072,3,6009.58,3.67
ITEM0008027,ORD002270,PROD00086,3,13674.52,19.42
ITEM0008028,ORD002270,PROD00068,4,15259.49,33.68
ITEM0008029,ORD002270,PROD00256,1,19894.86,8.92
ITEM0008030,ORD002270,PROD00042,4,851.12,116.02
ITEM0008031,ORD002271,PROD00186,5,10600.32,6.69
ITEM0008032,ORD002271,PROD00006,3,3286.66,27.26
ITEM0008033,ORD002271,PROD00137,2,35792.4,26.05
ITEM0008034,ORD002271,PROD00251,3,37604.62,12.08
ITEM0008035,ORD002271,PROD00096,2,15644.62,0.3
ITEM0008036,ORD002271,PROD00129,2,55423.01,20.47
ITEM0008037,ORD002272,PROD00113,2,14490.24,4.55
ITEM0008038,ORD002272,PROD00185,5,88426.11,28.03
ITEM0008039,ORD002272,PROD00261,5,35880.89,25.74
ITEM0008040,ORD002272,PROD00262,2,2761.19,23.14
ITEM0008041,ORD002272,PROD00008,5,2233.33,12.99
ITEM0008042,ORD002272,PROD00072,3,6009.58,26.57
ITEM0008043,ORD002273,PROD00147,1,10375.1,9.63
ITEM0008044,ORD002273,PROD00293,3,6508.01,30.22
ITEM0008045,ORD002273,PROD00152,4,4664.81,10.84
ITEM0008046,ORD002273,PROD00297,5,1866.66,24.19
ITEM0008047,ORD002273,PROD00024,4,18935.15,1.78
ITEM0008048,ORD002274,PROD00258,1,11131.97,17.8
ITEM0008049,ORD002275,PROD00253,2,30181.5,1.09
ITEM0008050,ORD002275,PROD00173,2,77771.82,2.57
ITEM0008051,ORD002276,PROD00062,5,1755.31,32.72
ITEM0008052,ORD002277,PROD00228,2,12035.67,7.15
ITEM0008053,ORD002278,PROD00279,-1,13479.28,26.74
ITEM0008054,ORD002278,PROD00154,1,15820.26,16.58
ITEM0008055,ORD002278,PROD00016,2,155813.5,1.02
ITEM0008056,ORD002278,PROD00230,2,14806.16,33.79
ITEM0008057,ORD002278,PROD00090,2,12776.72,28.21
ITEM0008058,ORD002278,PROD00003,5,47677.98,9.96
ITEM0008059,ORD002279,PROD00286,1,11352.93,27.97
ITEM0008060,ORD002280,PROD00150,2,35744.49,33.6
ITEM0008061,ORD002280,PROD00105,1,16922.48,31.16
ITEM0008062,ORD002280,PROD00161,2,89959.13,22.48
ITEM0008063,ORD002280,PROD00010,3,19555.43,27.62
ITEM0008064,ORD002280,PROD00051,5,14882.87,31.85
ITEM0008065,INVALID_ORD_29384,PROD00072,3,6009.58,31.16
ITEM0008066,ORD002281,PROD00122,2,1085.5,8.95
ITEM0008067,ORD002281,PROD00142,3,3142.8,29.86
ITEM0008068,ORD002281,PROD00286,4,11352.93,14.33
ITEM0008069,ORD002281,PROD00250,1,2595.77,2.74
ITEM0008070,ORD002282,PROD00215,4,13895.27,21.35
ITEM0008071,ORD002283,PROD00051,1,14882.87,29.11
ITEM0008072,ORD002283,PROD00268,5,247.24,30.43
ITEM0008073,ORD002283,PROD00026,4,19557.07,8.22
ITEM0008074,ORD002283,PROD00122,5,1085.5,6.31
ITEM0008075,ORD002283,PROD00004,2,945.43,32.53
ITEM0008076,ORD002284,PROD00270,3,16051.61,24.63
ITEM0008077,ORD002284,PROD00121,2,79730.15,15.67
ITEM0008078,ORD002284,PROD00232,5,20147.3,13.99
ITEM0008079,ORD002284,PROD00233,4,5457.87,13.83
ITEM0008080,ORD002284,PROD00060,3,14823.48,15.89
ITEM0008081,ORD002284,PROD00232,5,20147.3,13.07
ITEM0008082,ORD002285,PROD00239,4,18153.0,9.88
ITEM0008083,ORD002285,PROD00052,5,8276.3,27.62
ITEM0008084,ORD002285,PROD00117,5,28499.09,23.31
ITEM0008085,ORD002285,PROD00022,1,9177.73,14.98
ITEM0008086,ORD002286,PROD00208,2,11211.45,15.06
ITEM0008087,ORD002286,PROD00032,1,15757.18,31.0
ITEM0008088,ORD002286,PROD00252,2,8369.69,21.68
ITEM0008089,ORD002286,PROD00185,1,88426.11,4.47
ITEM0008090,ORD002287,PROD00102,1,20526.64,12.48
ITEM0008091,ORD002287,PROD00076,2,117743.14,0.85
ITEM0008092,ORD002287,PROD00138,3,14451.36,18.06
ITEM0008093,ORD002287,PROD00278,2,48030.22,15.0
ITEM0008094,ORD002288,PROD00021,5,1935.05,31.05
ITEM0008095,ORD002288,PROD00088,4,9502.99,17.69
ITEM0008096,ORD002288,PROD00152,3,4664.81,28.21
ITEM0008097,ORD002288,PROD00272,2,43464.46,18.97
ITEM0008098,ORD002289,PROD00263,1,4176.74,14.16
ITEM0008099,ORD002289,PROD00284,3,3583.48,33.82
ITEM0008100,ORD002289,PROD00053,1,1294.67,10.4
ITEM0008101,ORD002289,PROD00280,5,93322.92,3.2
ITEM0008102,ORD002289,PROD00290,3,41413.51,28.8
ITEM0008103,ORD002289,PROD00104,3,10809.0,30.78
ITEM0008104,ORD002290,PROD00057,3,6857.15,32.13
ITEM0008105,ORD002290,PROD00189,3,9958.04,19.89
ITEM0008106,ORD002291,PROD00088,2,9502.99,5.11
ITEM0008107,ORD002291,PROD00085,5,3944.47,26.03
ITEM0008108,ORD002292,PROD00179,4,11703.98,24.21
ITEM0008109,ORD002293,PROD00116,3,72895.77,17.25
ITEM0008110,ORD002294,PROD00193,3,33770.04,26.32
ITEM0008111,ORD002294,PROD00174,4,6796.1,33.74
ITEM0008112,ORD002294,PROD00298,1,1958.18,4.55
ITEM0008113,ORD002294,PROD00195,4,45234.5,2.78
ITEM0008114,ORD002294,PROD00266,-4,150138.51,2.29
ITEM0008115,ORD002295,PROD00223,4,31608.39,32.92
ITEM0008116,ORD002295,PROD00070,2,70038.79,3.37
ITEM0008117,ORD002295,PROD00013,2,1794.74,23.29
ITEM0008118,ORD002295,PROD00112,2,958.5,19.01
ITEM0008119,ORD002295,PROD00098,4,101886.16,6.26
ITEM0008120,ORD002295,PROD00083,1,56427.07,1.31
ITEM0008121,ORD002296,PROD00078,3,80173.3,22.53
ITEM0008122,ORD002297,PROD00234,5,491.09,18.82
ITEM0008123,ORD002297,PROD00124,2,31585.25,34.16
ITEM0008124,ORD002297,PROD00277,3,10462.69,9.22
ITEM0008125,ORD002297,PROD00007,2,4079.3,13.09
ITEM0008126,ORD002297,PROD00265,-5,7815.58,13.28
ITEM0008127,ORD002297,PROD00242,3,49321.02,25.79
ITEM0008128,ORD002298,PROD00146,4,10852.71,31.72
ITEM0008129,ORD002298,PROD00272,3,43464.46,5.41
ITEM0008130,ORD002298,PROD00218,3,808.31,23.97
ITEM0008131,ORD002298,PROD00003,3,47677.98,6.63
ITEM0008132,ORD002298,PROD00298,2,1958.18,26.7
ITEM0008133,ORD002299,PROD00013,4,1794.74,3.6
ITEM0008134,ORD002299,PROD00094,5,18989.87,1.21
ITEM0008135,ORD002300,PROD00099,3,10679.39,1.58
ITEM0008136,ORD002301,PROD00183,1,9351.26,27.77
ITEM0008137,ORD002302,PROD00197,2,2320.69,29.73
ITEM0008138,ORD002302,PROD00259,4,32817.74,6.8
ITEM0008139,ORD002302,PROD00300,1,1163.82,3.95
ITEM0008140,ORD002302,PROD00092,4,3453.47,2.14
ITEM0008141,INVALID_ORD_68631,PROD00257,2,31755.6,12.84
ITEM0008142,ORD002303,PROD00197,3,2320.69,34.18
ITEM0008143,ORD002303,PROD00299,2,5860.91,18.35
ITEM0008144,ORD002303,PROD00163,0,49503.31,6.6
ITEM0008145,ORD002303,PROD00122,1,1085.5,8.3
ITEM0008146,ORD002303,PROD_DUP_764,5,10284.38,29.52
ITEM0008147,ORD002304,PROD00091,3,922.64,22.48
ITEM0008148,ORD002304,PROD00159,5,18880.93,5.09
ITEM0008149,ORD002304,PROD00047,1,1949.22,0.58
ITEM0008150,ORD002304,PROD00021,1,1935.05,14.66
ITEM0008151,ORD002304,PROD00051,5,14882.87,16.54
ITEM0008152,ORD002304,PROD00255,4,8717.28,7.15
ITEM0008153,ORD002305,PROD00101,2,90820.31,28.89
ITEM0008154,ORD002305,PROD00098,2,101886.16,27.06
ITEM0008155,ORD002305,PROD00294,5,12314.4,10.45
ITEM0008156,ORD002305,PROD00104,4,10809.0,7.4
ITEM0008157,ORD002305,PROD00061,3,168745.97,5.69
ITEM0008158,ORD002306,PROD00126,5,14276.93,21.0
ITEM0008159,ORD002306,PROD00041,4,13175.99,10.2
ITEM0008160,ORD002306,PROD00111,1,8072.67,2.36
ITEM0008161,ORD002306,PROD00016,1,155813.5,11.65
ITEM0008162,ORD002307,PROD00058,1,8762.42,8.95
ITEM0008163,ORD002307,PROD00071,3,6126.45,32.87
ITEM0008164,ORD002307,PROD00064,2,6397.09,28.86
ITEM0008165,ORD002307,PROD00289,1,1903.39,16.1
ITEM0008166,ORD002307,PROD00215,1,13895.27,2.53
ITEM0008167,ORD002307,PROD00089,5,14553.94,20.19
ITEM0008168,ORD002308,PROD00037,2,16473.88,10.7
ITEM0008169,ORD002309,PROD00181,1,34804.16,23.58
ITEM0008170,ORD002309,PROD00284,1,3583.48,21.58
ITEM0008171,ORD002309,PROD00182,4,60233.51,15.42
ITEM0008172,ORD002309,PROD00238,5,10985.44,2.53
ITEM0008173,ORD002310,PROD00198,4,88452.16,15.54
ITEM0008174,ORD002310,PROD00222,5,529.14,1.91
ITEM0008175,ORD002310,PROD00034,4,2479.77,33.69
ITEM0008176,ORD002310,PROD00036,4,9080.54,25.25
ITEM0008177,ORD002310,PROD00113,3,14490.24,5.73
ITEM0008178,ORD002311,PROD00268,5,247.24,24.37
ITEM0008179,ORD002312,PROD00132,2,1220.54,10.26
ITEM0008180,ORD002312,PROD00073,5,36426.6,4.23
ITEM0008181,ORD002313,PROD00123,1,16024.54,23.42
ITEM0008182,ORD002313,PROD00241,2,15219.97,29.86
ITEM0008183,ORD002313,PROD00141,3,738.47,31.84
ITEM0008184,ORD002313,PROD00230,3,14806.16,1.96
ITEM0008185,ORD002313,PROD00271,1,69182.89,6.29
ITEM0008186,ORD002313,PROD00079,5,11534.5,21.55
ITEM0008187,ORD002314,INVALID_PROD_23664,5,148693.56,6.89
ITEM0008188,ORD002314,PROD00072,1,6009.58,5.86
ITEM0008189,ORD002314,PROD00094,2,18989.87,2.96
ITEM0008190,ORD002314,PROD00056,4,64832.21,12.29
ITEM0008191,ORD002314,PROD_DUP_764,5,10284.38,4.44
ITEM0008192,ORD002315,PROD00115,5,3345.82,29.42
ITEM0008193,ORD002316,PROD00086,4,13674.52,0.32
ITEM0008194,ORD002316,PROD00028,2,59359.69,30.05
ITEM0008195,ORD002317,PROD00189,3,9958.04,2.79
ITEM0008196,ORD002317,PROD00237,2,3389.65,7.79
ITEM0008197,ORD002317,PROD00174,4,6796.1,14.57
ITEM0008198,ORD002317,PROD00110,2,8026.63,0.94
ITEM0008199,ORD002317,PROD00296,5,75276.41,27.43
ITEM0008200,ORD002317,INVALID_PROD_97636,2,2233.33,16.01
ITEM0008201,ORD002318,PROD00051,1,14882.87,30.36
ITEM0008202,ORD002318,PROD00091,2,922.64,4.62
ITEM0008203,ORD002318,PROD00057,5,6857.15,25.72
ITEM0008204,ORD002318,PROD00100,2,9419.26,5.57
ITEM0008205,ORD002318,PROD00193,5,33770.04,34.87
ITEM0008206,ORD002319,PROD00214,1,9055.44,3.35
ITEM0008207,ORD002319,PROD00139,5,12429.19,13.29
ITEM0008208,ORD002320,PROD00038,1,3024.72,1.57
ITEM0008209,ORD002320,PROD00102,-2,20526.64,32.39
ITEM0008210,ORD002320,PROD00093,3,799.0,13.51
ITEM0008211,ORD002320,PROD00078,5,80173.3,2.93
ITEM0008212,ORD002321,PROD00036,3,9080.54,0.94
ITEM0008213,ORD002321,PROD00006,2,3286.66,16.37
ITEM0008214,ORD002321,PROD00275,1,1589.33,16.73
ITEM0008215,ORD002321,PROD00234,5,491.09,27.24
ITEM0008216,ORD002321,PROD00105,1,16922.48,30.49
ITEM0008217,ORD002322,PROD00167,4,15629.7,17.94
ITEM0008218,ORD002322,PROD00277,4,10462.69,12.79
ITEM0008219,ORD002322,PROD00159,2,18880.93,24.41
ITEM0008220,ORD002322,PROD00098,3,101886.16,5.14
ITEM0008221,ORD002323,PROD00056,1,64832.21,27.31
ITEM0008222,ORD002323,PROD00257,4,31755.6,30.15
ITEM0008223,ORD002323,PROD00187,5,8729.44,15.82
ITEM0008224,ORD002323,PROD00194,4,1718.09,5.87
ITEM0008225,ORD002323,PROD00079,5,11534.5,13.9
ITEM0008226,ORD002324,PROD00187,0,8729.44,2.61
ITEM0008227,ORD002324,PROD00116,5,72895.77,3.34
ITEM0008228,ORD002324,PROD00070,3,70038.79,26.2
ITEM0008229,ORD002324,PROD00087,5,9237.82,27.8
ITEM0008230,ORD002324,PROD00295,2,6438.13,1.63
ITEM0008231,ORD002324,PROD00082,1,4931.74,29.25
ITEM0008232,ORD002325,PROD00211,5,235.37,1.99
ITEM0008233,ORD002326,PROD00198,2,88452.16,28.61
ITEM0008234,ORD002326,PROD00120,5,1922.05,4.86
ITEM0008235,ORD002326,PROD00035,2,7731.0,1.75
ITEM0008236,ORD002327,PROD00077,2,949.09,24.55
ITEM0008237,ORD002327,PROD00084,3,49768.99,30.45
ITEM0008238,ORD002327,PROD00008,5,2233.33,14.33
ITEM0008239,ORD002328,PROD00185,4,88426.11,7.49
ITEM0008240,ORD002328,PROD00180,3,45620.93,11.96
ITEM0008241,ORD002328,PROD00154,4,15820.26,10.3
ITEM0008242,ORD002329,INVALID_PROD_17909,2,16922.48,20.92
ITEM0008243,ORD002329,PROD00143,2,9888.94,4.13
ITEM0008244,ORD002329,PROD00062,4,1755.31,7.46
ITEM0008245,ORD002329,PROD00180,1,45620.93,7.01
ITEM0008246,ORD002330,PROD00129,1,55423.01,20.58
ITEM0008247,INVALID_ORD_14777,PROD00226,5,33228.57,19.04
ITEM0008248,ORD002331,PROD00058,4,8762.42,25.31
ITEM0008249,ORD002331,PROD00130,2,11592.7,2.54
ITEM0008250,ORD002331,PROD00244,4,358.32,34.5
ITEM0008251,ORD002331,PROD00023,5,13941.86,17.61
ITEM0008252,ORD002331,PROD00228,1,12035.67,30.84
ITEM0008253,ORD002331,PROD00252,4,8369.69,2.76
ITEM0008254,ORD002332,PROD00246,1,49840.91,19.95
ITEM0008255,ORD002332,PROD00190,3,4989.53,2.09
ITEM0008256,ORD002332,PROD00078,5,80173.3,5.24
ITEM0008257,ORD002332,PROD00124,4,31585.25,19.61
ITEM0008258,ORD002333,PROD00286,5,11352.93,10.08
ITEM0008259,ORD002333,PROD00140,3,10466.68,28.26
ITEM0008260,ORD002334,PROD00163,5,49503.31,20.03
ITEM0008261,ORD002334,PROD00078,1,80173.3,20.73
ITEM0008262,ORD002334,PROD00216,3,4233.5,21.23
ITEM0008263,ORD002335,PROD00095,2,56114.19,11.25
ITEM0008264,ORD002335,PROD00151,2,75177.2,10.49
ITEM0008265,ORD002335,PROD00116,4,72895.77,30.11
ITEM0008266,ORD002335,PROD00286,5,11352.93,32.59
ITEM0008267,ORD002336,PROD00277,5,10462.69,33.64
ITEM0008268,ORD002336,PROD00139,5,12429.19,4.23
ITEM0008269,ORD002336,PROD00204,2,56411.49,10.58
ITEM0008270,ORD002336,PROD00128,2,2957.45,24.02
ITEM0008271,ORD002337,PROD00216,2,4233.5,16.39
ITEM0008272,ORD002337,PROD00287,5,1349.9,24.88
ITEM0008273,ORD002337,PROD00234,4,491.09,6.09
ITEM0008274,ORD002337,PROD00013,2,1794.74,3.92
ITEM0008275,ORD002337,PROD00024,2,18935.15,27.87
ITEM0008276,ORD002338,PROD00017,1,42741.8,9.88
ITEM0008277,ORD002338,PROD00158,1,255.24,1.11
ITEM0008278,ORD002338,PROD00067,3,16473.79,28.48
ITEM0008279,ORD002339,PROD00205,5,6001.17,28.59
ITEM0008280,ORD002339,PROD00276,1,3225.79,32.51
ITEM0008281,ORD002339,PROD00239,5,18153.0,9.98
ITEM0008282,ORD002340,PROD00173,3,77771.82,144.19
ITEM0008283,ORD002340,PROD00273,1,5839.38,12.98
ITEM0008284,ORD002340,PROD00002,1,13344.44,111.69
ITEM0008285,ORD002341,PROD00235,5,9096.22,26.84
ITEM0008286,ORD002341,PROD00045,3,65694.03,18.3
ITEM0008287,ORD002341,PROD00191,5,18482.44,31.1
ITEM0008288,ORD002342,PROD00096,4,15644.62,17.75
ITEM0008289,ORD002343,PROD00142,1,3142.8,1.3
ITEM0008290,ORD002344,PROD00227,2,2030.73,18.82
ITEM0008291,ORD002344,PROD00192,2,9826.54,4.61
ITEM0008292,ORD002344,PROD00244,4,358.32,1.57
ITEM0008293,ORD002345,PROD00194,5,1718.09,15.62
ITEM0008294,ORD002345,PROD00032,5,15757.18,19.88
ITEM0008295,ORD002346,PROD00299,3,5860.91,12.01
ITEM0008296,ORD002346,PROD00046,4,3348.49,18.87
ITEM0008297,ORD002346,PROD00074,4,2883.54,27.7
ITEM0008298,ORD002346,PROD00129,2,55423.01,22.13
ITEM0008299,ORD002346,PROD00278,4,48030.22,22.83
ITEM0008300,ORD002346,PROD00213,5,67924.54,0.68
ITEM0008301,ORD002347,PROD00189,2,9958.04,7.99
ITEM0008302,ORD002347,PROD00202,3,2205.47,21.57
ITEM0008303,ORD002347,PROD00157,4,7028.69,0.34
ITEM0008304,ORD002347,PROD00229,3,17916.53,0.84
ITEM0008305,ORD002347,PROD00214,2,9055.44,5.83
ITEM0008306,ORD002348,PROD00300,2,1163.82,24.17
ITEM0008307,ORD002348,PROD00138,5,14451.36,3.06
ITEM0008308,ORD002348,PROD00034,3,2479.77,7.43
ITEM0008309,INVALID_ORD_54802,PROD00042,5,851.12,1.32
ITEM0008310,ORD002349,PROD00211,3,235.37,10.47
ITEM0008311,ORD002349,PROD00044,1,36733.67,34.17
ITEM0008312,ORD002349,PROD00120,2,1922.05,29.51
ITEM0008313,ORD002350,PROD00209,5,48158.17,0.45
ITEM0008314,ORD002350,PROD00174,5,6796.1,15.16
ITEM0008315,ORD002350,PROD00135,4,973.62,18.23
ITEM0008316,ORD002351,PROD00260,3,51829.61,28.98
ITEM0008317,ORD002351,PROD00085,3,3944.47,27.78
ITEM0008318,ORD002351,PROD00115,4,3345.82,21.83
ITEM0008319,ORD002351,PROD00161,5,89959.13,2.94
ITEM0008320,ORD002351,PROD00142,1,3142.8,30.9
ITEM0008321,ORD002351,PROD00027,0,6786.44,16.59
ITEM0008322,ORD002352,PROD00049,5,8241.32,5.28
ITEM0008323,ORD002352,PROD00056,1,64832.21,24.02
ITEM0008324,ORD002352,PROD00075,5,16738.37,25.74
ITEM0008325,ORD002352,PROD00201,3,331.81,138.09
ITEM0008326,ORD002352,PROD00119,5,1779.27,23.67
ITEM0008327,ORD002352,PROD00246,1,49840.91,144.86
ITEM0008328,ORD002353,PROD00212,1,18473.59,23.48
ITEM0008329,ORD002353,PROD00247,3,60305.75,8.77
ITEM0008330,ORD002353,PROD00226,5,33228.57,31.69
ITEM0008331,ORD002354,PROD00140,4,10466.68,31.94
ITEM0008332,ORD002354,PROD00062,-2,1755.31,34.55
ITEM0008333,ORD002354,PROD00186,-3,10600.32,19.93
ITEM0008334,ORD002355,PROD00155,-2,6690.65,21.99
ITEM0008335,ORD002356,PROD00044,4,36733.67,4.21
ITEM0008336,ORD002356,PROD00118,4,85972.81,5.41
ITEM0008337,ORD002356,PROD00017,2,42741.8,4.32
ITEM0008338,ORD002356,PROD00270,2,16051.61,3.59
ITEM0008339,ORD002357,PROD00129,1,55423.01,33.75
ITEM0008340,ORD002357,PROD00217,5,21374.71,32.46
ITEM0008341,ORD002358,PROD00294,5,12314.4,14.05
ITEM0008342,ORD002358,PROD00035,4,7731.0,31.35
ITEM0008343,ORD002359,PROD00118,5,85972.81,117.73
ITEM0008344,ORD002359,PROD00152,1,4664.81,29.7
ITEM0008345,ORD002360,PROD00206,3,17398.64,22.77
ITEM0008346,ORD002360,PROD00025,-4,2571.12,4.95
ITEM0008347,ORD002360,PROD00096,3,15644.62,15.74
ITEM0008348,ORD002360,PROD00292,3,148693.56,19.94
ITEM0008349,ORD002361,PROD00247,2,60305.75,1.5
ITEM0008350,ORD002361,PROD00145,4,7654.14,21.06
ITEM0008351,ORD002362,PROD00290,4,41413.51,29.93
ITEM0008352,ORD002362,PROD00172,1,660.53,4.6
ITEM0008353,ORD002362,PROD00268,2,247.24,6.66
ITEM0008354,ORD002362,PROD00042,5,851.12,27.97
ITEM0008355,ORD002362,PROD00215,2,13895.27,33.01
ITEM0008356,ORD002363,PROD00016,2,155813.5,31.99
ITEM0008357,ORD002363,PROD00300,2,1163.82,26.94
ITEM0008358,ORD002363,PROD00041,5,13175.99,21.39
ITEM0008359,ORD002363,PROD00071,2,6126.45,25.04
ITEM0008360,ORD002363,PROD00102,3,20526.64,10.48
ITEM0008361,ORD002363,PROD00152,4,4664.81,17.19
ITEM0008362,ORD002364,PROD00234,1,491.09,23.07
ITEM0008363,ORD002364,PROD00191,1,18482.44,4.06
ITEM0008364,ORD002364,PROD00087,3,9237.82,20.2
ITEM0008365,ORD002365,PROD00100,1,9419.26,27.05
ITEM0008366,ORD002365,PROD00146,2,10852.71,31.67
ITEM0008367,ORD002366,PROD00254,1,83824.83,6.57
ITEM0008368,ORD002366,PROD00246,2,49840.91,7.31
ITEM0008369,ORD002366,PROD00034,-4,2479.77,29.99
ITEM0008370,ORD002366,PROD00299,1,5860.91,11.93
ITEM0008371,ORD002367,PROD00072,4,6009.58,25.53
ITEM0008372,ORD002367,PROD00121,3,79730.15,11.63
ITEM0008373,ORD002367,PROD00043,2,5667.41,9.04
ITEM0008374,ORD002368,PROD00140,3,10466.68,14.86
ITEM0008375,ORD002368,PROD00291,5,68752.62,19.22
ITEM0008376,ORD002368,PROD00134,4,281.46,16.74
ITEM0008377,ORD002368,PROD00252,1,8369.69,30.99
ITEM0008378,ORD002368,PROD00279,3,13479.28,0.52
ITEM0008379,ORD002369,PROD00209,4,48158.17,6.33
ITEM0008380,ORD002370,PROD00285,5,87613.3,22.3
ITEM0008381,ORD002370,PROD00122,3,1085.5,4.68
ITEM0008382,ORD002370,PROD00098,3,101886.16,4.06
ITEM0008383,ORD002370,PROD00202,2,2205.47,1.33
ITEM0008384,ORD002370,PROD00222,3,529.14,5.31
ITEM0008385,ORD002371,PROD00004,5,945.43,10.6
ITEM0008386,ORD002372,PROD00214,5,9055.44,23.22
ITEM0008387,ORD002372,PROD00045,4,65694.03,23.98
ITEM0008388,ORD002372,PROD00137,5,35792.4,20.93
ITEM0008389,ORD002372,PROD00065,1,10942.37,138.19
ITEM0008390,ORD002372,PROD00236,2,38161.26,33.84
ITEM0008391,ORD002373,PROD00174,4,6796.1,20.56
ITEM0008392,ORD002373,PROD00132,2,1220.54,11.45
ITEM0008393,ORD002373,PROD00079,2,11534.5,0.26
ITEM0008394,ORD002373,PROD00148,4,46265.49,31.16
ITEM0008395,ORD002374,PROD00214,2,9055.44,31.59
ITEM0008396,ORD002375,PROD00258,3,11131.97,33.45
ITEM0008397,ORD002375,PROD00184,5,99913.97,20.7
ITEM0008398,ORD002375,PROD00149,1,737.02,13.28
ITEM0008399,ORD002375,PROD00182,4,60233.51,21.17
ITEM0008400,ORD002375,PROD00174,1,6796.1,17.64
ITEM0008401,ORD002376,PROD00298,-1,1958.18,29.11
ITEM0008402,ORD002376,PROD00132,2,1220.54,28.15
ITEM0008403,ORD002376,PROD00082,2,4931.74,16.49
ITEM0008404,ORD002377,PROD00238,3,10985.44,6.57
ITEM0008405,ORD002377,PROD00004,1,945.43,16.27
ITEM0008406,ORD002377,PROD00025,2,2571.12,17.25
ITEM0008407,ORD002377,PROD00192,5,9826.54,28.32
ITEM0008408,ORD002377,PROD00202,4,2205.47,10.32
ITEM0008409,ORD002378,PROD00183,1,9351.26,21.46
ITEM0008410,ORD002378,PROD00132,2,1220.54,31.23
ITEM0008411,ORD002379,PROD00239,2,18153.0,28.5
ITEM0008412,ORD002379,PROD00170,5,12487.59,1.73
ITEM0008413,ORD002379,PROD00210,3,116861.98,19.68
ITEM0008414,ORD002379,PROD00115,1,3345.82,29.84
ITEM0008415,ORD002379,PROD00231,-2,2536.84,29.36
ITEM0008416,ORD002380,PROD00004,1,945.43,12.18
ITEM0008417,ORD002380,PROD00241,2,15219.97,6.39
ITEM0008418,ORD002380,PROD00252,4,8369.69,4.79
ITEM0008419,ORD002380,PROD00278,3,48030.22,12.88
ITEM0008420,ORD002380,PROD00216,1,4233.5,29.84
ITEM0008421,ORD002380,PROD00285,5,87613.3,28.96
ITEM0008422,ORD002381,PROD00250,2,2595.77,9.47
ITEM0008423,ORD002381,PROD00211,2,235.37,23.39
ITEM0008424,ORD002381,PROD00180,4,45620.93,5.46
ITEM0008425,ORD002381,PROD00219,4,916.28,11.55
ITEM0008426,ORD002381,PROD00195,3,45234.5,17.83
ITEM0008427,ORD002382,PROD00256,4,19894.86,33.12
ITEM0008428,ORD002383,PROD00256,1,19894.86,139.93
ITEM0008429,ORD002383,PROD00187,5,8729.44,32.29
ITEM0008430,ORD002383,PROD00197,4,2320.69,1.18
ITEM0008431,ORD002383,PROD00010,2,19555.43,30.85
ITEM0008432,ORD002384,PROD00215,3,13895.27,33.91
ITEM0008433,ORD002384,PROD00175,4,5323.61,13.08
ITEM0008434,ORD002385,PROD00025,2,2571.12,21.07
ITEM0008435,ORD002385,PROD00031,4,14324.32,14.95
ITEM0008436,ORD002385,PROD00225,4,525.71,29.49
ITEM0008437,ORD002386,PROD00147,5,10375.1,28.79
ITEM0008438,ORD002386,PROD00179,1,11703.98,6.11
ITEM0008439,ORD002386,PROD00194,5,1718.09,31.59
ITEM0008440,ORD002386,PROD00052,4,8276.3,25.89
ITEM0008441,ORD002387,PROD00269,4,2342.42,30.25
ITEM0008442,ORD002388,PROD00283,1,34928.13,4.91
ITEM0008443,ORD002388,PROD00279,1,13479.28,27.96
ITEM0008444,ORD002389,PROD00264,4,57779.76,22.33
ITEM0008445,ORD002389,PROD00013,3,1794.74,29.72
ITEM0008446,ORD002389,PROD00053,4,1294.67,13.59
ITEM0008447,ORD002389,PROD00020,1,70058.39,29.67
ITEM0008448,ORD002390,PROD00228,2,12035.67,5.94
ITEM0008449,ORD002390,PROD00132,3,1220.54,25.61
ITEM0008450,ORD002390,PROD00190,2,4989.53,7.12
ITEM0008451,ORD002390,PROD00279,4,13479.28,22.77
ITEM0008452,ORD002390,PROD00140,1,10466.68,16.66
ITEM0008453,ORD002390,INVALID_PROD_78030,1,150138.51,16.3
ITEM0008454,ORD002391,PROD00296,5,75276.41,27.19
ITEM0008455,ORD002391,PROD00198,1,88452.16,3.41
ITEM0008456,ORD002391,PROD00044,1,36733.67,2.12
ITEM0008457,ORD002391,PROD00223,3,31608.39,21.54
ITEM0008458,ORD002391,PROD00139,4,12429.19,6.99
ITEM0008459,ORD002391,PROD00264,3,57779.76,14.45
ITEM0008460,ORD002392,PROD00139,4,12429.19,22.03
ITEM0008461,ORD002392,PROD00180,1,45620.93,5.72
ITEM0008462,ORD002393,PROD00110,1,8026.63,27.86
ITEM0008463,ORD002393,PROD00045,0,65694.03,29.3
ITEM0008464,ORD002393,PROD00049,2,8241.32,24.88
ITEM0008465,ORD002393,PROD00199,2,37442.17,10.04
ITEM0008466,ORD002394,PROD00280,3,93322.92,2.6
ITEM0008467,ORD002394,PROD00257,5,31755.6,17.41
ITEM0008468,ORD002395,PROD00062,3,1755.31,5.02
ITEM0008469,ORD002396,PROD00108,3,13444.93,29.54
ITEM0008470,ORD002396,PROD00241,3,15219.97,4.04
ITEM0008471,ORD002396,PROD00269,5,2342.42,24.75
ITEM0008472,ORD002396,PROD_DUP_765,4,60305.75,16.86
ITEM0008473,ORD002396,PROD00254,2,83824.83,17.24
ITEM0008474,ORD002397,PROD00109,4,9016.47,4.43
ITEM0008475,ORD002397,PROD00188,4,26614.54,0.56
ITEM0008476,ORD002397,PROD00262,5,2761.19,7.1
ITEM0008477,ORD002397,PROD00214,1,9055.44,23.28
ITEM0008478,ORD002397,PROD00073,3,36426.6,29.49
ITEM0008479,ORD002397,PROD00108,1,13444.93,26.88
ITEM0008480,ORD002398,PROD00062,5,1755.31,6.87
ITEM0008481,ORD002398,PROD00250,5,2595.77,19.85
ITEM0008482,ORD002399,PROD00149,1,737.02,28.35
ITEM0008483,ORD002399,PROD00134,4,281.46,31.56
ITEM0008484,ORD002399,PROD00263,2,4176.74,2.5
ITEM0008485,INVALID_ORD_68983,PROD00251,1,37604.62,29.34
ITEM0008486,ORD002400,PROD00261,2,35880.89,2.93
ITEM0008487,ORD002400,PROD00230,5,14806.16,8.93
ITEM0008488,ORD002401,PROD00220,5,53302.28,6.42
ITEM0008489,ORD002401,PROD00077,5,949.09,14.08
ITEM0008490,ORD002401,PROD00278,2,48030.22,34.61
ITEM0008491,ORD002401,PROD00053,2,1294.67,18.61
ITEM0008492,ORD002401,PROD00129,2,55423.01,25.12
ITEM0008493,ORD002401,PROD00135,3,973.62,19.02
ITEM0008494,ORD002402,PROD00186,3,10600.32,3.46
ITEM0008495,ORD002402,PROD00143,5,9888.94,24.36
ITEM0008496,ORD002402,PROD00084,5,49768.99,5.19
ITEM0008497,ORD002402,PROD00179,5,11703.98,5.2
ITEM0008498,ORD002402,PROD00177,4,2661.74,32.46
ITEM0008499,ORD002402,PROD00192,5,9826.54,12.8
ITEM0008500,ORD002403,PROD00033,2,25099.93,29.21
ITEM0008501,ORD002403,PROD00129,1,55423.01,31.6
ITEM0008502,ORD002404,PROD00025,5,2571.12,7.96
ITEM0008503,ORD002404,PROD00079,3,11534.5,34.28
ITEM0008504,ORD002404,PROD_DUP_764,4,10284.38,17.58
ITEM0008505,ORD002404,PROD00175,5,5323.61,24.54
ITEM0008506,ORD002404,PROD00241,1,15219.97,23.19
ITEM0008507,ORD002404,PROD00261,3,35880.89,25.68
ITEM0008508,ORD002405,PROD00239,3,18153.0,28.31
ITEM0008509,ORD002405,PROD00221,3,6476.61,18.7
ITEM0008510,ORD002405,PROD00003,1,47677.98,0.59
ITEM0008511,ORD002405,PROD00299,1,5860.91,23.63
ITEM0008512,ORD002405,PROD00015,4,3631.08,8.53
ITEM0008513,ORD002405,PROD00001,-2,107560.75,3.33
ITEM0008514,ORD002406,PROD00101,2,90820.31,3.64
ITEM0008515,ORD002406,PROD00069,5,1031.99,30.99
ITEM0008516,ORD002406,PROD00067,5,16473.79,7.58
ITEM0008517,ORD002406,PROD00284,2,3583.48,18.99
ITEM0008518,ORD002406,PROD00249,5,90613.5,13.56
ITEM0008519,ORD002407,PROD00082,2,4931.74,18.18
ITEM0008520,ORD002408,PROD00001,0,107560.75,23.26
ITEM0008521,ORD002408,PROD00104,3,10809.0,30.36
ITEM0008522,ORD002408,PROD00174,1,6796.1,24.41
ITEM0008523,ORD002408,PROD00109,2,9016.47,3.91
ITEM0008524,ORD002409,PROD00025,5,2571.12,24.01
ITEM0008525,ORD002409,PROD00179,1,11703.98,32.45
ITEM0008526,ORD002409,PROD00078,4,80173.3,5.07
ITEM0008527,ORD002410,PROD00240,4,56530.69,25.0
ITEM0008528,ORD002410,PROD00252,4,8369.69,28.36
ITEM0008529,ORD002410,PROD00154,4,15820.26,5.8
ITEM0008530,ORD002410,PROD00121,2,79730.15,0.88
ITEM0008531,ORD002411,PROD00066,5,5087.99,0.03
ITEM0008532,ORD002412,PROD00197,4,2320.69,2.93
ITEM0008533,ORD002412,PROD00111,4,8072.67,5.34
ITEM0008534,ORD002413,PROD00136,5,15602.8,33.74
ITEM0008535,ORD002414,PROD00173,5,77771.82,26.56
ITEM0008536,ORD002414,PROD00066,-3,5087.99,8.62
ITEM0008537,ORD002414,PROD00271,5,69182.89,26.12
ITEM0008538,ORD002414,PROD00040,1,6724.73,5.99
ITEM0008539,ORD002414,PROD00081,3,14240.57,32.53
ITEM0008540,ORD002414,PROD00189,5,9958.04,9.91
ITEM0008541,ORD002415,PROD00110,2,8026.63,26.64
ITEM0008542,ORD002415,PROD00035,1,7731.0,31.65
ITEM0008543,ORD002415,PROD00196,2,19028.45,24.97
ITEM0008544,ORD002415,PROD00009,1,11170.3,1.48
ITEM0008545,ORD002415,PROD00079,2,11534.5,12.1
ITEM0008546,ORD002415,PROD00088,2,9502.99,2.66
ITEM0008547,ORD002416,PROD00116,1,72895.77,4.47
ITEM0008548,ORD002416,PROD00224,4,54820.98,15.82
ITEM0008549,ORD002416,PROD00191,5,18482.44,32.45
ITEM0008550,ORD002417,PROD00153,4,33477.66,14.75
ITEM0008551,ORD002417,PROD_DUP_765,4,60305.75,29.28
ITEM0008552,ORD002417,PROD00078,2,80173.3,17.35
ITEM0008553,ORD002417,PROD00152,5,4664.81,8.31
ITEM0008554,ORD002418,PROD00203,5,16125.87,12.01
ITEM0008555,ORD002418,PROD00176,4,10514.42,17.45
ITEM0008556,ORD002418,PROD00196,4,19028.45,26.5
ITEM0008557,ORD002419,PROD00284,3,3583.48,12.98
ITEM0008558,ORD002419,PROD00215,2,13895.27,7.91
ITEM0008559,ORD002419,PROD00138,1,14451.36,23.21
ITEM0008560,ORD002419,PROD00240,5,56530.69,0.18
ITEM0008561,ORD002420,PROD00190,4,4989.53,11.07
ITEM0008562,ORD002420,PROD00099,-5,10679.39,11.87
ITEM0008563,ORD002420,PROD00247,5,60305.75,31.2
ITEM0008564,ORD002420,PROD00177,1,2661.74,15.98
ITEM0008565,ORD002420,PROD00029,2,12387.11,33.23
ITEM0008566,ORD002421,PROD00056,5,64832.21,6.43
ITEM0008567,ORD002421,PROD00208,2,11211.45,26.13
ITEM0008568,ORD002421,PROD00256,3,19894.86,27.85
ITEM0008569,ORD002421,PROD00282,2,1528.85,9.3
ITEM0008570,ORD002421,PROD00058,5,8762.42,2.32
ITEM0008571,ORD002421,PROD00063,3,4748.54,34.12
ITEM0008572,ORD002422,PROD00225,5,525.71,23.06
ITEM0008573,ORD002422,PROD00144,1,35676.4,29.86
ITEM0008574,ORD002422,PROD00288,2,12413.32,27.82
ITEM0008575,ORD002422,PROD00073,2,36426.6,27.99
ITEM0008576,ORD002422,PROD00297,5,1866.66,6.13
ITEM0008577,ORD002423,PROD00104,5,10809.0,27.62
ITEM0008578,ORD002423,PROD00263,3,4176.74,7.86
ITEM0008579,ORD002423,PROD00239,4,18153.0,28.27
ITEM0008580,ORD002423,PROD00108,4,13444.93,27.12
ITEM0008581,ORD002423,PROD00196,2,19028.45,14.97
ITEM0008582,ORD002424,PROD_DUP_765,1,60305.75,7.01
ITEM0008583,ORD002424,PROD00247,3,60305.75,11.45
ITEM0008584,ORD002424,PROD00183,5,9351.26,12.2
ITEM0008585,ORD002424,PROD00213,2,67924.54,15.94
ITEM0008586,ORD002424,PROD00007,1,4079.3,9.01
ITEM0008587,ORD002424,PROD00241,1,15219.97,32.83
ITEM0008588,ORD002425,PROD00092,4,3453.47,34.61
ITEM0008589,ORD002425,PROD00132,3,1220.54,15.21
ITEM0008590,ORD002425,PROD00089,4,14553.94,10.79
ITEM0008591,ORD002425,PROD00131,1,2403.64,17.32
ITEM0008592,ORD002426,PROD00202,1,2205.47,14.42
ITEM0008593,ORD002426,PROD00141,4,738.47,3.24
ITEM0008594,ORD002426,PROD00242,2,49321.02,8.14
ITEM0008595,ORD002426,PROD00104,5,10809.0,11.94
ITEM0008596,ORD002426,PROD00195,2,45234.5,17.51
ITEM0008597,ORD002427,PROD00141,2,738.47,21.42
ITEM0008598,ORD002427,PROD00126,3,14276.93,30.16
ITEM0008599,ORD002427,PROD00260,1,51829.61,20.61
ITEM0008600,ORD002427,PROD_DUP_765,3,60305.75,21.96
ITEM0008601,ORD002428,PROD00239,2,18153.0,6.67
ITEM0008602,ORD002428,PROD_DUP_248,2,13444.93,14.3
ITEM0008603,ORD002428,PROD00117,2,28499.09,22.35
ITEM0008604,ORD002428,PROD00208,1,11211.45,13.72
ITEM0008605,ORD002428,PROD00190,2,4989.53,18.9
ITEM0008606,ORD002429,PROD00150,1,35744.49,21.12
ITEM0008607,ORD002429,PROD00060,2,14823.48,25.98
ITEM0008608,ORD002430,PROD00125,3,3811.77,21.18
ITEM0008609,ORD002431,PROD_DUP_764,2,10284.38,29.17
ITEM0008610,ORD002432,PROD00284,5,3583.48,5.63
ITEM0008611,ORD002432,PROD00129,3,55423.01,22.52
ITEM0008612,ORD002433,PROD00248,2,13070.96,3.4
ITEM0008613,ORD002433,PROD00294,4,12314.4,26.04
ITEM0008614,ORD002433,PROD00016,1,155813.5,6.47
ITEM0008615,ORD002433,PROD00071,2,6126.45,0.51
ITEM0008616,ORD002434,PROD00196,4,19028.45,12.82
ITEM0008617,ORD002434,PROD00138,4,14451.36,32.63
ITEM0008618,ORD002434,PROD00253,1,30181.5,17.32
ITEM0008619,ORD002435,PROD00219,3,916.28,29.28
ITEM0008620,ORD002435,PROD00158,4,255.24,3.43
ITEM0008621,ORD002435,PROD00195,5,45234.5,2.83
ITEM0008622,ORD002435,PROD00285,5,87613.3,6.87
ITEM0008623,ORD002435,PROD00233,2,5457.87,7.62
ITEM0008624,ORD002436,PROD00050,2,635.92,12.53
ITEM0008625,ORD002436,PROD00233,3,5457.87,30.51
ITEM0008626,ORD002436,PROD00269,2,2342.42,139.12
ITEM0008627,ORD002437,PROD00251,1,37604.62,24.3
ITEM0008628,ORD002438,PROD00298,1,1958.18,1.97
ITEM0008629,ORD002438,PROD00270,2,16051.61,21.19
ITEM0008630,ORD002438,PROD00297,3,1866.66,0.11
ITEM0008631,ORD002438,PROD00081,2,14240.57,11.73
ITEM0008632,ORD002438,PROD00233,2,5457.87,24.93
ITEM0008633,ORD002438,PROD00004,2,945.43,6.43
ITEM0008634,ORD002439,PROD00058,3,8762.42,18.13
ITEM0008635,ORD002439,PROD00292,5,148693.56,19.5
ITEM0008636,ORD002440,PROD00023,5,13941.86,4.17
ITEM0008637,ORD002441,PROD00214,3,9055.44,22.11
ITEM0008638,ORD002441,PROD00230,5,14806.16,31.57
ITEM0008639,ORD002442,PROD00071,5,6126.45,13.78
ITEM0008640,ORD002442,PROD00077,4,949.09,11.41
ITEM0008641,ORD002442,PROD00258,1,11131.97,12.17
ITEM0008642,ORD002442,PROD00029,5,12387.11,16.72
ITEM0008643,ORD002442,PROD00106,2,1535.04,22.46
ITEM0008644,ORD002442,PROD00085,5,3944.47,13.57
ITEM0008645,ORD002443,PROD00273,1,5839.38,3.25
ITEM0008646,ORD002443,PROD00100,5,9419.26,7.13
ITEM0008647,ORD002444,PROD00195,4,45234.5,27.99
ITEM0008648,ORD002444,PROD00284,3,3583.48,18.4
ITEM0008649,ORD002444,PROD00044,0,36733.67,14.16
ITEM0008650,ORD002444,PROD00071,2,6126.45,15.26
ITEM0008651,ORD002444,PROD00066,2,5087.99,17.23
ITEM0008652,ORD002444,PROD00136,3,15602.8,28.25
ITEM0008653,ORD002445,PROD00181,2,34804.16,22.05
ITEM0008654,ORD002445,PROD00294,5,12314.4,16.2
ITEM0008655,ORD002445,PROD00160,2,4270.13,17.68
ITEM0008656,ORD002445,PROD00087,4,9237.82,30.96
ITEM0008657,ORD002445,PROD00119,1,1779.27,23.62
ITEM0008658,ORD002446,PROD00290,4,41413.51,28.28
ITEM0008659,ORD002446,PROD00154,1,15820.26,15.29
ITEM0008660,ORD002447,PROD00062,3,1755.31,27.11
ITEM0008661,ORD002447,PROD00165,3,5849.47,22.76
ITEM0008662,ORD002447,PROD00218,3,808.31,16.9
ITEM0008663,ORD002447,PROD00237,1,3389.65,4.22
ITEM0008664,ORD002447,PROD00119,2,1779.27,23.66
ITEM0008665,ORD002448,PROD00218,4,808.31,19.54
ITEM0008666,ORD002448,PROD00035,4,7731.0,28.05
ITEM0008667,ORD002448,PROD00167,2,15629.7,129.58
ITEM0008668,ORD002449,PROD00105,4,16922.48,20.19
ITEM0008669,ORD002449,PROD00089,1,14553.94,16.82
ITEM0008670,ORD002449,PROD00255,1,8717.28,14.99
ITEM0008671,ORD002449,PROD00022,5,9177.73,23.03
ITEM0008672,ORD002449,PROD00058,5,8762.42,13.7
ITEM0008673,ORD002449,PROD00236,3,38161.26,6.05
ITEM0008674,ORD002450,PROD00092,4,3453.47,34.97
ITEM0008675,ORD002450,PROD00090,0,12776.72,10.13
ITEM0008676,ORD002450,PROD00174,1,6796.1,14.1
ITEM0008677,ORD002450,PROD00266,4,150138.51,30.16
ITEM0008678,ORD002450,PROD00142,-2,3142.8,30.47
ITEM0008679,ORD002450,PROD00268,1,247.24,11.36
ITEM0008680,ORD002451,PROD00178,2,11840.22,6.29
ITEM0008681,ORD002451,PROD00042,3,851.12,24.35
ITEM0008682,ORD002451,PROD00045,5,65694.03,2.65
ITEM0008683,ORD002451,PROD00158,3,255.24,22.8
ITEM0008684,ORD002451,PROD00097,5,8629.08,0.95
ITEM0008685,ORD002452,PROD00035,3,7731.0,20.83
ITEM0008686,ORD002452,PROD00101,4,90820.31,21.02
ITEM0008687,ORD002453,PROD00063,2,4748.54,11.66
ITEM0008688,ORD002453,PROD00252,3,8369.69,12.74
ITEM0008689,ORD002453,PROD00269,2,2342.42,22.38
ITEM0008690,ORD002453,PROD00101,2,90820.31,0.14
ITEM0008691,ORD002453,PROD00154,0,15820.26,29.55
ITEM0008692,ORD002454,PROD00187,4,8729.44,5.95
ITEM0008693,ORD002454,PROD00208,4,11211.45,8.13
ITEM0008694,ORD002455,PROD00215,4,13895.27,139.89
ITEM0008695,ORD002456,PROD00104,3,10809.0,13.95
ITEM0008696,ORD002456,PROD00218,4,808.31,9.63
ITEM0008697,ORD002456,PROD00247,-3,60305.75,31.46
ITEM0008698,ORD002457,PROD00247,1,60305.75,27.56
ITEM0008699,ORD002457,PROD00032,5,15757.18,31.59
ITEM0008700,ORD002458,PROD00135,1,973.62,12.76
ITEM0008701,ORD002459,PROD00187,4,8729.44,23.31
ITEM0008702,ORD002459,PROD00029,1,12387.11,11.37
ITEM0008703,ORD002459,PROD00018,3,57851.82,30.86
ITEM0008704,ORD002459,PROD00183,5,9351.26,14.56
ITEM0008705,ORD002459,PROD00001,2,107560.75,24.87
ITEM0008706,ORD002460,PROD00044,5,36733.67,33.25
ITEM0008707,ORD002460,PROD00258,2,11131.97,8.01
ITEM0008708,ORD002460,PROD00211,1,235.37,13.12
ITEM0008709,ORD002460,PROD00096,4,15644.62,28.09
ITEM0008710,ORD002461,PROD00266,4,150138.51,10.81
ITEM0008711,ORD002461,PROD00158,2,255.24,31.76
ITEM0008712,ORD002461,PROD00165,1,5849.47,10.12
ITEM0008713,ORD002462,PROD00263,1,4176.74,25.85
ITEM0008714,ORD002462,PROD00065,4,10942.37,2.78
ITEM0008715,ORD002462,PROD00248,2,13070.96,24.1
ITEM0008716,ORD002462,PROD00239,5,18153.0,20.31
ITEM0008717,ORD002463,PROD00117,4,28499.09,16.71
ITEM0008718,ORD002463,PROD00058,1,8762.42,2.01
ITEM0008719,ORD002463,PROD00036,5,9080.54,22.67
ITEM0008720,ORD002464,PROD00031,2,14324.32,6.88
ITEM0008721,ORD002464,PROD00064,0,6397.09,8.67
ITEM0008722,ORD002464,PROD00125,5,3811.77,7.77
ITEM0008723,ORD002464,PROD00219,5,916.28,15.74
ITEM0008724,ORD002465,PROD00235,3,9096.22,18.58
ITEM0008725,ORD002466,PROD00243,-3,19132.03,17.82
ITEM0008726,ORD002467,PROD00207,3,90137.22,33.28
ITEM0008727,ORD002468,PROD00282,1,1528.85,5.57
ITEM0008728,ORD002469,PROD00179,1,11703.98,8.68
ITEM0008729,ORD002470,PROD00005,3,938.76,15.31
ITEM0008730,ORD002470,PROD00182,3,60233.51,24.37
ITEM0008731,ORD002470,PROD00134,3,281.46,27.24
ITEM0008732,ORD002470,PROD00005,5,938.76,20.3
ITEM0008733,ORD002470,PROD00136,5,15602.8,16.93
ITEM0008734,ORD002470,PROD00093,5,799.0,13.76
ITEM0008735,ORD002471,PROD00055,1,1893.42,10.89
ITEM0008736,ORD002471,PROD00167,2,15629.7,16.71
ITEM0008737,ORD002471,PROD00278,-5,48030.22,9.19
ITEM0008738,ORD002471,PROD00248,3,13070.96,18.4
ITEM0008739,ORD002471,PROD00138,2,14451.36,27.76
ITEM0008740,ORD002472,PROD00279,3,13479.28,30.88
ITEM0008741,ORD002472,PROD00282,3,1528.85,21.61
ITEM0008742,ORD002472,PROD00239,2,18153.0,11.18
ITEM0008743,ORD002473,PROD00101,1,90820.31,12.71
ITEM0008744,ORD002473,PROD00035,5,7731.0,13.54
ITEM0008745,ORD002473,PROD00083,3,56427.07,16.41
ITEM0008746,ORD002473,PROD00092,3,3453.47,5.44
ITEM0008747,ORD002474,PROD00257,2,31755.6,28.5
ITEM0008748,ORD002474,PROD00154,3,15820.26,7.95
ITEM0008749,ORD002474,PROD00228,2,12035.67,33.07
ITEM0008750,ORD002474,PROD00212,5,18473.59,17.49
ITEM0008751,ORD002475,PROD00235,1,9096.22,18.54
ITEM0008752,ORD002475,PROD00085,2,3944.47,7.21
ITEM0008753,ORD002475,PROD00172,3,660.53,34.37
ITEM0008754,ORD002475,PROD00209,4,48158.17,23.15
ITEM0008755,ORD002475,PROD00106,5,1535.04,32.9
ITEM0008756,ORD002475,PROD00262,1,2761.19,27.59
ITEM0008757,ORD002476,PROD00263,1,4176.74,14.55
ITEM0008758,ORD002476,PROD00071,3,6126.45,8.85
ITEM0008759,ORD002477,PROD00289,1,1903.39,29.2
ITEM0008760,ORD002477,PROD00031,4,14324.32,4.57
ITEM0008761,ORD002477,PROD00072,4,6009.58,20.04
ITEM0008762,INVALID_ORD_70092,PROD00093,2,799.0,28.86
ITEM0008763,ORD002477,PROD00297,5,1866.66,28.95
ITEM0008764,ORD002478,PROD00262,-4,2761.19,31.11
ITEM0008765,ORD002478,PROD00178,5,11840.22,19.3
ITEM0008766,ORD002478,PROD00193,1,33770.04,31.72
ITEM0008767,ORD002478,PROD00038,4,3024.72,17.37
ITEM0008768,ORD002478,PROD00061,1,168745.97,17.46
ITEM0008769,ORD002478,PROD00227,3,2030.73,15.68
ITEM0008770,ORD002479,PROD00060,4,14823.48,0.0
ITEM0008771,ORD002479,PROD00225,4,525.71,8.6
ITEM0008772,ORD002479,PROD_DUP_765,1,60305.75,22.02
ITEM0008773,ORD002479,PROD00116,1,72895.77,31.78
ITEM0008774,ORD002480,PROD00132,2,1220.54,33.05
ITEM0008775,ORD002480,PROD00210,4,116861.98,32.64
ITEM0008776,ORD002481,PROD00274,4,3119.83,12.04
ITEM0008777,ORD002482,PROD00019,4,39804.94,34.36
ITEM0008778,ORD002482,PROD00084,-1,49768.99,23.53
ITEM0008779,ORD002482,PROD00020,1,70058.39,30.1
ITEM0008780,ORD002482,PROD00046,5,3348.49,11.28
ITEM0008781,ORD002483,PROD00007,4,4079.3,19.66
ITEM0008782,ORD002483,PROD00267,1,5023.39,27.13
ITEM0008783,ORD002483,PROD00130,4,11592.7,34.99
ITEM0008784,ORD002484,PROD00247,4,60305.75,30.77
ITEM0008785,ORD002485,PROD00123,4,16024.54,34.07
ITEM0008786,ORD002485,PROD00232,5,20147.3,20.93
ITEM0008787,ORD002485,PROD00068,1,15259.49,12.75
ITEM0008788,ORD002485,PROD00083,3,56427.07,21.76
ITEM0008789,ORD002485,PROD00188,5,26614.54,6.69
ITEM0008790,ORD002485,PROD00005,3,938.76,23.15
ITEM0008791,ORD002486,PROD00161,2,89959.13,8.32
ITEM0008792,ORD002486,PROD00162,2,44239.81,29.19
ITEM0008793,ORD002486,PROD00076,3,117743.14,13.28
ITEM0008794,ORD002486,PROD00217,3,21374.71,4.0
ITEM0008795,ORD002486,PROD00192,5,9826.54,4.97
ITEM0008796,ORD002487,PROD00254,4,83824.83,21.02
ITEM0008797,ORD002487,PROD00142,1,3142.8,13.13
ITEM0008798,ORD002487,PROD00160,1,4270.13,12.78
ITEM0008799,ORD002487,PROD00286,2,11352.93,15.26
ITEM0008800,ORD002487,PROD00167,3,15629.7,4.6
ITEM0008801,ORD002487,PROD00271,3,69182.89,17.32
ITEM0008802,ORD002488,PROD00017,0,42741.8,19.15
ITEM0008803,ORD002488,PROD00157,2,7028.69,4.37
ITEM0008804,ORD002488,PROD00218,2,808.31,12.65
ITEM0008805,ORD002488,PROD00199,4,37442.17,5.23
ITEM0008806,ORD002488,PROD00198,2,88452.16,28.96
ITEM0008807,ORD002489,PROD00034,1,2479.77,29.32
ITEM0008808,ORD002489,PROD00227,4,2030.73,34.01
ITEM0008809,ORD002489,PROD00211,3,235.37,24.61
ITEM0008810,ORD002489,PROD00251,3,37604.62,0.73
ITEM0008811,ORD002490,PROD00241,4,15219.97,10.75
ITEM0008812,ORD002490,PROD00276,1,3225.79,141.29
ITEM0008813,ORD002490,PROD00165,2,5849.47,27.18
ITEM0008814,ORD002490,PROD00003,2,47677.98,25.3
ITEM0008815,ORD002490,PROD00104,5,10809.0,18.51
ITEM0008816,ORD002490,PROD00199,4,37442.17,19.87
ITEM0008817,ORD002491,PROD00158,5,255.24,18.23
ITEM0008818,ORD002491,PROD00260,4,51829.61,6.86
ITEM0008819,ORD002491,PROD00080,5,8705.25,31.42
ITEM0008820,ORD002491,PROD00018,2,57851.82,4.45
ITEM0008821,ORD002492,PROD00012,2,16414.48,26.85
ITEM0008822,ORD002492,PROD00218,3,808.31,9.35
ITEM0008823,ORD002492,PROD00022,1,9177.73,6.45
ITEM0008824,ORD002492,PROD00261,2,35880.89,2.15
ITEM0008825,ORD002492,PROD00225,1,525.71,24.15
ITEM0008826,ORD002493,PROD00099,1,10679.39,20.89
ITEM0008827,ORD002494,PROD00073,1,36426.6,11.97
ITEM0008828,INVALID_ORD_56547,PROD00178,2,11840.22,7.92
ITEM0008829,ORD002495,PROD00095,2,56114.19,33.86
ITEM0008830,ORD002495,PROD00179,1,11703.98,129.32
ITEM0008831,ORD002496,PROD_DUP_765,3,60305.75,9.35
ITEM0008832,ORD002496,PROD00268,4,247.24,25.86
ITEM0008833,ORD002496,PROD00216,5,4233.5,16.26
ITEM0008834,ORD002496,PROD00213,5,67924.54,3.71
ITEM0008835,ORD002496,PROD00137,4,35792.4,4.74
ITEM0008836,ORD002497,PROD00041,1,13175.99,4.52
ITEM0008837,ORD002497,PROD00179,2,11703.98,15.4
ITEM0008838,ORD002497,PROD00113,5,14490.24,9.95
ITEM0008839,ORD002497,PROD00171,3,1587.59,4.79
ITEM0008840,ORD002498,PROD00081,4,14240.57,32.19
ITEM0008841,ORD002498,PROD00288,3,12413.32,18.66
ITEM0008842,ORD002498,INVALID_PROD_56869,-1,2595.77,28.25
ITEM0008843,ORD002499,PROD00184,4,99913.97,18.06
ITEM0008844,ORD002499,PROD00190,4,4989.53,2.59
ITEM0008845,ORD002499,PROD00029,3,12387.11,6.26
ITEM0008846,ORD002500,PROD00097,5,8629.08,34.2
ITEM0008847,ORD002500,PROD00228,2,12035.67,1.81
ITEM0008848,ORD002500,PROD00018,2,57851.82,2.67
ITEM0008849,ORD002501,PROD00062,2,1755.31,16.11
ITEM0008850,ORD002501,PROD00126,4,14276.93,17.13
ITEM0008851,ORD002501,PROD00024,1,18935.15,8.46
ITEM0008852,ORD002501,PROD00176,1,10514.42,3.02
ITEM0008853,ORD002501,PROD00273,1,5839.38,2.51
ITEM0008854,ORD002502,PROD00243,5,19132.03,22.48
ITEM0008855,ORD002502,PROD00144,1,35676.4,32.9
ITEM0008856,ORD002503,PROD00163,3,49503.31,29.78
ITEM0008857,ORD002503,PROD00065,1,10942.37,27.81
ITEM0008858,ORD002503,PROD00138,1,14451.36,32.97
ITEM0008859,ORD002503,PROD00204,2,56411.49,19.84
ITEM0008860,ORD002504,PROD00263,4,4176.74,33.42
ITEM0008861,ORD002504,PROD00254,5,83824.83,25.55
ITEM0008862,ORD002504,PROD00125,2,3811.77,15.3
ITEM0008863,ORD002505,PROD00293,4,6508.01,5.44
ITEM0008864,ORD002505,PROD00160,1,4270.13,34.06
ITEM0008865,ORD002506,PROD00218,4,808.31,33.35
ITEM0008866,ORD002506,PROD00062,1,1755.31,7.98
ITEM0008867,ORD002506,PROD00033,1,25099.93,2.11
ITEM0008868,ORD002506,PROD00190,4,4989.53,27.45
ITEM0008869,ORD002506,PROD00241,4,15219.97,9.19
ITEM0008870,ORD002506,PROD00133,3,16317.65,31.7
ITEM0008871,ORD002507,PROD00284,2,3583.48,15.62
ITEM0008872,ORD002507,PROD00115,1,3345.82,23.31
ITEM0008873,ORD002507,PROD00145,2,7654.14,15.03
ITEM0008874,ORD002507,PROD00101,4,90820.31,30.84
ITEM0008875,ORD002507,PROD00293,4,6508.01,26.12
ITEM0008876,ORD002507,PROD00065,5,10942.37,18.7
ITEM0008877,ORD002508,PROD00019,1,39804.94,13.23
ITEM0008878,ORD002508,PROD00228,1,12035.67,19.69
ITEM0008879,INVALID_ORD_37631,PROD00130,1,11592.7,30.01
ITEM0008880,ORD002509,PROD00223,-4,31608.39,30.63
ITEM0008881,ORD002510,PROD00130,1,11592.7,5.61
ITEM0008882,ORD002510,PROD00218,0,808.31,7.14
ITEM0008883,ORD002510,PROD00242,3,49321.02,1.67
ITEM0008884,ORD002510,PROD00228,4,12035.67,34.19
ITEM0008885,ORD002511,PROD00048,2,74181.94,33.36
ITEM0008886,ORD002511,PROD00219,3,916.28,7.61
ITEM0008887,ORD002511,PROD00209,1,48158.17,7.16
ITEM0008888,ORD002511,PROD00140,2,10466.68,30.88
ITEM0008889,ORD002511,PROD00206,2,17398.64,12.58
ITEM0008890,ORD002511,PROD00263,1,4176.74,24.48
ITEM0008891,ORD002512,PROD00245,2,77190.55,33.12
ITEM0008892,ORD002512,PROD00222,1,529.14,0.06
ITEM0008893,ORD002512,PROD00109,3,9016.47,34.59
ITEM0008894,ORD002512,PROD00168,2,786.46,0.92
ITEM0008895,ORD002513,PROD00222,2,529.14,26.27
ITEM0008896,ORD002513,PROD00207,2,90137.22,14.17
ITEM0008897,ORD002513,PROD00178,5,11840.22,27.97
ITEM0008898,ORD002513,PROD00047,1,1949.22,0.39
ITEM0008899,ORD002513,PROD00172,5,660.53,0.26
ITEM0008900,ORD002514,PROD00143,1,9888.94,5.48
ITEM0008901,ORD002514,PROD00089,2,14553.94,2.93
ITEM0008902,ORD002514,PROD00167,1,15629.7,22.15
ITEM0008903,ORD002515,PROD00146,5,10852.71,21.6
ITEM0008904,ORD002515,PROD00048,1,74181.94,14.33
ITEM0008905,ORD002515,PROD00016,2,155813.5,14.81
ITEM0008906,ORD002516,PROD00053,5,1294.67,21.84
ITEM0008907,ORD002517,PROD00252,1,8369.69,116.32
ITEM0008908,ORD002517,PROD00009,5,11170.3,13.38
ITEM0008909,ORD002518,PROD00218,3,808.31,16.58
ITEM0008910,ORD002519,PROD00018,5,57851.82,20.98
ITEM0008911,ORD002520,PROD00116,5,72895.77,22.58
ITEM0008912,ORD002521,PROD00200,2,23481.36,28.44
ITEM0008913,ORD002522,PROD00026,5,19557.07,13.39
ITEM0008914,ORD002523,PROD00039,3,4450.41,31.18
ITEM0008915,ORD002523,PROD00215,4,13895.27,28.13
ITEM0008916,ORD002523,PROD00150,3,35744.49,24.12
ITEM0008917,ORD002523,PROD00066,1,5087.99,14.34
ITEM0008918,ORD002523,PROD00172,3,660.53,4.21
ITEM0008919,ORD002523,PROD00223,2,31608.39,14.64
ITEM0008920,ORD002524,PROD00214,2,9055.44,13.64
ITEM0008921,ORD002524,PROD00222,2,529.14,24.81
ITEM0008922,ORD002524,PROD00107,3,128039.99,23.25
ITEM0008923,ORD002524,PROD00235,3,9096.22,16.96
ITEM0008924,ORD002524,PROD00024,5,18935.15,30.67
ITEM0008925,ORD002524,PROD00294,2,12314.4,9.33
ITEM0008926,ORD002525,PROD00036,4,9080.54,32.9
ITEM0008927,ORD002525,PROD00124,2,31585.25,18.6
ITEM0008928,ORD002525,PROD00243,4,19132.03,23.02
ITEM0008929,ORD002525,PROD00129,5,55423.01,32.65
ITEM0008930,ORD002525,PROD00215,5,13895.27,16.06
ITEM0008931,ORD002525,PROD00109,1,9016.47,31.75
ITEM0008932,ORD002526,PROD00028,0,59359.69,5.55
ITEM0008933,ORD002526,PROD00207,3,90137.22,26.54
ITEM0008934,ORD002526,PROD00266,2,150138.51,18.69
ITEM0008935,ORD002526,PROD00046,3,3348.49,8.96
ITEM0008936,ORD002526,PROD00273,5,5839.38,34.24
ITEM0008937,ORD002527,PROD00214,0,9055.44,10.49
ITEM0008938,ORD002527,PROD00108,1,13444.93,1.64
ITEM0008939,ORD002527,PROD00263,1,4176.74,33.3
ITEM0008940,ORD002527,PROD00116,5,72895.77,21.42
ITEM0008941,ORD002527,PROD00262,5,2761.19,10.83
ITEM0008942,ORD002528,PROD00107,1,128039.99,24.78
ITEM0008943,ORD002528,PROD00019,3,39804.94,17.04
ITEM0008944,ORD002528,PROD00263,4,4176.74,30.61
ITEM0008945,ORD002528,PROD00185,1,88426.11,18.16
ITEM0008946,ORD002529,PROD00180,-3,45620.93,16.48
ITEM0008947,ORD002529,PROD00117,5,28499.09,22.93
ITEM0008948,ORD002529,PROD00052,5,8276.3,24.99
ITEM0008949,ORD002529,PROD00110,3,8026.63,5.92
ITEM0008950,ORD002529,PROD00080,5,8705.25,34.54
ITEM0008951,ORD002529,PROD00230,-2,14806.16,23.42
ITEM0008952,ORD002530,PROD00227,4,2030.73,18.62
ITEM0008953,ORD002530,PROD00126,1,14276.93,30.64
ITEM0008954,ORD002530,PROD00005,2,938.76,21.2
ITEM0008955,ORD002530,PROD00080,1,8705.25,7.16
ITEM0008956,ORD002530,PROD00273,1,5839.38,34.0
ITEM0008957,ORD002530,PROD00109,2,9016.47,32.97
ITEM0008958,ORD002531,PROD00268,3,247.24,11.58
ITEM0008959,ORD002531,PROD00157,3,7028.69,25.36
ITEM0008960,ORD002532,PROD00135,1,973.62,32.63
ITEM0008961,ORD002532,PROD00279,2,13479.28,8.21
ITEM0008962,ORD002532,PROD00053,5,1294.67,34.21
ITEM0008963,ORD002532,PROD00272,4,43464.46,1.48
ITEM0008964,ORD002532,PROD00198,4,88452.16,21.7
ITEM0008965,ORD002533,PROD00138,2,14451.36,23.66
ITEM0008966,ORD002534,PROD00013,5,1794.74,30.59
ITEM0008967,ORD002535,PROD00008,5,2233.33,31.01
ITEM0008968,ORD002535,PROD00262,4,2761.19,10.39
ITEM0008969,ORD002535,PROD00184,3,99913.97,27.7
ITEM0008970,ORD002536,PROD00258,5,11131.97,12.15
ITEM0008971,ORD002536,PROD00234,3,491.09,19.62
ITEM0008972,ORD002536,PROD00164,4,136789.18,13.52
ITEM0008973,ORD002536,PROD00116,3,72895.77,16.08
ITEM0008974,ORD002537,PROD00103,1,210.19,15.4
ITEM0008975,ORD002537,PROD00230,3,14806.16,24.97
ITEM0008976,ORD002538,PROD00239,1,18153.0,30.08
ITEM0008977,ORD002538,PROD00255,1,8717.28,29.21
ITEM0008978,ORD002539,PROD00211,5,235.37,19.86
ITEM0008979,ORD002539,PROD00087,4,9237.82,34.7
ITEM0008980,ORD002539,PROD00190,1,4989.53,25.33
ITEM0008981,ORD002539,PROD00225,3,525.71,9.19
ITEM0008982,ORD002539,PROD00158,3,255.24,22.63
ITEM0008983,ORD002540,PROD00171,5,1587.59,8.67
ITEM0008984,ORD002541,PROD00248,1,13070.96,28.56
ITEM0008985,ORD002541,PROD00130,4,11592.7,19.15
ITEM0008986,ORD002541,PROD00131,2,2403.64,13.26
ITEM0008987,ORD002542,PROD00012,5,16414.48,34.6
ITEM0008988,ORD002542,PROD00134,5,281.46,25.78
ITEM0008989,ORD002542,PROD00086,1,13674.52,10.43
ITEM0008990,ORD002542,PROD00288,1,12413.32,24.52
ITEM0008991,ORD002542,PROD00171,0,1587.59,17.17
ITEM0008992,ORD002542,PROD00222,4,529.14,26.06
ITEM0008993,ORD002543,PROD00194,2,1718.09,9.36
ITEM0008994,ORD002543,PROD00046,2,3348.49,2.92
ITEM0008995,ORD002544,PROD00237,1,3389.65,9.07
ITEM0008996,ORD002544,PROD00138,1,14451.36,0.63
ITEM0008997,ORD002544,PROD00205,3,6001.17,16.57
ITEM0008998,ORD002544,PROD00244,5,358.32,15.77
ITEM0008999,ORD002544,PROD00287,3,1349.9,34.92
ITEM0009000,ORD002544,PROD00236,0,38161.26,33.05
ITEM0009001,ORD002545,PROD00232,1,20147.3,29.76
ITEM0009002,ORD002545,PROD00235,1,9096.22,18.73
ITEM0009003,ORD002545,PROD00292,-2,148693.56,0.16
ITEM0009004,ORD002546,PROD00285,0,87613.3,30.69
ITEM0009005,ORD002546,PROD00297,4,1866.66,26.48
ITEM0009006,ORD002546,PROD00088,3,9502.99,31.76
ITEM0009007,ORD002546,PROD00008,2,2233.33,22.18
ITEM0009008,ORD002546,PROD00131,4,2403.64,32.2
ITEM0009009,ORD002547,PROD00057,4,6857.15,9.37
ITEM0009010,ORD002547,PROD00260,2,51829.61,9.61
ITEM0009011,ORD002547,PROD_DUP_764,1,10284.38,9.09
ITEM0009012,ORD002547,PROD00075,5,16738.37,25.9
ITEM0009013,ORD002548,PROD_DUP_765,4,60305.75,26.59
ITEM0009014,ORD002548,PROD00122,5,1085.5,6.8
ITEM0009015,ORD002549,PROD00036,4,9080.54,27.44
ITEM0009016,ORD002549,PROD00143,1,9888.94,14.19
ITEM0009017,ORD002550,PROD00220,5,53302.28,2.33
ITEM0009018,ORD002550,PROD00085,1,3944.47,14.66
ITEM0009019,ORD002550,PROD00076,2,117743.14,25.6
ITEM0009020,ORD002550,PROD00076,3,117743.14,34.29
ITEM0009021,ORD002550,PROD00255,2,8717.28,18.8
ITEM0009022,ORD002551,PROD00002,5,13344.44,17.96
ITEM0009023,ORD002552,PROD00061,3,168745.97,28.69
ITEM0009024,ORD002552,PROD00053,2,1294.67,2.25
ITEM0009025,ORD002552,PROD00185,3,88426.11,20.42
ITEM0009026,ORD002553,PROD00172,2,660.53,7.79
ITEM0009027,ORD002553,PROD00005,3,938.76,17.66
ITEM0009028,ORD002554,PROD00094,4,18989.87,30.89
ITEM0009029,ORD002554,PROD00032,3,15757.18,14.66
ITEM0009030,ORD002554,PROD00223,2,31608.39,6.22
ITEM0009031,INVALID_ORD_32529,PROD00213,5,67924.54,7.04
ITEM0009032,ORD002554,PROD00082,4,4931.74,14.43
ITEM0009033,ORD002554,PROD00200,2,23481.36,1.35
ITEM0009034,ORD002555,PROD00195,1,45234.5,13.39
ITEM0009035,ORD002555,PROD00298,3,1958.18,8.94
ITEM0009036,ORD002555,PROD00244,5,358.32,4.67
ITEM0009037,ORD002555,PROD00250,4,2595.77,19.47
ITEM0009038,ORD002556,PROD00286,1,11352.93,4.93
ITEM0009039,ORD002556,PROD00260,4,51829.61,13.89
ITEM0009040,ORD002556,PROD00060,3,14823.48,17.91
ITEM0009041,ORD002556,PROD00011,2,53479.92,9.78
ITEM0009042,ORD002556,PROD00141,1,738.47,13.83
ITEM0009043,ORD002557,PROD00228,4,12035.67,0.17
ITEM0009044,ORD002557,PROD00118,3,85972.81,19.63
ITEM0009045,ORD002557,PROD00235,1,9096.22,2.17
ITEM0009046,ORD002557,PROD00005,4,938.76,32.0
ITEM0009047,ORD002558,PROD00164,4,136789.18,11.13
ITEM0009048,ORD002558,PROD00224,4,54820.98,11.47
ITEM0009049,ORD002558,PROD00184,-4,99913.97,26.37
ITEM0009050,ORD002558,PROD00027,4,6786.44,9.78
ITEM0009051,ORD002558,PROD00237,3,3389.65,32.3
ITEM0009052,ORD002559,PROD00270,1,16051.61,0.44
ITEM0009053,ORD002560,PROD00289,3,1903.39,7.76
ITEM0009054,ORD002560,PROD00045,4,65694.03,29.79
ITEM0009055,ORD002561,PROD00207,4,90137.22,27.96
ITEM0009056,ORD002561,PROD00186,5,10600.32,29.92
ITEM0009057,ORD002561,PROD00210,3,116861.98,31.32
ITEM0009058,ORD002561,PROD00055,5,1893.42,1.84
ITEM0009059,ORD002561,PROD00119,2,1779.27,24.37
ITEM0009060,ORD002561,PROD00034,3,2479.77,29.61
ITEM0009061,ORD002562,PROD00267,1,5023.39,25.71
ITEM0009062,ORD002562,PROD00180,2,45620.93,1.29
ITEM0009063,ORD002562,PROD00295,3,6438.13,1.05
ITEM0009064,ORD002562,PROD00049,5,8241.32,31.8
ITEM0009065,ORD002563,PROD00231,5,2536.84,30.24
ITEM0009066,ORD002563,PROD00271,1,69182.89,26.49
ITEM0009067,ORD002563,PROD00004,5,945.43,19.21
ITEM0009068,ORD002564,PROD00220,1,53302.28,0.13
ITEM0009069,ORD002564,PROD_DUP_764,4,10284.38,30.79
ITEM0009070,ORD002564,PROD00060,5,14823.48,17.55
ITEM0009071,ORD002564,PROD00090,1,12776.72,15.83
ITEM0009072,ORD002564,PROD00047,3,1949.22,33.59
ITEM0009073,ORD002564,PROD00281,2,2777.16,4.97
ITEM0009074,ORD002565,PROD00184,4,99913.97,23.56
ITEM0009075,ORD002565,INVALID_PROD_77753,3,15602.8,24.04
ITEM0009076,ORD002565,PROD00132,5,1220.54,11.03
ITEM0009077,ORD002565,PROD00234,1,491.09,28.79
ITEM0009078,ORD002566,PROD00105,5,16922.48,10.04
ITEM0009079,ORD002566,PROD00092,1,3453.47,12.74
ITEM0009080,INVALID_ORD_73566,PROD00026,2,19557.07,4.92
ITEM0009081,ORD002566,PROD00215,2,13895.27,15.93
ITEM0009082,ORD002566,PROD00096,4,15644.62,13.96
ITEM0009083,ORD002566,PROD00037,1,16473.88,4.69
ITEM0009084,ORD002567,PROD00140,5,10466.68,17.03
ITEM0009085,ORD002567,PROD00035,1,7731.0,29.92
ITEM0009086,ORD002567,PROD00273,5,5839.38,7.27
ITEM0009087,ORD002568,PROD00274,3,3119.83,13.83
ITEM0009088,ORD002568,PROD00277,3,10462.69,2.13
ITEM0009089,ORD002568,PROD00251,4,37604.62,34.3
ITEM0009090,ORD002568,PROD00293,1,6508.01,32.64
ITEM0009091,ORD002568,PROD00287,1,1349.9,0.66
ITEM0009092,ORD002569,PROD00292,4,148693.56,12.36
ITEM0009093,ORD002569,PROD00260,5,51829.61,31.05
ITEM0009094,ORD002569,PROD00296,5,75276.41,20.7
ITEM0009095,ORD002570,PROD00193,4,33770.04,33.16
ITEM0009096,ORD002570,PROD00232,1,20147.3,15.96
ITEM0009097,ORD002571,PROD00292,2,148693.56,29.63
ITEM0009098,ORD002571,PROD00201,2,331.81,18.21
ITEM0009099,ORD002571,PROD00106,1,1535.04,19.58
ITEM0009100,ORD002571,PROD00160,4,4270.13,32.24
ITEM0009101,ORD002571,PROD00169,4,8770.94,31.38
ITEM0009102,ORD002572,PROD00070,3,70038.79,4.43
ITEM0009103,ORD002573,PROD00018,5,57851.82,0.05
ITEM0009104,ORD002573,PROD00121,3,79730.15,32.52
ITEM0009105,ORD002573,PROD00227,1,2030.73,33.94
ITEM0009106,ORD002573,PROD00255,2,8717.28,11.07
ITEM0009107,ORD002573,PROD00008,3,2233.33,145.78
ITEM0009108,ORD002574,PROD00155,2,6690.65,12.59
ITEM0009109,ORD002574,PROD00117,5,28499.09,12.36
ITEM0009110,ORD002575,PROD00127,1,6869.22,13.1
ITEM0009111,ORD002575,PROD00252,5,8369.69,14.87
ITEM0009112,ORD002575,PROD00290,3,41413.51,28.78
ITEM0009113,ORD002575,PROD00171,2,1587.59,15.99
ITEM0009114,ORD002575,PROD00171,4,1587.59,0.85
ITEM0009115,ORD002575,PROD00146,3,10852.71,3.75
ITEM0009116,ORD002576,PROD00092,1,3453.47,118.95
ITEM0009117,ORD002576,PROD00245,2,77190.55,28.0
ITEM0009118,ORD002577,PROD00287,3,1349.9,28.69
ITEM0009119,ORD002577,PROD00206,5,17398.64,33.64
ITEM0009120,ORD002577,PROD00027,4,6786.44,6.56
ITEM0009121,ORD002577,PROD00236,3,38161.26,24.14
ITEM0009122,ORD002578,PROD00088,3,9502.99,29.08
ITEM0009123,ORD002578,PROD00011,5,53479.92,29.71
ITEM0009124,ORD002578,PROD00070,3,70038.79,33.91
ITEM0009125,ORD002578,PROD00293,4,6508.01,15.64
ITEM0009126,ORD002578,PROD00044,1,36733.67,3.8
ITEM0009127,ORD002579,PROD00056,4,64832.21,31.89
ITEM0009128,ORD002580,PROD00221,2,6476.61,1.56
ITEM0009129,ORD002580,PROD00138,3,14451.36,21.27
ITEM0009130,ORD002580,PROD00137,4,35792.4,7.21
ITEM0009131,ORD002580,PROD00065,4,10942.37,30.34
ITEM0009132,ORD002581,PROD00011,5,53479.92,11.79
ITEM0009133,ORD002581,PROD00173,3,77771.82,1.88
ITEM0009134,ORD002582,PROD00056,3,64832.21,15.25
ITEM0009135,ORD002582,PROD00020,5,70058.39,14.02
ITEM0009136,ORD002582,PROD00086,3,13674.52,27.64
ITEM0009137,ORD002582,PROD00038,5,3024.72,27.28
ITEM0009138,ORD002582,PROD_DUP_765,4,60305.75,5.08
ITEM0009139,ORD002582,PROD00059,1,1558.61,24.06
ITEM0009140,ORD002583,PROD00217,-4,21374.71,18.23
ITEM0009141,ORD002583,PROD00063,2,4748.54,18.28
ITEM0009142,ORD002583,PROD00272,1,43464.46,28.2
ITEM0009143,ORD002584,PROD00230,5,14806.16,20.03
ITEM0009144,ORD002584,PROD00075,5,16738.37,3.96
ITEM0009145,ORD002584,PROD00042,5,851.12,32.78
ITEM0009146,ORD002585,PROD00273,5,5839.38,31.75
ITEM0009147,ORD002585,PROD00095,1,56114.19,16.41
ITEM0009148,ORD002585,PROD00186,3,10600.32,2.7
ITEM0009149,ORD002586,PROD00077,1,949.09,20.85
ITEM0009150,ORD002586,PROD_DUP_765,3,60305.75,13.15
ITEM0009151,ORD002586,PROD00171,1,1587.59,17.53
ITEM0009152,ORD002586,PROD00004,2,945.43,14.76
ITEM0009153,ORD002587,PROD00032,5,15757.18,32.21
ITEM0009154,ORD002587,PROD00029,5,12387.11,8.82
ITEM0009155,ORD002587,PROD00173,2,77771.82,3.06
ITEM0009156,ORD002587,PROD00019,3,39804.94,12.69
ITEM0009157,ORD002587,PROD00185,1,88426.11,34.19
ITEM0009158,ORD002588,PROD00083,4,56427.07,12.42
ITEM0009159,ORD002588,PROD00145,-2,7654.14,34.43
ITEM0009160,ORD002588,PROD00147,3,10375.1,31.13
ITEM0009161,ORD002588,PROD00140,4,10466.68,6.0
ITEM0009162,ORD002589,PROD00244,5,358.32,26.54
ITEM0009163,ORD002589,PROD00003,3,47677.98,21.52
ITEM0009164,ORD002589,PROD00110,-5,8026.63,21.14
ITEM0009165,ORD002589,PROD00264,2,57779.76,20.05
ITEM0009166,ORD002589,PROD00274,1,3119.83,33.25
ITEM0009167,ORD002589,PROD00172,5,660.53,20.47
ITEM0009168,ORD002590,PROD00269,4,2342.42,31.89
ITEM0009169,ORD002590,PROD00271,5,69182.89,6.68
ITEM0009170,ORD002590,PROD_DUP_248,0,13444.93,19.92
ITEM0009171,ORD002590,PROD00032,0,15757.18,34.41
ITEM0009172,ORD002590,PROD00154,4,15820.26,5.44
ITEM0009173,ORD002591,PROD00245,3,77190.55,20.47
ITEM0009174,ORD002591,PROD00185,5,88426.11,2.17
ITEM0009175,ORD002591,PROD_DUP_765,1,60305.75,25.4
ITEM0009176,ORD002592,PROD00239,5,18153.0,5.96
ITEM0009177,ORD002593,PROD00082,3,4931.74,33.7
ITEM0009178,ORD002593,PROD00009,5,11170.3,15.39
ITEM0009179,ORD002593,PROD00090,4,12776.72,0.36
ITEM0009180,ORD002593,PROD00227,2,2030.73,12.91
ITEM0009181,ORD002594,PROD00169,4,8770.94,18.56
ITEM0009182,ORD002594,PROD00031,2,14324.32,7.61
ITEM0009183,ORD002594,INVALID_PROD_91742,5,45234.5,0.42
ITEM0009184,ORD002594,PROD00282,5,1528.85,29.71
ITEM0009185,ORD002594,PROD00159,1,18880.93,31.1
ITEM0009186,ORD002594,PROD00043,4,5667.41,23.17
ITEM0009187,ORD002595,PROD00104,1,10809.0,26.05
ITEM0009188,ORD002595,PROD00260,4,51829.61,16.9
ITEM0009189,ORD002595,PROD00027,3,6786.44,30.87
ITEM0009190,ORD002595,PROD00291,5,68752.62,8.33
ITEM0009191,ORD002595,PROD00187,4,8729.44,21.0
ITEM0009192,ORD002596,PROD00059,3,1558.61,17.2
ITEM0009193,ORD002596,PROD00055,3,1893.42,28.01
ITEM0009194,ORD002596,PROD00150,0,35744.49,31.57
ITEM0009195,ORD002596,PROD00126,3,14276.93,6.05
ITEM0009196,ORD002596,PROD00102,5,20526.64,2.04
ITEM0009197,ORD002596,PROD00240,2,56530.69,8.96
ITEM0009198,ORD002597,PROD00226,1,33228.57,18.24
ITEM0009199,ORD002597,PROD00282,4,1528.85,19.46
ITEM0009200,ORD002598,PROD00100,2,9419.26,9.79
ITEM0009201,ORD002598,PROD00205,1,6001.17,14.91
ITEM0009202,ORD002598,PROD00251,3,37604.62,20.22
ITEM0009203,ORD002599,PROD00274,1,3119.83,1.7
ITEM0009204,ORD002599,PROD00115,1,3345.82,29.82
ITEM0009205,ORD002599,PROD00257,-4,31755.6,14.21
ITEM0009206,ORD002599,PROD00035,3,7731.0,26.83
ITEM0009207,ORD002599,PROD00258,2,11131.97,3.79
ITEM0009208,ORD002600,PROD00004,4,945.43,13.54
ITEM0009209,ORD002600,PROD00127,3,6869.22,17.1
ITEM0009210,ORD002600,PROD00123,1,16024.54,15.41
ITEM0009211,ORD002600,PROD00062,5,1755.31,24.38
ITEM0009212,ORD002601,PROD00239,3,18153.0,2.91
ITEM0009213,ORD002601,PROD00231,5,2536.84,11.85
ITEM0009214,ORD002601,PROD00234,4,491.09,23.77
ITEM0009215,ORD002601,PROD00177,1,2661.74,32.28
ITEM0009216,ORD002601,PROD00022,3,9177.73,11.68
ITEM0009217,ORD002602,PROD00160,5,4270.13,16.99
ITEM0009218,ORD002602,PROD00228,1,12035.67,1.4
ITEM0009219,ORD002602,PROD00172,5,660.53,7.72
ITEM0009220,ORD002602,PROD00018,2,57851.82,5.08
ITEM0009221,ORD002603,PROD00058,5,8762.42,17.68
ITEM0009222,ORD002603,PROD00078,5,80173.3,24.02
ITEM0009223,ORD002603,PROD00223,4,31608.39,32.63
ITEM0009224,ORD002603,PROD00221,5,6476.61,29.76
ITEM0009225,ORD002603,PROD00295,5,6438.13,33.85
ITEM0009226,ORD002603,PROD00274,3,3119.83,22.02
ITEM0009227,ORD002604,PROD00162,1,44239.81,19.72
ITEM0009228,ORD002605,PROD00243,3,19132.03,3.77
ITEM0009229,ORD002606,PROD00027,5,6786.44,22.11
ITEM0009230,ORD002606,PROD00228,4,12035.67,10.88
ITEM0009231,ORD002607,PROD00228,2,12035.67,24.65
ITEM0009232,ORD002608,PROD00190,4,4989.53,18.62
ITEM0009233,ORD002608,PROD00249,1,90613.5,18.59
ITEM0009234,ORD002608,PROD00157,5,7028.69,26.63
ITEM0009235,ORD002608,PROD00175,1,5323.61,24.37
ITEM0009236,ORD002608,PROD00297,2,1866.66,13.5
ITEM0009237,ORD002609,PROD00252,1,8369.69,32.84
ITEM0009238,ORD002609,PROD00017,1,42741.8,17.41
ITEM0009239,ORD002609,PROD00144,3,35676.4,3.05
ITEM0009240,ORD002609,PROD00247,1,60305.75,25.46
ITEM0009241,ORD002610,PROD00126,5,14276.93,27.32
ITEM0009242,ORD002610,PROD00023,1,13941.86,9.79
ITEM0009243,ORD002611,PROD00093,2,799.0,20.43
ITEM0009244,ORD002611,PROD00111,3,8072.67,10.16
ITEM0009245,ORD002611,PROD00139,1,12429.19,23.63
ITEM0009246,ORD002612,PROD00157,3,7028.69,21.4
ITEM0009247,ORD002612,PROD00217,2,21374.71,17.6
ITEM0009248,ORD002612,INVALID_PROD_10359,2,3583.48,21.38
ITEM0009249,ORD002612,PROD00153,2,33477.66,2.43
ITEM0009250,ORD002613,PROD00292,5,148693.56,20.43
ITEM0009251,ORD002613,PROD00004,1,945.43,6.57
ITEM0009252,ORD002613,PROD00280,4,93322.92,24.08
ITEM0009253,ORD002613,PROD00259,3,32817.74,3.05
ITEM0009254,ORD002613,PROD00194,1,1718.09,6.61
ITEM0009255,ORD002614,PROD00135,1,973.62,30.3
ITEM0009256,ORD002614,PROD00109,2,9016.47,31.42
ITEM0009257,ORD002614,PROD00241,3,15219.97,34.07
ITEM0009258,ORD002614,PROD00083,-1,56427.07,21.82
ITEM0009259,ORD002614,PROD00108,3,13444.93,30.44
ITEM0009260,ORD002614,PROD00108,3,13444.93,15.56
ITEM0009261,ORD002615,PROD00150,3,35744.49,15.67
ITEM0009262,ORD002615,PROD00081,3,14240.57,23.55
ITEM0009263,ORD002616,PROD00113,5,14490.24,23.59
ITEM0009264,ORD002616,PROD00038,4,3024.72,25.98
ITEM0009265,ORD002616,PROD00181,1,34804.16,13.3
ITEM0009266,ORD002616,PROD00140,4,10466.68,13.25
ITEM0009267,ORD002617,PROD00105,1,16922.48,3.79
ITEM0009268,ORD002618,PROD00204,3,56411.49,32.51
ITEM0009269,ORD002618,PROD00231,5,2536.84,15.37
ITEM0009270,ORD002619,PROD00125,3,3811.77,22.95
ITEM0009271,ORD002619,PROD00095,1,56114.19,11.47
ITEM0009272,ORD002620,INVALID_PROD_24887,3,90820.31,12.96
ITEM0009273,ORD002620,PROD00058,3,8762.42,31.44
ITEM0009274,ORD002621,PROD00165,4,5849.47,2.71
ITEM0009275,ORD002621,PROD00110,4,8026.63,17.6
ITEM0009276,ORD002621,INVALID_PROD_36416,1,101886.16,30.75
ITEM0009277,INVALID_ORD_36360,PROD00114,4,129739.16,2.65
ITEM0009278,ORD002621,PROD00261,5,35880.89,32.14
ITEM0009279,ORD002621,PROD00164,1,136789.18,15.88
ITEM0009280,ORD002622,PROD00280,-5,93322.92,32.46
ITEM0009281,ORD002622,PROD00038,5,3024.72,1.02
ITEM0009282,ORD002622,PROD00172,5,660.53,29.78
ITEM0009283,ORD002622,PROD00052,1,8276.3,1.4
ITEM0009284,ORD002622,PROD00253,5,30181.5,19.62
ITEM0009285,ORD002623,PROD00209,2,48158.17,29.61
ITEM0009286,ORD002623,PROD00283,2,34928.13,26.4
ITEM0009287,ORD002623,PROD00118,5,85972.81,15.02
ITEM0009288,ORD002624,PROD00231,3,2536.84,3.08
ITEM0009289,ORD002624,PROD00094,4,18989.87,2.01
ITEM0009290,ORD002625,PROD00041,5,13175.99,24.73
ITEM0009291,ORD002626,PROD00105,5,16922.48,8.7
ITEM0009292,ORD002627,PROD00110,3,8026.63,30.44
ITEM0009293,ORD002627,PROD00006,1,3286.66,16.92
ITEM0009294,ORD002628,PROD00052,3,8276.3,8.36
ITEM0009295,ORD002628,PROD00114,2,129739.16,15.6
ITEM0009296,ORD002628,PROD00265,1,7815.58,20.8
ITEM0009297,ORD002629,PROD00010,3,19555.43,33.76
ITEM0009298,ORD002629,PROD00288,3,12413.32,33.21
ITEM0009299,ORD002629,PROD00010,1,19555.43,17.33
ITEM0009300,ORD002629,PROD00212,5,18473.59,4.19
ITEM0009301,ORD002630,PROD00144,5,35676.4,10.69
ITEM0009302,ORD002630,PROD00099,5,10679.39,13.28
ITEM0009303,ORD002630,PROD00203,4,16125.87,14.0
ITEM0009304,ORD002630,PROD00085,5,3944.47,27.31
ITEM0009305,ORD002631,PROD00111,1,8072.67,6.23
ITEM0009306,ORD002631,PROD00055,2,1893.42,19.55
ITEM0009307,ORD002631,PROD00230,5,14806.16,9.92
ITEM0009308,ORD002631,PROD00071,2,6126.45,11.46
ITEM0009309,ORD002631,PROD00127,5,6869.22,26.47
ITEM0009310,ORD002631,PROD00070,4,70038.79,16.88
ITEM0009311,ORD002632,PROD00101,-2,90820.31,28.18
ITEM0009312,ORD002632,PROD00161,5,89959.13,20.62
ITEM0009313,ORD002632,PROD_DUP_764,3,10284.38,10.9
ITEM0009314,ORD002632,PROD00206,4,17398.64,23.26
ITEM0009315,ORD002633,PROD00219,3,916.28,27.69
ITEM0009316,ORD002633,PROD00260,5,51829.61,2.85
ITEM0009317,ORD002633,PROD00195,3,45234.5,23.12
ITEM0009318,ORD002634,PROD00197,2,2320.69,9.86
ITEM0009319,ORD002634,PROD00273,3,5839.38,33.36
ITEM0009320,ORD002634,PROD00154,5,15820.26,22.38
ITEM0009321,ORD002634,PROD00052,4,8276.3,11.36
ITEM0009322,ORD002634,PROD00024,3,18935.15,30.94
ITEM0009323,ORD002634,PROD00235,5,9096.22,20.87
ITEM0009324,ORD002635,PROD00113,1,14490.24,9.27
ITEM0009325,ORD002635,PROD_DUP_765,3,60305.75,11.35
ITEM0009326,ORD002635,PROD00080,1,8705.25,11.03
ITEM0009327,ORD002635,PROD00013,2,1794.74,29.89
ITEM0009328,ORD002635,PROD00014,3,10284.38,7.11
ITEM0009329,ORD002635,PROD00128,5,2957.45,1.52
ITEM0009330,ORD002636,PROD00079,3,11534.5,9.85
ITEM0009331,ORD002636,PROD_DUP_764,1,10284.38,16.76
ITEM0009332,ORD002636,PROD00243,5,19132.03,32.85
ITEM0009333,ORD002636,PROD00216,3,4233.5,24.3
ITEM0009334,ORD002637,PROD00203,4,16125.87,24.2
ITEM0009335,ORD002638,PROD00036,2,9080.54,5.85
ITEM0009336,ORD002638,PROD00280,4,93322.92,28.1
ITEM0009337,ORD002638,PROD00264,4,57779.76,22.81
ITEM0009338,ORD002638,PROD00014,1,10284.38,2.4
ITEM0009339,ORD002639,PROD00289,3,1903.39,1.31
ITEM0009340,ORD002639,PROD00105,5,16922.48,30.45
ITEM0009341,ORD002640,PROD00287,4,1349.9,16.92
ITEM0009342,ORD002641,PROD00028,3,59359.69,8.86
ITEM0009343,ORD002641,PROD00295,3,6438.13,12.52
ITEM0009344,ORD002641,PROD00216,4,4233.5,19.85
ITEM0009345,ORD002641,PROD00109,1,9016.47,8.72
ITEM0009346,ORD002642,INVALID_PROD_16037,1,14806.16,19.58
ITEM0009347,ORD002642,PROD00215,4,13895.27,32.69
ITEM0009348,ORD002643,PROD00029,5,12387.11,7.68
ITEM0009349,ORD002644,PROD00080,4,8705.25,13.09
ITEM0009350,ORD002644,PROD00039,4,4450.41,1.98
ITEM0009351,ORD002644,PROD00153,3,33477.66,25.43
ITEM0009352,ORD002644,PROD00057,1,6857.15,3.12
ITEM0009353,ORD002644,PROD00029,2,12387.11,5.43
ITEM0009354,ORD002645,PROD00048,2,74181.94,4.49
ITEM0009355,ORD002645,PROD00183,4,9351.26,32.77
ITEM0009356,ORD002645,PROD00152,5,4664.81,27.44
ITEM0009357,INVALID_ORD_24523,PROD00072,5,6009.58,3.86
ITEM0009358,ORD002645,PROD00197,5,2320.69,10.47
ITEM0009359,ORD002646,PROD00281,3,2777.16,4.9
ITEM0009360,ORD002646,PROD00281,4,2777.16,24.08
ITEM0009361,ORD002646,PROD00205,2,6001.17,16.16
ITEM0009362,ORD002646,PROD00158,2,255.24,25.34
ITEM0009363,ORD002646,PROD00152,4,4664.81,4.47
ITEM0009364,ORD002646,PROD00046,1,3348.49,21.05
ITEM0009365,ORD002647,PROD00029,4,12387.11,17.11
ITEM0009366,ORD002647,PROD00076,5,117743.14,7.52
ITEM0009367,ORD002648,PROD00187,4,8729.44,10.69
ITEM0009368,ORD002648,PROD00077,5,949.09,28.27
ITEM0009369,ORD002648,PROD_DUP_765,4,60305.75,22.22
ITEM0009370,ORD002648,PROD00135,4,973.62,20.51
ITEM0009371,ORD002649,PROD00243,2,19132.03,0.37
ITEM0009372,ORD002650,PROD00097,5,8629.08,21.25
ITEM0009373,ORD002650,PROD00031,4,14324.32,18.43
ITEM0009374,ORD002651,PROD00179,5,11703.98,22.01
ITEM0009375,ORD002651,PROD00154,4,15820.26,31.94
ITEM0009376,ORD002651,PROD00291,4,68752.62,25.15
ITEM0009377,ORD002652,PROD00207,5,90137.22,1.64
ITEM0009378,ORD002652,PROD00174,4,6796.1,18.42
ITEM0009379,ORD002652,PROD00225,4,525.71,29.68
ITEM0009380,ORD002652,PROD00146,4,10852.71,21.35
ITEM0009381,ORD002652,PROD00101,2,90820.31,33.7
ITEM0009382,ORD002652,PROD00169,3,8770.94,28.1
ITEM0009383,ORD002653,PROD00282,-3,1528.85,13.86
ITEM0009384,ORD002653,PROD00167,3,15629.7,16.89
ITEM0009385,ORD002653,PROD00273,5,5839.38,34.56
ITEM0009386,ORD002654,PROD00291,5,68752.62,3.16
ITEM0009387,ORD002654,PROD00163,5,49503.31,28.61
ITEM0009388,ORD002654,PROD00084,5,49768.99,33.14
ITEM0009389,ORD002654,PROD00178,1,11840.22,23.11
ITEM0009390,ORD002654,PROD00202,2,2205.47,1.73
ITEM0009391,ORD002655,PROD00281,-1,2777.16,31.19
ITEM0009392,ORD002655,PROD00057,2,6857.15,0.32
ITEM0009393,ORD002656,PROD00115,1,3345.82,23.37
ITEM0009394,ORD002657,PROD00156,3,263.76,33.26
ITEM0009395,ORD002657,PROD00091,4,922.64,9.96
ITEM0009396,ORD002657,PROD00125,5,3811.77,17.88
ITEM0009397,ORD002657,PROD00131,3,2403.64,10.61
ITEM0009398,ORD002657,PROD00213,1,67924.54,114.51
ITEM0009399,ORD002657,PROD00087,5,9237.82,26.87
ITEM0009400,ORD002658,PROD00056,1,64832.21,2.86
ITEM0009401,ORD002659,PROD00264,4,57779.76,23.54
ITEM0009402,ORD002659,PROD00119,2,1779.27,34.24
ITEM0009403,ORD002659,PROD00166,2,13792.77,19.39
ITEM0009404,ORD002659,PROD00095,4,56114.19,10.92
ITEM0009405,ORD002659,PROD00041,0,13175.99,32.65
ITEM0009406,ORD002660,PROD00067,5,16473.79,3.44
ITEM0009407,ORD002661,PROD00114,3,129739.16,25.34
ITEM0009408,ORD002661,PROD00294,3,12314.4,29.09
ITEM0009409,ORD002662,PROD00273,2,5839.38,32.6
ITEM0009410,ORD002663,PROD00135,2,973.62,2.79
ITEM0009411,ORD002663,PROD00261,5,35880.89,30.41
ITEM0009412,ORD002663,PROD00281,1,2777.16,22.74
ITEM0009413,ORD002664,PROD00059,5,1558.61,27.28
ITEM0009414,ORD002664,PROD00139,2,12429.19,9.08
ITEM0009415,ORD002664,INVALID_PROD_80905,2,51829.61,16.33
ITEM0009416,ORD002665,PROD00290,1,41413.51,12.36
ITEM0009417,ORD002665,PROD00159,-2,18880.93,9.79
ITEM0009418,ORD002665,PROD00080,5,8705.25,28.87
ITEM0009419,ORD002665,PROD00175,2,5323.61,6.53
ITEM0009420,ORD002665,PROD00070,1,70038.79,0.4
ITEM0009421,ORD002666,PROD00179,5,11703.98,8.15
ITEM0009422,ORD002666,PROD00293,1,6508.01,16.75
ITEM0009423,ORD002666,PROD00246,4,49840.91,3.82
ITEM0009424,ORD002666,PROD00205,2,6001.17,18.17
ITEM0009425,ORD002666,PROD00145,3,7654.14,11.45
ITEM0009426,ORD002666,PROD_DUP_248,5,13444.93,11.07
ITEM0009427,ORD002667,PROD00086,3,13674.52,13.01
ITEM0009428,ORD002667,PROD00241,0,15219.97,29.25
ITEM0009429,ORD002667,PROD00203,5,16125.87,0.86
ITEM0009430,ORD002667,PROD00210,3,116861.98,8.21
ITEM0009431,ORD002668,PROD00041,3,13175.99,12.79
ITEM0009432,ORD002669,PROD00057,4,6857.15,32.88
ITEM0009433,ORD002669,PROD00194,1,1718.09,13.04
ITEM0009434,ORD002669,PROD00257,4,31755.6,21.44
ITEM0009435,ORD002670,PROD00043,5,5667.41,5.75
ITEM0009436,ORD002671,PROD00192,2,9826.54,1.29
ITEM0009437,ORD002671,PROD00062,2,1755.31,4.34
ITEM0009438,ORD002672,PROD00286,5,11352.93,1.78
ITEM0009439,ORD002672,PROD00069,2,1031.99,32.56
ITEM0009440,ORD002672,PROD00131,5,2403.64,17.27
ITEM0009441,ORD002672,PROD00008,2,2233.33,27.74
ITEM0009442,ORD002673,PROD00021,1,1935.05,17.99
ITEM0009443,ORD002673,PROD00152,1,4664.81,26.71
ITEM0009444,ORD002673,PROD00248,-2,13070.96,30.87
ITEM0009445,ORD002673,PROD00040,1,6724.73,20.18
ITEM0009446,ORD002674,PROD00160,4,4270.13,146.78
ITEM0009447,ORD002675,PROD00135,2,973.62,25.65
ITEM0009448,ORD002675,PROD00106,1,1535.04,31.43
ITEM0009449,ORD002675,PROD00077,3,949.09,20.09
ITEM0009450,ORD002675,PROD00192,2,9826.54,27.3
ITEM0009451,ORD002676,PROD00247,3,60305.75,0.91
ITEM0009452,ORD002677,PROD00138,2,14451.36,22.38
ITEM0009453,ORD002677,PROD00210,2,116861.98,26.93
ITEM0009454,ORD002677,PROD00043,5,5667.41,5.62
ITEM0009455,ORD002678,PROD00019,3,39804.94,145.48
ITEM0009456,ORD002678,PROD00119,1,1779.27,9.43
ITEM0009457,ORD002679,PROD00241,4,15219.97,16.21
ITEM0009458,ORD002679,PROD00103,3,210.19,25.37
ITEM0009459,ORD002680,PROD00160,5,4270.13,32.01
ITEM0009460,ORD002680,PROD00047,5,1949.22,32.42
ITEM0009461,ORD002680,PROD00221,-4,6476.61,5.8
ITEM0009462,ORD002680,PROD00235,4,9096.22,28.53
ITEM0009463,ORD002680,PROD00061,3,168745.97,13.86
ITEM0009464,ORD002680,PROD00210,1,116861.98,113.05
ITEM0009465,ORD002681,PROD00046,3,3348.49,19.12
ITEM0009466,ORD002681,PROD00202,5,2205.47,21.22
ITEM0009467,ORD002681,PROD00045,5,65694.03,2.25
ITEM0009468,ORD002682,PROD00102,1,20526.64,12.9
ITEM0009469,ORD002682,PROD00107,1,128039.99,18.53
ITEM0009470,ORD002682,PROD00094,5,18989.87,21.61
ITEM0009471,ORD002683,PROD00205,4,6001.17,34.49
ITEM0009472,ORD002683,PROD00050,5,635.92,6.03
ITEM0009473,ORD002683,PROD00067,1,16473.79,31.25
ITEM0009474,ORD002683,PROD00124,3,31585.25,9.14
ITEM0009475,ORD002683,PROD00001,4,107560.75,29.57
ITEM0009476,ORD002683,PROD00064,2,6397.09,27.4
ITEM0009477,ORD002684,PROD00294,3,12314.4,21.37
ITEM0009478,ORD002684,PROD00123,1,16024.54,14.08
ITEM0009479,ORD002684,PROD00110,5,8026.63,26.3
ITEM0009480,ORD002684,PROD00258,5,11131.97,17.25
ITEM0009481,ORD002685,PROD00087,4,9237.82,12.61
ITEM0009482,ORD002686,PROD00082,3,4931.74,3.78
ITEM0009483,ORD002686,PROD00295,0,6438.13,9.52
ITEM0009484,ORD002686,PROD00035,2,7731.0,1.23
ITEM0009485,ORD002687,PROD00045,1,65694.03,2.82
ITEM0009486,ORD002687,PROD00140,3,10466.68,17.67
ITEM0009487,ORD002687,PROD00300,2,1163.82,2.47
ITEM0009488,ORD002687,PROD00016,4,155813.5,26.24
ITEM0009489,ORD002688,PROD00243,2,19132.03,6.15
ITEM0009490,ORD002688,PROD00189,3,9958.04,2.25
ITEM0009491,ORD002688,PROD00066,2,5087.99,34.62
ITEM0009492,ORD002688,PROD00277,1,10462.69,25.19
ITEM0009493,ORD002688,PROD00182,4,60233.51,20.96
ITEM0009494,ORD002689,PROD00167,4,15629.7,9.61
ITEM0009495,ORD002689,PROD00108,0,13444.93,9.75
ITEM0009496,ORD002689,PROD00064,3,6397.09,10.82
ITEM0009497,ORD002690,PROD00223,5,31608.39,26.67
ITEM0009498,ORD002690,PROD00248,3,13070.96,5.25
ITEM0009499,ORD002690,PROD00050,1,635.92,11.64
ITEM0009500,ORD002691,PROD00266,3,150138.51,9.17
ITEM0009501,ORD002691,PROD00102,3,20526.64,14.88
ITEM0009502,ORD002691,PROD00276,2,3225.79,2.36
ITEM0009503,ORD002691,PROD00087,1,9237.82,33.12
ITEM0009504,ORD002691,PROD00039,5,4450.41,33.41
ITEM0009505,ORD002691,PROD00189,4,9958.04,9.06
ITEM0009506,ORD002692,PROD00002,3,13344.44,9.25
ITEM0009507,ORD002692,PROD00173,2,77771.82,17.51
ITEM0009508,ORD002692,PROD00267,2,5023.39,23.89
ITEM0009509,ORD002693,PROD00288,3,12413.32,22.17
ITEM0009510,ORD002693,PROD00152,1,4664.81,24.68
ITEM0009511,ORD002693,PROD00225,3,525.71,8.15
ITEM0009512,ORD002693,PROD00099,4,10679.39,141.2
ITEM0009513,ORD002693,PROD00068,5,15259.49,24.05
ITEM0009514,ORD002693,PROD00104,4,10809.0,13.64
ITEM0009515,ORD002694,PROD00066,3,5087.99,15.03
ITEM0009516,ORD002694,PROD00170,2,12487.59,4.66
ITEM0009517,ORD002695,PROD00248,3,13070.96,18.0
ITEM0009518,ORD002696,PROD00112,1,958.5,31.02
ITEM0009519,ORD002696,PROD00066,3,5087.99,26.62
ITEM0009520,ORD002696,PROD00101,-4,90820.31,4.93
ITEM0009521,ORD002696,PROD00180,4,45620.93,9.69
ITEM0009522,ORD002696,PROD00183,3,9351.26,5.58
ITEM0009523,ORD002696,PROD00023,5,13941.86,22.96
ITEM0009524,ORD002697,PROD00116,3,72895.77,7.97
ITEM0009525,ORD002697,PROD00170,5,12487.59,17.75
ITEM0009526,ORD002697,PROD00120,5,1922.05,31.12
ITEM0009527,ORD002697,PROD00285,4,87613.3,2.74
ITEM0009528,ORD002698,PROD00030,1,46619.52,5.77
ITEM0009529,ORD002698,PROD00275,5,1589.33,24.32
ITEM0009530,ORD002699,PROD00098,1,101886.16,25.76
ITEM0009531,ORD002699,PROD00136,2,15602.8,9.25
ITEM0009532,ORD002700,PROD00296,5,75276.41,19.87
ITEM0009533,ORD002700,PROD00150,2,35744.49,29.75
ITEM0009534,ORD002700,PROD00165,2,5849.47,18.82
ITEM0009535,ORD002701,PROD00047,3,1949.22,6.42
ITEM0009536,ORD002701,PROD00193,3,33770.04,19.95
ITEM0009537,INVALID_ORD_30121,PROD00185,2,88426.11,33.44
ITEM0009538,ORD002702,PROD00228,3,12035.67,6.06
ITEM0009539,ORD002702,PROD00091,5,922.64,14.75
ITEM0009540,ORD002702,PROD00235,3,9096.22,30.81
ITEM0009541,ORD002703,PROD00228,1,12035.67,9.4
ITEM0009542,ORD002704,PROD00077,3,949.09,15.13
ITEM0009543,ORD002704,PROD00027,5,6786.44,31.48
ITEM0009544,ORD002705,PROD00220,1,53302.28,5.98
ITEM0009545,ORD002705,PROD00165,5,5849.47,27.41
ITEM0009546,ORD002705,PROD00224,5,54820.98,31.21
ITEM0009547,ORD002705,PROD00172,4,660.53,33.79
ITEM0009548,ORD002705,PROD00117,2,28499.09,24.29
ITEM0009549,ORD002705,PROD00262,3,2761.19,21.92
ITEM0009550,ORD002706,PROD00097,5,8629.08,15.11
ITEM0009551,ORD002706,PROD00179,2,11703.98,7.66
ITEM0009552,ORD002706,PROD00292,2,148693.56,32.99
ITEM0009553,ORD002706,PROD00104,1,10809.0,30.76
ITEM0009554,ORD002706,PROD00257,4,31755.6,31.13
ITEM0009555,ORD002706,PROD00259,4,32817.74,34.5
ITEM0009556,ORD002707,PROD00268,3,247.24,34.81
ITEM0009557,ORD002707,PROD00201,3,331.81,23.08
ITEM0009558,ORD002708,PROD00023,2,13941.86,23.39
ITEM0009559,ORD002708,PROD00227,2,2030.73,11.66
ITEM0009560,ORD002708,PROD00286,1,11352.93,21.33
ITEM0009561,ORD002708,PROD00122,-5,1085.5,23.53
ITEM0009562,ORD002709,PROD00015,2,3631.08,29.83
ITEM0009563,ORD002709,PROD00014,4,10284.38,1.52
ITEM0009564,ORD002709,PROD00174,3,6796.1,33.44
ITEM0009565,ORD002710,PROD00266,5,150138.51,32.79
ITEM0009566,ORD002710,PROD00122,5,1085.5,1.75
ITEM0009567,ORD002710,PROD00252,2,8369.69,11.91
ITEM0009568,ORD002711,PROD00129,4,55423.01,2.95
ITEM0009569,ORD002711,PROD00137,2,35792.4,20.4
ITEM0009570,ORD002711,PROD00217,2,21374.71,3.65
ITEM0009571,ORD002711,PROD00028,0,59359.69,21.75
ITEM0009572,ORD002712,PROD00264,3,57779.76,9.35
ITEM0009573,ORD002712,PROD00296,1,75276.41,28.03
ITEM0009574,ORD002712,PROD00002,1,13344.44,33.39
ITEM0009575,ORD002712,PROD00099,3,10679.39,24.23
ITEM0009576,ORD002712,PROD00115,1,3345.82,29.78
ITEM0009577,ORD002712,PROD00048,2,74181.94,6.3
ITEM0009578,ORD002713,PROD00142,-1,3142.8,20.9
ITEM0009579,ORD002713,PROD00229,3,17916.53,19.16
ITEM0009580,ORD002713,PROD00278,1,48030.22,26.95
ITEM0009581,ORD002713,PROD00217,4,21374.71,1.41
ITEM0009582,ORD002713,PROD00280,4,93322.92,13.63
ITEM0009583,ORD002713,PROD00049,5,8241.32,16.04
ITEM0009584,ORD002714,PROD00163,5,49503.31,30.66
ITEM0009585,ORD002714,PROD00043,4,5667.41,22.74
ITEM0009586,ORD002714,PROD00253,3,30181.5,20.3
ITEM0009587,ORD002715,PROD00051,0,14882.87,19.97
ITEM0009588,ORD002715,PROD00247,1,60305.75,22.35
ITEM0009589,ORD002716,PROD00112,3,958.5,21.41
ITEM0009590,INVALID_ORD_19031,PROD00043,5,5667.41,8.08
ITEM0009591,ORD002716,PROD00213,2,67924.54,29.78
ITEM0009592,ORD002716,PROD00119,2,1779.27,1.5
ITEM0009593,ORD002716,PROD00238,5,10985.44,23.27
ITEM0009594,ORD002716,PROD00039,2,4450.41,9.04
ITEM0009595,ORD002717,PROD00050,1,635.92,6.21
ITEM0009596,ORD002717,PROD_DUP_764,1,10284.38,24.48
ITEM0009597,ORD002717,PROD00109,3,9016.47,13.09
ITEM0009598,ORD002717,PROD00056,1,64832.21,1.52
ITEM0009599,ORD002717,PROD00117,1,28499.09,27.34
ITEM0009600,ORD002718,PROD00131,1,2403.64,26.9
ITEM0009601,ORD002718,PROD00108,5,13444.93,34.25
ITEM0009602,ORD002718,PROD00140,1,10466.68,26.53
ITEM0009603,ORD002719,PROD00163,5,49503.31,11.07
ITEM0009604,ORD002719,PROD00201,-3,331.81,5.76
ITEM0009605,ORD002719,PROD00047,2,1949.22,3.44
ITEM0009606,ORD002719,PROD00288,5,12413.32,12.99
ITEM0009607,ORD002719,PROD00173,2,77771.82,19.37
ITEM0009608,ORD002719,PROD00003,5,47677.98,27.62
ITEM0009609,ORD002720,PROD00118,2,85972.81,34.77
ITEM0009610,ORD002720,PROD00125,-1,3811.77,1.49
ITEM0009611,ORD002720,PROD00199,3,37442.17,25.7
ITEM0009612,ORD002720,PROD00019,1,39804.94,23.9
ITEM0009613,ORD002720,PROD00244,3,358.32,16.32
ITEM0009614,ORD002720,PROD00081,2,14240.57,25.12
ITEM0009615,ORD002721,PROD00152,4,4664.81,17.97
ITEM0009616,ORD002721,PROD00237,5,3389.65,22.4
ITEM0009617,ORD002721,PROD00142,1,3142.8,12.02
ITEM0009618,ORD002721,PROD00009,2,11170.3,0.75
ITEM0009619,ORD002721,PROD00080,4,8705.25,2.1
ITEM0009620,ORD002722,PROD00135,3,973.62,27.88
ITEM0009621,ORD002722,PROD00271,5,69182.89,7.02
ITEM0009622,ORD002722,PROD00157,1,7028.69,12.17
ITEM0009623,ORD002722,PROD00289,3,1903.39,0.5
ITEM0009624,ORD002722,PROD00147,1,10375.1,21.73
ITEM0009625,ORD002723,PROD00267,1,5023.39,116.54
ITEM0009626,ORD002723,PROD00011,5,53479.92,5.99
ITEM0009627,ORD002723,PROD00211,0,235.37,4.14
ITEM0009628,ORD002724,PROD00129,1,55423.01,23.73
ITEM0009629,ORD002724,PROD00109,4,9016.47,16.6
ITEM0009630,ORD002724,PROD00046,0,3348.49,10.67
ITEM0009631,ORD002725,PROD00024,5,18935.15,20.82
ITEM0009632,ORD002726,PROD00170,4,12487.59,32.02
ITEM0009633,ORD002727,PROD00211,3,235.37,17.43
ITEM0009634,ORD002727,PROD00276,3,3225.79,6.51
ITEM0009635,ORD002727,PROD00048,4,74181.94,23.16
ITEM0009636,ORD002727,PROD00205,2,6001.17,20.96
ITEM0009637,ORD002727,PROD00244,2,358.32,20.17
ITEM0009638,ORD002728,PROD00273,5,5839.38,7.1
ITEM0009639,ORD002728,PROD00251,3,37604.62,7.04
ITEM0009640,ORD002728,PROD00138,1,14451.36,21.7
ITEM0009641,ORD002728,PROD00214,3,9055.44,19.64
ITEM0009642,ORD002728,PROD00238,1,10985.44,142.51
ITEM0009643,ORD002728,PROD00059,3,1558.61,6.99
ITEM0009644,ORD002729,PROD00138,4,14451.36,34.41
ITEM0009645,ORD002729,PROD00199,2,37442.17,27.2
ITEM0009646,ORD002729,PROD00237,3,3389.65,12.25
ITEM0009647,ORD002729,PROD00115,4,3345.82,21.96
ITEM0009648,ORD002729,PROD00197,5,2320.69,30.99
ITEM0009649,ORD002730,PROD00221,4,6476.61,8.29
ITEM0009650,ORD002730,PROD00017,1,42741.8,20.06
ITEM0009651,ORD002730,PROD00084,4,49768.99,27.82
ITEM0009652,ORD002730,PROD00076,5,117743.14,13.9
ITEM0009653,ORD002730,PROD00140,4,10466.68,9.93
ITEM0009654,ORD002730,PROD00140,5,10466.68,21.29
ITEM0009655,ORD002731,PROD00256,4,19894.86,30.88
ITEM0009656,ORD002731,PROD00198,1,88452.16,0.22
ITEM0009657,ORD002731,PROD00047,2,1949.22,0.76
ITEM0009658,ORD002731,PROD00036,5,9080.54,0.53
ITEM0009659,ORD002731,PROD00083,3,56427.07,7.48
ITEM0009660,ORD002732,PROD00147,-4,10375.1,19.68
ITEM0009661,ORD002732,PROD00095,2,56114.19,25.4
ITEM0009662,ORD002732,PROD00294,4,12314.4,30.27
ITEM0009663,ORD002733,PROD00263,3,4176.74,34.02
ITEM0009664,ORD002733,PROD00266,5,150138.51,11.18
ITEM0009665,ORD002733,PROD00280,2,93322.92,21.91
ITEM0009666,ORD002733,PROD00266,1,150138.51,5.79
ITEM0009667,ORD002734,PROD00186,3,10600.32,15.64
ITEM0009668,ORD002734,PROD00264,5,57779.76,14.41
ITEM0009669,ORD002735,PROD00247,3,60305.75,8.59
ITEM0009670,ORD002735,PROD00258,3,11131.97,7.35
ITEM0009671,ORD002736,PROD00270,2,16051.61,31.97
ITEM0009672,ORD002736,PROD00001,2,107560.75,1.58
ITEM0009673,ORD002736,PROD00250,4,2595.77,13.62
ITEM0009674,ORD002737,PROD00026,4,19557.07,1.56
ITEM0009675,ORD002737,PROD00094,0,18989.87,6.91
ITEM0009676,ORD002737,PROD00027,3,6786.44,10.63
ITEM0009677,ORD002737,PROD00217,1,21374.71,5.71
ITEM0009678,ORD002737,PROD00100,2,9419.26,17.23
ITEM0009679,ORD002738,PROD00151,3,75177.2,22.83
ITEM0009680,ORD002738,PROD00138,2,14451.36,6.38
ITEM0009681,ORD002738,PROD00121,5,79730.15,7.3
ITEM0009682,ORD002739,PROD00190,1,4989.53,18.8
ITEM0009683,ORD002739,PROD00238,1,10985.44,32.69
ITEM0009684,ORD002739,PROD00268,3,247.24,13.76
ITEM0009685,ORD002739,PROD00265,1,7815.58,125.59
ITEM0009686,ORD002739,PROD00233,2,5457.87,10.94
ITEM0009687,ORD002739,PROD00283,3,34928.13,7.38
ITEM0009688,ORD002740,PROD00181,1,34804.16,22.94
ITEM0009689,ORD002740,PROD00161,4,89959.13,11.43
ITEM0009690,ORD002740,PROD00075,5,16738.37,8.97
ITEM0009691,ORD002740,PROD00167,5,15629.7,20.11
ITEM0009692,ORD002740,PROD00181,-1,34804.16,12.78
ITEM0009693,ORD002741,PROD00277,4,10462.69,15.38
ITEM0009694,ORD002741,PROD00071,2,6126.45,23.44
ITEM0009695,ORD002741,PROD00290,5,41413.51,26.75
ITEM0009696,ORD002741,PROD00108,2,13444.93,21.44
ITEM0009697,ORD002741,PROD00127,1,6869.22,6.24
ITEM0009698,ORD002742,PROD00012,3,16414.48,14.36
ITEM0009699,ORD002743,PROD00152,2,4664.81,11.89
ITEM0009700,ORD002743,PROD00150,5,35744.49,2.37
ITEM0009701,ORD002744,PROD00261,3,35880.89,32.52
ITEM0009702,ORD002744,PROD00113,1,14490.24,15.22
ITEM0009703,ORD002744,PROD00039,1,4450.41,12.34
ITEM0009704,ORD002744,PROD00171,3,1587.59,0.93
ITEM0009705,ORD002744,PROD00142,5,3142.8,26.35
ITEM0009706,ORD002744,PROD00032,1,15757.18,120.98
ITEM0009707,ORD002745,PROD00156,3,263.76,7.44
ITEM0009708,ORD002746,PROD00034,3,2479.77,14.97
ITEM0009709,ORD002746,PROD00238,-5,10985.44,18.96
ITEM0009710,ORD002746,PROD00132,4,1220.54,138.86
ITEM0009711,ORD002746,PROD00079,2,11534.5,12.7
ITEM0009712,ORD002746,PROD00036,3,9080.54,24.83
ITEM0009713,ORD002746,PROD00286,5,11352.93,11.8
ITEM0009714,ORD002747,PROD00292,4,148693.56,6.61
ITEM0009715,ORD002747,PROD00067,5,16473.79,13.48
ITEM0009716,ORD002747,PROD00008,5,2233.33,27.06
ITEM0009717,ORD002748,PROD00066,1,5087.99,22.33
ITEM0009718,ORD002748,PROD00069,5,1031.99,16.83
ITEM0009719,ORD002748,PROD00222,4,529.14,22.08
ITEM0009720,ORD002748,PROD00138,1,14451.36,27.92
ITEM0009721,ORD002748,PROD00196,5,19028.45,25.61
ITEM0009722,ORD002749,PROD00204,3,56411.49,4.96
ITEM0009723,ORD002749,PROD00109,3,9016.47,26.46
ITEM0009724,ORD002749,PROD00015,4,3631.08,9.52
ITEM0009725,ORD002749,PROD00214,3,9055.44,12.84
ITEM0009726,ORD002750,PROD_DUP_765,2,60305.75,24.03
ITEM0009727,ORD002750,PROD00195,5,45234.5,20.99
ITEM0009728,ORD002750,PROD00078,3,80173.3,6.3
ITEM0009729,ORD002750,PROD00139,3,12429.19,34.5
ITEM0009730,ORD002750,PROD00178,5,11840.22,22.29
ITEM0009731,ORD002751,PROD00126,3,14276.93,17.23
ITEM0009732,ORD002751,PROD00087,1,9237.82,9.37
ITEM0009733,ORD002751,PROD00087,2,9237.82,14.83
ITEM0009734,ORD002752,PROD00188,2,26614.54,14.74
ITEM0009735,ORD002753,PROD00226,1,33228.57,128.61
ITEM0009736,ORD002754,PROD00288,3,12413.32,9.84
ITEM0009737,ORD002754,PROD00046,4,3348.49,9.78
ITEM0009738,ORD002755,PROD00283,5,34928.13,25.49
ITEM0009739,ORD002755,PROD00129,3,55423.01,28.77
ITEM0009740,ORD002756,PROD00164,5,136789.18,7.47
ITEM0009741,ORD002756,PROD00201,4,331.81,20.98
ITEM0009742,ORD002756,PROD00270,4,16051.61,18.35
ITEM0009743,ORD002756,PROD00298,1,1958.18,25.65
ITEM0009744,ORD002756,PROD00196,2,19028.45,23.4
ITEM0009745,ORD002757,PROD00053,4,1294.67,7.25
ITEM0009746,ORD002757,PROD00243,1,19132.03,0.66
ITEM0009747,ORD002757,PROD00185,1,88426.11,9.67
ITEM0009748,ORD002757,PROD00076,5,117743.14,12.88
ITEM0009749,ORD002757,PROD00068,3,15259.49,14.19
ITEM0009750,ORD002757,PROD00027,2,6786.44,9.33
ITEM0009751,ORD002758,PROD00299,5,5860.91,19.33
ITEM0009752,ORD002759,PROD00275,1,1589.33,1.65
ITEM0009753,ORD002759,PROD00266,3,150138.51,13.07
ITEM0009754,ORD002759,PROD00293,2,6508.01,0.78
ITEM0009755,ORD002760,PROD00229,2,17916.53,4.45
ITEM0009756,ORD002760,PROD00136,4,15602.8,9.71
ITEM0009757,ORD002761,PROD00221,2,6476.61,29.37
ITEM0009758,ORD002762,PROD00021,2,1935.05,0.8
ITEM0009759,ORD002762,PROD00225,2,525.71,3.79
ITEM0009760,ORD002762,PROD00274,1,3119.83,32.69
ITEM0009761,ORD002762,PROD00007,0,4079.3,22.03
ITEM0009762,ORD002762,PROD00283,1,34928.13,3.29
ITEM0009763,ORD002763,PROD00135,5,973.62,29.57
ITEM0009764,ORD002763,PROD00280,5,93322.92,23.47
ITEM0009765,ORD002763,PROD00156,5,263.76,21.66
ITEM0009766,ORD002763,PROD00011,-5,53479.92,8.48
ITEM0009767,ORD002763,PROD00048,3,74181.94,18.48
ITEM0009768,ORD002763,PROD00286,1,11352.93,17.37
ITEM0009769,ORD002764,PROD00014,-5,10284.38,0.96
ITEM0009770,ORD002764,PROD00018,2,57851.82,25.52
ITEM0009771,ORD002764,PROD00059,2,1558.61,114.57
ITEM0009772,ORD002764,PROD00291,1,68752.62,6.6
ITEM0009773,ORD002764,PROD00105,3,16922.48,33.28
ITEM0009774,ORD002765,PROD00151,5,75177.2,11.81
ITEM0009775,ORD002766,PROD00001,4,107560.75,10.45
ITEM0009776,ORD002767,PROD00279,4,13479.28,12.7
ITEM0009777,ORD002767,PROD00194,2,1718.09,10.69
ITEM0009778,ORD002768,PROD00183,2,9351.26,17.43
ITEM0009779,ORD002768,PROD00291,3,68752.62,11.47
ITEM0009780,ORD002768,PROD00235,4,9096.22,27.96
ITEM0009781,ORD002768,PROD00192,3,9826.54,24.36
ITEM0009782,ORD002768,PROD00011,1,53479.92,8.94
ITEM0009783,ORD002769,PROD00039,2,4450.41,19.58
ITEM0009784,ORD002769,PROD00261,3,35880.89,124.58
ITEM0009785,ORD002769,PROD00202,4,2205.47,24.54
ITEM0009786,ORD002770,PROD00040,5,6724.73,16.18
ITEM0009787,ORD002770,PROD00272,5,43464.46,25.29
ITEM0009788,ORD002770,PROD00110,5,8026.63,30.1
ITEM0009789,ORD002771,PROD00132,3,1220.54,15.47
ITEM0009790,ORD002771,PROD00134,2,281.46,28.55
ITEM0009791,ORD002771,PROD00158,4,255.24,24.82
ITEM0009792,ORD002772,PROD00210,3,116861.98,28.99
ITEM0009793,ORD002772,PROD00249,5,90613.5,18.21
ITEM0009794,ORD002772,PROD00224,4,54820.98,6.05
ITEM0009795,ORD002772,PROD00285,4,87613.3,24.11
ITEM0009796,ORD002773,PROD00085,3,3944.47,34.51
ITEM0009797,ORD002773,PROD00170,4,12487.59,3.55
ITEM0009798,ORD002773,PROD00272,3,43464.46,33.63
ITEM0009799,ORD002774,PROD00069,5,1031.99,0.99
ITEM0009800,ORD002775,PROD00245,-2,77190.55,21.32
ITEM0009801,ORD002775,PROD00081,3,14240.57,17.43
ITEM0009802,ORD002775,PROD00073,1,36426.6,9.05
ITEM0009803,ORD002775,PROD00033,1,25099.93,9.77
ITEM0009804,ORD002775,PROD00120,4,1922.05,33.93
ITEM0009805,ORD002775,PROD00009,4,11170.3,2.17
ITEM0009806,ORD002776,PROD00094,3,18989.87,33.75
ITEM0009807,ORD002776,PROD00285,3,87613.3,19.72
ITEM0009808,ORD002776,PROD00283,3,34928.13,4.0
ITEM0009809,ORD002776,PROD00210,5,116861.98,0.68
ITEM0009810,ORD002776,PROD00003,2,47677.98,9.21
ITEM0009811,ORD002776,PROD00130,5,11592.7,4.12
ITEM0009812,ORD002777,PROD00218,4,808.31,32.27
ITEM0009813,ORD002777,PROD00037,2,16473.88,32.13
ITEM0009814,ORD002777,PROD00024,2,18935.15,25.27
ITEM0009815,ORD002777,PROD00180,5,45620.93,24.06
ITEM0009816,ORD002777,PROD00282,4,1528.85,10.96
ITEM0009817,ORD002777,PROD00138,5,14451.36,4.95
ITEM0009818,ORD002778,PROD00040,3,6724.73,20.44
ITEM0009819,ORD002778,PROD00269,2,2342.42,30.13
ITEM0009820,ORD002778,PROD00077,2,949.09,12.51
ITEM0009821,ORD002778,PROD00178,1,11840.22,4.3
ITEM0009822,ORD002778,PROD00169,0,8770.94,16.96
ITEM0009823,ORD002778,PROD00266,5,150138.51,5.19
ITEM0009824,ORD002779,PROD00027,3,6786.44,2.51
ITEM0009825,ORD002779,PROD00206,0,17398.64,27.01
ITEM0009826,ORD002779,PROD00169,5,8770.94,1.75
ITEM0009827,ORD002779,PROD00154,3,15820.26,0.8
ITEM0009828,ORD002779,PROD00148,5,46265.49,1.56
ITEM0009829,ORD002780,PROD00234,5,491.09,29.57
ITEM0009830,ORD002780,PROD00202,4,2205.47,27.18
ITEM0009831,ORD002780,PROD00119,4,1779.27,20.14
ITEM0009832,ORD002781,PROD00083,2,56427.07,0.41
ITEM0009833,ORD002781,PROD00275,1,1589.33,21.81
ITEM0009834,ORD002781,PROD00282,2,1528.85,11.71
ITEM0009835,ORD002781,PROD00273,0,5839.38,18.39
ITEM0009836,ORD002781,PROD00217,5,21374.71,13.58
ITEM0009837,ORD002782,PROD00143,4,9888.94,6.97
ITEM0009838,ORD002782,PROD00128,5,2957.45,30.61
ITEM0009839,ORD002782,PROD00080,2,8705.25,4.12
ITEM0009840,ORD002782,PROD00071,2,6126.45,16.99
ITEM0009841,ORD002783,PROD00119,2,1779.27,2.6
ITEM0009842,ORD002783,PROD00089,2,14553.94,32.36
ITEM0009843,ORD002784,PROD00242,0,49321.02,27.56
ITEM0009844,ORD002784,PROD00061,5,168745.97,5.16
ITEM0009845,ORD002784,PROD00127,2,6869.22,31.11
ITEM0009846,ORD002784,PROD00040,2,6724.73,25.75
ITEM0009847,ORD002784,PROD00114,1,129739.16,2.82
ITEM0009848,ORD002784,PROD00130,3,11592.7,22.33
ITEM0009849,ORD002785,PROD00039,4,4450.41,7.94
ITEM0009850,ORD002785,PROD00242,3,49321.02,12.87
ITEM0009851,ORD002786,PROD00195,3,45234.5,19.44
ITEM0009852,ORD002786,PROD00204,4,56411.49,2.73
ITEM0009853,ORD002787,PROD00118,-1,85972.81,16.83
ITEM0009854,ORD002787,PROD00085,1,3944.47,13.81
ITEM0009855,ORD002787,PROD00172,2,660.53,18.11
ITEM0009856,ORD002787,PROD00288,4,12413.32,4.76
ITEM0009857,ORD002787,PROD00120,2,1922.05,10.21
ITEM0009858,ORD002787,PROD00168,3,786.46,21.4
ITEM0009859,ORD002788,PROD00241,4,15219.97,24.17
ITEM0009860,ORD002788,PROD00270,4,16051.61,19.61
ITEM0009861,ORD002788,PROD_DUP_248,5,13444.93,24.51
ITEM0009862,ORD002788,PROD00218,2,808.31,32.24
ITEM0009863,ORD002788,PROD00019,4,39804.94,32.89
ITEM0009864,ORD002789,PROD00220,4,53302.28,33.63
ITEM0009865,ORD002789,PROD00058,3,8762.42,29.63
ITEM0009866,ORD002789,PROD00160,2,4270.13,124.51
ITEM0009867,ORD002789,PROD00186,1,10600.32,18.08
ITEM0009868,ORD002789,PROD00262,4,2761.19,0.63
ITEM0009869,ORD002789,PROD00292,5,148693.56,19.11
ITEM0009870,ORD002790,PROD00008,1,2233.33,10.52
ITEM0009871,ORD002790,PROD00272,1,43464.46,8.26
ITEM0009872,ORD002790,PROD00075,3,16738.37,22.6
ITEM0009873,ORD002790,PROD00052,4,8276.3,26.84
ITEM0009874,ORD002790,PROD00100,5,9419.26,8.91
ITEM0009875,ORD002791,PROD00009,3,11170.3,29.85
ITEM0009876,ORD002791,PROD00105,4,16922.48,33.44
ITEM0009877,ORD002791,PROD00174,2,6796.1,33.85
ITEM0009878,ORD002792,PROD00065,5,10942.37,24.35
ITEM0009879,ORD002792,PROD00053,3,1294.67,34.75
ITEM0009880,ORD002792,PROD00188,2,26614.54,14.07
ITEM0009881,ORD002793,PROD00001,2,107560.75,3.07
ITEM0009882,ORD002793,PROD00184,3,99913.97,3.51
ITEM0009883,ORD002793,PROD00069,2,1031.99,26.63
ITEM0009884,ORD002793,PROD00016,1,155813.5,23.89
ITEM0009885,ORD002793,PROD00286,2,11352.93,7.79
ITEM0009886,INVALID_ORD_70712,PROD00073,4,36426.6,27.94
ITEM0009887,ORD002794,PROD00050,5,635.92,2.34
ITEM0009888,ORD002794,PROD00202,2,2205.47,34.53
ITEM0009889,ORD002794,PROD00135,-4,973.62,25.57
ITEM0009890,ORD002794,PROD00075,3,16738.37,22.33
ITEM0009891,ORD002795,PROD00299,1,5860.91,24.69
ITEM0009892,ORD002795,PROD00136,1,15602.8,24.8
ITEM0009893,ORD002795,PROD00164,3,136789.18,27.04
ITEM0009894,ORD002795,PROD00032,0,15757.18,29.89
ITEM0009895,ORD002795,PROD00283,4,34928.13,0.71
ITEM0009896,ORD002796,PROD00223,5,31608.39,1.95
ITEM0009897,ORD002796,PROD00138,5,14451.36,3.99
ITEM0009898,ORD002797,PROD00218,1,808.31,27.15
ITEM0009899,ORD002797,PROD00021,4,1935.05,13.31
ITEM0009900,ORD002798,PROD00100,5,9419.26,1.88
ITEM0009901,ORD002799,PROD00135,4,973.62,8.4
ITEM0009902,ORD002799,PROD00269,3,2342.42,25.61
ITEM0009903,ORD002799,PROD00273,3,5839.38,26.91
ITEM0009904,ORD002799,PROD00026,5,19557.07,2.4
ITEM0009905,ORD002799,PROD00163,1,49503.31,27.71
ITEM0009906,ORD002799,PROD00232,4,20147.3,25.86
ITEM0009907,ORD002800,PROD00138,5,14451.36,22.69
ITEM0009908,ORD002800,PROD00208,5,11211.45,7.94
ITEM0009909,ORD002800,PROD00279,2,13479.28,14.75
ITEM0009910,ORD002800,PROD00107,1,128039.99,10.37
ITEM0009911,ORD002800,PROD00001,2,107560.75,9.38
ITEM0009912,ORD002801,PROD00191,3,18482.44,29.81
ITEM0009913,ORD002801,PROD00123,3,16024.54,30.32
ITEM0009914,ORD002801,PROD00102,-5,20526.64,26.38
ITEM0009915,ORD002801,PROD00229,2,17916.53,34.48
ITEM0009916,ORD002801,PROD00148,3,46265.49,8.38
ITEM0009917,ORD002802,PROD00045,2,65694.03,7.35
ITEM0009918,ORD002803,PROD00223,5,31608.39,16.7
ITEM0009919,ORD002803,PROD00285,3,87613.3,4.89
ITEM0009920,ORD002803,PROD00246,5,49840.91,33.62
ITEM0009921,ORD002803,PROD00188,3,26614.54,130.69
ITEM0009922,ORD002804,PROD00120,1,1922.05,18.22
ITEM0009923,ORD002804,PROD00268,1,247.24,6.22
ITEM0009924,ORD002804,PROD00220,5,53302.28,19.22
ITEM0009925,ORD002804,PROD00019,3,39804.94,22.57
ITEM0009926,ORD002805,PROD00071,5,6126.45,29.14
ITEM0009927,ORD002805,PROD00103,3,210.19,24.59
ITEM0009928,ORD002805,PROD00075,1,16738.37,33.44
ITEM0009929,ORD002805,PROD00247,4,60305.75,18.64
ITEM0009930,ORD002806,PROD00088,4,9502.99,19.03
ITEM0009931,ORD002806,PROD00267,3,5023.39,3.54
ITEM0009932,ORD002806,PROD00225,5,525.71,3.9
ITEM0009933,ORD002806,PROD00078,2,80173.3,9.27
ITEM0009934,ORD002806,PROD00180,3,45620.93,16.44
ITEM0009935,ORD002807,PROD00298,2,1958.18,34.31
ITEM0009936,ORD002807,PROD00086,1,13674.52,15.77
ITEM0009937,ORD002807,PROD00146,1,10852.71,14.47
ITEM0009938,ORD002807,PROD00176,1,10514.42,24.88
ITEM0009939,ORD002807,PROD00192,5,9826.54,14.63
ITEM0009940,ORD002808,PROD00050,5,635.92,17.63
ITEM0009941,ORD002809,PROD00105,3,16922.48,30.85
ITEM0009942,ORD002809,PROD00025,2,2571.12,2.45
ITEM0009943,ORD002809,PROD00257,-4,31755.6,28.34
ITEM0009944,ORD002810,PROD00154,1,15820.26,32.15
ITEM0009945,ORD002810,PROD00172,2,660.53,0.43
ITEM0009946,ORD002810,PROD00268,1,247.24,28.24
ITEM0009947,ORD002810,PROD_DUP_764,4,10284.38,10.45
ITEM0009948,ORD002810,PROD00142,4,3142.8,11.43
ITEM0009949,ORD002810,PROD00291,2,68752.62,18.52
ITEM0009950,ORD002811,PROD00170,2,12487.59,5.97
ITEM0009951,ORD002811,PROD00243,5,19132.03,3.91
ITEM0009952,ORD002812,PROD00048,3,74181.94,2.01
ITEM0009953,ORD002812,PROD00134,1,281.46,7.0
ITEM0009954,ORD002813,PROD00037,3,16473.88,20.9
ITEM0009955,ORD002813,PROD00157,3,7028.69,7.42
ITEM0009956,ORD002814,PROD00233,1,5457.87,19.31
ITEM0009957,ORD002814,PROD00262,4,2761.19,30.75
ITEM0009958,ORD002815,PROD00221,4,6476.61,15.42
ITEM0009959,ORD002815,PROD00142,2,3142.8,18.72
ITEM0009960,ORD002816,PROD00141,4,738.47,31.77
ITEM0009961,ORD002816,PROD00031,3,14324.32,129.65
ITEM0009962,ORD002816,PROD00144,5,35676.4,0.5
ITEM0009963,ORD002817,PROD00192,2,9826.54,19.92
ITEM0009964,ORD002817,PROD00248,4,13070.96,7.52
ITEM0009965,ORD002817,PROD00050,2,635.92,1.02
ITEM0009966,ORD002817,PROD00116,2,72895.77,15.91
ITEM0009967,ORD002817,PROD00076,2,117743.14,27.65
ITEM0009968,ORD002818,PROD00159,5,18880.93,19.79
ITEM0009969,ORD002818,PROD00116,-3,72895.77,18.67
ITEM0009970,ORD002818,PROD00188,1,26614.54,21.37
ITEM0009971,ORD002818,PROD00112,3,958.5,31.76
ITEM0009972,ORD002818,PROD00264,4,57779.76,33.31
ITEM0009973,ORD002819,PROD00228,1,12035.67,29.88
ITEM0009974,ORD002820,PROD00293,1,6508.01,24.08
ITEM0009975,ORD002820,PROD00132,5,1220.54,24.92
ITEM0009976,ORD002820,PROD00245,1,77190.55,17.27
ITEM0009977,ORD002821,PROD00189,5,9958.04,24.9
ITEM0009978,ORD002821,PROD00141,4,738.47,32.37
ITEM0009979,ORD002821,PROD00175,2,5323.61,15.86
ITEM0009980,ORD002821,PROD00141,3,738.47,16.36
ITEM0009981,ORD002822,PROD00210,3,116861.98,1.39
ITEM0009982,ORD002823,PROD00079,5,11534.5,13.36
ITEM0009983,ORD002823,PROD00013,3,1794.74,22.05
ITEM0009984,ORD002823,PROD00077,3,949.09,10.12
ITEM0009985,ORD002823,PROD00248,4,13070.96,23.49
ITEM0009986,ORD002824,PROD00038,3,3024.72,30.93
ITEM0009987,ORD002824,PROD00017,2,42741.8,28.63
ITEM0009988,ORD002825,PROD00015,3,3631.08,29.86
ITEM0009989,ORD002825,PROD00173,5,77771.82,8.52
ITEM0009990,ORD002825,PROD00290,5,41413.51,12.61
ITEM0009991,ORD002825,PROD00207,1,90137.22,31.29
ITEM0009992,ORD002826,PROD00213,5,67924.54,2.36
ITEM0009993,ORD002826,PROD00058,3,8762.42,13.4
ITEM0009994,ORD002826,PROD00050,5,635.92,7.13
ITEM0009995,ORD002827,PROD00132,5,1220.54,2.38
ITEM0009996,ORD002827,PROD00009,3,11170.3,16.78
ITEM0009997,ORD002827,PROD_DUP_248,1,13444.93,34.83
ITEM0009998,ORD002827,PROD00031,5,14324.32,9.07
ITEM0009999,ORD002827,PROD00214,3,9055.44,10.69
ITEM0010000,ORD002828,PROD00278,2,48030.22,27.06
ITEM0010001,ORD002829,PROD00022,4,9177.73,22.04
ITEM0010002,ORD002829,PROD00256,1,19894.86,20.53
ITEM0010003,ORD002830,PROD00205,3,6001.17,34.28
ITEM0010004,ORD002830,PROD00201,1,331.81,2.52
ITEM0010005,ORD002830,PROD00086,4,13674.52,22.47
ITEM0010006,ORD002830,PROD00131,5,2403.64,13.58
ITEM0010007,ORD002830,PROD00230,2,14806.16,25.04
ITEM0010008,ORD002830,PROD00283,5,34928.13,12.27
ITEM0010009,ORD002831,PROD00042,5,851.12,29.54
ITEM0010010,ORD002831,PROD00047,2,1949.22,20.49
ITEM0010011,ORD002831,PROD00158,5,255.24,16.11
ITEM0010012,ORD002831,PROD00117,1,28499.09,7.23
ITEM0010013,ORD002832,PROD00085,1,3944.47,22.17
ITEM0010014,ORD002832,PROD00218,1,808.31,16.53
ITEM0010015,ORD002832,PROD00018,4,57851.82,21.65
ITEM0010016,ORD002832,PROD00033,4,25099.93,13.33
ITEM0010017,ORD002833,PROD00050,3,635.92,26.91
ITEM0010018,ORD002833,PROD00020,1,70058.39,13.66
ITEM0010019,ORD002833,PROD00011,1,53479.92,8.49
ITEM0010020,ORD002833,PROD00149,-5,737.02,12.51
ITEM0010021,ORD002834,PROD00031,5,14324.32,28.4
ITEM0010022,ORD002835,PROD00027,1,6786.44,0.81
ITEM0010023,ORD002835,PROD00204,2,56411.49,20.68
ITEM0010024,ORD002835,PROD00251,3,37604.62,33.46
ITEM0010025,ORD002835,PROD00151,4,75177.2,0.32
ITEM0010026,ORD002835,PROD00173,5,77771.82,20.2
ITEM0010027,ORD002836,PROD00126,3,14276.93,2.07
ITEM0010028,ORD002837,PROD00137,5,35792.4,20.15
ITEM0010029,ORD002837,PROD00069,5,1031.99,6.51
ITEM0010030,ORD002838,PROD00247,2,60305.75,2.43
ITEM0010031,ORD002838,PROD00061,3,168745.97,129.93
ITEM0010032,ORD002838,PROD00097,1,8629.08,12.76
ITEM0010033,ORD002838,PROD00251,4,37604.62,20.1
ITEM0010034,ORD002838,PROD00238,-1,10985.44,23.75
ITEM0010035,ORD002839,PROD00018,4,57851.82,24.4
ITEM0010036,ORD002840,PROD00092,2,3453.47,26.12
ITEM0010037,ORD002840,PROD00051,3,14882.87,18.14
ITEM0010038,ORD002840,PROD00132,5,1220.54,32.86
ITEM0010039,ORD002840,PROD00205,3,6001.17,14.93
ITEM0010040,ORD002840,PROD00182,5,60233.51,2.58
ITEM0010041,ORD002841,PROD00149,5,737.02,2.57
ITEM0010042,ORD002842,PROD00171,1,1587.59,32.62
ITEM0010043,ORD002842,PROD00060,2,14823.48,3.97
ITEM0010044,ORD002842,PROD00099,2,10679.39,12.94
ITEM0010045,ORD002843,PROD00258,3,11131.97,26.54
ITEM0010046,ORD002843,PROD00158,1,255.24,6.65
ITEM0010047,ORD002843,PROD00130,3,11592.7,0.42
ITEM0010048,ORD002843,PROD00220,4,53302.28,9.77
ITEM0010049,ORD002844,PROD00295,5,6438.13,20.07
ITEM0010050,ORD002844,PROD00134,4,281.46,8.43
ITEM0010051,ORD002845,PROD00132,5,1220.54,22.53
ITEM0010052,ORD002845,PROD00207,2,90137.22,2.21
ITEM0010053,ORD002845,PROD00200,5,23481.36,29.25
ITEM0010054,ORD002845,PROD00155,2,6690.65,4.06
ITEM0010055,ORD002845,PROD00240,2,56530.69,23.31
ITEM0010056,ORD002845,PROD00097,1,8629.08,30.31
ITEM0010057,ORD002846,PROD00294,4,12314.4,17.34
ITEM0010058,ORD002846,PROD00263,4,4176.74,0.58
ITEM0010059,ORD002847,PROD00011,5,53479.92,4.74
ITEM0010060,ORD002847,PROD00167,1,15629.7,4.51
ITEM0010061,ORD002847,PROD00009,5,11170.3,29.4
ITEM0010062,ORD002847,PROD00226,2,33228.57,33.41
ITEM0010063,ORD002848,PROD00132,2,1220.54,10.38
ITEM0010064,ORD002848,PROD00090,4,12776.72,10.94
ITEM0010065,ORD002849,PROD00145,5,7654.14,13.81
ITEM0010066,ORD002849,PROD00173,4,77771.82,26.4
ITEM0010067,ORD002849,PROD00204,5,56411.49,28.67
ITEM0010068,ORD002849,PROD00203,2,16125.87,18.6
ITEM0010069,ORD002849,PROD00019,5,39804.94,34.66
ITEM0010070,ORD002850,PROD00217,5,21374.71,7.4
ITEM0010071,ORD002850,PROD00299,3,5860.91,12.54
ITEM0010072,ORD002850,PROD00123,3,16024.54,20.12
ITEM0010073,ORD002851,PROD00213,3,67924.54,142.76
ITEM0010074,ORD002851,PROD00099,-4,10679.39,26.84
ITEM0010075,ORD002851,PROD00140,2,10466.68,24.04
ITEM0010076,ORD002851,PROD00092,5,3453.47,30.39
ITEM0010077,ORD002852,PROD00292,1,148693.56,23.88
ITEM0010078,ORD002852,PROD00263,3,4176.74,6.9
ITEM0010079,ORD002852,PROD00080,1,8705.25,21.68
ITEM0010080,ORD002853,PROD00277,2,10462.69,13.12
ITEM0010081,ORD002853,INVALID_PROD_83069,5,3345.82,2.49
ITEM0010082,ORD002853,PROD00296,3,75276.41,33.73
ITEM0010083,ORD002853,PROD00070,4,70038.79,18.64
ITEM0010084,ORD002853,PROD00018,5,57851.82,1.05
ITEM0010085,ORD002854,PROD00248,1,13070.96,5.85
ITEM0010086,ORD002854,PROD00024,2,18935.15,28.25
ITEM0010087,ORD002855,PROD00067,4,16473.79,12.03
ITEM0010088,ORD002855,PROD_DUP_764,2,10284.38,5.05
ITEM0010089,ORD002856,PROD00230,-2,14806.16,4.69
ITEM0010090,ORD002856,PROD00024,2,18935.15,17.98
ITEM0010091,ORD002856,PROD00191,3,18482.44,28.81
ITEM0010092,ORD002856,PROD00069,1,1031.99,30.22
ITEM0010093,ORD002856,PROD00240,1,56530.69,30.87
ITEM0010094,ORD002856,PROD00131,3,2403.64,4.22
ITEM0010095,ORD002857,PROD00035,3,7731.0,16.95
ITEM0010096,ORD002858,PROD00052,5,8276.3,12.26
ITEM0010097,ORD002858,PROD00213,5,67924.54,148.55
ITEM0010098,ORD002858,PROD00223,5,31608.39,30.51
ITEM0010099,ORD002858,PROD00152,5,4664.81,8.79
ITEM0010100,ORD002858,PROD00068,2,15259.49,1.0
ITEM0010101,ORD002859,PROD00115,5,3345.82,1.27
ITEM0010102,ORD002859,PROD00249,4,90613.5,0.66
ITEM0010103,ORD002859,PROD00090,2,12776.72,15.35
ITEM0010104,ORD002859,PROD00263,-1,4176.74,19.67
ITEM0010105,ORD002859,PROD00237,1,3389.65,18.23
ITEM0010106,ORD002860,PROD00238,4,10985.44,24.56
ITEM0010107,ORD002860,PROD00179,2,11703.98,11.04
ITEM0010108,ORD002860,PROD00163,4,49503.31,19.01
ITEM0010109,ORD002860,PROD00179,1,11703.98,26.43
ITEM0010110,ORD002860,PROD00250,4,2595.77,148.1
ITEM0010111,ORD002860,PROD00291,-2,68752.62,16.38
ITEM0010112,ORD002861,PROD00016,4,155813.5,4.84
ITEM0010113,ORD002862,PROD00137,1,35792.4,22.52
ITEM0010114,ORD002862,PROD00243,4,19132.03,31.41
ITEM0010115,ORD002862,PROD00271,3,69182.89,30.75
ITEM0010116,ORD002862,PROD00204,3,56411.49,14.35
ITEM0010117,ORD002862,PROD00280,1,93322.92,28.71
ITEM0010118,ORD002863,PROD00121,4,79730.15,5.75
ITEM0010119,ORD002863,PROD00174,1,6796.1,10.07
ITEM0010120,ORD002863,PROD00255,4,8717.28,8.61
ITEM0010121,ORD002863,PROD00093,4,799.0,24.14
ITEM0010122,ORD002864,PROD00298,4,1958.18,33.69
ITEM0010123,ORD002865,PROD00067,4,16473.79,10.98
ITEM0010124,ORD002865,PROD00245,1,77190.55,26.2
ITEM0010125,ORD002865,PROD00258,4,11131.97,10.47
ITEM0010126,ORD002865,PROD00116,2,72895.77,23.78
ITEM0010127,ORD002865,PROD00183,4,9351.26,7.39
ITEM0010128,ORD002865,PROD00292,1,148693.56,30.11
ITEM0010129,ORD002866,PROD00206,1,17398.64,1.04
ITEM0010130,ORD002866,PROD00261,2,35880.89,29.06
ITEM0010131,ORD002866,PROD00041,2,13175.99,14.75
ITEM0010132,ORD002866,PROD00044,2,36733.67,34.19
ITEM0010133,ORD002866,PROD00099,3,10679.39,20.12
ITEM0010134,ORD002866,PROD00052,3,8276.3,21.29
ITEM0010135,ORD002867,PROD00101,3,90820.31,12.2
ITEM0010136,ORD002868,PROD00292,4,148693.56,11.57
ITEM0010137,ORD002868,PROD00242,2,49321.02,24.78
ITEM0010138,ORD002868,PROD00244,4,358.32,34.08
ITEM0010139,ORD002868,PROD00125,1,3811.77,7.96
ITEM0010140,ORD002868,PROD00284,5,3583.48,26.77
ITEM0010141,ORD002868,PROD00261,2,35880.89,30.18
ITEM0010142,ORD002869,PROD00241,4,15219.97,19.53
ITEM0010143,ORD002869,PROD00046,2,3348.49,12.64
ITEM0010144,ORD002870,PROD00051,4,14882.87,24.87
ITEM0010145,ORD002871,PROD00188,3,26614.54,28.61
ITEM0010146,ORD002871,PROD00210,5,116861.98,5.12
ITEM0010147,ORD002871,PROD00227,1,2030.73,9.36
ITEM0010148,ORD002871,PROD00166,3,13792.77,26.01
ITEM0010149,ORD002872,PROD00218,1,808.31,9.0
ITEM0010150,ORD002872,PROD00099,5,10679.39,24.16
ITEM0010151,ORD002872,PROD00264,1,57779.76,21.96
ITEM0010152,ORD002872,PROD00111,5,8072.67,17.72
ITEM0010153,ORD002872,PROD00250,5,2595.77,7.07
ITEM0010154,ORD002872,PROD00162,1,44239.81,9.03
ITEM0010155,ORD002873,PROD00176,1,10514.42,34.6
ITEM0010156,ORD002873,PROD00226,5,33228.57,7.93
ITEM0010157,ORD002873,PROD00014,4,10284.38,17.52
ITEM0010158,ORD002873,PROD00203,4,16125.87,18.49
ITEM0010159,ORD002873,PROD00150,4,35744.49,27.91
ITEM0010160,ORD002874,PROD00139,4,12429.19,34.48
ITEM0010161,ORD002874,PROD00251,4,37604.62,16.42
ITEM0010162,ORD002874,PROD00025,2,2571.12,25.07
ITEM0010163,ORD002875,PROD00223,5,31608.39,8.67
ITEM0010164,ORD002876,PROD00194,3,1718.09,31.78
ITEM0010165,ORD002876,PROD00005,4,938.76,32.99
ITEM0010166,ORD002876,PROD00269,1,2342.42,143.96
ITEM0010167,ORD002877,PROD00261,5,35880.89,5.63
ITEM0010168,ORD002877,PROD00194,4,1718.09,4.1
ITEM0010169,ORD002878,PROD00092,4,3453.47,12.04
ITEM0010170,ORD002878,PROD00100,4,9419.26,11.25
ITEM0010171,ORD002879,PROD00260,4,51829.61,8.29
ITEM0010172,ORD002879,PROD00204,5,56411.49,27.41
ITEM0010173,ORD002879,PROD00051,5,14882.87,27.24
ITEM0010174,ORD002879,PROD00131,4,2403.64,20.23
ITEM0010175,ORD002879,PROD_DUP_248,2,13444.93,1.25
ITEM0010176,ORD002879,PROD00285,3,87613.3,25.44
ITEM0010177,ORD002880,PROD00129,2,55423.01,25.73
ITEM0010178,ORD002880,PROD00264,3,57779.76,30.74
ITEM0010179,ORD002880,PROD00151,5,75177.2,20.62
ITEM0010180,ORD002881,PROD00080,5,8705.25,30.65
ITEM0010181,ORD002882,PROD00019,4,39804.94,19.87
ITEM0010182,ORD002882,PROD00274,2,3119.83,1.26
ITEM0010183,ORD002882,PROD00013,3,1794.74,17.13
ITEM0010184,ORD002883,PROD00104,5,10809.0,28.97
ITEM0010185,ORD002883,PROD00021,5,1935.05,18.42
ITEM0010186,ORD002884,PROD00093,2,799.0,31.79
ITEM0010187,ORD002884,PROD00145,1,7654.14,17.26
ITEM0010188,ORD002884,PROD00249,4,90613.5,29.23
ITEM0010189,ORD002884,PROD00033,2,25099.93,3.65
ITEM0010190,ORD002884,PROD00122,1,1085.5,2.83
ITEM0010191,ORD002884,PROD00286,3,11352.93,25.44
ITEM0010192,ORD002885,PROD00268,3,247.24,5.79
ITEM0010193,ORD002886,PROD00076,5,117743.14,33.07
ITEM0010194,ORD002886,PROD00151,1,75177.2,30.41
ITEM0010195,ORD002886,PROD00247,5,60305.75,33.77
ITEM0010196,ORD002886,PROD00068,5,15259.49,22.15
ITEM0010197,ORD002886,PROD00142,4,3142.8,23.31
ITEM0010198,ORD002886,PROD00106,4,1535.04,28.51
ITEM0010199,ORD002887,PROD00059,2,1558.61,16.91
ITEM0010200,ORD002887,PROD00002,3,13344.44,2.8
ITEM0010201,ORD002887,PROD00256,5,19894.86,4.4
ITEM0010202,ORD002887,PROD00075,5,16738.37,5.77
ITEM0010203,ORD002887,PROD00246,4,49840.91,28.67
ITEM0010204,ORD002888,PROD00034,5,2479.77,17.0
ITEM0010205,ORD002889,PROD00175,5,5323.61,4.01
ITEM0010206,ORD002889,PROD00222,5,529.14,2.35
ITEM0010207,ORD002889,PROD00044,2,36733.67,10.73
ITEM0010208,ORD002890,PROD00241,3,15219.97,33.26
ITEM0010209,ORD002890,PROD00156,4,263.76,27.5
ITEM0010210,ORD002891,PROD00154,5,15820.26,16.16
ITEM0010211,ORD002891,PROD00233,2,5457.87,34.06
ITEM0010212,ORD002891,PROD00035,2,7731.0,22.35
ITEM0010213,ORD002891,PROD00079,1,11534.5,16.67
ITEM0010214,ORD002892,PROD00016,4,155813.5,32.73
ITEM0010215,ORD002892,PROD00110,0,8026.63,14.17
ITEM0010216,ORD002892,PROD00083,2,56427.07,8.59
ITEM0010217,ORD002893,PROD00019,4,39804.94,28.24
ITEM0010218,ORD002894,PROD00096,3,15644.62,23.81
ITEM0010219,ORD002894,PROD00134,4,281.46,32.49
ITEM0010220,ORD002894,PROD00142,2,3142.8,33.59
ITEM0010221,ORD002894,PROD00158,-5,255.24,32.18
ITEM0010222,ORD002895,PROD00045,5,65694.03,29.28
ITEM0010223,ORD002895,PROD00018,5,57851.82,21.42
ITEM0010224,ORD002895,PROD00107,4,128039.99,7.19
ITEM0010225,ORD002895,PROD00148,2,46265.49,25.15
ITEM0010226,INVALID_ORD_31871,PROD00154,3,15820.26,0.39
ITEM0010227,ORD002896,PROD00071,5,6126.45,26.29
ITEM0010228,ORD002896,PROD00196,5,19028.45,34.84
ITEM0010229,ORD002897,PROD00263,4,4176.74,12.8
ITEM0010230,ORD002898,PROD00035,2,7731.0,33.08
ITEM0010231,ORD002898,PROD00115,1,3345.82,22.28
ITEM0010232,ORD002899,PROD00133,3,16317.65,20.81
ITEM0010233,ORD002899,PROD00196,5,19028.45,10.68
ITEM0010234,ORD002899,PROD00150,2,35744.49,13.04
ITEM0010235,ORD002899,PROD00040,1,6724.73,28.55
ITEM0010236,ORD002900,PROD00245,4,77190.55,31.29
ITEM0010237,ORD002900,PROD00265,2,7815.58,21.17
ITEM0010238,ORD002900,PROD00177,3,2661.74,13.47
ITEM0010239,ORD002901,PROD00164,2,136789.18,2.64
ITEM0010240,ORD002901,PROD00096,4,15644.62,1.84
ITEM0010241,ORD002902,PROD00069,3,1031.99,1.44
ITEM0010242,ORD002902,PROD00027,2,6786.44,26.06
ITEM0010243,ORD002902,PROD00163,2,49503.31,4.62
ITEM0010244,ORD002902,PROD00094,0,18989.87,33.88
ITEM0010245,ORD002903,PROD00205,5,6001.17,21.07
ITEM0010246,ORD002903,PROD00222,-5,529.14,26.43
ITEM0010247,ORD002903,PROD00118,1,85972.81,20.07
ITEM0010248,ORD002903,PROD00111,2,8072.67,8.92
ITEM0010249,ORD002904,PROD00044,3,36733.67,13.09
ITEM0010250,ORD002904,PROD00298,4,1958.18,15.03
ITEM0010251,ORD002904,PROD00257,1,31755.6,31.29
ITEM0010252,ORD002904,PROD00006,0,3286.66,14.98
ITEM0010253,ORD002905,PROD00281,2,2777.16,14.9
ITEM0010254,ORD002905,PROD00279,4,13479.28,22.53
ITEM0010255,ORD002905,PROD00031,3,14324.32,33.33
ITEM0010256,ORD002905,PROD00200,3,23481.36,32.69
ITEM0010257,ORD002905,PROD00078,4,80173.3,21.1
ITEM0010258,ORD002905,PROD00261,1,35880.89,3.58
ITEM0010259,ORD002906,PROD00147,3,10375.1,12.69
ITEM0010260,ORD002906,PROD00097,3,8629.08,18.55
ITEM0010261,ORD002907,PROD00089,2,14553.94,17.95
ITEM0010262,ORD002907,PROD00193,1,33770.04,28.94
ITEM0010263,ORD002907,PROD00196,4,19028.45,10.39
ITEM0010264,ORD002907,PROD00184,1,99913.97,16.3
ITEM0010265,ORD002908,PROD00118,3,85972.81,16.09
ITEM0010266,ORD002908,PROD00117,4,28499.09,34.88
ITEM0010267,ORD002908,PROD00114,1,129739.16,31.8
ITEM0010268,ORD002909,PROD00226,2,33228.57,2.22
ITEM0010269,ORD002909,PROD00205,5,6001.17,17.01
ITEM0010270,ORD002909,PROD00087,4,9237.82,1.92
ITEM0010271,ORD002909,PROD00125,1,3811.77,16.64
ITEM0010272,ORD002910,PROD00004,4,945.43,15.27
ITEM0010273,ORD002911,PROD00056,2,64832.21,30.65
ITEM0010274,ORD002911,PROD00082,1,4931.74,7.4
ITEM0010275,ORD002912,PROD00202,2,2205.47,7.03
ITEM0010276,ORD002912,PROD00188,2,26614.54,23.27
ITEM0010277,ORD002912,PROD00276,4,3225.79,34.9
ITEM0010278,INVALID_ORD_82155,PROD00102,1,20526.64,11.24
ITEM0010279,ORD002914,PROD00050,5,635.92,28.91
ITEM0010280,ORD002914,PROD00159,0,18880.93,17.11
ITEM0010281,ORD002914,PROD00222,2,529.14,24.15
ITEM0010282,ORD002914,PROD00298,3,1958.18,6.84
ITEM0010283,ORD002914,PROD00143,2,9888.94,1.01
ITEM0010284,ORD002915,PROD00202,0,2205.47,0.6
ITEM0010285,ORD002915,PROD00003,1,47677.98,17.22
ITEM0010286,ORD002915,PROD00273,5,5839.38,9.32
ITEM0010287,ORD002915,PROD00102,1,20526.64,5.06
ITEM0010288,ORD002916,PROD00176,3,10514.42,2.48
ITEM0010289,ORD002917,PROD00278,2,48030.22,18.87
ITEM0010290,ORD002917,PROD00095,3,56114.19,32.12
ITEM0010291,ORD002917,PROD00107,3,128039.99,11.27
ITEM0010292,ORD002918,PROD00287,3,1349.9,10.97
ITEM0010293,ORD002918,PROD00020,1,70058.39,10.44
ITEM0010294,ORD002918,PROD00300,5,1163.82,31.27
ITEM0010295,ORD002918,PROD00271,4,69182.89,31.21
ITEM0010296,ORD002918,PROD00283,3,34928.13,20.99
ITEM0010297,ORD002918,PROD00102,4,20526.64,17.64
ITEM0010298,ORD002919,PROD00003,1,47677.98,26.02
ITEM0010299,ORD002919,PROD00129,5,55423.01,3.28
ITEM0010300,ORD002919,PROD00238,4,10985.44,130.0
ITEM0010301,ORD002919,PROD00269,1,2342.42,20.52
ITEM0010302,ORD002919,PROD00272,1,43464.46,11.09
ITEM0010303,ORD002919,PROD00231,2,2536.84,12.11
ITEM0010304,ORD002920,PROD00176,3,10514.42,12.19
ITEM0010305,ORD002921,PROD00087,3,9237.82,7.56
ITEM0010306,ORD002921,PROD00294,2,12314.4,13.28
ITEM0010307,ORD002921,PROD00266,2,150138.51,8.25
ITEM0010308,ORD002921,PROD00258,1,11131.97,33.97
ITEM0010309,ORD002921,PROD00098,2,101886.16,11.87
ITEM0010310,ORD002922,PROD00029,3,12387.11,25.54
ITEM0010311,ORD002922,PROD00162,1,44239.81,5.35
ITEM0010312,ORD002922,PROD00188,5,26614.54,15.09
ITEM0010313,ORD002922,PROD00007,3,4079.3,10.23
ITEM0010314,ORD002922,PROD00024,3,18935.15,13.32
ITEM0010315,ORD002923,PROD00225,1,525.71,17.63
ITEM0010316,ORD002923,PROD00252,2,8369.69,0.04
ITEM0010317,ORD002923,PROD00042,5,851.12,8.5
ITEM0010318,ORD002924,PROD00075,4,16738.37,15.35
ITEM0010319,ORD002925,PROD00053,3,1294.67,22.68
ITEM0010320,ORD002926,PROD00043,4,5667.41,24.48
ITEM0010321,ORD002926,PROD00205,1,6001.17,16.96
ITEM0010322,ORD002926,PROD00297,5,1866.66,8.46
ITEM0010323,ORD002927,PROD00047,5,1949.22,2.98
ITEM0010324,ORD002927,PROD00282,2,1528.85,15.9
ITEM0010325,ORD002927,PROD00058,2,8762.42,23.27
ITEM0010326,ORD002927,PROD00292,-4,148693.56,31.06
ITEM0010327,ORD002928,PROD00058,5,8762.42,10.33
ITEM0010328,ORD002928,PROD00241,5,15219.97,9.93
ITEM0010329,ORD002928,PROD00126,5,14276.93,34.38
ITEM0010330,ORD002929,PROD00143,2,9888.94,28.25
ITEM0010331,ORD002929,PROD00278,-1,48030.22,15.97
ITEM0010332,ORD002930,PROD00292,2,148693.56,31.51
ITEM0010333,ORD002930,PROD00270,5,16051.61,11.82
ITEM0010334,ORD002930,PROD00095,2,56114.19,6.1
ITEM0010335,ORD002930,PROD00186,3,10600.32,8.91
ITEM0010336,ORD002930,PROD00222,1,529.14,32.12
ITEM0010337,ORD002930,PROD00013,3,1794.74,2.47
ITEM0010338,ORD002931,PROD00119,3,1779.27,20.39
ITEM0010339,ORD002932,PROD_DUP_764,3,10284.38,13.68
ITEM0010340,ORD002932,PROD00291,0,68752.62,19.55
ITEM0010341,ORD002932,PROD00227,2,2030.73,29.88
ITEM0010342,ORD002932,PROD00043,5,5667.41,26.46
ITEM0010343,ORD002933,PROD00133,5,16317.65,29.83
ITEM0010344,ORD002933,PROD00184,2,99913.97,12.42
ITEM0010345,ORD002933,PROD00225,2,525.71,7.98
ITEM0010346,ORD002933,PROD00015,4,3631.08,28.3
ITEM0010347,ORD002934,PROD00192,1,9826.54,28.55
ITEM0010348,ORD002934,PROD00200,-1,23481.36,21.27
ITEM0010349,ORD002934,PROD00222,3,529.14,28.19
ITEM0010350,ORD002934,PROD00270,0,16051.61,27.75
ITEM0010351,ORD002934,PROD00269,3,2342.42,1.91
ITEM0010352,ORD002935,PROD00075,4,16738.37,7.69
ITEM0010353,ORD002935,PROD00217,3,21374.71,127.88
ITEM0010354,ORD002935,PROD00145,2,7654.14,8.56
ITEM0010355,ORD002935,PROD00291,2,68752.62,29.77
ITEM0010356,ORD002936,PROD00201,5,331.81,26.52
ITEM0010357,ORD002936,PROD00233,2,5457.87,0.99
ITEM0010358,ORD002936,PROD00273,0,5839.38,22.67
ITEM0010359,ORD002936,PROD00004,0,945.43,27.28
ITEM0010360,ORD002936,PROD00041,5,13175.99,2.97
ITEM0010361,ORD002936,INVALID_PROD_89021,1,49503.31,12.8
ITEM0010362,ORD002937,PROD00270,2,16051.61,24.73
ITEM0010363,ORD002937,PROD00086,5,13674.52,15.79
ITEM0010364,ORD002938,PROD00189,-4,9958.04,32.51
ITEM0010365,ORD002938,PROD00185,4,88426.11,18.13
ITEM0010366,ORD002938,PROD00125,4,3811.77,2.95
ITEM0010367,ORD002938,PROD00285,1,87613.3,24.05
ITEM0010368,ORD002938,PROD00189,5,9958.04,3.3
ITEM0010369,ORD002939,PROD00054,3,59992.33,3.73
ITEM0010370,ORD002939,PROD00134,1,281.46,17.58
ITEM0010371,ORD002940,PROD00234,3,491.09,21.74
ITEM0010372,ORD002940,PROD00083,5,56427.07,13.46
ITEM0010373,ORD002940,PROD00247,4,60305.75,28.67
ITEM0010374,ORD002940,INVALID_PROD_37238,1,6869.22,3.67
ITEM0010375,ORD002941,PROD00127,2,6869.22,11.7
ITEM0010376,ORD002941,PROD00060,5,14823.48,18.31
ITEM0010377,ORD002941,PROD00221,1,6476.61,16.58
ITEM0010378,ORD002941,PROD00207,4,90137.22,7.9
ITEM0010379,ORD002941,PROD00122,3,1085.5,6.18
ITEM0010380,ORD002942,PROD00007,4,4079.3,23.59
ITEM0010381,ORD002942,PROD00192,0,9826.54,2.42
ITEM0010382,ORD002942,PROD00083,1,56427.07,26.2
ITEM0010383,ORD002943,PROD00185,1,88426.11,7.78
ITEM0010384,ORD002944,PROD00189,1,9958.04,15.17
ITEM0010385,ORD002944,PROD00295,5,6438.13,19.13
ITEM0010386,ORD002945,PROD00174,4,6796.1,15.66
ITEM0010387,ORD002945,PROD00140,1,10466.68,8.73
ITEM0010388,ORD002945,PROD00005,2,938.76,15.22
ITEM0010389,ORD002945,PROD00011,5,53479.92,7.03
ITEM0010390,ORD002945,PROD00029,1,12387.11,34.65
ITEM0010391,ORD002946,PROD00078,1,80173.3,22.05
ITEM0010392,ORD002946,PROD00097,2,8629.08,2.88
ITEM0010393,ORD002947,PROD00237,3,3389.65,28.09
ITEM0010394,ORD002947,PROD00191,4,18482.44,14.82
ITEM0010395,ORD002948,PROD00152,4,4664.81,24.43
ITEM0010396,ORD002948,PROD00074,0,2883.54,17.66
ITEM0010397,ORD002948,PROD00294,4,12314.4,21.9
ITEM0010398,ORD002948,PROD00199,3,37442.17,4.03
ITEM0010399,ORD002948,PROD00204,5,56411.49,25.63
ITEM0010400,ORD002948,PROD00270,1,16051.61,23.58
ITEM0010401,ORD002949,PROD00091,4,922.64,32.49
ITEM0010402,ORD002949,PROD00072,4,6009.58,24.24
ITEM0010403,ORD002949,PROD00089,3,14553.94,2.87
ITEM0010404,ORD002950,PROD00094,2,18989.87,18.8
ITEM0010405,ORD002950,PROD00287,4,1349.9,7.01
ITEM0010406,ORD002950,PROD00105,4,16922.48,17.48
ITEM0010407,ORD002950,PROD00195,-3,45234.5,143.04
ITEM0010408,ORD002950,PROD00182,3,60233.51,5.49
ITEM0010409,ORD002951,PROD00109,3,9016.47,8.9
ITEM0010410,ORD002951,PROD00031,-4,14324.32,28.02
ITEM0010411,ORD002951,PROD00144,1,35676.4,14.95
ITEM0010412,ORD002951,PROD00070,2,70038.79,20.07
ITEM0010413,ORD002951,PROD00006,2,3286.66,15.84
ITEM0010414,ORD002952,PROD00005,4,938.76,30.81
ITEM0010415,ORD002952,PROD00269,4,2342.42,11.63
ITEM0010416,ORD002952,PROD00033,4,25099.93,13.07
ITEM0010417,ORD002952,PROD00163,4,49503.31,10.66
ITEM0010418,ORD002952,PROD00288,1,12413.32,33.81
ITEM0010419,ORD002952,PROD00045,4,65694.03,14.28
ITEM0010420,ORD002953,PROD00092,4,3453.47,22.96
ITEM0010421,ORD002953,PROD00030,3,46619.52,28.34
ITEM0010422,ORD002953,PROD00230,-1,14806.16,134.5
ITEM0010423,ORD002953,PROD00293,4,6508.01,9.55
ITEM0010424,ORD002954,PROD00133,3,16317.65,28.57
ITEM0010425,ORD002954,PROD00211,1,235.37,4.09
ITEM0010426,ORD002954,PROD00015,1,3631.08,27.86
ITEM0010427,ORD002954,PROD00276,2,3225.79,12.22
ITEM0010428,ORD002955,PROD00017,2,42741.8,8.11
ITEM0010429,ORD002955,PROD00066,1,5087.99,20.37
ITEM0010430,ORD002956,PROD00172,3,660.53,13.61
ITEM0010431,ORD002957,PROD00238,1,10985.44,3.84
ITEM0010432,ORD002957,PROD00105,2,16922.48,5.31
ITEM0010433,ORD002957,PROD00159,4,18880.93,4.16
ITEM0010434,ORD002957,PROD00125,1,3811.77,13.79
ITEM0010435,ORD002957,PROD00052,4,8276.3,4.54
ITEM0010436,ORD002957,PROD00286,2,11352.93,2.75
ITEM0010437,ORD002958,PROD00239,3,18153.0,1.24
ITEM0010438,ORD002958,PROD00063,3,4748.54,21.92
ITEM0010439,ORD002958,PROD00123,3,16024.54,14.06
ITEM0010440,ORD002958,PROD00100,4,9419.26,18.97
ITEM0010441,ORD002959,PROD00151,3,75177.2,12.5
ITEM0010442,ORD002959,PROD00112,4,958.5,14.19
ITEM0010443,ORD002959,PROD00062,1,1755.31,6.83
ITEM0010444,ORD002959,PROD00249,5,90613.5,24.77
ITEM0010445,ORD002960,PROD00141,1,738.47,13.03
ITEM0010446,ORD002960,PROD00210,2,116861.98,13.31
ITEM0010447,ORD002961,PROD00066,-1,5087.99,26.34
ITEM0010448,ORD002961,PROD00243,4,19132.03,22.47
ITEM0010449,ORD002962,PROD00164,4,136789.18,16.85
ITEM0010450,ORD002962,PROD00030,4,46619.52,1.57
ITEM0010451,ORD002963,PROD00200,3,23481.36,26.8
ITEM0010452,ORD002963,PROD00193,2,33770.04,9.78
ITEM0010453,ORD002963,PROD00233,2,5457.87,32.33
ITEM0010454,ORD002963,PROD00097,1,8629.08,0.07
ITEM0010455,ORD002963,PROD00034,2,2479.77,18.5
ITEM0010456,ORD002964,PROD00169,1,8770.94,15.24
ITEM0010457,ORD002964,PROD00121,3,79730.15,23.56
ITEM0010458,ORD002965,PROD00215,1,13895.27,13.99
ITEM0010459,ORD002965,PROD00121,5,79730.15,6.51
ITEM0010460,ORD002966,PROD00031,1,14324.32,32.98
ITEM0010461,ORD002966,PROD00073,4,36426.6,20.18
ITEM0010462,ORD002967,PROD00281,3,2777.16,1.12
ITEM0010463,ORD002968,PROD00051,5,14882.87,16.39
ITEM0010464,ORD002968,PROD00027,3,6786.44,17.28
ITEM0010465,ORD002968,PROD00042,1,851.12,18.75
ITEM0010466,ORD002968,PROD00288,2,12413.32,11.64
ITEM0010467,ORD002968,PROD00254,4,83824.83,34.26
ITEM0010468,ORD002969,PROD00199,2,37442.17,20.45
ITEM0010469,ORD002970,PROD00092,4,3453.47,14.76
ITEM0010470,ORD002970,PROD00060,1,14823.48,5.81
ITEM0010471,ORD002970,PROD00160,1,4270.13,1.27
ITEM0010472,ORD002971,PROD00277,4,10462.69,7.26
ITEM0010473,ORD002971,PROD00155,2,6690.65,10.76
ITEM0010474,ORD002971,PROD00049,2,8241.32,32.88
ITEM0010475,ORD002971,PROD00187,1,8729.44,1.18
ITEM0010476,ORD002971,PROD00211,3,235.37,21.68
ITEM0010477,ORD002971,PROD00198,4,88452.16,14.8
ITEM0010478,ORD002972,PROD00178,1,11840.22,34.13
ITEM0010479,ORD002972,PROD00123,1,16024.54,12.74
ITEM0010480,ORD002972,PROD00298,4,1958.18,33.76
ITEM0010481,ORD002972,PROD00287,-4,1349.9,11.89
ITEM0010482,ORD002972,PROD00131,3,2403.64,12.47
ITEM0010483,ORD002972,PROD00022,4,9177.73,23.53
ITEM0010484,ORD002973,PROD00097,5,8629.08,17.98
ITEM0010485,ORD002974,PROD00004,5,945.43,22.05
ITEM0010486,ORD002974,PROD_DUP_248,2,13444.93,29.91
ITEM0010487,ORD002974,PROD00268,1,247.24,19.84
ITEM0010488,ORD002974,PROD00187,2,8729.44,25.54
ITEM0010489,ORD002974,PROD00241,3,15219.97,6.66
ITEM0010490,ORD002974,PROD00140,1,10466.68,6.23
ITEM0010491,ORD002975,PROD00053,3,1294.67,24.12
ITEM0010492,ORD002975,PROD00074,2,2883.54,17.56
ITEM0010493,ORD002975,PROD00077,-2,949.09,10.59
ITEM0010494,ORD002976,PROD00230,3,14806.16,32.34
ITEM0010495,ORD002976,PROD00180,5,45620.93,4.72
ITEM0010496,ORD002976,PROD00063,5,4748.54,25.14
ITEM0010497,ORD002976,PROD00245,1,77190.55,1.77
ITEM0010498,ORD002976,PROD00202,3,2205.47,10.54
ITEM0010499,ORD002977,PROD00092,2,3453.47,4.36
ITEM0010500,ORD002977,PROD00259,4,32817.74,11.09
ITEM0010501,ORD002978,PROD00105,5,16922.48,14.04
ITEM0010502,ORD002978,PROD00217,1,21374.71,28.32
ITEM0010503,ORD002978,PROD00266,3,150138.51,18.33
ITEM0010504,ORD002978,PROD00001,5,107560.75,2.55
ITEM0010505,ORD002979,PROD00140,4,10466.68,137.5
ITEM0010506,ORD002979,PROD00173,1,77771.82,11.41
ITEM0010507,ORD002979,PROD00092,3,3453.47,5.26
ITEM0010508,ORD002980,PROD00241,5,15219.97,34.54
ITEM0010509,ORD002980,PROD00287,-4,1349.9,7.51
ITEM0010510,INVALID_ORD_74557,PROD00086,2,13674.52,9.63
ITEM0010511,ORD002981,PROD00254,4,83824.83,25.12
ITEM0010512,ORD002981,PROD00117,1,28499.09,23.12
ITEM0010513,ORD002981,PROD00052,4,8276.3,26.24
ITEM0010514,ORD002981,PROD00088,1,9502.99,13.4
ITEM0010515,ORD002981,PROD00227,4,2030.73,0.27
ITEM0010516,ORD002981,PROD00274,2,3119.83,6.71
ITEM0010517,ORD002982,PROD00209,4,48158.17,31.27
ITEM0010518,ORD002982,PROD00173,3,77771.82,24.59
ITEM0010519,ORD002982,PROD00243,1,19132.03,22.01
ITEM0010520,ORD002982,PROD00184,2,99913.97,19.91
ITEM0010521,ORD002982,PROD00147,0,10375.1,17.38
ITEM0010522,ORD002982,PROD00071,5,6126.45,8.66
ITEM0010523,ORD002983,PROD00258,5,11131.97,0.96
ITEM0010524,ORD002983,PROD00073,0,36426.6,9.29
ITEM0010525,ORD002983,PROD00216,5,4233.5,2.18
ITEM0010526,ORD002984,PROD00274,4,3119.83,27.88
ITEM0010527,ORD002984,PROD00139,3,12429.19,1.49
ITEM0010528,ORD002984,PROD00056,4,64832.21,15.63
ITEM0010529,ORD002984,PROD00120,0,1922.05,0.25
ITEM0010530,ORD002984,PROD00166,2,13792.77,33.42
ITEM0010531,ORD002985,PROD00083,3,56427.07,15.22
ITEM0010532,ORD002985,PROD00235,4,9096.22,0.24
ITEM0010533,ORD002985,PROD00096,0,15644.62,10.17
ITEM0010534,ORD002985,PROD00274,2,3119.83,128.51
ITEM0010535,ORD002985,PROD00246,2,49840.91,20.12
ITEM0010536,ORD002985,PROD00162,3,44239.81,3.29
ITEM0010537,ORD002986,PROD00161,1,89959.13,127.61
ITEM0010538,ORD002986,PROD00031,1,14324.32,9.73
ITEM0010539,ORD002987,PROD00290,2,41413.51,25.41
ITEM0010540,ORD002987,PROD00143,0,9888.94,17.99
ITEM0010541,ORD002987,PROD00141,4,738.47,19.62
ITEM0010542,ORD002987,PROD00159,1,18880.93,12.53
ITEM0010543,ORD002988,PROD00257,1,31755.6,28.15
ITEM0010544,ORD002988,PROD00067,3,16473.79,16.5
ITEM0010545,ORD002988,PROD00229,4,17916.53,1.09
ITEM0010546,ORD002988,PROD00129,5,55423.01,21.23
ITEM0010547,ORD002988,PROD00110,4,8026.63,15.63
ITEM0010548,ORD002988,PROD00118,3,85972.81,22.78
ITEM0010549,ORD002989,PROD00153,2,33477.66,21.95
ITEM0010550,ORD002989,PROD00107,-2,128039.99,33.75
ITEM0010551,ORD002989,PROD00087,1,9237.82,9.27
ITEM0010552,ORD002989,PROD00296,5,75276.41,17.31
ITEM0010553,ORD002989,PROD00228,-1,12035.67,4.46
ITEM0010554,ORD002990,PROD00246,5,49840.91,29.27
ITEM0010555,ORD002990,PROD00282,0,1528.85,28.33
ITEM0010556,ORD002990,PROD00001,5,107560.75,7.66
ITEM0010557,ORD002990,PROD00015,5,3631.08,32.94
ITEM0010558,ORD002990,PROD00218,2,808.31,32.94
ITEM0010559,ORD002991,PROD00083,4,56427.07,31.08
ITEM0010560,ORD002992,PROD00093,2,799.0,1.24
ITEM0010561,ORD002992,PROD00236,1,38161.26,13.51
ITEM0010562,ORD002992,PROD00069,1,1031.99,28.96
ITEM0010563,ORD002993,PROD00115,4,3345.82,26.46
ITEM0010564,ORD002993,PROD_DUP_764,5,10284.38,0.63
ITEM0010565,ORD002993,PROD00142,2,3142.8,5.9
ITEM0010566,ORD002993,PROD00094,4,18989.87,25.5
ITEM0010567,ORD002993,PROD00021,4,1935.05,5.87
ITEM0010568,ORD002993,PROD00271,5,69182.89,9.9
ITEM0010569,ORD002994,PROD00128,5,2957.45,16.43
ITEM0010570,ORD002994,PROD00268,5,247.24,26.71
ITEM0010571,ORD002994,PROD00185,4,88426.11,18.94
ITEM0010572,ORD002995,PROD00246,5,49840.91,19.06
ITEM0010573,ORD002995,PROD00184,4,99913.97,4.23
ITEM0010574,ORD002995,PROD00172,4,660.53,19.46
ITEM0010575,ORD002995,PROD00219,1,916.28,7.84
ITEM0010576,ORD002996,PROD00115,-1,3345.82,9.03
ITEM0010577,ORD002996,PROD00183,2,9351.26,15.59
ITEM0010578,ORD002996,PROD00012,4,16414.48,29.38
ITEM0010579,ORD002997,PROD00139,5,12429.19,26.59
ITEM0010580,ORD002997,PROD00195,5,45234.5,8.0
ITEM0010581,ORD002997,PROD00196,4,19028.45,9.23
ITEM0010582,ORD002997,PROD00147,1,10375.1,31.28
ITEM0010583,ORD002997,PROD00026,5,19557.07,16.56
ITEM0010584,ORD002997,PROD00112,3,958.5,30.98
ITEM0010585,ORD002998,PROD00297,3,1866.66,12.7
ITEM0010586,ORD002998,PROD00299,3,5860.91,3.58
ITEM0010587,ORD002998,PROD00002,1,13344.44,9.03
ITEM0010588,ORD002998,PROD00122,5,1085.5,25.39
ITEM0010589,ORD002998,PROD00292,5,148693.56,12.31
ITEM0010590,ORD002999,PROD00159,1,18880.93,17.01
ITEM0010591,ORD003000,PROD00144,5,35676.4,1.39
ITEM0010592,ORD003001,PROD00092,3,3453.47,24.24
ITEM0010593,ORD003001,PROD00066,2,5087.99,11.53
ITEM0010594,ORD003001,PROD00027,3,6786.44,25.69
ITEM0010595,ORD003001,PROD00260,0,51829.61,9.03
ITEM0010596,ORD003001,PROD00136,4,15602.8,30.05
ITEM0010597,ORD003001,PROD00249,5,90613.5,17.86
ITEM0010598,ORD003002,PROD00166,5,13792.77,1.23
ITEM0010599,ORD003002,PROD00227,1,2030.73,1.21
ITEM0010600,ORD003002,PROD00102,5,20526.64,20.62
ITEM0010601,ORD003003,PROD00165,2,5849.47,21.76
ITEM0010602,ORD003003,PROD00167,1,15629.7,31.33
ITEM0010603,ORD003004,PROD00111,2,8072.67,12.89
ITEM0010604,ORD003004,PROD00024,3,18935.15,26.06
ITEM0010605,ORD003004,PROD00260,4,51829.61,6.89
ITEM0010606,ORD003004,PROD00227,3,2030.73,21.9
ITEM0010607,ORD003004,PROD00138,4,14451.36,22.93
ITEM0010608,ORD003005,PROD00153,3,33477.66,16.89
ITEM0010609,ORD003005,PROD00008,1,2233.33,26.16
ITEM0010610,ORD003005,PROD_DUP_764,3,10284.38,19.89
ITEM0010611,ORD003005,PROD00027,1,6786.44,15.82
ITEM0010612,ORD003006,PROD00235,3,9096.22,8.18
ITEM0010613,ORD003006,PROD00136,1,15602.8,21.27
ITEM0010614,ORD003006,PROD00150,3,35744.49,3.35
ITEM0010615,ORD003006,PROD00277,4,10462.69,1.02
ITEM0010616,ORD003007,PROD00130,4,11592.7,17.36
ITEM0010617,ORD003007,PROD00151,4,75177.2,3.0
ITEM0010618,ORD003007,PROD00076,5,117743.14,6.65
ITEM0010619,ORD003008,PROD00058,2,8762.42,20.07
ITEM0010620,ORD003009,PROD00261,1,35880.89,14.24
ITEM0010621,ORD003009,PROD00234,4,491.09,17.68
ITEM0010622,ORD003010,PROD00183,4,9351.26,9.31
ITEM0010623,ORD003010,PROD00300,4,1163.82,5.37
ITEM0010624,ORD003010,PROD00051,3,14882.87,22.03
ITEM0010625,ORD003010,PROD00090,2,12776.72,8.47
ITEM0010626,ORD003010,PROD00215,4,13895.27,18.33
ITEM0010627,ORD003011,PROD00284,2,3583.48,27.15
ITEM0010628,ORD003011,PROD00206,2,17398.64,22.3
ITEM0010629,ORD003011,PROD00081,1,14240.57,27.43
ITEM0010630,ORD003011,INVALID_PROD_63209,1,2536.84,23.01
ITEM0010631,ORD003012,PROD00273,4,5839.38,4.63
ITEM0010632,ORD003012,PROD00095,5,56114.19,7.92
ITEM0010633,ORD003012,PROD00237,1,3389.65,31.47
ITEM0010634,ORD003012,PROD00178,4,11840.22,30.96
ITEM0010635,ORD003012,PROD00281,1,2777.16,24.35
ITEM0010636,ORD003013,PROD00172,5,660.53,21.54
ITEM0010637,ORD003014,PROD00059,5,1558.61,2.02
ITEM0010638,ORD003014,PROD00123,-5,16024.54,1.08
ITEM0010639,ORD003014,PROD00187,2,8729.44,14.33
ITEM0010640,ORD003015,PROD00207,4,90137.22,19.16
ITEM0010641,ORD003016,PROD00152,0,4664.81,15.15
ITEM0010642,ORD003016,PROD00124,1,31585.25,29.53
ITEM0010643,ORD003017,PROD00103,4,210.19,23.09
ITEM0010644,ORD003018,PROD00249,5,90613.5,34.91
ITEM0010645,ORD003018,PROD00004,4,945.43,18.11
ITEM0010646,ORD003018,PROD00063,1,4748.54,14.57
ITEM0010647,ORD003019,PROD00110,3,8026.63,13.46
ITEM0010648,ORD003019,PROD00055,4,1893.42,24.07
ITEM0010649,ORD003019,PROD00027,3,6786.44,14.75
ITEM0010650,ORD003019,PROD00131,0,2403.64,3.13
ITEM0010651,ORD003019,PROD00172,2,660.53,2.16
ITEM0010652,ORD003020,PROD00115,3,3345.82,24.29
ITEM0010653,ORD003020,PROD00151,5,75177.2,3.06
ITEM0010654,ORD003020,PROD00251,5,37604.62,12.07
ITEM0010655,ORD003020,PROD00246,2,49840.91,33.68
ITEM0010656,ORD003020,PROD00260,5,51829.61,30.72
ITEM0010657,ORD003021,PROD00063,2,4748.54,4.81
ITEM0010658,ORD003021,PROD00058,5,8762.42,15.64
ITEM0010659,ORD003021,PROD00244,1,358.32,8.95
ITEM0010660,ORD003022,PROD00148,1,46265.49,2.24
ITEM0010661,ORD003023,PROD00257,2,31755.6,14.72
ITEM0010662,ORD003023,PROD00191,3,18482.44,34.49
ITEM0010663,ORD003024,PROD00161,3,89959.13,30.38
ITEM0010664,ORD003024,PROD00164,3,136789.18,32.97
ITEM0010665,ORD003024,PROD00090,1,12776.72,4.17
ITEM0010666,ORD003024,PROD00203,5,16125.87,6.65
ITEM0010667,ORD003025,PROD00190,-3,4989.53,26.14
ITEM0010668,ORD003025,PROD00269,1,2342.42,6.9
ITEM0010669,ORD003025,PROD00170,2,12487.59,2.97
ITEM0010670,ORD003025,PROD00221,1,6476.61,33.16
ITEM0010671,ORD003026,PROD00185,5,88426.11,26.82
ITEM0010672,ORD003027,PROD00177,4,2661.74,12.02
ITEM0010673,ORD003027,PROD00203,2,16125.87,19.35
ITEM0010674,ORD003027,PROD00170,3,12487.59,30.11
ITEM0010675,ORD003027,PROD00257,4,31755.6,23.71
ITEM0010676,ORD003027,PROD00159,4,18880.93,24.45
ITEM0010677,ORD003027,PROD00162,1,44239.81,33.15
ITEM0010678,ORD003028,PROD00038,4,3024.72,15.14
ITEM0010679,ORD003029,PROD00218,3,808.31,34.14
ITEM0010680,ORD003029,PROD00003,1,47677.98,28.95
ITEM0010681,ORD003030,PROD00187,4,8729.44,16.64
ITEM0010682,ORD003030,PROD00184,2,99913.97,14.34
ITEM0010683,ORD003030,INVALID_PROD_90812,1,6126.45,12.17
ITEM0010684,ORD003030,PROD00270,4,16051.61,3.96
ITEM0010685,ORD003030,PROD00087,3,9237.82,2.89
ITEM0010686,ORD003031,PROD00267,5,5023.39,17.34
ITEM0010687,ORD003031,PROD00294,3,12314.4,34.78
ITEM0010688,ORD003031,PROD00204,1,56411.49,6.68
ITEM0010689,ORD003031,PROD00184,4,99913.97,26.35
ITEM0010690,ORD003031,PROD00074,5,2883.54,1.19
ITEM0010691,ORD003032,INVALID_PROD_92903,0,64832.21,25.24
ITEM0010692,ORD003033,PROD00121,4,79730.15,5.15
ITEM0010693,ORD003034,PROD00080,4,8705.25,1.45
ITEM0010694,ORD003034,PROD00086,1,13674.52,8.62
ITEM0010695,ORD003034,PROD00031,4,14324.32,5.96
ITEM0010696,ORD003034,PROD00087,1,9237.82,2.6
ITEM0010697,ORD003034,PROD00266,4,150138.51,29.01
ITEM0010698,ORD003034,PROD00014,5,10284.38,25.21
ITEM0010699,ORD003035,PROD00101,3,90820.31,3.35
ITEM0010700,ORD003035,PROD00019,5,39804.94,31.86
ITEM0010701,ORD003035,PROD00044,2,36733.67,13.09
ITEM0010702,ORD003036,PROD00255,4,8717.28,11.42
ITEM0010703,ORD003036,PROD00021,4,1935.05,9.99
ITEM0010704,ORD003036,PROD00117,3,28499.09,33.16
ITEM0010705,ORD003037,PROD00175,4,5323.61,15.6
ITEM0010706,ORD003038,PROD00091,1,922.64,10.53
ITEM0010707,ORD003038,PROD00245,3,77190.55,14.26
ITEM0010708,ORD003038,PROD00261,-5,35880.89,32.46
ITEM0010709,ORD003038,PROD00209,5,48158.17,3.35
ITEM0010710,ORD003038,PROD00236,1,38161.26,20.57
ITEM0010711,ORD003038,PROD00200,2,23481.36,27.11
ITEM0010712,ORD003039,PROD00272,5,43464.46,30.43
ITEM0010713,ORD003039,PROD00202,2,2205.47,24.38
ITEM0010714,ORD003039,PROD00120,1,1922.05,3.15
ITEM0010715,ORD003040,PROD00130,2,11592.7,3.85
ITEM0010716,ORD003040,PROD00224,4,54820.98,12.07
ITEM0010717,ORD003041,PROD00155,5,6690.65,30.27
ITEM0010718,ORD003041,PROD00051,-1,14882.87,5.41
ITEM0010719,ORD003041,PROD00300,1,1163.82,143.12
ITEM0010720,ORD003041,PROD00159,1,18880.93,25.93
ITEM0010721,ORD003042,PROD00232,2,20147.3,19.7
ITEM0010722,ORD003042,PROD00036,1,9080.54,28.77
ITEM0010723,ORD003042,PROD00181,5,34804.16,32.43
ITEM0010724,ORD003042,PROD00042,2,851.12,17.52
ITEM0010725,ORD003043,PROD00195,1,45234.5,23.6
ITEM0010726,ORD003043,PROD00084,3,49768.99,22.52
ITEM0010727,ORD003044,PROD00072,3,6009.58,1.94
ITEM0010728,ORD003044,PROD00186,-2,10600.32,1.66
ITEM0010729,ORD003044,PROD00034,3,2479.77,28.25
ITEM0010730,ORD003044,PROD00016,2,155813.5,0.37
ITEM0010731,ORD003045,PROD00055,3,1893.42,3.95
ITEM0010732,ORD003045,PROD00007,3,4079.3,22.31
ITEM0010733,ORD003045,PROD00032,1,15757.18,32.02
ITEM0010734,ORD003045,PROD00123,-2,16024.54,14.1
ITEM0010735,ORD003045,PROD00216,2,4233.5,6.59
ITEM0010736,ORD003046,PROD00010,2,19555.43,9.4
ITEM0010737,ORD003046,PROD00102,3,20526.64,29.77
ITEM0010738,ORD003046,PROD00036,1,9080.54,20.23
ITEM0010739,ORD003047,PROD00052,5,8276.3,27.17
ITEM0010740,ORD003047,PROD00144,5,35676.4,9.93
ITEM0010741,ORD003047,PROD00219,1,916.28,12.76
ITEM0010742,ORD003048,PROD00039,3,4450.41,23.11
ITEM0010743,ORD003048,PROD00241,1,15219.97,17.62
ITEM0010744,ORD003049,PROD00230,4,14806.16,32.24
ITEM0010745,ORD003049,PROD00175,5,5323.61,11.62
ITEM0010746,ORD003050,PROD00084,3,49768.99,18.3
ITEM0010747,ORD003050,PROD00030,5,46619.52,15.84
ITEM0010748,ORD003050,PROD00138,5,14451.36,20.82
ITEM0010749,ORD003050,PROD00194,2,1718.09,2.17
ITEM0010750,ORD003050,PROD00009,3,11170.3,31.42
ITEM0010751,ORD003050,PROD00033,2,25099.93,2.44
ITEM0010752,ORD003051,PROD00198,5,88452.16,28.73
ITEM0010753,ORD003052,PROD00024,1,18935.15,11.37
ITEM0010754,ORD003052,PROD00234,2,491.09,3.05
ITEM0010755,ORD003052,PROD00082,1,4931.74,8.62
ITEM0010756,ORD003052,PROD00059,2,1558.61,0.16
ITEM0010757,ORD003052,PROD00106,2,1535.04,12.81
ITEM0010758,ORD003053,PROD00269,1,2342.42,20.42
ITEM0010759,ORD003053,PROD00235,4,9096.22,15.82
ITEM0010760,ORD003053,PROD00134,4,281.46,29.79
ITEM0010761,ORD003053,PROD00294,2,12314.4,1.34
ITEM0010762,ORD003054,PROD00209,3,48158.17,16.74
ITEM0010763,ORD003055,PROD00089,5,14553.94,3.69
ITEM0010764,ORD003055,PROD00095,5,56114.19,30.19
ITEM0010765,ORD003055,PROD00189,4,9958.04,31.81
ITEM0010766,ORD003055,PROD00009,4,11170.3,24.64
ITEM0010767,ORD003056,PROD00052,4,8276.3,5.37
ITEM0010768,ORD003056,PROD00122,5,1085.5,27.83
ITEM0010769,ORD003056,PROD00052,3,8276.3,0.14
ITEM0010770,ORD003056,PROD00278,4,48030.22,32.88
ITEM0010771,INVALID_ORD_20098,PROD00096,1,15644.62,25.12
ITEM0010772,ORD003057,PROD00189,0,9958.04,34.63
ITEM0010773,INVALID_ORD_36968,PROD00227,4,2030.73,12.07
ITEM0010774,INVALID_ORD_27593,PROD00176,4,10514.42,9.92
ITEM0010775,ORD003058,PROD00125,1,3811.77,16.82
ITEM0010776,ORD003058,PROD00042,3,851.12,5.53
ITEM0010777,ORD003058,PROD00059,5,1558.61,5.98
ITEM0010778,ORD003058,PROD00282,3,1528.85,20.81
ITEM0010779,ORD003058,PROD00093,4,799.0,30.21
ITEM0010780,ORD003059,PROD00230,4,14806.16,5.2
ITEM0010781,ORD003060,PROD00040,2,6724.73,12.32
ITEM0010782,ORD003060,PROD00180,1,45620.93,1.54
ITEM0010783,ORD003060,PROD00243,5,19132.03,10.98
ITEM0010784,ORD003061,PROD00186,2,10600.32,19.51
ITEM0010785,ORD003061,PROD00111,5,8072.67,22.5
ITEM0010786,ORD003061,PROD00300,5,1163.82,32.81
ITEM0010787,ORD003061,PROD00296,3,75276.41,22.87
ITEM0010788,ORD003061,PROD00196,3,19028.45,10.55
ITEM0010789,ORD003061,PROD00022,5,9177.73,4.8
ITEM0010790,ORD003062,PROD00031,2,14324.32,4.63
ITEM0010791,ORD003062,PROD00209,2,48158.17,10.32
ITEM0010792,ORD003062,PROD00047,4,1949.22,9.05
ITEM0010793,ORD003062,PROD00105,4,16922.48,1.96
ITEM0010794,ORD003062,PROD00109,2,9016.47,31.56
ITEM0010795,ORD003063,PROD00175,5,5323.61,25.45
ITEM0010796,ORD003063,PROD00136,2,15602.8,22.38
ITEM0010797,ORD003063,PROD00256,5,19894.86,11.18
ITEM0010798,ORD003063,PROD00019,5,39804.94,15.24
ITEM0010799,ORD003064,PROD00281,4,2777.16,31.7
ITEM0010800,ORD003064,PROD00257,2,31755.6,12.28
ITEM0010801,ORD003064,PROD00070,-2,70038.79,6.63
ITEM0010802,ORD003064,PROD00031,4,14324.32,30.26
ITEM0010803,ORD003064,PROD00270,1,16051.61,16.42
ITEM0010804,ORD003064,PROD00069,3,1031.99,30.07
ITEM0010805,ORD003065,PROD00044,3,36733.67,31.16
ITEM0010806,ORD003065,PROD00257,4,31755.6,25.11
ITEM0010807,ORD003065,PROD00187,5,8729.44,14.27
ITEM0010808,ORD003066,PROD00127,5,6869.22,3.47
ITEM0010809,ORD003067,PROD00205,-5,6001.17,4.93
ITEM0010810,ORD003067,PROD00021,3,1935.05,112.07
ITEM0010811,ORD003067,PROD00240,5,56530.69,17.99
ITEM0010812,ORD003068,PROD00230,4,14806.16,0.02
ITEM0010813,ORD003068,PROD00141,5,738.47,30.1
ITEM0010814,ORD003068,PROD00299,4,5860.91,0.97
ITEM0010815,ORD003068,PROD00133,4,16317.65,15.59
ITEM0010816,ORD003068,PROD00030,1,46619.52,12.33
ITEM0010817,ORD003069,PROD00196,5,19028.45,26.98
ITEM0010818,ORD003069,PROD00150,1,35744.49,10.68
ITEM0010819,ORD003069,PROD00089,1,14553.94,1.09
ITEM0010820,ORD003069,PROD00265,3,7815.58,24.75
ITEM0010821,ORD003069,PROD00074,2,2883.54,14.95
ITEM0010822,ORD003069,PROD00106,5,1535.04,29.61
ITEM0010823,ORD003070,PROD00252,3,8369.69,33.97
ITEM0010824,ORD003070,PROD00266,4,150138.51,8.44
ITEM0010825,ORD003070,PROD00145,2,7654.14,5.19
ITEM0010826,ORD003070,PROD00048,3,74181.94,19.45
ITEM0010827,ORD003070,PROD00205,2,6001.17,29.74
ITEM0010828,ORD003071,PROD00003,1,47677.98,28.77
ITEM0010829,ORD003071,PROD00154,1,15820.26,25.49
ITEM0010830,ORD003071,PROD00031,2,14324.32,33.47
ITEM0010831,ORD003071,PROD00136,4,15602.8,17.42
ITEM0010832,ORD003071,PROD00049,2,8241.32,21.4
ITEM0010833,ORD003072,PROD00176,4,10514.42,32.72
ITEM0010834,ORD003072,PROD00043,1,5667.41,10.13
ITEM0010835,ORD003072,PROD00040,4,6724.73,14.43
ITEM0010836,ORD003072,PROD00223,2,31608.39,34.57
ITEM0010837,ORD003072,PROD00147,1,10375.1,29.13
ITEM0010838,ORD003072,PROD00182,2,60233.51,7.58
ITEM0010839,ORD003073,PROD00191,4,18482.44,20.92
ITEM0010840,ORD003073,PROD00211,3,235.37,5.23
ITEM0010841,ORD003073,PROD00100,4,9419.26,34.11
ITEM0010842,ORD003074,PROD00068,2,15259.49,18.89
ITEM0010843,ORD003075,PROD00207,3,90137.22,23.05
ITEM0010844,ORD003075,PROD00076,3,117743.14,22.07
ITEM0010845,ORD003076,PROD00196,5,19028.45,10.41
ITEM0010846,ORD003076,PROD00044,2,36733.67,33.7
ITEM0010847,ORD003076,PROD00248,1,13070.96,5.17
ITEM0010848,ORD003076,PROD00287,5,1349.9,9.88
ITEM0010849,ORD003076,PROD00266,1,150138.51,2.14
ITEM0010850,ORD003076,PROD00033,5,25099.93,26.42
ITEM0010851,ORD003077,PROD00085,4,3944.47,16.14
ITEM0010852,ORD003077,PROD00134,1,281.46,33.08
ITEM0010853,ORD003077,PROD00031,5,14324.32,16.97
ITEM0010854,ORD003078,PROD00208,1,11211.45,6.41
ITEM0010855,ORD003078,PROD00162,2,44239.81,29.07
ITEM0010856,ORD003078,PROD00042,4,851.12,7.21
ITEM0010857,ORD003079,PROD00241,1,15219.97,0.31
ITEM0010858,ORD003079,PROD00100,2,9419.26,16.19
ITEM0010859,ORD003079,PROD00207,5,90137.22,17.36
ITEM0010860,ORD003079,PROD00273,2,5839.38,10.2
ITEM0010861,ORD003079,PROD00223,1,31608.39,34.2
ITEM0010862,ORD003080,PROD00152,3,4664.81,30.07
ITEM0010863,ORD003081,PROD00086,4,13674.52,16.93
ITEM0010864,ORD003081,PROD00121,2,79730.15,17.98
ITEM0010865,ORD003081,PROD00093,4,799.0,28.97
ITEM0010866,ORD003081,PROD00019,1,39804.94,31.01
ITEM0010867,ORD003081,PROD00202,4,2205.47,31.99
ITEM0010868,ORD003081,PROD00242,3,49321.02,18.47
ITEM0010869,ORD003082,PROD00071,1,6126.45,33.52
ITEM0010870,ORD003082,PROD00278,1,48030.22,14.11
ITEM0010871,ORD003082,PROD00159,3,18880.93,17.43
ITEM0010872,ORD003082,PROD00048,3,74181.94,1.41
ITEM0010873,ORD003083,PROD00252,2,8369.69,5.14
ITEM0010874,ORD003083,PROD00010,3,19555.43,0.2
ITEM0010875,ORD003084,PROD00117,3,28499.09,28.59
ITEM0010876,ORD003084,PROD00266,3,150138.51,22.36
ITEM0010877,ORD003084,PROD00020,2,70058.39,19.36
ITEM0010878,ORD003084,PROD00061,3,168745.97,29.09
ITEM0010879,ORD003085,PROD00084,2,49768.99,24.07
ITEM0010880,ORD003086,PROD00137,2,35792.4,133.47
ITEM0010881,ORD003086,PROD00065,2,10942.37,30.72
ITEM0010882,ORD003086,PROD00025,2,2571.12,16.89
ITEM0010883,ORD003087,PROD00121,1,79730.15,2.08
ITEM0010884,ORD003087,PROD00039,3,4450.41,10.71
ITEM0010885,ORD003087,PROD00113,5,14490.24,14.68
ITEM0010886,ORD003087,PROD00057,2,6857.15,30.28
ITEM0010887,ORD003087,PROD00126,5,14276.93,31.1
ITEM0010888,ORD003088,PROD00067,2,16473.79,1.68
ITEM0010889,ORD003088,INVALID_PROD_24189,5,49321.02,27.44
ITEM0010890,ORD003089,PROD00200,3,23481.36,20.38
ITEM0010891,ORD003089,PROD00109,1,9016.47,6.66
ITEM0010892,ORD003089,PROD00260,5,51829.61,22.73
ITEM0010893,ORD003090,PROD00300,5,1163.82,26.23
ITEM0010894,ORD003090,PROD00131,5,2403.64,30.63
ITEM0010895,ORD003090,PROD00128,4,2957.45,26.99
ITEM0010896,ORD003090,PROD00047,4,1949.22,9.21
ITEM0010897,ORD003091,PROD00254,0,83824.83,137.44
ITEM0010898,INVALID_ORD_14607,PROD00074,5,2883.54,3.77
ITEM0010899,ORD003092,PROD00257,4,31755.6,27.82
ITEM0010900,ORD003092,PROD00131,2,2403.64,10.57
ITEM0010901,ORD003093,PROD00062,4,1755.31,20.54
ITEM0010902,ORD003093,PROD00101,5,90820.31,19.7
ITEM0010903,ORD003094,PROD00016,4,155813.5,32.71
ITEM0010904,ORD003094,PROD00011,1,53479.92,6.06
ITEM0010905,ORD003094,PROD00209,2,48158.17,6.32
ITEM0010906,ORD003094,PROD00146,2,10852.71,22.76
ITEM0010907,ORD003094,PROD00253,3,30181.5,25.27
ITEM0010908,ORD003094,PROD00204,2,56411.49,34.65
ITEM0010909,ORD003095,PROD00128,2,2957.45,27.47
ITEM0010910,ORD003095,PROD00154,4,15820.26,33.46
ITEM0010911,ORD003095,PROD00125,2,3811.77,5.7
ITEM0010912,ORD003095,PROD00059,3,1558.61,15.29
ITEM0010913,ORD003095,PROD00086,1,13674.52,18.45
ITEM0010914,ORD003095,PROD00074,1,2883.54,14.05
ITEM0010915,ORD003096,PROD00272,4,43464.46,11.95
ITEM0010916,ORD003096,PROD00083,1,56427.07,23.28
ITEM0010917,ORD003096,PROD00150,1,35744.49,34.89
ITEM0010918,ORD003096,PROD00214,3,9055.44,16.65
ITEM0010919,ORD003096,PROD00025,1,2571.12,13.07
ITEM0010920,ORD003097,PROD00023,3,13941.86,9.69
ITEM0010921,ORD003097,PROD00094,2,18989.87,21.27
ITEM0010922,ORD003097,PROD00068,2,15259.49,9.04
ITEM0010923,ORD003097,PROD00275,4,1589.33,26.88
ITEM0010924,ORD003097,PROD00017,4,42741.8,135.89
ITEM0010925,ORD003098,PROD00133,5,16317.65,16.51
ITEM0010926,ORD003098,PROD00208,1,11211.45,11.32
ITEM0010927,ORD003098,PROD00095,1,56114.19,27.92
ITEM0010928,ORD003099,PROD00137,1,35792.4,24.23
ITEM0010929,ORD003099,PROD00251,4,37604.62,17.7
ITEM0010930,ORD003099,PROD00260,1,51829.61,9.19
ITEM0010931,ORD003099,PROD00173,5,77771.82,17.72
ITEM0010932,ORD003099,PROD00180,1,45620.93,34.92
ITEM0010933,ORD003100,PROD00086,5,13674.52,31.16
ITEM0010934,ORD003101,PROD00277,2,10462.69,16.1
ITEM0010935,ORD003101,PROD00124,3,31585.25,4.95
ITEM0010936,ORD003101,PROD00174,5,6796.1,11.63
ITEM0010937,INVALID_ORD_99862,PROD00002,5,13344.44,16.44
ITEM0010938,ORD003102,PROD00086,5,13674.52,1.57
ITEM0010939,ORD003103,PROD00220,2,53302.28,32.61
ITEM0010940,ORD003103,PROD00280,5,93322.92,3.19
ITEM0010941,ORD003104,PROD00173,5,77771.82,27.14
ITEM0010942,ORD003104,PROD00072,2,6009.58,26.82
ITEM0010943,ORD003105,PROD00017,2,42741.8,25.61
ITEM0010944,ORD003105,PROD00135,1,973.62,13.73
ITEM0010945,ORD003105,PROD00268,2,247.24,7.94
ITEM0010946,ORD003106,PROD00198,5,88452.16,31.42
ITEM0010947,ORD003106,PROD00051,2,14882.87,20.06
ITEM0010948,ORD003106,PROD00019,2,39804.94,34.1
ITEM0010949,ORD003106,PROD00186,4,10600.32,29.49
ITEM0010950,ORD003106,PROD00290,1,41413.51,1.43
ITEM0010951,ORD003107,PROD00083,1,56427.07,10.76
ITEM0010952,ORD003108,PROD00064,5,6397.09,5.74
ITEM0010953,ORD003109,PROD00027,1,6786.44,29.63
ITEM0010954,ORD003109,PROD00280,2,93322.92,32.56
ITEM0010955,ORD003109,PROD00061,2,168745.97,20.64
ITEM0010956,ORD003110,PROD00076,4,117743.14,13.41
ITEM0010957,ORD003110,PROD00078,1,80173.3,30.83
ITEM0010958,ORD003110,PROD00111,4,8072.67,27.57
ITEM0010959,ORD003110,PROD00138,1,14451.36,26.65
ITEM0010960,ORD003110,PROD00062,1,1755.31,16.25
ITEM0010961,ORD003111,PROD00252,2,8369.69,28.12
ITEM0010962,ORD003111,PROD00099,4,10679.39,32.51
ITEM0010963,ORD003111,PROD00040,1,6724.73,15.09
ITEM0010964,ORD003112,PROD00300,1,1163.82,23.11
ITEM0010965,ORD003112,PROD00036,4,9080.54,4.88
ITEM0010966,ORD003112,PROD00171,5,1587.59,32.6
ITEM0010967,ORD003112,PROD00220,1,53302.28,1.55
ITEM0010968,ORD003112,PROD00137,2,35792.4,10.08
ITEM0010969,ORD003113,PROD00031,3,14324.32,13.97
ITEM0010970,ORD003113,PROD00141,1,738.47,6.67
ITEM0010971,ORD003113,PROD00124,4,31585.25,34.67
ITEM0010972,ORD003113,PROD00083,5,56427.07,29.79
ITEM0010973,ORD003113,PROD00178,1,11840.22,17.01
ITEM0010974,ORD003114,PROD00270,4,16051.61,27.75
ITEM0010975,ORD003114,PROD00271,2,69182.89,5.48
ITEM0010976,ORD003114,PROD00089,5,14553.94,23.21
ITEM0010977,ORD003114,PROD00114,3,129739.16,30.17
ITEM0010978,ORD003114,PROD00210,5,116861.98,29.53
ITEM0010979,ORD003114,PROD00048,4,74181.94,6.58
ITEM0010980,ORD003115,PROD00099,4,10679.39,14.35
ITEM0010981,ORD003115,PROD00198,4,88452.16,25.08
ITEM0010982,ORD003115,PROD00099,-2,10679.39,22.85
ITEM0010983,ORD003115,PROD00095,4,56114.19,34.82
ITEM0010984,ORD003116,PROD00206,4,17398.64,29.72
ITEM0010985,ORD003116,PROD00004,4,945.43,18.52
ITEM0010986,ORD003116,PROD00288,1,12413.32,16.5
ITEM0010987,ORD003116,PROD00136,4,15602.8,3.53
ITEM0010988,ORD003116,PROD00053,4,1294.67,0.86
ITEM0010989,ORD003116,PROD00124,1,31585.25,30.05
ITEM0010990,ORD003117,PROD00158,5,255.24,30.95
ITEM0010991,ORD003118,PROD00294,2,12314.4,28.18
ITEM0010992,ORD003118,PROD00084,2,49768.99,1.59
ITEM0010993,ORD003118,PROD00048,4,74181.94,26.68
ITEM0010994,ORD003118,PROD00174,1,6796.1,13.73
ITEM0010995,ORD003118,PROD00047,3,1949.22,15.26
ITEM0010996,ORD003119,PROD00291,5,68752.62,17.98
ITEM0010997,ORD003119,PROD_DUP_248,5,13444.93,14.71
ITEM0010998,ORD003119,PROD00048,4,74181.94,25.14
ITEM0010999,ORD003119,PROD00201,4,331.81,27.16
ITEM0011000,ORD003119,PROD00034,4,2479.77,5.97
ITEM0011001,ORD003120,PROD_DUP_248,1,13444.93,19.98
ITEM0011002,ORD003120,PROD00166,2,13792.77,1.47
ITEM0011003,ORD003120,PROD00149,3,737.02,27.44
ITEM0011004,ORD003121,PROD00118,3,85972.81,24.66
ITEM0011005,ORD003121,PROD00017,1,42741.8,14.82
ITEM0011006,ORD003121,PROD_DUP_764,2,10284.38,29.83
ITEM0011007,ORD003121,PROD00249,5,90613.5,18.82
ITEM0011008,ORD003121,PROD00202,5,2205.47,5.45
ITEM0011009,ORD003122,PROD00193,3,33770.04,19.59
ITEM0011010,ORD003123,PROD00080,5,8705.25,14.91
ITEM0011011,ORD003123,PROD00207,2,90137.22,17.8
ITEM0011012,ORD003123,PROD00264,-4,57779.76,4.63
ITEM0011013,ORD003124,PROD00232,2,20147.3,18.11
ITEM0011014,ORD003124,PROD00200,4,23481.36,9.92
ITEM0011015,ORD003125,PROD00158,2,255.24,12.09
ITEM0011016,ORD003125,PROD00079,5,11534.5,34.18
ITEM0011017,ORD003125,PROD00286,4,11352.93,16.77
ITEM0011018,ORD003126,PROD00015,5,3631.08,17.91
ITEM0011019,ORD003126,PROD00108,5,13444.93,11.6
ITEM0011020,ORD003126,PROD00099,4,10679.39,28.33
ITEM0011021,ORD003127,PROD00292,-3,148693.56,16.29
ITEM0011022,ORD003127,PROD00065,4,10942.37,10.13
ITEM0011023,ORD003127,PROD00293,1,6508.01,31.92
ITEM0011024,ORD003128,PROD00265,3,7815.58,29.69
ITEM0011025,ORD003128,PROD00146,5,10852.71,13.16
ITEM0011026,ORD003128,PROD00052,2,8276.3,0.47
ITEM0011027,ORD003129,PROD00128,2,2957.45,12.2
ITEM0011028,ORD003129,PROD00183,2,9351.26,25.52
ITEM0011029,ORD003129,PROD00175,1,5323.61,7.11
ITEM0011030,ORD003129,PROD00289,2,1903.39,34.09
ITEM0011031,ORD003129,PROD00263,5,4176.74,33.97
ITEM0011032,ORD003129,PROD00045,5,65694.03,12.15
ITEM0011033,ORD003130,PROD00155,2,6690.65,27.43
ITEM0011034,ORD003130,PROD00274,2,3119.83,19.41
ITEM0011035,ORD003130,PROD00123,1,16024.54,0.1
ITEM0011036,ORD003130,PROD00160,5,4270.13,34.61
ITEM0011037,ORD003131,PROD00270,3,16051.61,28.74
ITEM0011038,ORD003131,PROD00014,1,10284.38,13.15
ITEM0011039,INVALID_ORD_86873,PROD00100,2,9419.26,32.45
ITEM0011040,ORD003131,PROD00287,5,1349.9,27.65
ITEM0011041,ORD003132,PROD00158,3,255.24,11.27
ITEM0011042,ORD003132,PROD00089,3,14553.94,26.12
ITEM0011043,ORD003132,PROD00170,2,12487.59,32.05
ITEM0011044,ORD003132,PROD00153,-3,33477.66,32.54
ITEM0011045,ORD003132,PROD00232,3,20147.3,10.94
ITEM0011046,ORD003132,PROD00093,5,799.0,12.57
ITEM0011047,ORD003133,PROD00091,1,922.64,145.49
ITEM0011048,ORD003134,PROD00232,4,20147.3,21.3
ITEM0011049,ORD003134,PROD00107,5,128039.99,7.95
ITEM0011050,ORD003134,PROD00029,1,12387.11,21.5
ITEM0011051,ORD003134,PROD00169,3,8770.94,2.35
ITEM0011052,ORD003135,PROD00243,2,19132.03,12.44
ITEM0011053,ORD003135,PROD00025,2,2571.12,19.17
ITEM0011054,ORD003135,PROD00291,1,68752.62,4.58
ITEM0011055,ORD003135,PROD00268,1,247.24,6.42
ITEM0011056,ORD003135,PROD00099,2,10679.39,7.39
ITEM0011057,ORD003135,PROD00234,3,491.09,14.65
ITEM0011058,ORD003136,PROD00116,3,72895.77,6.92
ITEM0011059,ORD003136,PROD00237,5,3389.65,32.08
ITEM0011060,ORD003136,PROD00216,0,4233.5,28.29
ITEM0011061,ORD003136,PROD00149,1,737.02,19.67
ITEM0011062,ORD003136,PROD00272,5,43464.46,16.0
ITEM0011063,ORD003137,PROD00136,3,15602.8,18.57
ITEM0011064,ORD003138,PROD00298,2,1958.18,29.28
ITEM0011065,ORD003138,PROD00052,1,8276.3,3.79
ITEM0011066,ORD003138,PROD00291,5,68752.62,3.04
ITEM0011067,ORD003139,PROD00168,4,786.46,10.47
ITEM0011068,ORD003139,PROD00145,4,7654.14,11.59
ITEM0011069,ORD003139,PROD00075,1,16738.37,24.0
ITEM0011070,ORD003139,PROD00221,3,6476.61,29.64
ITEM0011071,ORD003139,PROD00285,3,87613.3,4.31
ITEM0011072,ORD003139,PROD00180,5,45620.93,29.38
ITEM0011073,ORD003140,PROD00059,3,1558.61,7.33
ITEM0011074,ORD003141,PROD00087,2,9237.82,12.57
ITEM0011075,ORD003142,PROD00127,4,6869.22,23.25
ITEM0011076,ORD003142,PROD00131,4,2403.64,32.0
ITEM0011077,ORD003143,PROD00266,5,150138.51,1.67
ITEM0011078,ORD003143,PROD00017,4,42741.8,28.3
ITEM0011079,ORD003144,PROD00244,4,358.32,27.55
ITEM0011080,ORD003144,PROD00283,1,34928.13,9.79
ITEM0011081,ORD003144,PROD00196,4,19028.45,1.53
ITEM0011082,ORD003144,PROD00250,2,2595.77,29.22
ITEM0011083,ORD003144,PROD00181,3,34804.16,17.1
ITEM0011084,ORD003144,PROD00116,3,72895.77,4.99
ITEM0011085,ORD003145,PROD00103,3,210.19,8.0
ITEM0011086,ORD003145,PROD00100,4,9419.26,26.98
ITEM0011087,ORD003145,PROD00027,-1,6786.44,3.45
ITEM0011088,ORD003145,PROD00296,2,75276.41,14.25
ITEM0011089,ORD003145,PROD00043,3,5667.41,6.39
ITEM0011090,ORD003146,PROD00032,4,15757.18,7.85
ITEM0011091,ORD003146,PROD00192,0,9826.54,27.74
ITEM0011092,ORD003147,PROD00133,3,16317.65,25.24
ITEM0011093,ORD003147,PROD00055,3,1893.42,23.7
ITEM0011094,ORD003147,PROD00112,-1,958.5,4.7
ITEM0011095,ORD003147,PROD00002,1,13344.44,16.78
ITEM0011096,ORD003147,PROD00222,3,529.14,10.08
ITEM0011097,ORD003147,PROD00202,2,2205.47,26.62
ITEM0011098,ORD003148,PROD_DUP_765,3,60305.75,29.24
ITEM0011099,ORD003148,PROD00092,5,3453.47,3.65
ITEM0011100,ORD003148,PROD00096,1,15644.62,5.63
ITEM0011101,ORD003148,PROD00207,3,90137.22,3.73
ITEM0011102,ORD003148,PROD00072,5,6009.58,20.03
ITEM0011103,ORD003149,PROD00032,5,15757.18,12.51
ITEM0011104,ORD003149,PROD00017,4,42741.8,3.36
ITEM0011105,ORD003149,PROD00025,5,2571.12,25.97
ITEM0011106,ORD003149,PROD00028,1,59359.69,32.62
ITEM0011107,ORD003149,PROD00017,5,42741.8,16.2
ITEM0011108,ORD003149,PROD00236,5,38161.26,25.66
ITEM0011109,ORD003150,PROD00186,2,10600.32,10.11
ITEM0011110,ORD003150,PROD00272,5,43464.46,20.06
ITEM0011111,ORD003150,PROD00148,2,46265.49,9.26
ITEM0011112,ORD003150,PROD00075,3,16738.37,34.66
ITEM0011113,ORD003150,PROD00091,5,922.64,3.21
ITEM0011114,ORD003151,PROD00067,2,16473.79,28.27
ITEM0011115,ORD003151,PROD00185,4,88426.11,27.92
ITEM0011116,ORD003152,PROD00292,3,148693.56,25.94
ITEM0011117,ORD003152,PROD_DUP_248,4,13444.93,2.55
ITEM0011118,ORD003152,PROD00043,4,5667.41,19.82
ITEM0011119,ORD003153,PROD00029,2,12387.11,29.97
ITEM0011120,ORD003153,PROD00154,2,15820.26,20.36
ITEM0011121,ORD003153,PROD00009,3,11170.3,24.16
ITEM0011122,ORD003154,PROD00075,1,16738.37,32.3
ITEM0011123,ORD003155,PROD00293,2,6508.01,29.98
ITEM0011124,ORD003155,PROD00139,1,12429.19,27.58
ITEM0011125,ORD003155,PROD00141,5,738.47,1.12
ITEM0011126,ORD003155,PROD00024,4,18935.15,0.33
ITEM0011127,ORD003156,PROD00288,3,12413.32,20.56
ITEM0011128,ORD003156,PROD00186,5,10600.32,18.08
ITEM0011129,ORD003156,PROD00124,2,31585.25,2.41
ITEM0011130,ORD003156,PROD00224,2,54820.98,16.61
ITEM0011131,ORD003157,PROD00280,1,93322.92,10.41
ITEM0011132,ORD003158,PROD00190,2,4989.53,13.83
ITEM0011133,ORD003158,PROD00045,2,65694.03,13.29
ITEM0011134,ORD003158,PROD00095,1,56114.19,13.89
ITEM0011135,ORD003159,PROD00164,5,136789.18,15.97
ITEM0011136,ORD003159,PROD00079,1,11534.5,3.06
ITEM0011137,ORD003159,PROD00120,5,1922.05,20.8
ITEM0011138,ORD003159,PROD00014,3,10284.38,34.77
ITEM0011139,ORD003159,PROD00244,3,358.32,31.03
ITEM0011140,ORD003159,PROD00297,1,1866.66,21.88
ITEM0011141,ORD003160,PROD00275,4,1589.33,11.52
ITEM0011142,ORD003161,PROD00100,3,9419.26,6.07
ITEM0011143,ORD003161,PROD00006,2,3286.66,4.25
ITEM0011144,ORD003161,PROD00154,2,15820.26,1.98
ITEM0011145,ORD003161,PROD00045,1,65694.03,27.02
ITEM0011146,ORD003162,PROD00226,1,33228.57,19.76
ITEM0011147,ORD003162,PROD00062,4,1755.31,31.73
ITEM0011148,ORD003163,PROD00110,2,8026.63,34.05
ITEM0011149,ORD003163,PROD00251,3,37604.62,0.85
ITEM0011150,ORD003163,PROD00105,1,16922.48,16.73
ITEM0011151,ORD003163,PROD00204,2,56411.49,30.34
ITEM0011152,ORD003163,PROD00196,4,19028.45,8.25
ITEM0011153,ORD003164,PROD00103,2,210.19,33.75
ITEM0011154,ORD003164,PROD00073,3,36426.6,2.33
ITEM0011155,ORD003164,PROD00051,1,14882.87,14.55
ITEM0011156,ORD003164,PROD00274,5,3119.83,29.23
ITEM0011157,ORD003165,PROD00162,1,44239.81,23.66
ITEM0011158,ORD003165,PROD00031,4,14324.32,18.21
ITEM0011159,ORD003166,PROD00209,5,48158.17,17.3
ITEM0011160,ORD003166,PROD00286,3,11352.93,13.74
ITEM0011161,ORD003166,PROD00156,3,263.76,6.38
ITEM0011162,ORD003166,PROD00279,4,13479.28,18.22
ITEM0011163,ORD003166,PROD00180,4,45620.93,2.13
ITEM0011164,ORD003167,PROD00102,3,20526.64,10.83
ITEM0011165,ORD003167,PROD00060,5,14823.48,18.45
ITEM0011166,ORD003167,PROD00207,3,90137.22,0.39
ITEM0011167,ORD003168,PROD_DUP_248,5,13444.93,13.32
ITEM0011168,ORD003169,PROD00276,1,3225.79,15.79
ITEM0011169,ORD003169,PROD00059,0,1558.61,34.57
ITEM0011170,ORD003170,PROD00135,5,973.62,17.44
ITEM0011171,ORD003171,PROD00098,5,101886.16,14.16
ITEM0011172,ORD003171,PROD00005,5,938.76,24.86
ITEM0011173,ORD003171,PROD00185,1,88426.11,21.98
ITEM0011174,ORD003171,PROD00032,2,15757.18,5.62
ITEM0011175,ORD003171,PROD00036,3,9080.54,31.98
ITEM0011176,ORD003171,PROD00022,-4,9177.73,28.78
ITEM0011177,ORD003172,PROD00080,1,8705.25,22.41
ITEM0011178,ORD003172,PROD00018,3,57851.82,24.93
ITEM0011179,ORD003172,PROD00055,5,1893.42,26.68
ITEM0011180,ORD003172,PROD00258,4,11131.97,8.99
ITEM0011181,ORD003173,PROD00207,5,90137.22,1.81
ITEM0011182,ORD003173,PROD00276,2,3225.79,32.71
ITEM0011183,ORD003173,PROD00063,4,4748.54,26.93
ITEM0011184,ORD003173,PROD00166,5,13792.77,19.19
ITEM0011185,ORD003173,PROD00086,5,13674.52,126.32
ITEM0011186,ORD003173,PROD_DUP_764,2,10284.38,7.08
ITEM0011187,ORD003174,PROD00052,3,8276.3,16.09
ITEM0011188,ORD003174,PROD00217,4,21374.71,29.38
ITEM0011189,ORD003174,PROD00194,4,1718.09,18.71
ITEM0011190,ORD003174,PROD00189,4,9958.04,13.12
ITEM0011191,ORD003175,PROD00075,5,16738.37,1.61
ITEM0011192,ORD003176,PROD00052,1,8276.3,23.79
ITEM0011193,ORD003176,PROD00239,1,18153.0,13.69
ITEM0011194,ORD003177,PROD00060,3,14823.48,5.55
ITEM0011195,ORD003177,PROD00050,2,635.92,34.6
ITEM0011196,ORD003177,PROD00135,2,973.62,7.17
ITEM0011197,ORD003177,PROD00171,4,1587.59,111.54
ITEM0011198,ORD003177,PROD00177,5,2661.74,17.73
ITEM0011199,ORD003178,PROD00287,1,1349.9,21.65
ITEM0011200,ORD003178,PROD00259,5,32817.74,32.19
ITEM0011201,ORD003178,PROD00249,3,90613.5,1.22
ITEM0011202,ORD003179,PROD00081,2,14240.57,146.29
ITEM0011203,ORD003179,PROD00251,3,37604.62,33.76
ITEM0011204,ORD003179,PROD00222,5,529.14,4.16
ITEM0011205,ORD003179,PROD00205,3,6001.17,3.3
ITEM0011206,ORD003180,PROD00037,4,16473.88,26.25
ITEM0011207,ORD003180,PROD00265,3,7815.58,1.04
ITEM0011208,ORD003180,PROD00074,4,2883.54,3.62
ITEM0011209,ORD003181,PROD00075,2,16738.37,21.11
ITEM0011210,ORD003181,PROD00289,2,1903.39,1.96
ITEM0011211,ORD003181,PROD00142,1,3142.8,23.98
ITEM0011212,ORD003182,PROD00069,1,1031.99,34.66
ITEM0011213,ORD003183,PROD00150,2,35744.49,20.62
ITEM0011214,ORD003183,PROD00154,3,15820.26,14.86
ITEM0011215,ORD003183,PROD00291,1,68752.62,8.46
ITEM0011216,ORD003184,PROD00218,5,808.31,18.28
ITEM0011217,ORD003184,PROD00231,3,2536.84,13.71
ITEM0011218,ORD003184,PROD00100,3,9419.26,21.21
ITEM0011219,ORD003184,PROD00056,2,64832.21,9.08
ITEM0011220,ORD003184,PROD00084,1,49768.99,3.73
ITEM0011221,ORD003184,PROD00243,3,19132.03,15.24
ITEM0011222,ORD003185,PROD00145,2,7654.14,28.38
ITEM0011223,ORD003185,PROD00188,3,26614.54,9.68
ITEM0011224,ORD003185,PROD00270,2,16051.61,5.16
ITEM0011225,ORD003185,PROD00165,5,5849.47,11.9
ITEM0011226,ORD003186,PROD00095,4,56114.19,19.68
ITEM0011227,ORD003186,PROD00214,2,9055.44,34.99
ITEM0011228,ORD003186,PROD00111,3,8072.67,22.07
ITEM0011229,ORD003186,PROD00229,3,17916.53,33.34
ITEM0011230,ORD003187,PROD00108,5,13444.93,33.34
ITEM0011231,ORD003187,PROD00217,1,21374.71,9.22
ITEM0011232,ORD003187,PROD00122,-3,1085.5,18.36
ITEM0011233,ORD003187,PROD00144,3,35676.4,19.6
ITEM0011234,ORD003187,PROD00064,0,6397.09,23.5
ITEM0011235,ORD003188,PROD00082,5,4931.74,15.74
ITEM0011236,ORD003188,PROD00217,3,21374.71,22.4
ITEM0011237,ORD003188,PROD00056,4,64832.21,19.12
ITEM0011238,ORD003189,PROD00148,5,46265.49,13.8
ITEM0011239,INVALID_ORD_28860,PROD00167,5,15629.7,25.27
ITEM0011240,ORD003189,PROD00039,3,4450.41,15.54
ITEM0011241,ORD003189,PROD00129,1,55423.01,25.94
ITEM0011242,ORD003189,PROD00082,4,4931.74,13.94
ITEM0011243,ORD003189,PROD00066,3,5087.99,27.21
ITEM0011244,ORD003190,PROD00180,1,45620.93,28.69
ITEM0011245,ORD003190,PROD00165,-3,5849.47,15.8
ITEM0011246,ORD003191,PROD00291,5,68752.62,19.67
ITEM0011247,ORD003191,PROD00099,4,10679.39,2.4
ITEM0011248,ORD003191,PROD00260,2,51829.61,8.48
ITEM0011249,ORD003192,PROD00226,3,33228.57,28.62
ITEM0011250,ORD003192,PROD00040,3,6724.73,19.25
ITEM0011251,ORD003193,PROD00096,1,15644.62,27.22
ITEM0011252,ORD003194,PROD00027,3,6786.44,24.66
ITEM0011253,ORD003194,PROD00011,1,53479.92,5.44
ITEM0011254,ORD003194,PROD00106,4,1535.04,2.5
ITEM0011255,ORD003194,PROD00143,4,9888.94,0.37
ITEM0011256,ORD003195,PROD00123,4,16024.54,5.91
ITEM0011257,ORD003195,PROD00163,2,49503.31,15.38
ITEM0011258,ORD003195,PROD00213,2,67924.54,26.8
ITEM0011259,ORD003195,PROD00004,3,945.43,23.68
ITEM0011260,ORD003195,PROD00243,4,19132.03,34.08
ITEM0011261,ORD003195,PROD00090,0,12776.72,23.12
ITEM0011262,ORD003196,PROD00016,5,155813.5,25.46
ITEM0011263,ORD003196,PROD00200,2,23481.36,14.55
ITEM0011264,ORD003196,PROD00146,0,10852.71,18.66
ITEM0011265,ORD003196,PROD00116,4,72895.77,2.48
ITEM0011266,ORD003196,PROD00108,3,13444.93,12.76
ITEM0011267,ORD003197,PROD00035,5,7731.0,28.92
ITEM0011268,ORD003197,PROD00237,1,3389.65,33.44
ITEM0011269,ORD003197,PROD00053,1,1294.67,29.14
ITEM0011270,ORD003198,PROD00018,3,57851.82,28.29
ITEM0011271,ORD003198,PROD00202,4,2205.47,2.95
ITEM0011272,ORD003198,PROD00201,3,331.81,16.71
ITEM0011273,ORD003198,PROD00239,4,18153.0,22.11
ITEM0011274,ORD003199,PROD00210,2,116861.98,27.0
ITEM0011275,ORD003199,PROD00166,1,13792.77,17.65
ITEM0011276,ORD003199,PROD00264,1,57779.76,19.65
ITEM0011277,ORD003199,PROD00045,0,65694.03,21.03
ITEM0011278,ORD003200,PROD00082,5,4931.74,3.11
ITEM0011279,ORD003200,PROD00241,4,15219.97,1.85
ITEM0011280,ORD003200,PROD00269,2,2342.42,11.79
ITEM0011281,ORD003200,PROD00098,5,101886.16,24.89
ITEM0011282,INVALID_ORD_87273,PROD00210,5,116861.98,31.87
ITEM0011283,ORD003201,PROD00132,5,1220.54,15.8
ITEM0011284,ORD003201,PROD00190,4,4989.53,24.01
ITEM0011285,ORD003201,PROD00300,3,1163.82,33.82
ITEM0011286,ORD003201,PROD00037,5,16473.88,9.61
ITEM0011287,ORD003202,PROD00159,4,18880.93,34.49
ITEM0011288,ORD003202,PROD00241,1,15219.97,0.64
ITEM0011289,ORD003202,PROD00183,4,9351.26,7.17
ITEM0011290,ORD003202,PROD00131,4,2403.64,9.75
ITEM0011291,ORD003202,PROD00083,1,56427.07,11.02
ITEM0011292,ORD003203,PROD00275,1,1589.33,24.9
ITEM0011293,ORD003203,PROD00216,1,4233.5,27.0
ITEM0011294,ORD003203,PROD00147,2,10375.1,2.71
ITEM0011295,ORD003203,PROD00011,2,53479.92,15.34
ITEM0011296,ORD003204,PROD00241,2,15219.97,5.71
ITEM0011297,ORD003204,PROD00278,1,48030.22,25.11
ITEM0011298,ORD003204,PROD00290,5,41413.51,13.76
ITEM0011299,ORD003205,PROD00052,1,8276.3,30.03
ITEM0011300,ORD003205,PROD00135,1,973.62,31.07
ITEM0011301,ORD003206,PROD00140,5,10466.68,4.53
ITEM0011302,ORD003206,PROD00260,3,51829.61,6.13
ITEM0011303,ORD003206,PROD00047,3,1949.22,10.57
ITEM0011304,ORD003206,PROD00198,2,88452.16,16.5
ITEM0011305,ORD003206,PROD00034,2,2479.77,19.9
ITEM0011306,ORD003207,PROD00198,1,88452.16,31.26
ITEM0011307,ORD003207,PROD00183,4,9351.26,34.35
ITEM0011308,ORD003207,PROD00213,1,67924.54,26.04
ITEM0011309,ORD003207,PROD00005,2,938.76,0.55
ITEM0011310,ORD003208,PROD00275,5,1589.33,3.97
ITEM0011311,ORD003208,PROD00160,3,4270.13,19.31
ITEM0011312,ORD003208,PROD00064,5,6397.09,33.57
ITEM0011313,ORD003208,PROD00300,5,1163.82,0.49
ITEM0011314,ORD003208,PROD00252,2,8369.69,4.04
ITEM0011315,ORD003209,PROD00147,5,10375.1,19.24
ITEM0011316,ORD003209,PROD00120,2,1922.05,33.27
ITEM0011317,ORD003209,PROD00093,3,799.0,21.52
ITEM0011318,ORD003209,PROD00162,-3,44239.81,24.46
ITEM0011319,ORD003210,PROD00169,4,8770.94,14.63
ITEM0011320,ORD003210,PROD00044,1,36733.67,14.33
ITEM0011321,ORD003210,PROD00046,5,3348.49,28.35
ITEM0011322,ORD003210,PROD00101,5,90820.31,34.07
ITEM0011323,ORD003211,PROD00176,0,10514.42,25.78
ITEM0011324,ORD003211,PROD00041,3,13175.99,34.22
ITEM0011325,ORD003211,PROD00109,5,9016.47,8.36
ITEM0011326,ORD003211,PROD00245,1,77190.55,8.46
ITEM0011327,ORD003212,PROD00109,4,9016.47,21.7
ITEM0011328,ORD003212,PROD00157,3,7028.69,15.02
ITEM0011329,ORD003212,PROD00062,2,1755.31,19.41
ITEM0011330,ORD003212,PROD00207,1,90137.22,11.31
ITEM0011331,ORD003212,PROD00128,1,2957.45,3.38
ITEM0011332,ORD003212,PROD00212,3,18473.59,4.37
ITEM0011333,ORD003213,PROD00274,2,3119.83,25.42
ITEM0011334,ORD003213,PROD00001,5,107560.75,13.83
ITEM0011335,ORD003214,PROD_DUP_764,3,10284.38,22.33
ITEM0011336,ORD003214,PROD00007,5,4079.3,2.38
ITEM0011337,ORD003215,PROD00032,1,15757.18,4.53
ITEM0011338,ORD003216,PROD00053,2,1294.67,24.26
ITEM0011339,ORD003217,PROD00087,0,9237.82,24.23
ITEM0011340,ORD003217,PROD00053,5,1294.67,6.0
ITEM0011341,ORD003217,PROD00014,3,10284.38,9.03
ITEM0011342,ORD003217,PROD00165,3,5849.47,29.32
ITEM0011343,ORD003217,PROD00120,4,1922.05,28.71
ITEM0011344,ORD003217,PROD00130,1,11592.7,1.72
ITEM0011345,ORD003218,PROD00152,3,4664.81,31.75
ITEM0011346,ORD003219,PROD00246,5,49840.91,23.68
ITEM0011347,ORD003219,PROD00197,1,2320.69,12.72
ITEM0011348,ORD003219,PROD00147,3,10375.1,29.23
ITEM0011349,ORD003219,PROD00056,3,64832.21,24.92
ITEM0011350,ORD003219,PROD00153,1,33477.66,3.54
ITEM0011351,ORD003220,PROD00042,2,851.12,24.5
ITEM0011352,ORD003220,PROD00252,1,8369.69,21.53
ITEM0011353,ORD003220,PROD00295,2,6438.13,3.63
ITEM0011354,ORD003220,PROD00123,5,16024.54,5.5
ITEM0011355,ORD003220,PROD00061,4,168745.97,7.6
ITEM0011356,ORD003221,PROD00073,2,36426.6,32.31
ITEM0011357,ORD003221,PROD00214,1,9055.44,17.63
ITEM0011358,ORD003221,PROD00209,2,48158.17,6.85
ITEM0011359,ORD003222,PROD00215,2,13895.27,30.98
ITEM0011360,ORD003222,PROD00203,5,16125.87,32.23
ITEM0011361,ORD003222,PROD00226,3,33228.57,19.53
ITEM0011362,ORD003222,PROD00143,1,9888.94,21.07
ITEM0011363,ORD003222,INVALID_PROD_32169,3,3811.77,6.59
ITEM0011364,ORD003222,PROD00209,3,48158.17,4.35
ITEM0011365,ORD003223,PROD00003,5,47677.98,17.89
ITEM0011366,ORD003223,PROD00199,5,37442.17,23.92
ITEM0011367,ORD003224,PROD00082,5,4931.74,4.67
ITEM0011368,ORD003224,PROD00025,4,2571.12,20.0
ITEM0011369,ORD003224,PROD00232,2,20147.3,22.72
ITEM0011370,ORD003224,PROD00094,3,18989.87,27.27
ITEM0011371,ORD003225,PROD00048,4,74181.94,1.54
ITEM0011372,ORD003225,PROD00292,5,148693.56,1.55
ITEM0011373,ORD003226,PROD00241,3,15219.97,1.41
ITEM0011374,ORD003226,PROD00241,3,15219.97,14.82
ITEM0011375,ORD003226,PROD00090,4,12776.72,12.05
ITEM0011376,ORD003226,PROD00059,5,1558.61,32.29
ITEM0011377,ORD003226,PROD00075,1,16738.37,20.64
ITEM0011378,ORD003226,PROD00239,5,18153.0,0.2
ITEM0011379,ORD003227,PROD00232,-5,20147.3,28.64
ITEM0011380,ORD003227,PROD00174,4,6796.1,26.47
ITEM0011381,ORD003227,PROD00050,2,635.92,27.79
ITEM0011382,ORD003227,PROD00026,1,19557.07,19.58
ITEM0011383,ORD003228,PROD00248,2,13070.96,18.82
ITEM0011384,ORD003228,PROD00113,4,14490.24,19.66
ITEM0011385,ORD003228,PROD00145,5,7654.14,3.07
ITEM0011386,ORD003228,PROD00268,2,247.24,33.59
ITEM0011387,ORD003228,PROD00259,0,32817.74,24.51
ITEM0011388,ORD003229,PROD00006,2,3286.66,9.41
ITEM0011389,ORD003229,PROD00009,3,11170.3,4.17
ITEM0011390,ORD003229,PROD00015,5,3631.08,13.91
ITEM0011391,ORD003229,PROD00194,3,1718.09,5.2
ITEM0011392,ORD003230,PROD00193,1,33770.04,13.03
ITEM0011393,ORD003230,PROD00209,1,48158.17,19.57
ITEM0011394,ORD003230,PROD00147,1,10375.1,28.26
ITEM0011395,ORD003230,PROD00217,4,21374.71,21.41
ITEM0011396,ORD003231,PROD00014,5,10284.38,12.17
ITEM0011397,ORD003231,PROD00040,4,6724.73,29.96
ITEM0011398,ORD003231,PROD00021,5,1935.05,17.14
ITEM0011399,ORD003231,PROD00274,4,3119.83,30.93
ITEM0011400,ORD003231,PROD00118,-1,85972.81,9.61
ITEM0011401,ORD003232,PROD00293,3,6508.01,10.57
ITEM0011402,ORD003233,PROD00100,2,9419.26,28.84
ITEM0011403,ORD003233,PROD00155,4,6690.65,27.41
ITEM0011404,ORD003233,PROD00161,1,89959.13,6.93
ITEM0011405,ORD003234,PROD00065,3,10942.37,25.33
ITEM0011406,ORD003234,PROD00051,1,14882.87,10.14
ITEM0011407,ORD003234,PROD00174,2,6796.1,4.48
ITEM0011408,ORD003234,PROD00242,1,49321.02,3.47
ITEM0011409,ORD003234,PROD00184,3,99913.97,29.81
ITEM0011410,ORD003234,PROD00068,4,15259.49,31.31
ITEM0011411,ORD003235,PROD00251,3,37604.62,19.9
ITEM0011412,ORD003235,PROD00092,1,3453.47,17.8
ITEM0011413,ORD003235,PROD00074,5,2883.54,27.38
ITEM0011414,ORD003235,PROD00050,5,635.92,21.91
ITEM0011415,ORD003236,PROD00269,4,2342.42,15.09
ITEM0011416,ORD003236,PROD00226,4,33228.57,24.97
ITEM0011417,ORD003236,PROD00173,3,77771.82,6.56
ITEM0011418,ORD003237,PROD00145,4,7654.14,8.45
ITEM0011419,ORD003237,PROD00105,0,16922.48,0.05
ITEM0011420,ORD003237,PROD00159,3,18880.93,10.21
ITEM0011421,ORD003237,PROD00128,5,2957.45,34.45
ITEM0011422,ORD003237,PROD00198,2,88452.16,146.84
ITEM0011423,ORD003237,PROD00002,5,13344.44,28.05
ITEM0011424,ORD003238,PROD00051,1,14882.87,5.59
ITEM0011425,ORD003238,PROD00136,5,15602.8,4.19
ITEM0011426,ORD003238,PROD00269,2,2342.42,26.18
ITEM0011427,ORD003239,PROD00291,4,68752.62,2.35
ITEM0011428,ORD003239,PROD00253,2,30181.5,146.43
ITEM0011429,ORD003239,PROD00052,2,8276.3,8.14
ITEM0011430,ORD003239,PROD00025,1,2571.12,32.49
ITEM0011431,ORD003239,PROD00287,5,1349.9,19.28
ITEM0011432,ORD003239,PROD00067,1,16473.79,0.85
ITEM0011433,ORD003240,PROD00047,5,1949.22,12.87
ITEM0011434,ORD003240,PROD00136,4,15602.8,5.83
ITEM0011435,ORD003240,PROD00271,2,69182.89,19.69
ITEM0011436,ORD003240,PROD00049,0,8241.32,5.59
ITEM0011437,ORD003241,PROD00147,4,10375.1,18.86
ITEM0011438,ORD003241,PROD00222,4,529.14,1.98
ITEM0011439,ORD003242,PROD00206,-5,17398.64,8.68
ITEM0011440,ORD003242,PROD00234,4,491.09,0.62
ITEM0011441,ORD003243,PROD00123,2,16024.54,31.54
ITEM0011442,ORD003243,PROD00275,-5,1589.33,2.27
ITEM0011443,ORD003244,PROD00040,2,6724.73,28.73
ITEM0011444,ORD003244,PROD00257,1,31755.6,13.89
ITEM0011445,ORD003245,PROD00180,5,45620.93,9.68
ITEM0011446,ORD003245,PROD00201,2,331.81,24.82
ITEM0011447,ORD003246,PROD00050,3,635.92,26.67
ITEM0011448,ORD003246,PROD00061,-5,168745.97,25.46
ITEM0011449,ORD003246,PROD00220,4,53302.28,3.04
ITEM0011450,ORD003246,PROD00012,5,16414.48,8.23
ITEM0011451,ORD003246,PROD00255,3,8717.28,2.86
ITEM0011452,ORD003246,PROD00236,5,38161.26,26.45
ITEM0011453,ORD003247,PROD00041,2,13175.99,5.43
ITEM0011454,ORD003247,PROD00262,4,2761.19,20.8
ITEM0011455,ORD003247,PROD00104,3,10809.0,28.13
ITEM0011456,ORD003248,PROD00252,1,8369.69,4.14
ITEM0011457,ORD003248,PROD00273,1,5839.38,34.27
ITEM0011458,ORD003249,PROD00104,2,10809.0,27.06
ITEM0011459,ORD003249,PROD00142,4,3142.8,22.93
ITEM0011460,ORD003249,PROD00107,3,128039.99,22.97
ITEM0011461,ORD003249,PROD00220,4,53302.28,15.73
ITEM0011462,ORD003249,PROD00112,2,958.5,27.04
ITEM0011463,ORD003249,INVALID_PROD_24333,-3,15259.49,15.78
ITEM0011464,ORD003250,PROD00193,3,33770.04,31.9
ITEM0011465,ORD003250,PROD00297,5,1866.66,12.69
ITEM0011466,ORD003251,PROD00168,1,786.46,5.66
ITEM0011467,ORD003251,PROD00203,2,16125.87,22.67
ITEM0011468,ORD003251,PROD00060,1,14823.48,11.41
ITEM0011469,ORD003251,PROD00249,5,90613.5,25.14
ITEM0011470,ORD003251,PROD00062,4,1755.31,7.44
ITEM0011471,ORD003251,PROD00273,1,5839.38,12.82
ITEM0011472,ORD003252,PROD00229,1,17916.53,4.31
ITEM0011473,INVALID_ORD_38676,PROD00219,3,916.28,9.91
ITEM0011474,ORD003252,PROD00129,3,55423.01,9.39
ITEM0011475,ORD003252,PROD00116,3,72895.77,28.26
ITEM0011476,ORD003252,PROD00271,3,69182.89,13.03
ITEM0011477,ORD003253,PROD00185,5,88426.11,30.24
ITEM0011478,ORD003254,PROD00113,3,14490.24,25.18
ITEM0011479,ORD003255,PROD00162,4,44239.81,15.99
ITEM0011480,ORD003255,PROD00219,2,916.28,14.44
ITEM0011481,ORD003256,PROD00276,3,3225.79,5.16
ITEM0011482,ORD003256,PROD00202,0,2205.47,11.28
ITEM0011483,ORD003256,PROD00284,5,3583.48,31.83
ITEM0011484,ORD003257,PROD00300,2,1163.82,13.82
ITEM0011485,ORD003257,PROD00211,3,235.37,21.2
ITEM0011486,ORD003257,PROD00166,5,13792.77,10.02
ITEM0011487,ORD003257,PROD00261,4,35880.89,9.42
ITEM0011488,ORD003257,PROD00175,3,5323.61,13.95
ITEM0011489,ORD003258,PROD00035,3,7731.0,32.28
ITEM0011490,ORD003258,PROD00299,3,5860.91,20.82
ITEM0011491,ORD003258,PROD00177,5,2661.74,23.49
ITEM0011492,ORD003258,PROD00022,4,9177.73,7.98
ITEM0011493,ORD003258,PROD00119,4,1779.27,23.48
ITEM0011494,ORD003259,PROD00272,1,43464.46,34.64
ITEM0011495,ORD003259,PROD00038,1,3024.72,33.75
ITEM0011496,ORD003259,PROD00262,2,2761.19,9.87
ITEM0011497,ORD003259,PROD00192,2,9826.54,12.3
ITEM0011498,ORD003259,PROD00187,2,8729.44,0.11
ITEM0011499,ORD003259,PROD00113,1,14490.24,8.2
ITEM0011500,ORD003260,PROD00251,2,37604.62,32.8
ITEM0011501,ORD003260,PROD00085,2,3944.47,27.43
ITEM0011502,ORD003260,PROD00266,5,150138.51,3.19
ITEM0011503,ORD003260,PROD00174,5,6796.1,30.46
ITEM0011504,ORD003260,PROD00185,4,88426.11,7.31
ITEM0011505,ORD003261,PROD00236,1,38161.26,16.38
ITEM0011506,ORD003262,PROD00113,4,14490.24,6.35
ITEM0011507,ORD003262,PROD00039,1,4450.41,4.71
ITEM0011508,ORD003262,PROD00200,2,23481.36,14.32
ITEM0011509,ORD003262,PROD00263,4,4176.74,32.16
ITEM0011510,ORD003262,PROD00243,1,19132.03,33.81
ITEM0011511,ORD003263,PROD00021,1,1935.05,2.94
ITEM0011512,INVALID_ORD_79911,PROD00234,4,491.09,14.21
ITEM0011513,ORD003264,PROD00299,2,5860.91,34.08
ITEM0011514,ORD003264,PROD00184,5,99913.97,18.84
ITEM0011515,ORD003264,PROD00067,5,16473.79,11.46
ITEM0011516,ORD003265,PROD00222,2,529.14,126.47
ITEM0011517,ORD003265,PROD00268,4,247.24,2.69
ITEM0011518,ORD003265,PROD00225,2,525.71,9.59
ITEM0011519,ORD003266,PROD00040,1,6724.73,3.99
ITEM0011520,ORD003266,PROD00098,5,101886.16,32.17
ITEM0011521,ORD003266,PROD00186,5,10600.32,20.21
ITEM0011522,ORD003267,PROD00268,1,247.24,15.03
ITEM0011523,ORD003267,PROD00273,2,5839.38,27.3
ITEM0011524,ORD003268,PROD00059,5,1558.61,29.26
ITEM0011525,ORD003268,PROD00245,5,77190.55,26.5
ITEM0011526,ORD003268,PROD00168,4,786.46,33.08
ITEM0011527,ORD003268,PROD00008,-3,2233.33,18.21
ITEM0011528,ORD003268,PROD00203,5,16125.87,20.18
ITEM0011529,ORD003268,PROD00280,4,93322.92,14.34
ITEM0011530,ORD003269,PROD00246,5,49840.91,19.23
ITEM0011531,ORD003269,PROD00268,5,247.24,21.44
ITEM0011532,ORD003269,PROD00025,3,2571.12,20.03
ITEM0011533,ORD003269,PROD00038,2,3024.72,14.67
ITEM0011534,ORD003269,PROD00248,4,13070.96,2.35
ITEM0011535,ORD003269,PROD00023,4,13941.86,33.2
ITEM0011536,ORD003270,PROD00100,4,9419.26,17.14
ITEM0011537,ORD003270,PROD00187,2,8729.44,34.22
ITEM0011538,ORD003270,PROD00244,-5,358.32,31.02
ITEM0011539,ORD003270,PROD00004,5,945.43,14.66
ITEM0011540,ORD003270,PROD00141,4,738.47,0.18
ITEM0011541,ORD003270,PROD00076,5,117743.14,31.1
ITEM0011542,ORD003271,PROD00277,5,10462.69,13.64
ITEM0011543,ORD003272,PROD00093,2,799.0,20.85
ITEM0011544,INVALID_ORD_22220,PROD00174,2,6796.1,31.24
ITEM0011545,ORD003273,PROD00263,1,4176.74,27.15
ITEM0011546,ORD003273,PROD00026,1,19557.07,34.82
ITEM0011547,ORD003273,PROD00046,1,3348.49,22.15
ITEM0011548,ORD003273,PROD00225,4,525.71,19.07
ITEM0011549,ORD003273,PROD00085,5,3944.47,3.01
ITEM0011550,ORD003273,PROD00051,5,14882.87,21.88
ITEM0011551,ORD003274,PROD00124,3,31585.25,6.41
ITEM0011552,ORD003274,PROD00255,-4,8717.28,7.92
ITEM0011553,ORD003274,PROD00039,5,4450.41,22.08
ITEM0011554,ORD003274,PROD00037,2,16473.88,7.69
ITEM0011555,ORD003274,PROD00100,1,9419.26,25.89
ITEM0011556,ORD003274,PROD00106,1,1535.04,20.84
ITEM0011557,ORD003275,PROD00162,5,44239.81,14.99
ITEM0011558,ORD003275,PROD00134,1,281.46,18.76
ITEM0011559,ORD003275,PROD00274,5,3119.83,19.77
ITEM0011560,ORD003276,PROD00297,5,1866.66,1.43
ITEM0011561,ORD003277,PROD00133,1,16317.65,5.42
ITEM0011562,ORD003277,PROD00218,4,808.31,33.75
ITEM0011563,ORD003277,PROD00297,1,1866.66,23.54
ITEM0011564,ORD003277,INVALID_PROD_90034,3,74181.94,11.62
ITEM0011565,ORD003277,PROD00071,2,6126.45,16.71
ITEM0011566,ORD003278,PROD00004,1,945.43,29.04
ITEM0011567,ORD003278,PROD00064,4,6397.09,7.74
ITEM0011568,ORD003278,PROD00231,4,2536.84,6.06
ITEM0011569,ORD003278,PROD00185,1,88426.11,27.69
ITEM0011570,ORD003278,PROD00140,3,10466.68,30.3
ITEM0011571,ORD003278,PROD00248,2,13070.96,22.55
ITEM0011572,ORD003279,PROD00187,5,8729.44,11.28
ITEM0011573,ORD003279,PROD00217,1,21374.71,19.51
ITEM0011574,ORD003279,PROD00225,4,525.71,28.46
ITEM0011575,ORD003280,PROD00013,-5,1794.74,13.57
ITEM0011576,ORD003280,PROD00247,1,60305.75,21.21
ITEM0011577,ORD003280,PROD00115,4,3345.82,7.32
ITEM0011578,ORD003280,PROD00095,-2,56114.19,13.8
ITEM0011579,ORD003280,PROD00214,4,9055.44,16.85
ITEM0011580,ORD003280,PROD00296,5,75276.41,10.73
ITEM0011581,ORD003281,PROD00119,2,1779.27,14.63
ITEM0011582,ORD003282,PROD00266,2,150138.51,25.47
ITEM0011583,ORD003283,PROD00195,3,45234.5,24.99
ITEM0011584,ORD003283,PROD00189,3,9958.04,12.47
ITEM0011585,ORD003284,PROD00040,4,6724.73,26.58
ITEM0011586,ORD003284,PROD00095,2,56114.19,16.93
ITEM0011587,ORD003284,PROD00036,5,9080.54,8.23
ITEM0011588,ORD003284,PROD00222,4,529.14,8.78
ITEM0011589,ORD003285,PROD00278,2,48030.22,22.41
ITEM0011590,ORD003285,PROD00203,3,16125.87,35.0
ITEM0011591,ORD003285,PROD00299,4,5860.91,27.61
ITEM0011592,ORD003285,PROD00104,1,10809.0,0.01
ITEM0011593,ORD003286,PROD00119,4,1779.27,7.59
ITEM0011594,ORD003286,PROD00120,1,1922.05,33.69
ITEM0011595,ORD003287,PROD00098,5,101886.16,5.82
ITEM0011596,ORD003287,PROD00052,1,8276.3,12.92
ITEM0011597,ORD003288,PROD00200,2,23481.36,28.54
ITEM0011598,INVALID_ORD_87121,PROD00241,4,15219.97,0.03
ITEM0011599,ORD003288,PROD00213,5,67924.54,34.31
ITEM0011600,ORD003288,PROD00008,4,2233.33,16.32
ITEM0011601,ORD003289,PROD00090,2,12776.72,33.04
ITEM0011602,ORD003289,PROD00056,1,64832.21,22.14
ITEM0011603,ORD003290,PROD00134,5,281.46,25.11
ITEM0011604,ORD003290,PROD00087,3,9237.82,13.53
ITEM0011605,ORD003291,PROD00209,1,48158.17,32.26
ITEM0011606,ORD003292,PROD00202,1,2205.47,33.13
ITEM0011607,ORD003292,PROD00105,5,16922.48,32.31
ITEM0011608,ORD003293,PROD00072,2,6009.58,9.72
ITEM0011609,ORD003293,PROD00224,1,54820.98,149.85
ITEM0011610,ORD003294,PROD00199,2,37442.17,22.15
ITEM0011611,ORD003294,PROD00087,4,9237.82,22.58
ITEM0011612,ORD003294,PROD00282,1,1528.85,13.65
ITEM0011613,ORD003294,PROD00054,5,59992.33,6.29
ITEM0011614,ORD003294,PROD00071,3,6126.45,3.64
ITEM0011615,ORD003295,PROD00194,4,1718.09,25.09
ITEM0011616,ORD003295,PROD00091,4,922.64,19.92
ITEM0011617,ORD003295,PROD00087,2,9237.82,26.84
ITEM0011618,ORD003296,PROD00263,1,4176.74,6.78
ITEM0011619,ORD003296,PROD00056,5,64832.21,30.5
ITEM0011620,ORD003296,PROD00055,4,1893.42,8.97
ITEM0011621,ORD003297,PROD00116,5,72895.77,2.52
ITEM0011622,ORD003297,PROD00109,4,9016.47,147.87
ITEM0011623,ORD003298,PROD00064,1,6397.09,31.23
ITEM0011624,ORD003298,PROD00253,4,30181.5,6.44
ITEM0011625,ORD003298,PROD00067,1,16473.79,11.17
ITEM0011626,ORD003298,PROD00181,5,34804.16,19.62
ITEM0011627,ORD003298,PROD00252,3,8369.69,22.65
ITEM0011628,ORD003298,PROD00297,5,1866.66,19.18
ITEM0011629,ORD003299,PROD00277,-1,10462.69,7.92
ITEM0011630,ORD003299,PROD00029,2,12387.11,8.17
ITEM0011631,ORD003299,PROD00103,2,210.19,7.29
ITEM0011632,ORD003299,PROD00086,2,13674.52,22.08
ITEM0011633,ORD003299,PROD00153,5,33477.66,0.76
ITEM0011634,ORD003300,PROD00148,3,46265.49,33.1
ITEM0011635,ORD003301,PROD00282,4,1528.85,28.76
ITEM0011636,ORD003301,PROD00077,4,949.09,9.73
ITEM0011637,ORD003301,PROD00149,1,737.02,30.89
ITEM0011638,ORD003301,PROD00073,5,36426.6,27.81
ITEM0011639,ORD003301,PROD00069,5,1031.99,0.94
ITEM0011640,ORD003301,PROD00204,4,56411.49,30.49
ITEM0011641,ORD003302,PROD00259,3,32817.74,29.83
ITEM0011642,ORD003302,PROD00268,5,247.24,30.9
ITEM0011643,ORD003302,PROD00137,3,35792.4,32.76
ITEM0011644,ORD003302,PROD00106,1,1535.04,19.19
ITEM0011645,ORD003303,PROD00040,4,6724.73,1.98
ITEM0011646,ORD003303,PROD00175,3,5323.61,3.78
ITEM0011647,ORD003303,PROD00126,5,14276.93,9.49
ITEM0011648,ORD003303,PROD00086,1,13674.52,27.07
ITEM0011649,ORD003303,PROD00129,3,55423.01,18.29
ITEM0011650,ORD003303,PROD00226,1,33228.57,9.04
ITEM0011651,ORD003304,PROD00091,4,922.64,26.38
ITEM0011652,ORD003304,PROD00018,2,57851.82,27.74
ITEM0011653,ORD003305,PROD00230,2,14806.16,23.63
ITEM0011654,ORD003305,PROD00054,4,59992.33,18.71
ITEM0011655,ORD003305,PROD00055,3,1893.42,4.39
ITEM0011656,ORD003305,PROD00167,4,15629.7,15.23
ITEM0011657,ORD003305,PROD00257,4,31755.6,16.05
ITEM0011658,ORD003305,PROD00145,2,7654.14,1.08
ITEM0011659,ORD003306,PROD00045,1,65694.03,29.59
ITEM0011660,ORD003306,PROD00133,3,16317.65,19.48
ITEM0011661,ORD003306,PROD00001,3,107560.75,19.74
ITEM0011662,ORD003307,PROD00116,-4,72895.77,19.64
ITEM0011663,ORD003307,PROD00134,1,281.46,32.15
ITEM0011664,ORD003308,PROD00118,4,85972.81,25.31
ITEM0011665,ORD003308,PROD00095,1,56114.19,3.94
ITEM0011666,ORD003308,PROD00017,1,42741.8,22.59
ITEM0011667,ORD003308,PROD00217,2,21374.71,32.31
ITEM0011668,ORD003309,PROD00229,2,17916.53,2.47
ITEM0011669,ORD003309,PROD00146,1,10852.71,4.26
ITEM0011670,ORD003309,PROD00246,1,49840.91,28.18
ITEM0011671,ORD003309,PROD00129,3,55423.01,18.92
ITEM0011672,ORD003310,PROD00194,5,1718.09,9.68
ITEM0011673,INVALID_ORD_64517,PROD00194,5,1718.09,1.99
ITEM0011674,ORD003310,PROD00279,0,13479.28,6.35
ITEM0011675,ORD003310,PROD00227,5,2030.73,11.51
ITEM0011676,ORD003310,PROD00273,3,5839.38,23.75
ITEM0011677,ORD003311,PROD00079,3,11534.5,23.79
ITEM0011678,ORD003311,PROD00250,1,2595.77,6.32
ITEM0011679,ORD003311,PROD00107,1,128039.99,25.23
ITEM0011680,ORD003311,PROD00035,2,7731.0,7.2
ITEM0011681,ORD003311,PROD00010,5,19555.43,33.49
ITEM0011682,ORD003311,PROD00277,-5,10462.69,23.13
ITEM0011683,ORD003312,PROD00261,4,35880.89,5.62
ITEM0011684,ORD003312,PROD00022,2,9177.73,149.02
ITEM0011685,ORD003312,PROD00218,3,808.31,13.33
ITEM0011686,ORD003312,PROD00220,1,53302.28,16.79
ITEM0011687,ORD003313,PROD00127,5,6869.22,32.89
ITEM0011688,ORD003313,PROD00147,1,10375.1,16.82
ITEM0011689,ORD003313,PROD00042,4,851.12,16.42
ITEM0011690,ORD003314,PROD00193,2,33770.04,144.87
ITEM0011691,ORD003314,PROD00035,1,7731.0,7.67
ITEM0011692,ORD003314,PROD00029,5,12387.11,27.79
ITEM0011693,ORD003315,PROD00085,-5,3944.47,8.12
ITEM0011694,ORD003315,PROD00247,1,60305.75,8.35
ITEM0011695,ORD003316,PROD00081,4,14240.57,27.37
ITEM0011696,ORD003316,PROD00223,3,31608.39,19.94
ITEM0011697,ORD003316,PROD00034,2,2479.77,31.12
ITEM0011698,ORD003317,PROD00174,2,6796.1,11.88
ITEM0011699,ORD003317,PROD00195,1,45234.5,30.47
ITEM0011700,ORD003317,PROD00154,3,15820.26,10.68
ITEM0011701,ORD003317,PROD00020,5,70058.39,23.37
ITEM0011702,ORD003318,PROD00189,1,9958.04,0.78
ITEM0011703,ORD003318,PROD00023,1,13941.86,11.67
ITEM0011704,ORD003318,PROD00283,5,34928.13,2.05
ITEM0011705,ORD003318,PROD00193,2,33770.04,7.46
ITEM0011706,ORD003318,PROD00293,5,6508.01,34.87
ITEM0011707,ORD003319,PROD00089,3,14553.94,25.3
ITEM0011708,ORD003319,INVALID_PROD_42202,1,31755.6,14.48
ITEM0011709,ORD003319,PROD00014,4,10284.38,31.79
ITEM0011710,ORD003319,PROD00102,5,20526.64,9.82
ITEM0011711,ORD003320,PROD00111,1,8072.67,11.69
ITEM0011712,ORD003320,PROD00147,3,10375.1,25.41
ITEM0011713,ORD003320,PROD00112,4,958.5,6.5
ITEM0011714,ORD003320,PROD00031,2,14324.32,27.24
ITEM0011715,ORD003320,PROD00042,1,851.12,22.21
ITEM0011716,ORD003321,PROD00276,2,3225.79,3.2
ITEM0011717,ORD003321,PROD00098,2,101886.16,3.25
ITEM0011718,ORD003322,PROD00012,4,16414.48,16.86
ITEM0011719,ORD003323,PROD00076,5,117743.14,17.69
ITEM0011720,ORD003323,PROD00174,5,6796.1,12.28
ITEM0011721,ORD003323,PROD00048,4,74181.94,14.73
ITEM0011722,ORD003323,PROD00263,2,4176.74,21.32
ITEM0011723,ORD003324,PROD00084,0,49768.99,29.96
ITEM0011724,ORD003324,PROD00224,5,54820.98,3.56
ITEM0011725,ORD003324,PROD00046,5,3348.49,5.89
ITEM0011726,ORD003324,PROD00286,2,11352.93,24.73
ITEM0011727,ORD003324,PROD00141,1,738.47,15.36
ITEM0011728,ORD003325,PROD00256,-4,19894.86,15.58
ITEM0011729,ORD003325,PROD00157,5,7028.69,17.85
ITEM0011730,ORD003325,PROD00188,2,26614.54,28.95
ITEM0011731,ORD003325,PROD00178,-3,11840.22,15.28
ITEM0011732,ORD003325,PROD00255,3,8717.28,3.18
ITEM0011733,ORD003325,PROD00198,1,88452.16,25.93
ITEM0011734,ORD003326,PROD00182,4,60233.51,8.59
ITEM0011735,ORD003326,PROD00178,4,11840.22,14.38
ITEM0011736,ORD003326,PROD00274,0,3119.83,3.6
ITEM0011737,ORD003326,PROD00184,1,99913.97,34.65
ITEM0011738,ORD003326,PROD00229,5,17916.53,26.92
ITEM0011739,ORD003326,PROD00194,2,1718.09,5.63
ITEM0011740,ORD003327,PROD00278,5,48030.22,23.69
ITEM0011741,ORD003327,PROD00108,1,13444.93,21.85
ITEM0011742,ORD003327,PROD00115,3,3345.82,30.54
ITEM0011743,ORD003328,PROD00212,5,18473.59,9.6
ITEM0011744,ORD003328,PROD00220,1,53302.28,21.94
ITEM0011745,ORD003329,PROD00288,1,12413.32,23.27
ITEM0011746,ORD003330,PROD00235,3,9096.22,33.98
ITEM0011747,INVALID_ORD_28819,PROD00215,2,13895.27,29.86
ITEM0011748,ORD003330,PROD00278,4,48030.22,28.47
ITEM0011749,ORD003331,PROD00080,3,8705.25,32.36
ITEM0011750,ORD003331,PROD00134,3,281.46,20.04
ITEM0011751,ORD003331,PROD00137,4,35792.4,27.71
ITEM0011752,ORD003331,PROD00094,3,18989.87,18.94
ITEM0011753,ORD003331,PROD00047,5,1949.22,30.02
ITEM0011754,ORD003332,PROD00188,3,26614.54,16.61
ITEM0011755,ORD003332,PROD00016,3,155813.5,0.35
ITEM0011756,ORD003332,PROD00190,5,4989.53,10.69
ITEM0011757,ORD003333,PROD00185,4,88426.11,26.82
ITEM0011758,ORD003334,PROD00252,1,8369.69,8.0
ITEM0011759,ORD003335,PROD00011,1,53479.92,25.82
ITEM0011760,ORD003335,PROD00072,4,6009.58,34.08
ITEM0011761,ORD003336,INVALID_PROD_56927,4,10942.37,32.83
ITEM0011762,ORD003336,PROD00143,1,9888.94,32.19
ITEM0011763,ORD003337,PROD00261,5,35880.89,13.38
ITEM0011764,ORD003337,PROD00288,1,12413.32,20.73
ITEM0011765,ORD003337,PROD00154,1,15820.26,14.82
ITEM0011766,ORD003338,PROD00284,4,3583.48,10.81
ITEM0011767,ORD003338,PROD00161,3,89959.13,26.04
ITEM0011768,ORD003339,PROD00010,5,19555.43,9.65
ITEM0011769,ORD003339,PROD00077,3,949.09,24.23
ITEM0011770,ORD003339,PROD00113,1,14490.24,11.62
ITEM0011771,ORD003339,PROD00290,1,41413.51,0.02
ITEM0011772,ORD003340,PROD00182,1,60233.51,3.94
ITEM0011773,ORD003340,PROD00149,2,737.02,18.6
ITEM0011774,ORD003340,PROD00238,3,10985.44,12.08
ITEM0011775,ORD003340,PROD00207,3,90137.22,27.07
ITEM0011776,ORD003340,PROD00290,1,41413.51,28.81
ITEM0011777,ORD003340,PROD00113,3,14490.24,1.5
ITEM0011778,ORD003341,PROD00209,2,48158.17,17.78
ITEM0011779,ORD003342,PROD00207,4,90137.22,5.51
ITEM0011780,ORD003342,PROD00095,5,56114.19,31.97
ITEM0011781,ORD003343,PROD00028,4,59359.69,9.17
ITEM0011782,ORD003343,PROD00002,2,13344.44,12.7
ITEM0011783,ORD003343,PROD00216,1,4233.5,10.47
ITEM0011784,ORD003344,PROD00258,2,11131.97,13.53
ITEM0011785,ORD003344,PROD00085,2,3944.47,15.61
ITEM0011786,ORD003345,PROD00111,1,8072.67,6.02
ITEM0011787,ORD003345,PROD00058,3,8762.42,3.63
ITEM0011788,ORD003345,PROD00294,5,12314.4,23.04
ITEM0011789,ORD003346,PROD00219,3,916.28,8.59
ITEM0011790,ORD003346,PROD00046,4,3348.49,21.89
ITEM0011791,ORD003346,PROD00255,4,8717.28,34.16
ITEM0011792,ORD003347,PROD00050,2,635.92,10.19
ITEM0011793,ORD003347,PROD00203,3,16125.87,15.08
ITEM0011794,ORD003347,PROD00201,1,331.81,32.68
ITEM0011795,ORD003347,PROD00198,3,88452.16,3.61
ITEM0011796,ORD003348,PROD00149,2,737.02,29.82
ITEM0011797,ORD003348,PROD00015,5,3631.08,111.43
ITEM0011798,ORD003348,PROD00038,5,3024.72,10.31
ITEM0011799,ORD003348,PROD00045,4,65694.03,19.92
ITEM0011800,ORD003348,PROD00228,2,12035.67,33.34
ITEM0011801,ORD003348,PROD00269,3,2342.42,31.76
ITEM0011802,ORD003349,PROD00237,4,3389.65,10.16
ITEM0011803,ORD003349,PROD00011,5,53479.92,8.25
ITEM0011804,ORD003350,PROD00217,5,21374.71,5.05
ITEM0011805,ORD003350,PROD00046,1,3348.49,17.82
ITEM0011806,ORD003351,PROD00150,3,35744.49,11.81
ITEM0011807,ORD003351,PROD00271,3,69182.89,15.0
ITEM0011808,ORD003352,PROD00152,4,4664.81,12.44
ITEM0011809,ORD003352,PROD00032,1,15757.18,18.34
ITEM0011810,ORD003352,PROD00173,5,77771.82,15.33
ITEM0011811,ORD003353,PROD00268,1,247.24,10.23
ITEM0011812,ORD003353,PROD00088,2,9502.99,11.14
ITEM0011813,ORD003354,PROD00057,3,6857.15,7.33
ITEM0011814,ORD003354,PROD00202,4,2205.47,16.35
ITEM0011815,ORD003354,PROD00293,2,6508.01,6.58
ITEM0011816,ORD003354,PROD00049,3,8241.32,30.26
ITEM0011817,ORD003354,PROD00256,1,19894.86,0.23
ITEM0011818,ORD003355,PROD00081,2,14240.57,30.91
ITEM0011819,ORD003355,PROD00230,2,14806.16,13.38
ITEM0011820,ORD003355,PROD00058,5,8762.42,12.94
ITEM0011821,ORD003355,PROD00188,2,26614.54,6.17
ITEM0011822,ORD003355,PROD00086,-5,13674.52,7.42
ITEM0011823,ORD003356,PROD00133,1,16317.65,18.55
ITEM0011824,ORD003357,PROD00084,3,49768.99,26.86
ITEM0011825,ORD003357,PROD00122,2,1085.5,25.57
ITEM0011826,ORD003357,PROD00065,4,10942.37,33.73
ITEM0011827,ORD003357,PROD00104,5,10809.0,2.33
ITEM0011828,ORD003358,PROD00136,1,15602.8,0.78
ITEM0011829,ORD003359,PROD00146,5,10852.71,27.71
ITEM0011830,ORD003359,PROD00052,3,8276.3,28.84
ITEM0011831,ORD003359,PROD00136,2,15602.8,27.11
ITEM0011832,ORD003359,PROD00057,5,6857.15,30.38
ITEM0011833,ORD003359,PROD00170,5,12487.59,11.55
ITEM0011834,ORD003360,PROD00290,2,41413.51,29.58
ITEM0011835,ORD003361,PROD00260,3,51829.61,31.08
ITEM0011836,ORD003362,PROD00229,2,17916.53,17.0
ITEM0011837,ORD003362,PROD00029,1,12387.11,125.9
ITEM0011838,ORD003363,PROD00222,3,529.14,18.36
ITEM0011839,ORD003363,PROD00143,1,9888.94,29.29
ITEM0011840,ORD003363,PROD00080,2,8705.25,7.87
ITEM0011841,ORD003363,PROD00006,3,3286.66,18.57
ITEM0011842,ORD003363,PROD00112,4,958.5,10.32
ITEM0011843,ORD003363,PROD00231,4,2536.84,11.5
ITEM0011844,ORD003364,PROD00266,4,150138.51,27.71
ITEM0011845,ORD003364,PROD00108,5,13444.93,32.02
ITEM0011846,ORD003364,PROD00151,4,75177.2,21.0
ITEM0011847,ORD003364,PROD00078,2,80173.3,6.97
ITEM0011848,ORD003364,PROD00121,5,79730.15,1.36
ITEM0011849,ORD003364,PROD00093,3,799.0,32.11
ITEM0011850,ORD003365,PROD00142,2,3142.8,15.0
ITEM0011851,ORD003365,PROD00038,2,3024.72,4.01
ITEM0011852,ORD003365,PROD00051,4,14882.87,30.84
ITEM0011853,ORD003365,PROD00169,4,8770.94,12.32
ITEM0011854,ORD003365,PROD00191,4,18482.44,5.87
ITEM0011855,ORD003366,PROD00005,4,938.76,6.58
ITEM0011856,ORD003367,PROD00039,2,4450.41,10.59
ITEM0011857,ORD003367,PROD00244,1,358.32,3.65
ITEM0011858,ORD003367,PROD00242,1,49321.02,16.07
ITEM0011859,ORD003367,PROD00191,2,18482.44,26.73
ITEM0011860,ORD003367,PROD00270,5,16051.61,21.15
ITEM0011861,ORD003368,PROD00241,3,15219.97,14.96
ITEM0011862,ORD003368,PROD00165,2,5849.47,4.56
ITEM0011863,ORD003368,PROD00002,2,13344.44,6.86
ITEM0011864,ORD003368,PROD00104,5,10809.0,3.33
ITEM0011865,ORD003369,PROD00242,1,49321.02,34.08
ITEM0011866,ORD003369,PROD00179,3,11703.98,33.78
ITEM0011867,ORD003370,PROD00293,2,6508.01,131.25
ITEM0011868,ORD003370,PROD00052,1,8276.3,7.15
ITEM0011869,ORD003370,PROD00154,4,15820.26,1.55
ITEM0011870,ORD003371,PROD00156,0,263.76,13.8
ITEM0011871,ORD003372,PROD00261,1,35880.89,16.63
ITEM0011872,ORD003372,PROD00106,1,1535.04,28.56
ITEM0011873,ORD003373,PROD00045,4,65694.03,23.94
ITEM0011874,ORD003373,PROD00045,2,65694.03,31.64
ITEM0011875,ORD003373,PROD00086,5,13674.52,27.49
ITEM0011876,ORD003373,PROD00249,1,90613.5,0.06
ITEM0011877,ORD003373,PROD00149,5,737.02,19.39
ITEM0011878,ORD003374,PROD00063,5,4748.54,4.68
ITEM0011879,ORD003374,PROD00288,1,12413.32,34.77
ITEM0011880,ORD003374,PROD00273,3,5839.38,0.76
ITEM0011881,ORD003374,PROD00083,3,56427.07,17.59
ITEM0011882,ORD003374,PROD00131,4,2403.64,0.19
ITEM0011883,ORD003375,PROD00212,2,18473.59,0.47
ITEM0011884,ORD003375,PROD00244,5,358.32,12.66
ITEM0011885,ORD003375,PROD00039,3,4450.41,15.97
ITEM0011886,ORD003376,PROD00063,0,4748.54,25.61
ITEM0011887,ORD003376,PROD00024,5,18935.15,32.48
ITEM0011888,ORD003376,PROD00118,4,85972.81,1.87
ITEM0011889,ORD003377,PROD00073,3,36426.6,10.17
ITEM0011890,ORD003377,PROD00245,3,77190.55,13.74
ITEM0011891,ORD003377,PROD00057,4,6857.15,24.76
ITEM0011892,ORD003377,PROD00120,5,1922.05,7.4
ITEM0011893,ORD003377,PROD00150,4,35744.49,11.4
ITEM0011894,ORD003377,PROD00239,5,18153.0,21.71
ITEM0011895,ORD003378,PROD00147,5,10375.1,26.89
ITEM0011896,ORD003378,PROD00115,1,3345.82,2.22
ITEM0011897,ORD003378,PROD00144,4,35676.4,9.3
ITEM0011898,ORD003378,PROD00200,4,23481.36,18.47
ITEM0011899,ORD003378,PROD00034,1,2479.77,29.82
ITEM0011900,ORD003378,PROD00107,3,128039.99,17.67
ITEM0011901,ORD003379,PROD00216,5,4233.5,15.2
ITEM0011902,ORD003379,PROD00179,2,11703.98,30.05
ITEM0011903,ORD003379,PROD00161,5,89959.13,117.53
ITEM0011904,ORD003379,PROD00234,-4,491.09,18.91
ITEM0011905,ORD003379,PROD00222,5,529.14,10.71
ITEM0011906,ORD003379,PROD00207,5,90137.22,33.95
ITEM0011907,ORD003380,PROD00053,4,1294.67,1.17
ITEM0011908,ORD003380,PROD00046,2,3348.49,26.85
ITEM0011909,ORD003380,PROD00208,4,11211.45,4.59
ITEM0011910,ORD003380,PROD00067,4,16473.79,31.23
ITEM0011911,ORD003381,PROD00074,2,2883.54,33.29
ITEM0011912,ORD003381,PROD00147,3,10375.1,30.22
ITEM0011913,ORD003381,PROD00080,3,8705.25,24.0
ITEM0011914,ORD003381,PROD00177,2,2661.74,20.97
ITEM0011915,ORD003381,PROD00081,5,14240.57,23.65
ITEM0011916,ORD003381,PROD00095,1,56114.19,28.61
ITEM0011917,ORD003382,PROD00291,3,68752.62,13.82
ITEM0011918,ORD003382,PROD00008,2,2233.33,17.91
ITEM0011919,ORD003382,PROD00171,0,1587.59,0.9
ITEM0011920,ORD003382,PROD00110,3,8026.63,16.81
ITEM0011921,ORD003383,PROD00015,4,3631.08,11.22
ITEM0011922,ORD003383,PROD00025,5,2571.12,8.41
ITEM0011923,ORD003383,PROD00233,4,5457.87,25.24
ITEM0011924,ORD003383,PROD00246,3,49840.91,28.25
ITEM0011925,ORD003384,PROD00209,4,48158.17,29.29
ITEM0011926,ORD003384,PROD00192,1,9826.54,17.79
ITEM0011927,ORD003384,PROD00179,1,11703.98,7.69
ITEM0011928,ORD003384,PROD00054,1,59992.33,31.2
ITEM0011929,ORD003384,PROD00220,5,53302.28,9.07
ITEM0011930,INVALID_ORD_43654,PROD00253,4,30181.5,6.54
ITEM0011931,ORD003385,PROD00160,2,4270.13,17.19
ITEM0011932,ORD003386,PROD00200,2,23481.36,3.62
ITEM0011933,ORD003387,INVALID_PROD_34860,2,128039.99,19.07
ITEM0011934,ORD003387,PROD_DUP_764,3,10284.38,9.67
ITEM0011935,ORD003387,PROD00203,1,16125.87,14.72
ITEM0011936,ORD003387,PROD00055,3,1893.42,1.06
ITEM0011937,ORD003387,PROD00200,2,23481.36,0.77
ITEM0011938,ORD003388,PROD00033,1,25099.93,15.05
ITEM0011939,ORD003388,PROD00081,2,14240.57,11.93
ITEM0011940,ORD003388,PROD00263,4,4176.74,11.96
ITEM0011941,ORD003389,PROD00181,5,34804.16,19.65
ITEM0011942,ORD003390,PROD00011,3,53479.92,34.66
ITEM0011943,ORD003390,PROD00232,3,20147.3,17.56
ITEM0011944,ORD003390,PROD00067,3,16473.79,14.12
ITEM0011945,ORD003390,PROD00088,3,9502.99,11.57
ITEM0011946,ORD003391,PROD00045,3,65694.03,15.3
ITEM0011947,ORD003391,INVALID_PROD_32226,1,263.76,24.66
ITEM0011948,ORD003391,PROD00252,5,8369.69,3.61
ITEM0011949,ORD003391,PROD00212,2,18473.59,14.65
ITEM0011950,ORD003391,PROD00048,3,74181.94,31.33
ITEM0011951,ORD003391,PROD00036,3,9080.54,28.51
ITEM0011952,ORD003392,PROD00146,2,10852.71,7.14
ITEM0011953,ORD003392,PROD00017,1,42741.8,0.43
ITEM0011954,ORD003392,PROD00029,1,12387.11,7.66
ITEM0011955,ORD003393,PROD00060,2,14823.48,14.57
ITEM0011956,ORD003394,PROD00033,1,25099.93,34.56
ITEM0011957,ORD003394,PROD00030,3,46619.52,8.05
ITEM0011958,ORD003394,PROD00193,2,33770.04,4.97
ITEM0011959,ORD003394,PROD00188,4,26614.54,20.23
ITEM0011960,ORD003395,PROD00042,3,851.12,21.54
ITEM0011961,ORD003395,PROD00031,4,14324.32,26.2
ITEM0011962,ORD003395,PROD00287,4,1349.9,30.29
ITEM0011963,ORD003396,PROD00191,1,18482.44,14.49
ITEM0011964,ORD003396,PROD00258,5,11131.97,18.43
ITEM0011965,ORD003396,PROD00018,3,57851.82,33.9
ITEM0011966,ORD003396,PROD00250,3,2595.77,20.07
ITEM0011967,ORD003396,PROD00169,2,8770.94,11.6
ITEM0011968,ORD003396,PROD00191,2,18482.44,130.49
ITEM0011969,ORD003397,PROD00002,4,13344.44,32.38
ITEM0011970,ORD003397,PROD00105,4,16922.48,19.35
ITEM0011971,ORD003397,PROD00189,1,9958.04,16.75
ITEM0011972,ORD003397,PROD00046,2,3348.49,31.47
ITEM0011973,ORD003398,PROD00108,-1,13444.93,19.95
ITEM0011974,ORD003398,PROD00097,4,8629.08,30.66
ITEM0011975,ORD003398,PROD00153,3,33477.66,14.29
ITEM0011976,ORD003398,PROD00043,4,5667.41,21.56
ITEM0011977,ORD003398,PROD00108,5,13444.93,19.4
ITEM0011978,ORD003398,PROD00049,3,8241.32,12.4
ITEM0011979,ORD003399,PROD00176,5,10514.42,2.62
ITEM0011980,ORD003399,PROD00270,5,16051.61,0.92
ITEM0011981,ORD003399,PROD00157,2,7028.69,13.37
ITEM0011982,ORD003399,PROD00230,5,14806.16,6.06
ITEM0011983,ORD003400,PROD00249,4,90613.5,34.14
ITEM0011984,ORD003400,PROD00227,4,2030.73,20.54
ITEM0011985,ORD003400,PROD00209,4,48158.17,3.69
ITEM0011986,ORD003401,PROD00055,5,1893.42,4.97
ITEM0011987,ORD003401,PROD00274,5,3119.83,19.18
ITEM0011988,ORD003401,PROD00161,5,89959.13,23.66
ITEM0011989,ORD003401,PROD00087,4,9237.82,24.68
ITEM0011990,ORD003402,PROD00267,5,5023.39,12.28
ITEM0011991,ORD003402,PROD00197,2,2320.69,2.72
ITEM0011992,ORD003402,PROD00202,5,2205.47,17.18
ITEM0011993,ORD003403,PROD00176,3,10514.42,19.96
ITEM0011994,ORD003403,PROD00247,5,60305.75,1.74
ITEM0011995,ORD003403,PROD00125,4,3811.77,13.47
ITEM0011996,ORD003404,PROD00203,1,16125.87,6.38
ITEM0011997,ORD003404,PROD00110,1,8026.63,6.04
ITEM0011998,ORD003404,PROD00001,1,107560.75,23.25
ITEM0011999,ORD003404,PROD00264,5,57779.76,16.64
ITEM0012000,ORD003405,PROD00041,5,13175.99,14.86
DUP_ITEM0005108,ORD001462,PROD00054,2,59992.33,4.66
DUP_ITEM0008950,ORD002529,PROD00080,5,8705.25,34.54
DUP_ITEM0008372,ORD002367,PROD00121,3,79730.15,11.63
DUP_ITEM0004329,ORD001242,PROD00298,2,1958.18,23.53
DUP_ITEM0001105,ORD000322,PROD00050,5,635.92,4.3
DUP_ITEM0002650,ORD000769,PROD00159,-1,18880.93,34.03
DUP_ITEM0005140,ORD001469,PROD00025,4,2571.12,23.86
DUP_ITEM0007014,ORD001996,PROD00140,3,10466.68,29.41
DUP_ITEM0004571,ORD001311,PROD00130,4,11592.7,34.67
DUP_ITEM0010624,ORD003010,PROD00051,3,14882.87,22.03
DUP_ITEM0011377,ORD003226,PROD00075,1,16738.37,20.64
DUP_ITEM0005630,ORD001595,PROD00050,2,635.92,18.66
DUP_ITEM0006967,ORD001983,PROD00266,4,150138.51,15.46
DUP_ITEM0000031,ORD000009,PROD00278,2,48030.22,11.82
DUP_ITEM0006414,ORD001815,PROD00244,2,358.32,8.62
DUP_ITEM0010413,ORD002951,PROD00006,2,3286.66,15.84
DUP_ITEM0001328,ORD000385,PROD00195,4,45234.5,16.61
DUP_ITEM0000066,ORD000024,PROD00173,4,77771.82,25.85
DUP_ITEM0009761,ORD002762,PROD00007,0,4079.3,22.03
DUP_ITEM0002654,ORD000770,PROD00137,5,35792.4,22.95
DUP_ITEM0006077,ORD001721,PROD00197,1,2320.69,18.58
DUP_ITEM0008701,ORD002459,PROD00187,4,8729.44,23.31
DUP_ITEM0004006,ORD001153,PROD00073,1,36426.6,6.61
DUP_ITEM0007198,ORD002043,PROD00045,4,65694.03,25.31
DUP_ITEM0008595,ORD002426,PROD00104,5,10809.0,11.94
DUP_ITEM0008917,ORD002523,PROD00066,1,5087.99,14.34
DUP_ITEM0000243,ORD000068,PROD00187,5,8729.44,25.09
DUP_ITEM0006213,ORD001761,PROD00026,3,19557.07,10.12
DUP_ITEM0001815,ORD000532,PROD00272,0,43464.46,24.59
DUP_ITEM0003997,ORD001150,PROD00072,1,6009.58,27.99
DUP_ITEM0002949,ORD000850,PROD00035,4,7731.0,12.19
DUP_ITEM0011147,ORD003162,PROD00062,4,1755.31,31.73
DUP_ITEM0008082,ORD002285,PROD00239,4,18153.0,9.88
DUP_ITEM0006149,ORD001741,PROD00279,2,13479.28,17.12
DUP_ITEM0004994,ORD001429,PROD00257,1,31755.6,32.21
DUP_ITEM0004682,ORD001339,PROD00156,2,263.76,13.71
DUP_ITEM0001432,ORD000415,PROD00050,4,635.92,8.25
DUP_ITEM0003834,ORD001107,PROD00044,1,36733.67,32.05
DUP_ITEM0002716,ORD000786,PROD00071,2,6126.45,0.82
DUP_ITEM0000825,ORD000234,PROD00198,1,88452.16,30.45
DUP_ITEM0005534,ORD001573,PROD00061,3,168745.97,33.06
DUP_ITEM0001195,ORD000348,PROD00207,-4,90137.22,28.76
DUP_ITEM0007253,ORD002064,PROD00226,4,33228.57,13.98
DUP_ITEM0004709,ORD001346,PROD00282,4,1528.85,32.35
DUP_ITEM0003151,ORD000910,PROD00205,1,6001.17,16.56
DUP_ITEM0008249,ORD002331,PROD00130,2,11592.7,2.54
DUP_ITEM0011884,ORD003375,PROD00244,5,358.32,12.66
DUP_ITEM0005541,ORD001575,PROD00049,4,8241.32,3.51
DUP_ITEM0007330,ORD002082,PROD00039,1,4450.41,4.91
DUP_ITEM0007790,ORD002211,PROD00282,2,1528.85,3.21
DUP_ITEM0004358,ORD001252,PROD00274,4,3119.83,3.59
DUP_ITEM0007716,ORD002190,PROD00228,0,12035.67,23.05
DUP_ITEM0003640,ORD001053,PROD00177,5,2661.74,19.22
DUP_ITEM0006216,ORD001762,PROD00173,1,77771.82,25.28
DUP_ITEM0007074,ORD002010,PROD00195,2,45234.5,34.13
DUP_ITEM0007972,ORD002257,PROD00058,4,8762.42,17.69
DUP_ITEM0005378,ORD001531,PROD00030,4,46619.52,10.77
DUP_ITEM0002503,ORD000721,PROD00154,1,15820.26,27.69
DUP_ITEM0001512,ORD000439,PROD00090,4,12776.72,2.7
DUP_ITEM0003323,ORD000957,PROD00275,5,1589.33,6.63
DUP_ITEM0004864,ORD001392,PROD00014,1,10284.38,27.39
DUP_ITEM0008783,ORD002483,PROD00130,4,11592.7,34.99
DUP_ITEM0001126,ORD000327,PROD00211,2,235.37,34.47
DUP_ITEM0006847,ORD001944,PROD00184,2,99913.97,22.05
DUP_ITEM0006284,ORD001779,PROD00139,4,12429.19,25.92
DUP_ITEM0003677,ORD001064,PROD00022,5,9177.73,20.51
DUP_ITEM0005672,ORD001609,PROD00085,5,3944.47,7.42
DUP_ITEM0001720,ORD000501,PROD00030,2,46619.52,6.67
DUP_ITEM0011150,ORD003163,PROD00105,1,16922.48,16.73
DUP_ITEM0007783,ORD002209,PROD00044,2,36733.67,21.05
DUP_ITEM0003217,ORD000928,PROD00246,4,49840.91,5.79
DUP_ITEM0011248,ORD003191,PROD00260,2,51829.61,8.48
DUP_ITEM0009296,ORD002628,PROD00265,1,7815.58,20.8
DUP_ITEM0005662,ORD001605,PROD00126,4,14276.93,15.37
DUP_ITEM0005235,ORD001494,PROD00217,2,21374.71,12.47
DUP_ITEM0001263,ORD000365,PROD00030,3,46619.52,23.64
DUP_ITEM0003408,ORD000985,PROD00106,1,1535.04,12.04
DUP_DUP_ITEM0003408,ORD000985,PROD00106,1,1535.04,12.04
DUP_ITEM0000614,ORD000173,PROD00147,3,10375.1,16.23
DUP_ITEM0003364,ORD000968,PROD00059,3,1558.61,31.1
DUP_ITEM0007319,ORD002079,PROD00035,4,7731.0,8.94
DUP_ITEM0009064,ORD002562,PROD00049,5,8241.32,31.8
DUP_ITEM0006327,ORD001793,PROD00209,4,48158.17,13.33
DUP_ITEM0004836,ORD001380,PROD00044,5,36733.67,15.94
DUP_ITEM0008966,ORD002534,PROD00013,5,1794.74,30.59
DUP_ITEM0010837,ORD003072,PROD00147,1,10375.1,29.13
DUP_ITEM0007721,ORD002191,PROD00124,5,31585.25,22.44
DUP_ITEM0006334,ORD001795,PROD00276,2,3225.79,0.57
DUP_ITEM0009344,ORD002641,PROD00216,4,4233.5,19.85
DUP_ITEM0009389,ORD002654,PROD00178,1,11840.22,23.11
DUP_ITEM0006005,ORD001701,PROD00082,4,4931.74,14.69
DUP_ITEM0001572,ORD000458,PROD00048,2,74181.94,22.84
DUP_ITEM0002197,ORD000640,PROD00013,0,1794.74,8.61
DUP_ITEM0003927,ORD001132,PROD00247,0,60305.75,32.24
DUP_ITEM0003641,ORD001054,PROD00188,1,26614.54,9.7
DUP_ITEM0005176,ORD001476,PROD00195,0,45234.5,32.29
DUP_ITEM0006097,ORD001728,PROD00210,3,116861.98,27.28
DUP_ITEM0008128,ORD002298,PROD00146,4,10852.71,31.72
DUP_ITEM0010913,ORD003095,PROD00086,1,13674.52,18.45
DUP_ITEM0007297,ORD002073,PROD00185,5,88426.11,18.61
DUP_ITEM0008952,ORD002530,PROD00227,4,2030.73,18.62
DUP_ITEM0009004,ORD002546,PROD00285,0,87613.3,30.69
DUP_ITEM0001115,ORD000324,PROD00072,1,6009.58,27.78
DUP_ITEM0007434,ORD002112,PROD00115,4,3345.82,16.35
DUP_ITEM0003711,ORD001073,PROD00023,1,13941.86,6.26
DUP_ITEM0001522,ORD000442,PROD00217,1,21374.71,33.84
DUP_ITEM0005032,ORD001441,PROD00123,5,16024.54,31.81
DUP_ITEM0003451,ORD000996,PROD00290,2,41413.51,34.95
DUP_ITEM0009939,ORD002807,PROD00192,5,9826.54,14.63
DUP_ITEM0004073,ORD001172,PROD00155,4,6690.65,4.18
DUP_ITEM0010214,ORD002892,PROD00016,4,155813.5,32.73
DUP_ITEM0011993,ORD003403,PROD00176,3,10514.42,19.96
DUP_ITEM0006880,ORD001954,PROD00008,5,2233.33,12.71
DUP_ITEM0011793,ORD003347,PROD00203,3,16125.87,15.08
DUP_ITEM0008625,ORD002436,PROD00233,3,5457.87,30.51
DUP_ITEM0005998,ORD001699,PROD00221,3,6476.61,33.61
DUP_ITEM0001940,ORD000568,PROD00012,1,16414.48,1.69
DUP_ITEM0006072,ORD001719,PROD00027,5,6786.44,32.29
DUP_ITEM0007789,ORD002211,PROD00176,1,10514.42,9.48
DUP_ITEM0004676,ORD001338,PROD00196,1,19028.45,21.99
