order_id,customer_id,order_date,payment_method,status,shipping_city,shipping_state,shipping_country,region_code
ORD000001,CUST00248,2024-06-27,Cash on Delivery,DELIVERED,New Johnberg,Vermont,Timor-Leste,R10
ORD000002,CUST00475,2024-01-08,Net Banking,PLACED,North Brianview,Montana,Israel,R06
ORD000003,CUST00157,2023-10-24,Net Banking,RETURNED,West Tammyshire,Alaska,Saudi Arabia,R16
ORD000004,CUST00021,2022-04-16,Cash on Delivery,DELIVERED,North Sergiofort,Texas,Lao People's Democratic Republic,R10
ORD000005,CUST00584,2022-07-13,Net Banking,SHIPPED,Benjaminview,Pennsylvania,Dominica,R01
ORD000006,CUST00106,2024-04-24,Net Banking,RETURNED,Port Jenniferview,Oregon,Afghanistan,R16
ORD000007,CUST00593,2023-05-05,Cash on Delivery,RETURNED,Lake Whitney,California,Ghana,R02
ORD000008,CUST00500,2025-05-03,Cash on Delivery,DELIVERED,North Jonathan,Rhode Island,Macao,R20
ORD000009,CUST00695,2022-02-28,Net Banking,DELIVERED,Deborahfort,Montana,Slovenia,R02
ORD000010,CUST00541,2024-07-30,Cash on Delivery,DELIVERED,Fowlerland,Illinois,Kyrgyz Republic,R03
ORD000011,CUST00275,2024-07-06,Net Banking,RETURNED,Jenningschester,Missouri,Netherlands,R04
ORD000012,CUST00507,2024-05-14,Debit Card,DELIVERED,Curtisfurt,Connecticut,Canada,R14
ORD000013,CUST00022,2022-12-02,Credit Card,DELIVERED,Mitchellton,New York,Lesotho,R15
ORD000014,CUST00238,2024-06-06,Cash on Delivery,RETURNED,Johnburgh,Wisconsin,Gibraltar,R11
ORD000015,CUST00617,2023-11-10,Net Banking,DELIVERED,East Jillian,North Carolina,Paraguay,R10
ORD000016,CUST00400,2024-07-07,Debit Card,DELIVERED,Brandiville,South Carolina,Kiribati,R06
ORD000017,CUST00637,2025-06-07,UPI,DELIVERED,North Jenniferview,Hawaii,Turks and Caicos Islands,R05
ORD000018,CUST00178,2023-11-01,Cash on Delivery,DELIVERED,North Jason,Arkansas,Malaysia,R14
ORD000019,CUST00506,2023-12-17,Credit Card,DELIVERED,North Christopher,Arkansas,Tajikistan,R01
ORD000020,CUST00368,2022-09-04,Debit Card,DELIVERED,Lake Lindaview,Connecticut,Thailand,R06
ORD000021,CUST00516,2025-12-17,UPI,DELIVERED,East Mikeshire,North Carolina,Nepal,R04
ORD000022,CUST00633,2024-02-23,Cash on Delivery,DELIVERED,Lesterville,Colorado,Kenya,R09
ORD000023,CUST00349,2022-02-04,UPI,DELIVERED,Sarahhaven,Alaska,Suriname,R18
ORD000024,CUST00274,2025-06-28,Cash on Delivery,DELIVERED,New Sarahview,Maryland,Martinique,R04
ORD000025,CUST00052,2022-08-03,Net Banking,DELIVERED,Port David,Minnesota,Mali,R04
ORD000026,CUST00109,2024-03-08,Cash on Delivery,DELIVERED,New Tonya,North Carolina,Holy See (Vatican City State),R04
ORD000027,CUST00576,2023-11-11,UPI,DELIVERED,New Geraldtown,Kentucky,Mauritius,R04
ORD000028,CUST00211,2022-03-14,Credit Card,DELIVERED,Wellsfort,Texas,Bermuda,R15
ORD000029,CUST00519,2025-07-11,UPI,DELIVERED,Port Jacob,Oregon,Belize,R12
ORD000030,CUST00343,2023-04-11,UPI,CANCELLED,Davisland,Hawaii,Malawi,R15
ORD000031,CUST00426,2025-10-16,UPI,DELIVERED,Craigshire,Louisiana,Somalia,R16
ORD000032,CUST00350,2022-09-14,Credit Card,SHIPPED,Castrohaven,Georgia,Kyrgyz Republic,R12
ORD000033,CUST00425,2025-02-02,Credit Card,DELIVERED,Lanefort,Texas,North Macedonia,R17
ORD000034,CUST00432,2022-03-19,Credit Card,CANCELLED,Bradleystad,Iowa,Rwanda,R14
ORD000035,CUST00420,2022-07-03,Cash on Delivery,DELIVERED,Rebeccaland,Pennsylvania,Jamaica,R12
ORD000036,CUST00031,2022-06-24,UPI,DELIVERED,Ronaldfort,Oklahoma,Norway,R17
ORD000037,CUST00072,2023-01-21,Debit Card,DELIVERED,South Justin,Vermont,Micronesia,R06
ORD000038,CUST00445,2024-05-17,UPI,DELIVERED,West Jennifer,Minnesota,Botswana,R05
ORD000039,CUST00589,2025-04-25,Cash on Delivery,RETURNED,Carpenterfurt,Idaho,French Guiana,R14
ORD000040,CUST00412,2024-09-21,Cash on Delivery,CANCELLED,New Saraport,South Carolina,Honduras,R11
ORD000041,CUST00353,2023-08-20,Debit Card,RETURNED,Lake Joseph,South Carolina,Japan,R20
ORD000042,CUST00151,2022-02-09,Net Banking,DELIVERED,Shawnport,Georgia,Bahrain,R18
ORD000043,CUST00640,2023-11-21,Net Banking,DELIVERED,East Annville,Missouri,Cambodia,R13
ORD000044,CUST00203,2022-09-06,UPI,PLACED,Bethanybury,South Dakota,Ireland,R11
ORD000045,CUST00400,2023-03-04,Credit Card,DELIVERED,North Wayne,Oregon,Somalia,R18
ORD000046,CUST00291,2025-04-24,Cash on Delivery,DELIVERED,West Amanda,Ohio,Qatar,R17
ORD000047,CUST00349,2024-02-19,Credit Card,PLACED,New Blake,Nevada,Burundi,R18
ORD000048,CUST00607,2023-02-06,Debit Card,DELIVERED,Mendozahaven,New Hampshire,Netherlands,R17
ORD000049,CUST00114,2024-06-13,Debit Card,DELIVERED,South Andrewland,Colorado,French Southern Territories,R17
ORD000050,CUST00363,2022-04-25,UPI,DELIVERED,Port Daniel,Wisconsin,Saint Kitts and Nevis,R19
ORD000051,CUST00006,2023-01-21,Credit Card,CANCELLED,Donnaburgh,Indiana,Rwanda,R19
ORD000052,CUST00580,2023-09-25,Cash on Delivery,CANCELLED,East Jasonchester,Alabama,Guam,R08
ORD000053,CUST00359,2022-10-17,Cash on Delivery,DELIVERED,North Samantha,Massachusetts,Moldova,R13
ORD000054,CUST00533,2024-03-04,UPI,DELIVERED,South Martintown,Hawaii,Guyana,R19
ORD000055,CUST00198,2025-11-09,Debit Card,DELIVERED,Karenfort,Georgia,Estonia,R05
ORD000056,CUST00436,2022-07-13,UPI,SHIPPED,South Louiston,Illinois,Qatar,R14
ORD000057,CUST00134,2023-03-26,Net Banking,SHIPPED,Anthonyshire,Nebraska,Iran,R17
ORD000058,CUST00413,2025-08-05,Cash on Delivery,DELIVERED,South Karlafort,West Virginia,Bahrain,R09
ORD000059,CUST00599,2025-04-14,Net Banking,RETURNED,Lake Jonathan,Ohio,Montserrat,R16
ORD000060,CUST00427,2025-03-15,Credit Card,DELIVERED,New Ambertown,Montana,Kyrgyz Republic,R16
ORD000061,CUST00469,2025-07-18,Cash on Delivery,CANCELLED,North Joseph,New Hampshire,Faroe Islands,R04
ORD000062,CUST00218,2023-10-05,UPI,DELIVERED,Port Jeremymouth,South Carolina,Colombia,R18
ORD000063,CUST00379,2025-11-28,UPI,DELIVERED,Simsview,Ohio,Jamaica,R14
ORD000064,CUST00113,2024-08-15,Cash on Delivery,DELIVERED,Lake Theresa,Montana,Qatar,R17
ORD000065,CUST00157,2024-08-18,Debit Card,RETURNED,Collinshaven,Missouri,Montenegro,R10
ORD000066,CUST00302,2023-05-01,Credit Card,DELIVERED,West Matthewview,Massachusetts,Spain,R19
ORD000067,,2024-10-22,Debit Card,RETURNED,North Davidberg,Washington,Netherlands Antilles,R07
ORD000068,CUST00188,2024-11-21,Net Banking,PLACED,North Megan,Wyoming,Lesotho,R18
ORD000069,CUST00358,2023-07-16,UPI,DELIVERED,Lake Sarah,Vermont,Aruba,R19
ORD000070,CUST00318,2023-06-30,Debit Card,DELIVERED,North Thomaschester,Utah,Saint Lucia,R16
ORD000071,CUST00621,2022-04-07,Credit Card,DELIVERED,Port Caitlin,Wisconsin,Sierra Leone,R15
ORD000072,CUST00461,2024-05-12,Credit Card,CANCELLED,Clarkmouth,Kansas,Isle of Man,R11
ORD000073,CUST00092,2025-01-06,Cash on Delivery,DELIVERED,North Xavier,Kentucky,Greece,R08
ORD000074,CUST00405,2023-08-02,UPI,RETURNED,South Toddton,Alaska,Nepal,R15
ORD000075,CUST00285,2024-10-16,Credit Card,DELIVERED,Lindsayport,North Dakota,Mozambique,R19
ORD000076,CUST00646,2023-01-24,Debit Card,DELIVERED,North Kelly,Missouri,Honduras,R04
ORD000077,CUST00660,2024-11-26,Credit Card,RETURNED,Kristenside,South Carolina,Jordan,R18
ORD000078,CUST00591,2023-11-02,Cash on Delivery,DELIVERED,Jenkinsmouth,Nevada,Estonia,R16
ORD000079,,2022-09-09,UPI,DELIVERED,Port Krystalport,Massachusetts,Jamaica,R18
ORD000080,CUST00185,2025-09-06,Debit Card,DELIVERED,Tracymouth,Michigan,Mauritania,R08
ORD000081,CUST00594,2025-10-18,Cash on Delivery,DELIVERED,New Shannonport,Wyoming,Ghana,R13
ORD000082,CUST00604,2022-12-09,UPI,DELIVERED,Port William,Rhode Island,Antarctica (the territory South of 60 deg S),R06
ORD000083,CUST00425,2023-10-23,Cash on Delivery,DELIVERED,East Melody,Mississippi,Eritrea,R09
ORD000084,,2025-05-26,UPI,DELIVERED,Liuberg,South Dakota,Colombia,R10
ORD000085,CUST00148,2025-04-11,UPI,DELIVERED,Rogersport,Arkansas,Botswana,R14
ORD000086,CUST00695,2023-09-08,Cash on Delivery,RETURNED,Cassandrastad,Iowa,Uzbekistan,R06
ORD000087,,2022-03-25,Debit Card,DELIVERED,Lake Sarahchester,Hawaii,Togo,R11
ORD000088,CUST00146,2022-10-18,Debit Card,DELIVERED,East Edwinburgh,Wisconsin,South Georgia and the South Sandwich Islands,R04
ORD000089,CUST00054,2023-12-04,Cash on Delivery,DELIVERED,Brandtfort,Vermont,Palestinian Territory,R16
ORD000090,CUST00521,2024-01-07,Net Banking,RETURNED,Richardmouth,South Carolina,Bangladesh,R09
ORD000091,CUST00063,2023-08-30,Cash on Delivery,DELIVERED,North Christianview,Virginia,Bolivia,R16
ORD000092,CUST00030,2022-05-24,Credit Card,RETURNED,Reneehaven,Kentucky,Martinique,R01
ORD000093,CUST00276,2025-05-22,Cash on Delivery,DELIVERED,Holdertown,Wisconsin,United Kingdom,R08
ORD000094,CUST00569,2024-04-13,Credit Card,DELIVERED,North Thomashaven,Montana,Liberia,R14
ORD000095,CUST00457,2025-01-09,Cash on Delivery,DELIVERED,Freyberg,Illinois,Tunisia,R05
ORD000096,CUST00383,2022-05-03,Credit Card,DELIVERED,New Caitlin,Minnesota,Kenya,R18
ORD000097,CUST00434,2025-12-16,Cash on Delivery,DELIVERED,Port Joshuaberg,Virginia,Ireland,R01
ORD000098,CUST00476,2025-05-16,Cash on Delivery,DELIVERED,Melissachester,California,Cameroon,R06
ORD000099,CUST00001,2025-02-08,Net Banking,DELIVERED,East Brianhaven,Kentucky,Denmark,R09
ORD000100,CUST00697,2025-02-16,Debit Card,CANCELLED,Petersonchester,Minnesota,Qatar,R07
ORD000101,CUST00600,2024-07-03,Debit Card,PLACED,Delacruzside,Arkansas,Kyrgyz Republic,R18
ORD000102,CUST00577,2024-05-10,UPI,DELIVERED,Terriburgh,Mississippi,Estonia,R04
ORD000103,CUST00144,2024-03-09,Debit Card,CANCELLED,West David,Texas,Moldova,R07
ORD000104,CUST00626,2024-12-15,Debit Card,RETURNED,New Mark,Kentucky,Guyana,R11
ORD000105,CUST00651,2025-05-22,Net Banking,DELIVERED,Brandonchester,Kentucky,Gambia,R11
ORD000106,CUST00350,2024-10-11,Cash on Delivery,DELIVERED,Justinmouth,Michigan,Saint Vincent and the Grenadines,R05
ORD000107,CUST00662,2022-08-15,Cash on Delivery,DELIVERED,Port Nicole,Delaware,Burundi,R01
ORD000108,CUST00689,2022-10-28,Cash on Delivery,RETURNED,Lake Traci,Maine,Sierra Leone,R16
ORD000109,CUST00403,2024-04-14,UPI,DELIVERED,Flemingland,New Hampshire,Kazakhstan,R15
ORD000110,CUST00689,2025-10-31,Net Banking,CANCELLED,Duranbury,Texas,French Polynesia,R12
ORD000111,CUST00397,2024-09-29,UPI,DELIVERED,South Geoffrey,Illinois,Trinidad and Tobago,R12
ORD000112,CUST00198,2025-07-17,Credit Card,DELIVERED,Cohenland,New Mexico,Guinea,R09
ORD000113,CUST00697,2025-01-14,Debit Card,DELIVERED,Lake Amyland,Rhode Island,Slovenia,R20
ORD000114,CUST00641,2023-08-25,Credit Card,DELIVERED,Port Bobby,Michigan,Rwanda,R16
ORD000115,CUST00372,2024-09-13,Net Banking,RETURNED,North Paul,Iowa,Greece,R20
ORD000116,CUST00215,2025-01-22,Net Banking,DELIVERED,West Claudia,Iowa,Greenland,R09
ORD000117,CUST00583,2025-08-09,Credit Card,DELIVERED,West Alexander,Vermont,Solomon Islands,R19
ORD000118,CUST00689,2024-09-12,Cash on Delivery,DELIVERED,New Cesarfurt,New Hampshire,Lebanon,R19
ORD000119,CUST00132,2024-02-24,Credit Card,DELIVERED,Willieland,Nevada,Guatemala,R19
ORD000120,CUST00234,2022-09-25,Debit Card,DELIVERED,Jonathanstad,Kentucky,Estonia,R01
ORD000121,CUST00695,2023-10-27,Debit Card,DELIVERED,Port Amandaside,Mississippi,Portugal,R15
ORD000122,CUST00003,2022-04-13,UPI,CANCELLED,Morrisonborough,New Hampshire,Romania,R11
ORD000123,CUST00443,2025-05-03,Net Banking,DELIVERED,North Darlenemouth,Kansas,Norway,R17
ORD000124,CUST00478,2024-07-14,Cash on Delivery,DELIVERED,East Amandahaven,North Carolina,Panama,R08
ORD000125,CUST00049,2023-02-01,Net Banking,DELIVERED,Larashire,Pennsylvania,Jamaica,R11
ORD000126,CUST00006,2024-06-29,Debit Card,SHIPPED,Port Hannah,Arkansas,Gambia,R19
ORD000127,CUST00026,29/06/2024,Net Banking,RETURNED,Timothyberg,New Mexico,Bosnia and Herzegovina,R08
ORD000128,CUST00202,2023-03-03,Debit Card,SHIPPED,Beckerview,Missouri,Djibouti,R04
ORD000129,CUST00029,2022-02-26,UPI,DELIVERED,Port Jessicaside,West Virginia,Hong Kong,R11
ORD000130,CUST00257,2025-01-08,Net Banking,DELIVERED,Gregoryberg,Indiana,Switzerland,R11
ORD000131,CUST00056,2024-05-14,Cash on Delivery,DELIVERED,New Shannon,North Dakota,Dominica,R03
ORD000132,CUST00615,2023-01-06,UPI,DELIVERED,East Theresaside,New York,Antarctica (the territory South of 60 deg S),R19
ORD000133,CUST00128,2023-09-01,UPI,RETURNED,New Jason,Idaho,Maldives,R13
ORD000134,CUST00321,2025-09-08,UPI,DELIVERED,Lake Belindaborough,Hawaii,Cameroon,R02
ORD000135,CUST00453,2022-07-08,Cash on Delivery,DELIVERED,Port Darylburgh,Iowa,China,R03
ORD000136,CUST00105,2025-10-12,Cash on Delivery,SHIPPED,North Bryanhaven,Missouri,Kyrgyz Republic,R13
ORD000137,CUST00412,2023-11-06,Net Banking,DELIVERED,Wilsontown,North Carolina,Tajikistan,R20
ORD000138,CUST00676,2024-09-07,Net Banking,DELIVERED,Espinozaville,Alabama,Mexico,R14
ORD000139,,2022-05-10,Debit Card,DELIVERED,Jaimefurt,Colorado,France,R01
ORD000140,CUST00465,2022-04-06,Cash on Delivery,DELIVERED,New Keith,Massachusetts,Pakistan,R04
ORD000141,CUST00013,2023-01-14,UPI,DELIVERED,New Williamton,New Mexico,Falkland Islands (Malvinas),R07
ORD000142,CUST00587,2023-10-17,Cash on Delivery,DELIVERED,East Leslie,Nebraska,Tonga,R14
ORD000143,CUST00493,2024-07-03,Net Banking,DELIVERED,Marilynville,Arizona,Afghanistan,R05
ORD000144,CUST00046,2022-11-05,Debit Card,DELIVERED,South Maryfurt,Idaho,Afghanistan,R17
ORD000145,CUST00668,2023-07-29,Debit Card,DELIVERED,Sherryshire,Missouri,Kazakhstan,R18
ORD000146,CUST00150,2025-07-19,Debit Card,DELIVERED,West Andrewton,Nevada,Jersey,R10
ORD000147,CUST00378,19/07/2025,Credit Card,SHIPPED,Hendersonland,California,American Samoa,R17
ORD000148,CUST00573,2025-11-06,Net Banking,DELIVERED,Hendricksport,Colorado,Russian Federation,R07
ORD000149,CUST00656,2022-05-21,UPI,DELIVERED,West Aaron,New Hampshire,Mauritius,R16
ORD000150,CUST00479,2023-05-19,Debit Card,CANCELLED,South Christinashire,Louisiana,Sierra Leone,R19
ORD000151,CUST00344,2024-08-18,Net Banking,DELIVERED,Williamstown,Mississippi,Sierra Leone,R04
ORD000152,CUST00466,2024-05-22,UPI,DELIVERED,South Robert,Illinois,French Polynesia,R01
ORD000153,CUST00655,2024-05-10,Credit Card,DELIVERED,South Amanda,Oregon,Mongolia,R07
ORD000154,CUST00245,2024-08-23,Debit Card,CANCELLED,Mooremouth,Alabama,Marshall Islands,R13
ORD000155,CUST00211,2022-12-30,UPI,DELIVERED,Granthaven,South Dakota,Mongolia,R03
ORD000156,CUST00367,2022-07-03,UPI,DELIVERED,Ricefort,South Carolina,Barbados,R15
ORD000157,CUST00200,2023-07-20,Debit Card,PLACED,West Leahchester,Idaho,Guyana,R01
ORD000158,CUST00204,2023-12-06,Credit Card,DELIVERED,New Shawnfurt,Alaska,Puerto Rico,R09
ORD000159,CUST00179,2024-07-12,Cash on Delivery,DELIVERED,East Andrew,Colorado,Bulgaria,R07
ORD000160,CUST00023,2023-11-02,Debit Card,RETURNED,Shawnhaven,Oregon,Monaco,R01
ORD000161,CUST00694,2025-07-14,UPI,DELIVERED,South Alexis,Colorado,Micronesia,R07
ORD000162,CUST00313,2025-08-20,Debit Card,CANCELLED,Port Sherryshire,Mississippi,Vietnam,R06
ORD000163,CUST00540,2026-05-01,UPI,DELIVERED,North Kristen,Mississippi,Grenada,R05
ORD000164,CUST00195,2024-03-04,Net Banking,DELIVERED,Teresaville,New Jersey,Libyan Arab Jamahiriya,R11
ORD000165,CUST00614,2023-12-11,Credit Card,RETURNED,Janiceberg,New York,French Polynesia,R20
ORD000166,CUST00602,2023-08-22,Cash on Delivery,DELIVERED,Port Charles,Ohio,Peru,R05
ORD000167,CUST00336,2025-05-23,Debit Card,CANCELLED,West Christopher,Virginia,Nauru,R17
ORD000168,CUST00599,2023-09-18,Credit Card,DELIVERED,South Joseph,Hawaii,Cambodia,R16
ORD000169,CUST00680,2024-07-25,Credit Card,DELIVERED,Cookshire,California,Korea,R17
ORD000170,CUST00384,2022-03-24,Net Banking,DELIVERED,Jenniferstad,Louisiana,United States Virgin Islands,R12
ORD000171,CUST00539,2022-07-24,Net Banking,DELIVERED,Port Angelaport,Mississippi,Libyan Arab Jamahiriya,R19
ORD000172,CUST00411,2025-07-18,Cash on Delivery,DELIVERED,West Ryanhaven,Florida,Afghanistan,R07
ORD000173,CUST00225,2025-08-05,Net Banking,CANCELLED,East Megan,Mississippi,Luxembourg,R13
ORD000174,,2025-07-14,Net Banking,DELIVERED,Lake Autumnton,California,Norfolk Island,R12
ORD000175,CUST00261,2023-09-13,Credit Card,DELIVERED,Lake Rachel,Nebraska,Falkland Islands (Malvinas),R10
ORD000176,CUST00456,2022-03-24,Credit Card,DELIVERED,Jacksonberg,Louisiana,Tanzania,R15
ORD000177,CUST00525,2025-09-04,Net Banking,DELIVERED,Braunhaven,Hawaii,Uruguay,R14
ORD000178,CUST00419,2024-05-19,Net Banking,DELIVERED,Paigeview,Alabama,Azerbaijan,R13
ORD000179,CUST00026,2022-05-19,Credit Card,DELIVERED,Meyerhaven,Idaho,Central African Republic,R03
ORD000180,CUST00368,2024-12-06,Debit Card,CANCELLED,Jenniferbury,Colorado,Burkina Faso,R17
ORD000181,,2023-10-14,Debit Card,RETURNED,South Shellyside,Wyoming,Holy See (Vatican City State),R04
ORD000182,CUST00122,2022-01-10,UPI,DELIVERED,Jonesstad,Oklahoma,Norway,R11
ORD000183,CUST00202,2024-12-20,Debit Card,DELIVERED,North Darrenstad,Alabama,New Zealand,R09
ORD000184,CUST00196,2022-10-04,Credit Card,RETURNED,Blackwellville,Texas,Benin,R18
ORD000185,CUST00268,2023-05-05,Debit Card,DELIVERED,South Christopher,Arizona,Samoa,R12
ORD000186,,2023-07-18,Cash on Delivery,DELIVERED,Port Michelle,New Hampshire,Austria,R01
ORD000187,CUST00484,2025-06-29,Credit Card,CANCELLED,East Bradley,New Jersey,Barbados,R08
ORD000188,CUST00233,2025-06-11,Credit Card,DELIVERED,Wheelertown,Alabama,Zimbabwe,R17
ORD000189,CUST00602,2024-01-22,Net Banking,DELIVERED,Rebeccaland,North Carolina,Montserrat,R15
ORD000190,CUST00349,2025-05-04,Debit Card,CANCELLED,Annamouth,Vermont,French Polynesia,R14
ORD000191,CUST00428,2022-12-19,Net Banking,CANCELLED,Port Ashley,New Jersey,Isle of Man,R01
ORD000192,CUST00384,2024-07-10,Credit Card,DELIVERED,Port Meredith,Minnesota,Bulgaria,R01
ORD000193,CUST00512,2024-07-13,Debit Card,DELIVERED,Joshuafort,Wyoming,Brazil,R14
ORD000194,CUST00436,2023-10-05,Net Banking,DELIVERED,New Laurahaven,Georgia,Lebanon,R18
ORD000195,CUST00307,2022-11-11,UPI,DELIVERED,Lisaland,Indiana,United Arab Emirates,R02
ORD000196,CUST00143,2025-04-11,Debit Card,DELIVERED,North Jonathanton,Georgia,Guinea,R20
ORD000197,,2025-04-18,Net Banking,RETURNED,Walkerburgh,California,Lao People's Democratic Republic,R07
ORD000198,CUST00401,2025-10-18,Net Banking,DELIVERED,Jasonstad,New Hampshire,Equatorial Guinea,R04
ORD000199,CUST00337,2024-03-25,Net Banking,DELIVERED,West Monica,Georgia,Italy,R10
ORD000200,CUST00096,2024-04-03,Cash on Delivery,DELIVERED,South Michelleside,Nevada,Argentina,R20
ORD000201,CUST00501,2025-03-03,Credit Card,SHIPPED,Westshire,Oklahoma,Cyprus,R13
ORD000202,CUST00291,2025-01-19,Debit Card,DELIVERED,Patriciaside,North Carolina,Congo,R03
ORD000203,CUST00466,2024-04-29,Cash on Delivery,PLACED,Tammymouth,Iowa,Hong Kong,R11
ORD000204,CUST00421,2025-12-01,UPI,DELIVERED,Richardberg,Ohio,Australia,R14
ORD000205,CUST00490,2023-05-29,Net Banking,RETURNED,Brianmouth,Louisiana,Romania,R07
ORD000206,CUST00134,2022-03-19,Debit Card,DELIVERED,Wardmouth,Minnesota,Belgium,R16
ORD000207,CUST00163,2023-07-20,Debit Card,DELIVERED,Mooreshire,Idaho,Saint Lucia,R17
ORD000208,CUST00470,2025-07-05,UPI,RETURNED,New Austinmouth,Wyoming,Greece,R15
ORD000209,,2022-06-16,Cash on Delivery,CANCELLED,South Cristinaport,Washington,Antarctica (the territory South of 60 deg S),R17
ORD000210,CUST00337,2024-10-31,Net Banking,DELIVERED,East Coryland,Connecticut,Kyrgyz Republic,R19
ORD000211,,2025-04-24,Debit Card,DELIVERED,Davistown,Georgia,Greenland,R15
ORD000212,CUST00356,2025-06-05,Debit Card,DELIVERED,Janetmouth,Utah,Iceland,R06
ORD000213,CUST00426,2022-03-25,Cash on Delivery,DELIVERED,East Cynthia,Montana,Saint Barthelemy,R15
ORD000214,CUST00394,2024-08-22,Credit Card,DELIVERED,Samanthamouth,Louisiana,Qatar,R04
ORD000215,CUST00403,2022-05-10,UPI,DELIVERED,North Patricia,Texas,Burkina Faso,R06
ORD000216,CUST00281,2022-10-11,Cash on Delivery,DELIVERED,Santanashire,Minnesota,Tunisia,R03
ORD000217,CUST00223,2022-04-03,Net Banking,RETURNED,East Michelleton,Colorado,Ghana,R18
ORD000218,CUST00125,03/04/2022,UPI,DELIVERED,West Jasonburgh,Minnesota,South Georgia and the South Sandwich Islands,R11
ORD000219,CUST00420,2024-10-14,Debit Card,DELIVERED,Scottmouth,Arizona,Kazakhstan,R02
ORD000220,CUST00474,2023-03-15,Net Banking,DELIVERED,Port Travismouth,Virginia,Comoros,R13
ORD000221,,2025-08-04,UPI,DELIVERED,South Brooke,Arkansas,Venezuela,R05
ORD000222,CUST00335,2023-07-04,Net Banking,DELIVERED,Dawnbury,Texas,Sao Tome and Principe,R03
ORD000223,CUST00085,2025-07-12,Credit Card,DELIVERED,North Alecfurt,Maine,Philippines,R15
ORD000224,CUST00144,2024-08-24,Debit Card,CANCELLED,West Kendra,Alabama,Costa Rica,R06
ORD000225,CUST00019,2024-12-07,Credit Card,DELIVERED,North Joshuaberg,Arizona,Turkey,R18
ORD000226,CUST00401,2022-11-30,UPI,DELIVERED,Williamsport,California,Barbados,R05
ORD000227,CUST00452,2024-04-23,Credit Card,DELIVERED,Courtneyville,Iowa,Palau,R18
ORD000228,CUST00222,2023-06-08,UPI,CANCELLED,New Michael,Wisconsin,Sao Tome and Principe,R17
ORD000229,CUST00657,2023-01-14,UPI,DELIVERED,Ginamouth,Georgia,Aruba,R10
ORD000230,CUST00455,2023-07-16,UPI,PLACED,Joneston,Nebraska,Libyan Arab Jamahiriya,R13
ORD000231,CUST00207,2024-06-03,Debit Card,RETURNED,Lake Andrewshire,Nevada,Western Sahara,R07
ORD000232,CUST00094,2025-11-20,UPI,RETURNED,North Amymouth,New Mexico,Estonia,R11
ORD000233,CUST00197,2022-03-10,UPI,DELIVERED,South Vincent,Vermont,Pitcairn Islands,R04
ORD000234,CUST00681,2022-07-14,Credit Card,PLACED,Lake James,Maine,Gambia,R17
ORD000235,CUST00111,2024-06-21,Debit Card,DELIVERED,Michelletown,Alabama,India,R07
ORD000236,CUST00640,2024-02-02,Cash on Delivery,DELIVERED,Bennettburgh,Michigan,Greece,R14
ORD000237,CUST00124,2022-01-13,UPI,DELIVERED,East Cynthia,Alabama,Barbados,R06
ORD000238,,2024-02-06,Debit Card,PLACED,South Lawrence,Florida,United Arab Emirates,R07
ORD000239,CUST00470,2023-08-31,Debit Card,DELIVERED,West Daniel,Ohio,Equatorial Guinea,R12
ORD000240,CUST00045,2022-10-13,Credit Card,DELIVERED,Lake Jacobshire,Vermont,Slovakia (Slovak Republic),R20
ORD000241,CUST00512,13/10/2022,Cash on Delivery,DELIVERED,East Kristina,Maryland,Greenland,R19
ORD000242,CUST00176,2025-08-22,UPI,DELIVERED,North Alexiston,Oregon,Armenia,R13
ORD000243,CUST00695,2024-09-26,Credit Card,DELIVERED,Combston,Minnesota,Ecuador,R11
ORD000244,CUST00683,2022-01-09,Debit Card,PLACED,Dixonbury,Alabama,Canada,R19
ORD000245,CUST00460,2025-10-08,Credit Card,DELIVERED,North Patrickmouth,Iowa,South Africa,R01
ORD000246,CUST00239,2022-07-31,UPI,DELIVERED,West Peggymouth,New Jersey,Grenada,R14
ORD000247,CUST00250,2025-03-17,UPI,DELIVERED,Morrisshire,Idaho,Benin,R16
ORD000248,CUST00304,2022-09-23,Net Banking,DELIVERED,Collinsfurt,Arizona,Djibouti,R02
ORD000249,CUST00244,2025-08-02,Cash on Delivery,RETURNED,South Emily,Idaho,South Georgia and the South Sandwich Islands,R15
ORD000250,CUST00337,2022-01-14,Debit Card,DELIVERED,South Mitchell,North Dakota,Colombia,R02
ORD000251,CUST00534,2022-05-01,Net Banking,DELIVERED,Stevenmouth,Alaska,Puerto Rico,R10
ORD000252,CUST00025,2024-07-14,Debit Card,DELIVERED,North Rebecca,Delaware,Bermuda,R07
ORD000253,CUST00553,2025-05-29,Credit Card,CANCELLED,Meaganbury,Virginia,Sao Tome and Principe,R08
ORD000254,CUST00623,2024-05-05,Cash on Delivery,DELIVERED,East Jaimeburgh,Connecticut,Oman,R15
ORD000255,CUST00645,2025-05-20,Net Banking,SHIPPED,North Michael,North Dakota,Solomon Islands,R07
ORD000256,CUST00054,2022-07-13,Credit Card,RETURNED,Sharpstad,Oregon,Bhutan,R05
ORD000257,CUST00094,2023-11-05,Cash on Delivery,CANCELLED,Port Danielchester,Indiana,Mauritania,R07
ORD000258,CUST00242,2023-07-31,Net Banking,DELIVERED,Andrealand,Washington,Namibia,R10
ORD000259,CUST00169,2025-09-30,Credit Card,DELIVERED,Ashleymouth,Vermont,Latvia,R20
ORD000260,CUST00255,2022-09-18,Cash on Delivery,DELIVERED,South Angelaton,Virginia,Australia,R07
ORD000261,,2025-03-11,Net Banking,SHIPPED,Sallyfort,Ohio,Serbia,R12
ORD000262,CUST00408,2025-06-09,Net Banking,DELIVERED,North Amy,Missouri,New Caledonia,R17
ORD000263,CUST00625,2022-08-29,Credit Card,CANCELLED,Nolanhaven,Louisiana,Greenland,R16
ORD000264,CUST00021,2025-10-02,Net Banking,CANCELLED,Michelleville,North Carolina,Burundi,R10
ORD000265,CUST00610,2022-09-19,Cash on Delivery,DELIVERED,Martinton,Idaho,Micronesia,R09
ORD000266,CUST00390,2022-11-29,Net Banking,DELIVERED,Amandabury,Florida,Panama,R18
ORD000267,CUST00621,2022-08-30,Debit Card,DELIVERED,West Christopherview,New York,Fiji,R16
ORD000268,CUST00201,2024-10-14,Credit Card,PLACED,Lake David,West Virginia,Tokelau,R17
ORD000269,CUST00384,2024-03-26,Net Banking,RETURNED,North Robertstad,Oregon,Netherlands,R12
ORD000270,CUST00394,2025-01-08,Cash on Delivery,SHIPPED,Lake Alejandro,Florida,Saint Pierre and Miquelon,R02
ORD000271,CUST00128,2024-09-01,Cash on Delivery,DELIVERED,East Barryborough,Arkansas,Falkland Islands (Malvinas),R14
ORD000272,CUST00262,2025-12-26,Debit Card,DELIVERED,East Melissa,Florida,Saint Barthelemy,R16
ORD000273,CUST00651,2023-11-13,UPI,DELIVERED,Howardberg,Vermont,Turkey,R14
ORD000274,CUST00253,2022-06-10,UPI,RETURNED,West Jennifer,Arizona,United Arab Emirates,R12
ORD000275,CUST00647,2025-04-21,UPI,DELIVERED,New Clayton,Michigan,Turks and Caicos Islands,R05
ORD000276,CUST00268,2022-03-15,Credit Card,DELIVERED,Kingborough,Alabama,Pitcairn Islands,R20
ORD000277,CUST00593,2025-07-05,Credit Card,PLACED,West Jenniferbury,New Hampshire,Korea,R03
ORD000278,CUST00660,2023-12-15,Net Banking,DELIVERED,Raymondshire,Connecticut,New Zealand,R19
ORD000279,CUST00083,2024-04-14,Credit Card,CANCELLED,East Katrina,Utah,Angola,R06
ORD000280,CUST00438,2024-10-09,Debit Card,DELIVERED,New Christopher,Utah,Turks and Caicos Islands,R18
ORD000281,CUST00675,2025-06-16,Cash on Delivery,DELIVERED,South Kennethton,Hawaii,Myanmar,R14
ORD000282,CUST00092,2025-03-09,Cash on Delivery,DELIVERED,North Sherry,Alaska,Estonia,R12
ORD000283,CUST00147,2023-01-21,Credit Card,RETURNED,Carlfurt,Montana,Central African Republic,R13
ORD000284,CUST00316,2022-08-23,Credit Card,CANCELLED,Port Mistyville,Nebraska,Libyan Arab Jamahiriya,R01
ORD000285,CUST00100,2022-01-22,Net Banking,DELIVERED,West Richardstad,Nebraska,Tajikistan,R10
ORD000286,CUST00442,2025-11-10,Debit Card,DELIVERED,Stevenston,Missouri,Djibouti,R05
ORD000287,CUST00203,2024-12-24,Cash on Delivery,RETURNED,Spearsland,Oregon,Malaysia,R15
ORD000288,CUST00581,2025-06-03,Credit Card,DELIVERED,Coxton,Maryland,Mozambique,R06
ORD000289,CUST00197,2023-03-22,Net Banking,DELIVERED,Kevinton,New Hampshire,Jersey,R20
ORD000290,CUST00112,2023-09-01,Credit Card,SHIPPED,Lake Kevin,Wyoming,Comoros,R03
ORD000291,CUST00387,2025-01-19,UPI,DELIVERED,New Robert,Alabama,Gabon,R19
ORD000292,CUST00241,2024-10-02,UPI,PLACED,Jacksonborough,Florida,Tanzania,R09
ORD000293,CUST00008,2022-09-20,UPI,SHIPPED,Taylorville,Colorado,French Polynesia,R17
ORD000294,CUST00008,2022-08-17,Cash on Delivery,RETURNED,Javierchester,Texas,Burundi,R09
ORD000295,CUST00498,2025-11-29,Debit Card,DELIVERED,Shelleyside,Vermont,Gibraltar,R11
ORD000296,CUST00380,2023-02-19,Debit Card,RETURNED,North Erin,North Carolina,North Macedonia,R08
ORD000297,CUST00370,2025-10-08,Net Banking,DELIVERED,New Jessicaville,West Virginia,Nigeria,R12
ORD000298,CUST00339,2025-12-16,UPI,DELIVERED,Hernandezbury,Washington,Georgia,R13
ORD000299,CUST00143,2025-11-10,UPI,CANCELLED,Lake Carolynfurt,Kentucky,Cyprus,R09
ORD000300,CUST00255,2022-11-09,Cash on Delivery,DELIVERED,Lindaberg,Washington,Finland,R16
ORD000301,CUST00528,2023-12-18,Credit Card,PLACED,West Elizabeth,Mississippi,Martinique,R11
ORD000302,CUST00018,2023-01-02,UPI,RETURNED,East Jose,Illinois,Zambia,R11
ORD000303,CUST00695,2025-06-20,Cash on Delivery,DELIVERED,Port Hannahland,Colorado,Romania,R20
ORD000304,CUST00084,2025-07-20,Net Banking,RETURNED,Melindahaven,New York,Iraq,R04
ORD000305,CUST00395,2022-02-13,Credit Card,DELIVERED,Tinaview,Mississippi,Tonga,R17
ORD000306,CUST00586,2023-12-27,Cash on Delivery,PLACED,Hendricksshire,Utah,Ethiopia,R16
ORD000307,CUST00090,2024-02-15,Cash on Delivery,RETURNED,Laurafurt,Pennsylvania,Rwanda,R15
ORD000308,CUST00173,2025-10-22,UPI,DELIVERED,Jennifermouth,Illinois,Guyana,R18
ORD000309,CUST00247,2023-01-08,Credit Card,DELIVERED,Woodfort,Louisiana,India,R03
ORD000310,CUST00109,2023-08-24,UPI,DELIVERED,Riversland,Nevada,Cote d'Ivoire,R11
ORD000311,CUST00393,2025-11-08,Credit Card,DELIVERED,Davidburgh,Michigan,France,R16
ORD000312,CUST00687,2023-07-29,Credit Card,RETURNED,New Heiditown,Oregon,Grenada,R16
ORD000313,,2025-12-08,Debit Card,CANCELLED,Williammouth,Idaho,Senegal,R19
ORD000314,CUST00616,2023-09-12,Debit Card,DELIVERED,West Kristin,Mississippi,Morocco,R13
ORD000315,CUST00670,2023-08-16,Cash on Delivery,RETURNED,Turnermouth,Idaho,Bouvet Island (Bouvetoya),R14
ORD000316,CUST00239,2025-08-18,UPI,DELIVERED,North Shawn,Louisiana,Burkina Faso,R04
ORD000317,,2023-01-08,Cash on Delivery,RETURNED,Kimberlyshire,Delaware,Ethiopia,R04
ORD000318,,2022-10-10,Debit Card,RETURNED,Martinezport,Arkansas,Papua New Guinea,R19
ORD000319,CUST00002,2023-02-16,Cash on Delivery,DELIVERED,East Laura,Hawaii,Wallis and Futuna,R13
ORD000320,CUST00434,2023-10-08,Debit Card,DELIVERED,West Kimberlyport,Indiana,Saint Barthelemy,R05
ORD000321,CUST00533,2025-06-11,Cash on Delivery,DELIVERED,South Ashleybury,Texas,Sierra Leone,R13
ORD000322,CUST00010,2023-12-13,Net Banking,DELIVERED,North Susan,Utah,United Kingdom,R10
ORD000323,CUST00225,2022-01-29,Net Banking,DELIVERED,New Debbieville,New York,Wallis and Futuna,R10
ORD000324,CUST00150,2024-04-04,UPI,DELIVERED,Samanthaberg,Delaware,Belgium,R10
ORD000325,CUST00515,04/04/2024,Cash on Delivery,DELIVERED,Jessicamouth,Colorado,United States Virgin Islands,R07
ORD000326,CUST00507,2025-12-19,Net Banking,SHIPPED,Lucasborough,Mississippi,Suriname,R11
ORD000327,CUST00157,2024-10-19,Credit Card,CANCELLED,Jocelynburgh,Nevada,Tuvalu,R08
ORD000328,CUST00054,2025-11-08,Credit Card,CANCELLED,Greenfort,Arkansas,Bouvet Island (Bouvetoya),R13
ORD000329,CUST00307,2026-02-19,UPI,DELIVERED,Leeburgh,Tennessee,Vietnam,R11
ORD000330,CUST00433,2025-06-21,Debit Card,DELIVERED,Lake Allisonmouth,West Virginia,Swaziland,R13
ORD000331,,2022-08-18,Debit Card,DELIVERED,South Steven,Florida,Morocco,R07
ORD000332,CUST00562,2023-10-30,Credit Card,DELIVERED,Flemingchester,Illinois,Congo,R19
ORD000333,CUST00056,2023-12-29,Debit Card,DELIVERED,North Joshuaton,Tennessee,Sweden,R06
ORD000334,CUST00592,2022-03-14,Net Banking,DELIVERED,Lisamouth,Ohio,Bahrain,R05
ORD000335,CUST00215,2022-02-08,Credit Card,DELIVERED,Markhaven,Texas,Aruba,R01
ORD000336,CUST00371,2022-02-26,Cash on Delivery,DELIVERED,East Timothyburgh,Washington,Brunei Darussalam,R05
ORD000337,CUST00386,2022-04-13,Net Banking,DELIVERED,Jacobmouth,Texas,Tanzania,R06
ORD000338,CUST00058,2022-10-30,Net Banking,DELIVERED,South Anthonyport,Iowa,Montserrat,R02
ORD000339,CUST00121,2026-06-10,Net Banking,RETURNED,Port Samanthafurt,North Dakota,Sri Lanka,R13
ORD000340,CUST00251,2024-09-01,Credit Card,DELIVERED,South Victoriaton,Illinois,British Virgin Islands,R10
ORD000341,CUST00611,2022-11-04,Net Banking,DELIVERED,Deanstad,Virginia,Cape Verde,R03
ORD000342,CUST00475,2024-03-15,Net Banking,DELIVERED,Thompsontown,Rhode Island,Oman,R15
ORD000343,,2022-10-17,UPI,SHIPPED,Bowersstad,Florida,Saint Helena,R16
ORD000344,CUST00657,2023-08-04,Cash on Delivery,DELIVERED,Margaretborough,Kansas,Cameroon,R19
ORD000345,CUST00587,04/08/2023,UPI,DELIVERED,East Danielle,Wyoming,Suriname,R06
ORD000346,CUST00394,2023-11-19,Net Banking,DELIVERED,Lake Christina,North Dakota,Netherlands,R05
ORD000347,CUST00102,2024-08-02,Cash on Delivery,DELIVERED,North Justin,New Mexico,Portugal,R01
ORD000348,CUST00404,2024-12-13,Cash on Delivery,DELIVERED,Port Michael,Florida,Denmark,R17
ORD000349,CUST00501,2023-10-20,Cash on Delivery,DELIVERED,Millerstad,Arizona,Latvia,R04
ORD000350,CUST00213,2023-09-09,UPI,DELIVERED,North Andreamouth,Arizona,Malawi,R20
ORD000351,CUST00185,2022-10-19,Net Banking,CANCELLED,Lawsonville,Wisconsin,Madagascar,R04
ORD000352,CUST00041,2025-06-07,Credit Card,DELIVERED,Port Melissa,Missouri,Argentina,R03
ORD000353,CUST00576,2022-06-03,UPI,SHIPPED,South Davidfurt,Connecticut,Guinea,R04
ORD000354,CUST00519,2024-09-28,Cash on Delivery,DELIVERED,New Erica,South Dakota,Cocos (Keeling) Islands,R01
ORD000355,CUST00255,2025-01-01,Cash on Delivery,RETURNED,Port Trevorchester,Virginia,Serbia,R10
ORD000356,CUST00675,2023-02-12,Credit Card,DELIVERED,Kimberlyfort,Illinois,Greece,R11
ORD000357,CUST00536,2023-11-19,Debit Card,DELIVERED,Davidborough,Indiana,Portugal,R17
ORD000358,CUST00215,2022-08-26,UPI,DELIVERED,East Samantha,North Carolina,Andorra,R07
ORD000359,CUST00146,2024-09-13,Credit Card,RETURNED,Port Catherineview,Georgia,Guatemala,R20
ORD000360,CUST00566,2024-05-20,Debit Card,DELIVERED,Lake Lisa,Utah,Norfolk Island,R20
ORD000361,CUST00433,2025-08-29,Debit Card,DELIVERED,East Jessica,Minnesota,Iraq,R06
ORD000362,CUST00410,2022-03-30,Debit Card,DELIVERED,Whitemouth,Indiana,Holy See (Vatican City State),R05
ORD000363,CUST00549,2024-10-16,Debit Card,RETURNED,South Johnfort,Kansas,Bangladesh,R07
ORD000364,CUST00382,2025-08-21,Cash on Delivery,DELIVERED,New Brianfurt,Utah,South Africa,R14
ORD000365,CUST00158,2024-02-03,Net Banking,DELIVERED,Danbury,Alabama,Libyan Arab Jamahiriya,R20
ORD000366,CUST00254,2024-11-05,UPI,DELIVERED,Jermaineside,Maryland,Sierra Leone,R18
ORD000367,CUST00417,2022-07-09,UPI,DELIVERED,Eddieland,Iowa,Singapore,R11
ORD000368,CUST00280,2023-08-22,Credit Card,DELIVERED,South Donna,North Carolina,Slovenia,R04
ORD000369,CUST00387,22/08/2023,UPI,DELIVERED,Elizabethbury,Oregon,Switzerland,R04
ORD000370,CUST00180,2025-01-23,Debit Card,DELIVERED,Sandovalfurt,California,Germany,R16
ORD000371,CUST00098,2025-02-08,Cash on Delivery,CANCELLED,Krystalton,Mississippi,Ghana,R18
ORD000372,CUST00278,2023-01-26,UPI,DELIVERED,Port Grantland,Mississippi,Benin,R13
ORD000373,CUST00186,2023-10-28,Cash on Delivery,DELIVERED,Charlesshire,Wyoming,Uruguay,R13
ORD000374,CUST00489,2024-11-11,Debit Card,PLACED,Markview,Alaska,Montenegro,R17
ORD000375,CUST00160,2025-12-20,Credit Card,DELIVERED,New Jennifershire,Indiana,Nauru,R09
ORD000376,CUST00055,2023-05-14,Debit Card,DELIVERED,Paynestad,Idaho,Bahamas,R08
ORD000377,CUST00695,2024-01-12,Net Banking,DELIVERED,Port Derrickview,Hawaii,Jordan,R12
ORD000378,CUST00480,2022-09-03,Debit Card,RETURNED,North Cindyfort,Connecticut,Burkina Faso,R17
ORD000379,CUST00235,2025-02-06,UPI,RETURNED,East Kyleborough,Oregon,Ecuador,R14
ORD000380,CUST00321,2025-03-14,UPI,SHIPPED,Bullockfurt,New Jersey,Martinique,R08
ORD000381,CUST00096,2024-05-30,UPI,SHIPPED,Sullivanshire,North Dakota,Lebanon,R10
ORD000382,CUST00568,2022-12-01,UPI,RETURNED,East Ronaldfort,Iowa,Belgium,R14
ORD000383,CUST00694,2025-05-24,Credit Card,DELIVERED,East Samuel,Missouri,Peru,R17
ORD000384,CUST00694,2025-04-02,UPI,DELIVERED,South Susanshire,North Dakota,Martinique,R20
ORD000385,CUST00195,2024-08-23,UPI,DELIVERED,Wongchester,Minnesota,Dominica,R18
ORD000386,CUST00354,2025-07-29,Cash on Delivery,DELIVERED,Lake Gail,Vermont,Puerto Rico,R02
ORD000387,,2023-04-25,Credit Card,DELIVERED,North Carrie,South Dakota,Sierra Leone,R17
ORD000388,CUST00231,2023-08-17,Debit Card,CANCELLED,Kyletown,North Carolina,Peru,R17
ORD000389,CUST00362,2025-01-31,Net Banking,DELIVERED,Hunterville,Georgia,Aruba,R06
ORD000390,CUST00383,2022-09-04,Debit Card,RETURNED,New Chadtown,Wyoming,Guernsey,R08
ORD000391,CUST00553,2024-01-26,UPI,DELIVERED,Nelsonport,Oregon,Northern Mariana Islands,R16
ORD000392,CUST00301,2023-12-10,UPI,DELIVERED,Timothyton,Alabama,Burundi,R19
ORD000393,CUST00404,2023-10-16,Debit Card,RETURNED,Fosterport,Ohio,Papua New Guinea,R17
ORD000394,CUST00037,2025-03-30,Cash on Delivery,CANCELLED,Crawfordport,Oregon,Kiribati,R02
ORD000395,CUST00365,2024-07-10,Net Banking,DELIVERED,Mcleanland,Nebraska,Suriname,R12
ORD000396,CUST00110,2022-11-09,Credit Card,DELIVERED,Zamorachester,Vermont,Antigua and Barbuda,R01
ORD000397,CUST00104,2023-02-04,Credit Card,SHIPPED,Antoniochester,Kansas,Guinea,R17
ORD000398,CUST00158,2023-05-04,Net Banking,PLACED,South James,Pennsylvania,Saint Vincent and the Grenadines,R09
ORD000399,CUST00232,2023-08-23,Debit Card,DELIVERED,Annetteburgh,New Jersey,Kazakhstan,R14
ORD000400,CUST00187,2022-05-03,Debit Card,DELIVERED,Lake Arianastad,Florida,Montenegro,R15
ORD000401,CUST00673,2024-12-17,Credit Card,DELIVERED,Walkerborough,Arkansas,Puerto Rico,R14
ORD000402,CUST00006,2023-07-31,Credit Card,DELIVERED,Ballburgh,Mississippi,Guernsey,R10
ORD000403,CUST00042,2022-06-21,Net Banking,DELIVERED,New Evan,Nebraska,Peru,R02
ORD000404,CUST00165,2022-11-17,Net Banking,RETURNED,Evansland,Massachusetts,Nicaragua,R09
ORD000405,CUST00122,2023-03-27,Cash on Delivery,DELIVERED,Cherylstad,Maine,Isle of Man,R05
ORD000406,CUST00333,2024-10-18,Net Banking,DELIVERED,Wrightmouth,Wisconsin,Estonia,R13
ORD000407,CUST00135,2025-09-20,UPI,DELIVERED,Julieport,Virginia,Equatorial Guinea,R05
ORD000408,CUST00160,2025-05-05,UPI,DELIVERED,Port Peggyville,Montana,Montenegro,R08
ORD000409,CUST00054,2025-12-12,Debit Card,DELIVERED,Port Catherine,Virginia,Western Sahara,R20
ORD000410,CUST00009,2025-08-25,Debit Card,DELIVERED,Joshuamouth,Maine,Czech Republic,R03
ORD000411,CUST00440,2024-06-12,Credit Card,DELIVERED,Natalieview,Alaska,Malta,R06
ORD000412,CUST00256,2025-03-25,UPI,CANCELLED,East Jeffrey,Pennsylvania,Greenland,R08
ORD000413,CUST00683,2024-02-17,Credit Card,DELIVERED,Andersonfort,Washington,Vietnam,R04
ORD000414,CUST00515,2022-12-06,Credit Card,RETURNED,Coryburgh,Connecticut,Algeria,R19
ORD000415,CUST00645,2025-10-21,Credit Card,DELIVERED,Andersonburgh,Delaware,Tokelau,R13
ORD000416,CUST00040,2024-01-14,Credit Card,RETURNED,South Markhaven,Minnesota,Congo,R14
ORD000417,CUST00019,2023-03-22,UPI,CANCELLED,Woodfort,Pennsylvania,Bulgaria,R13
ORD000418,CUST00418,2025-08-27,Credit Card,DELIVERED,North John,Arizona,Gabon,R14
ORD000419,CUST00491,2023-03-09,Net Banking,DELIVERED,Charlesfurt,California,Cameroon,R10
ORD000420,CUST00113,2025-01-28,Debit Card,RETURNED,New Brian,Alaska,Cambodia,R14
ORD000421,CUST00253,2025-10-25,UPI,DELIVERED,Danielville,Indiana,Saint Martin,R01
ORD000422,CUST00054,2025-09-03,Debit Card,DELIVERED,Cookfurt,Minnesota,Marshall Islands,R16
ORD000423,CUST00287,2025-01-03,UPI,DELIVERED,Leeshire,Michigan,Niue,R09
ORD000424,CUST00504,2024-11-18,Debit Card,DELIVERED,Maynardside,Nevada,Sri Lanka,R01
ORD000425,CUST00700,2022-05-03,Credit Card,DELIVERED,North Jose,Mississippi,Micronesia,R12
ORD000426,CUST00604,2023-04-09,Debit Card,DELIVERED,West Heather,Montana,Iceland,R09
ORD000427,CUST00216,2022-12-10,UPI,RETURNED,North Jeffreyside,Oklahoma,Heard Island and McDonald Islands,R05
ORD000428,CUST00645,2022-03-16,UPI,PLACED,West Pamela,Illinois,Switzerland,R07
ORD000429,CUST00198,2023-09-25,UPI,SHIPPED,Lake Joyce,Arizona,Togo,R18
ORD000430,CUST00634,2023-01-22,Net Banking,RETURNED,West Stephen,Idaho,Estonia,R07
ORD000431,CUST00547,2023-09-24,UPI,DELIVERED,Lake Daniel,Maryland,Djibouti,R14
ORD000432,CUST00564,2024-10-27,Cash on Delivery,RETURNED,Kleinchester,North Carolina,Saint Vincent and the Grenadines,R12
ORD000433,CUST00460,2024-12-12,UPI,RETURNED,Harringtonside,Alaska,Antigua and Barbuda,R03
ORD000434,CUST00495,2024-05-07,Cash on Delivery,DELIVERED,Jenniferberg,Oregon,Tokelau,R06
ORD000435,CUST00614,2023-03-12,Credit Card,DELIVERED,Mullinston,Georgia,Turks and Caicos Islands,R19
ORD000436,CUST00063,2025-06-04,Credit Card,DELIVERED,Lake Elainefort,New Hampshire,Tuvalu,R13
ORD000437,,2023-03-21,Cash on Delivery,RETURNED,South Josephton,Maryland,Cote d'Ivoire,R06
ORD000438,CUST00449,2025-07-31,Net Banking,DELIVERED,Brianbury,Ohio,South Africa,R13
ORD000439,CUST00411,2025-05-14,Credit Card,DELIVERED,Staceyburgh,Hawaii,Suriname,R06
ORD000440,CUST00586,2024-05-18,UPI,CANCELLED,Robertmouth,Idaho,Kiribati,R17
ORD000441,CUST00467,2025-03-13,Cash on Delivery,DELIVERED,Jessicaburgh,Illinois,Cook Islands,R08
ORD000442,CUST00304,2022-07-27,Cash on Delivery,DELIVERED,New Laura,Alabama,Burkina Faso,R08
ORD000443,CUST00047,2022-01-26,Debit Card,PLACED,West Richard,Connecticut,Cuba,R05
ORD000444,CUST00285,2022-11-14,Debit Card,CANCELLED,East Andrewborough,Kentucky,Ireland,R02
ORD000445,CUST00658,2026-03-04,Cash on Delivery,DELIVERED,Alexanderville,Texas,United Arab Emirates,R12
ORD000446,CUST00648,2023-10-27,Debit Card,DELIVERED,Diaztown,New Hampshire,Togo,R18
ORD000447,CUST00271,2023-10-26,Net Banking,RETURNED,Port Timothy,South Carolina,Guatemala,R10
ORD000448,CUST00333,2026-01-12,Debit Card,DELIVERED,Johnton,Idaho,Fiji,R09
ORD000449,CUST00181,2024-09-23,UPI,DELIVERED,Jasonland,Idaho,United States Minor Outlying Islands,R19
ORD000450,CUST00109,2022-12-25,Net Banking,RETURNED,Lisaburgh,Kansas,Antarctica (the territory South of 60 deg S),R09
ORD000451,CUST00642,2022-12-03,Cash on Delivery,DELIVERED,Jenniferberg,Arizona,Brunei Darussalam,R15
ORD000452,CUST00226,2024-04-19,Credit Card,DELIVERED,Stephenshire,West Virginia,South Georgia and the South Sandwich Islands,R13
ORD000453,CUST00160,2025-11-25,Net Banking,DELIVERED,North Shawnburgh,Hawaii,Panama,R16
ORD000454,CUST00096,2025-05-23,Net Banking,DELIVERED,West Brett,Mississippi,Azerbaijan,R06
ORD000455,CUST00194,2023-11-14,Credit Card,DELIVERED,Hendricksview,Texas,Turks and Caicos Islands,R01
ORD000456,CUST00318,2024-04-28,Credit Card,CANCELLED,Blairville,New Mexico,Norway,R20
ORD000457,CUST00193,2024-09-15,UPI,DELIVERED,Morrisview,Nebraska,Botswana,R15
ORD000458,CUST00661,15/09/2024,Cash on Delivery,DELIVERED,West Brendan,Mississippi,Northern Mariana Islands,R01
ORD000459,CUST00618,2024-04-21,Net Banking,PLACED,New Monique,New Hampshire,Cape Verde,R01
ORD000460,CUST00660,2025-05-10,Credit Card,DELIVERED,Fullermouth,North Carolina,Tunisia,R03
ORD000461,CUST00275,2025-12-17,Cash on Delivery,PLACED,East Ericton,Pennsylvania,Slovenia,R01
ORD000462,CUST00109,2024-12-04,Debit Card,CANCELLED,Paulside,Maine,Rwanda,R03
ORD000463,CUST00208,2023-01-31,Cash on Delivery,RETURNED,East Todd,South Dakota,Comoros,R06
ORD000464,CUST00315,2023-12-03,Credit Card,DELIVERED,Port Jacobberg,Colorado,Benin,R18
ORD000465,,2022-03-15,UPI,PLACED,New Stephenhaven,Arizona,Dominica,R02
ORD000466,CUST00106,2024-12-18,UPI,DELIVERED,Toniside,Nebraska,Sri Lanka,R14
ORD000467,CUST00146,2025-11-27,Credit Card,PLACED,Lake Sabrinaland,New Jersey,Timor-Leste,R14
ORD000468,CUST00395,2022-03-18,Debit Card,DELIVERED,Carterton,South Dakota,Venezuela,R13
ORD000469,CUST00116,2022-12-17,UPI,DELIVERED,West Dale,South Carolina,Niger,R10
ORD000470,CUST00366,2023-01-27,Debit Card,DELIVERED,Gregorymouth,West Virginia,Turks and Caicos Islands,R03
ORD000471,CUST00045,2025-10-26,Credit Card,DELIVERED,South Curtisburgh,Georgia,United Kingdom,R11
ORD000472,CUST00615,2024-02-04,Net Banking,DELIVERED,Goodmanbury,Iowa,Moldova,R10
ORD000473,CUST00640,2023-12-07,Debit Card,CANCELLED,East Andrew,Maine,Canada,R09
ORD000474,CUST00512,2022-08-13,Debit Card,CANCELLED,South Gregorymouth,Utah,Sudan,R03
ORD000475,CUST00003,2023-02-09,Credit Card,DELIVERED,Hornborough,Illinois,Saint Vincent and the Grenadines,R05
ORD000476,CUST00328,2025-02-17,Net Banking,DELIVERED,Lake Amberborough,Illinois,French Guiana,R16
ORD000477,CUST00069,2023-04-03,Net Banking,RETURNED,Scotttown,Maryland,Macao,R09
ORD000478,CUST00149,2025-07-29,Credit Card,DELIVERED,Romeroshire,Michigan,American Samoa,R13
ORD000479,CUST00362,2023-02-25,Net Banking,DELIVERED,Smithburgh,Alabama,Tokelau,R14
ORD000480,CUST00617,2023-08-05,Debit Card,DELIVERED,Cannonstad,California,New Zealand,R08
ORD000481,CUST00393,2025-04-05,Net Banking,DELIVERED,Jakemouth,New York,Equatorial Guinea,R16
ORD000482,CUST00546,2024-08-27,Credit Card,DELIVERED,South Ronald,Texas,Cote d'Ivoire,R19
ORD000483,CUST00432,2022-09-06,Credit Card,DELIVERED,Robertview,Idaho,Korea,R08
ORD000484,CUST00371,2025-12-02,UPI,DELIVERED,Wellsburgh,Hawaii,United States Minor Outlying Islands,R16
ORD000485,,2023-07-12,UPI,RETURNED,North Robert,Montana,Guernsey,R12
ORD000486,CUST00143,2024-04-23,Credit Card,CANCELLED,East Lisaberg,Alaska,Palau,R18
ORD000487,CUST00432,2023-07-28,Credit Card,SHIPPED,East Brittany,Delaware,Barbados,R05
ORD000488,CUST00121,2023-05-17,Credit Card,DELIVERED,Robinsonberg,Pennsylvania,Ghana,R01
ORD000489,CUST00435,2023-05-06,UPI,DELIVERED,Hallbury,New Jersey,Paraguay,R03
ORD000490,CUST00489,2025-01-23,Credit Card,PLACED,Lake Ricky,South Carolina,Saint Kitts and Nevis,R12
ORD000491,CUST00145,2023-04-06,UPI,PLACED,North Ryan,California,Grenada,R14
ORD000492,,2024-10-27,Net Banking,DELIVERED,Cindytown,Tennessee,Paraguay,R17
ORD000493,CUST00307,2024-05-06,Debit Card,DELIVERED,Coltonborough,Washington,Botswana,R01
ORD000494,CUST00294,2022-12-13,UPI,RETURNED,North Josephside,Iowa,Romania,R02
ORD000495,CUST00619,2025-08-22,Cash on Delivery,DELIVERED,North Lori,Colorado,Christmas Island,R13
ORD000496,CUST00434,2025-08-14,Net Banking,DELIVERED,North Stephanie,Idaho,Slovenia,R09
ORD000497,CUST00586,2022-04-29,Credit Card,DELIVERED,Karahaven,Texas,United States Minor Outlying Islands,R06
ORD000498,CUST00279,29/04/2022,Credit Card,DELIVERED,Lake Nathanberg,Nevada,Mayotte,R13
ORD000499,,2023-10-11,Net Banking,DELIVERED,Esparzaport,Alabama,Bosnia and Herzegovina,R18
ORD000500,CUST00620,2025-04-01,Net Banking,DELIVERED,New Markside,Ohio,Azerbaijan,R13
ORD000501,,2023-08-29,Debit Card,DELIVERED,Vanessaberg,Utah,Afghanistan,R07
ORD000502,CUST00277,2022-03-08,UPI,DELIVERED,Thompsonhaven,New York,Kenya,R11
ORD000503,CUST00029,2024-09-18,Credit Card,DELIVERED,Sanchezmouth,North Dakota,Greece,R03
ORD000504,CUST00217,2025-04-20,Debit Card,DELIVERED,Littleport,Montana,San Marino,R07
ORD000505,CUST00654,2023-04-28,Credit Card,DELIVERED,New Ryanberg,Indiana,French Polynesia,R19
ORD000506,,2024-10-19,Net Banking,PLACED,North Cheryl,Virginia,Venezuela,R11
ORD000507,CUST00096,2023-11-09,UPI,RETURNED,East Charles,Idaho,Andorra,R10
ORD000508,CUST00408,2023-04-20,Debit Card,DELIVERED,North Justinview,Ohio,Cuba,R12
ORD000509,CUST00133,2025-05-21,UPI,DELIVERED,West Jessicahaven,Oregon,Sierra Leone,R17
ORD000510,CUST00104,2025-08-31,Credit Card,PLACED,North Thomasmouth,Georgia,Sweden,R13
ORD000511,CUST00489,2025-03-27,UPI,DELIVERED,Chapmanview,Oregon,Portugal,R05
ORD000512,CUST00699,2024-03-29,UPI,RETURNED,Lake Eugeneborough,Delaware,Saint Pierre and Miquelon,R08
ORD000513,CUST00221,2024-05-03,Credit Card,DELIVERED,North Jeffreychester,Nevada,Ireland,R06
ORD000514,CUST00514,2022-02-02,Cash on Delivery,DELIVERED,Lake Aaron,Alabama,Guernsey,R11
ORD000515,CUST00459,2025-12-25,Debit Card,DELIVERED,Lake Evan,Michigan,Congo,R20
ORD000516,CUST00442,2024-04-25,Net Banking,DELIVERED,Lopezville,Alabama,Gibraltar,R20
ORD000517,CUST00622,2024-09-08,Credit Card,DELIVERED,West Lisaview,Kansas,Turks and Caicos Islands,R16
ORD000518,CUST00100,2024-04-02,Credit Card,DELIVERED,New Jennifer,Minnesota,Micronesia,R10
ORD000519,CUST00561,2024-12-06,UPI,DELIVERED,South Megan,South Carolina,Chile,R15
ORD000520,CUST00322,2024-10-22,Debit Card,DELIVERED,North Shannonside,Vermont,Jersey,R09
ORD000521,CUST00591,2022-09-12,UPI,SHIPPED,Avilabury,Iowa,Christmas Island,R15
ORD000522,CUST00265,2026-05-03,Credit Card,RETURNED,Port Walter,Missouri,Peru,R19
ORD000523,CUST00500,2025-05-11,Debit Card,DELIVERED,East Lisa,Nebraska,United Arab Emirates,R20
ORD000524,CUST00697,2025-03-06,Debit Card,DELIVERED,New Matthewville,South Dakota,Mauritius,R20
ORD000525,CUST00322,2025-11-19,Net Banking,DELIVERED,Thompsonmouth,Connecticut,Egypt,R09
ORD000526,CUST00699,2023-11-06,UPI,DELIVERED,Tammyville,Alabama,Belarus,R08
ORD000527,CUST00575,2022-10-22,UPI,DELIVERED,Lake William,Hawaii,Cook Islands,R06
ORD000528,CUST00584,2025-10-30,UPI,DELIVERED,Lake Chelsea,Connecticut,Peru,R15
ORD000529,CUST00686,2024-04-19,Net Banking,DELIVERED,West Rachael,New Jersey,Saint Pierre and Miquelon,R18
ORD000530,CUST00477,2024-07-21,Credit Card,DELIVERED,New Thomastown,Montana,Zambia,R13
ORD000531,CUST00444,2025-10-23,Debit Card,SHIPPED,Snyderville,Tennessee,Aruba,R11
ORD000532,CUST00619,2023-10-19,Net Banking,DELIVERED,Margaretburgh,Alabama,North Macedonia,R15
ORD000533,CUST00040,2025-10-28,Net Banking,DELIVERED,Port Destinyview,Kansas,Sierra Leone,R07
ORD000534,CUST00328,2022-04-27,Cash on Delivery,DELIVERED,South Catherine,Nebraska,Brazil,R02
ORD000535,CUST00371,2023-12-17,Net Banking,DELIVERED,West Tarachester,Pennsylvania,Timor-Leste,R07
ORD000536,CUST00024,2024-04-08,Net Banking,DELIVERED,New Heather,Minnesota,Panama,R06
ORD000537,CUST00086,2024-02-12,Debit Card,DELIVERED,Lake Emma,Virginia,Swaziland,R10
ORD000538,CUST00463,2025-02-10,Cash on Delivery,DELIVERED,Lake Peter,Mississippi,Qatar,R09
ORD000539,CUST00189,2025-06-30,UPI,RETURNED,Fergusonburgh,South Carolina,Trinidad and Tobago,R14
ORD000540,CUST00351,2023-07-04,Debit Card,DELIVERED,East Marioborough,Maryland,Nicaragua,R12
ORD000541,CUST00430,2024-02-27,Cash on Delivery,DELIVERED,West Mark,Rhode Island,Faroe Islands,R06
ORD000542,CUST00448,2024-11-08,Cash on Delivery,DELIVERED,Fullertown,Wisconsin,Kenya,R01
ORD000543,CUST00575,2025-02-20,Cash on Delivery,DELIVERED,Oliviashire,Rhode Island,Angola,R19
ORD000544,CUST00632,2023-11-23,Debit Card,PLACED,Courtneyberg,Wisconsin,Niger,R15
ORD000545,CUST00152,2023-10-03,Debit Card,DELIVERED,Garzaport,California,Serbia,R14
ORD000546,CUST00270,2023-11-12,UPI,RETURNED,Washingtonside,Alabama,Micronesia,R05
ORD000547,CUST00650,2025-04-29,Cash on Delivery,SHIPPED,Parkerfort,Kentucky,Monaco,R07
ORD000548,CUST00193,2023-07-01,Cash on Delivery,DELIVERED,Richardland,North Carolina,Congo,R20
ORD000549,CUST00387,2025-05-31,Credit Card,RETURNED,Danielmouth,Kansas,France,R19
ORD000550,,2025-07-27,Debit Card,PLACED,Stonemouth,Indiana,Iran,R10
ORD000551,CUST00515,2025-02-12,UPI,DELIVERED,South Kellyshire,Ohio,Antarctica (the territory South of 60 deg S),R15
ORD000552,CUST00424,2023-02-17,Debit Card,CANCELLED,Leslieburgh,Texas,Northern Mariana Islands,R14
ORD000553,CUST00536,17/02/2023,Credit Card,DELIVERED,Liumouth,Hawaii,British Indian Ocean Territory (Chagos Archipelago),R12
ORD000554,CUST00182,2025-07-22,Credit Card,DELIVERED,East Raymondmouth,Arizona,Indonesia,R13
ORD000555,CUST00292,2023-09-14,Net Banking,DELIVERED,Angelaton,Alaska,Tajikistan,R20
ORD000556,CUST00102,2026-02-05,UPI,DELIVERED,West Amanda,Kentucky,Guinea-Bissau,R20
ORD000557,CUST00422,2024-03-18,Cash on Delivery,RETURNED,Port Jeffreyside,Ohio,Montserrat,R04
ORD000558,CUST00649,2024-05-13,Cash on Delivery,CANCELLED,Port Elizabeth,Arizona,Greenland,R10
ORD000559,CUST00431,2024-01-20,Net Banking,DELIVERED,Elizabethside,Oklahoma,Dominica,R04
ORD000560,CUST00201,2024-08-19,UPI,DELIVERED,Greenville,Oklahoma,Guatemala,R15
ORD000561,CUST00423,2023-10-09,Net Banking,PLACED,North Edward,New Hampshire,Solomon Islands,R12
ORD000562,CUST00230,2023-07-30,Debit Card,CANCELLED,North Aaronton,Utah,Guatemala,R09
ORD000563,CUST00315,2025-01-23,Net Banking,DELIVERED,Wolffurt,Connecticut,Nauru,R01
ORD000564,CUST00425,2025-10-12,UPI,DELIVERED,Deannatown,Minnesota,Iceland,R12
ORD000565,CUST00532,2023-03-31,Cash on Delivery,DELIVERED,New Joseshire,Illinois,Sweden,R06
ORD000566,CUST00586,31/03/2023,Net Banking,DELIVERED,Irwinport,Nevada,Kiribati,R13
ORD000567,,2024-06-03,Cash on Delivery,DELIVERED,New Kathleentown,Tennessee,British Indian Ocean Territory (Chagos Archipelago),R13
ORD000568,CUST00178,2024-04-04,Debit Card,DELIVERED,Martinton,Alaska,Bouvet Island (Bouvetoya),R14
ORD000569,CUST00237,2024-09-07,Credit Card,DELIVERED,South Nathan,Vermont,British Virgin Islands,R19
ORD000570,CUST00402,2022-03-15,Debit Card,CANCELLED,West Samantha,Maryland,Zambia,R06
ORD000571,CUST00331,2023-01-27,UPI,PLACED,New Caitlin,Arizona,India,R01
ORD000572,CUST00644,2024-01-22,Credit Card,PLACED,Elizabethchester,Oklahoma,United Kingdom,R18
ORD000573,CUST00081,2025-12-14,UPI,DELIVERED,Cardenasstad,Hawaii,Gabon,R05
ORD000574,CUST00465,2022-03-01,Debit Card,DELIVERED,Thomasberg,Delaware,Gibraltar,R08
ORD000575,CUST00305,2025-11-14,Credit Card,DELIVERED,Cherylchester,New Mexico,Burundi,R13
ORD000576,CUST00267,2023-05-05,Debit Card,SHIPPED,Tateburgh,Idaho,British Virgin Islands,R05
ORD000577,CUST00643,2024-08-04,Cash on Delivery,CANCELLED,West Joeport,New Hampshire,South Africa,R04
ORD000578,,2022-02-15,UPI,DELIVERED,Victorfort,Missouri,Gabon,R10
ORD000579,CUST00269,2024-04-20,UPI,SHIPPED,Gailmouth,Mississippi,Nepal,R12
ORD000580,CUST00213,2022-12-13,Net Banking,DELIVERED,Nguyenville,Iowa,Martinique,R14
ORD000581,,2022-12-16,UPI,DELIVERED,Adamland,Florida,France,R14
ORD000582,CUST00385,2023-06-02,Net Banking,CANCELLED,Jefferyburgh,Vermont,Switzerland,R06
ORD000583,CUST00306,2025-08-31,Credit Card,DELIVERED,North Joycefurt,Florida,Palestinian Territory,R20
ORD000584,CUST00033,2022-10-15,Debit Card,RETURNED,Port Carlosfort,Kansas,Uzbekistan,R16
ORD000585,CUST00629,2025-04-24,UPI,DELIVERED,Lake Tara,New York,Cayman Islands,R09
ORD000586,CUST00125,2023-10-24,UPI,DELIVERED,Amandaside,Washington,Egypt,R17
ORD000587,CUST00525,2024-08-17,Credit Card,CANCELLED,Angelamouth,Oklahoma,Greece,R04
ORD000588,CUST00223,2022-09-23,Credit Card,DELIVERED,New Elizabeth,Hawaii,Pitcairn Islands,R05
ORD000589,CUST00275,2025-07-31,Credit Card,RETURNED,Donaldmouth,Connecticut,Iraq,R12
ORD000590,CUST00565,2022-06-29,Net Banking,DELIVERED,Tracyland,New Hampshire,Bangladesh,R16
ORD000591,CUST00447,2022-03-27,Net Banking,RETURNED,Sabrinahaven,South Dakota,Australia,R09
ORD000592,CUST00178,2023-07-19,Debit Card,RETURNED,Carolview,New Hampshire,Korea,R04
ORD000593,CUST00598,2023-04-23,Cash on Delivery,DELIVERED,Thomasstad,South Dakota,Croatia,R07
ORD000594,CUST00500,2023-07-08,Net Banking,DELIVERED,West Samuel,North Dakota,Saint Martin,R09
ORD000595,CUST00327,2025-02-28,Cash on Delivery,DELIVERED,Danielmouth,Delaware,Guinea-Bissau,R07
ORD000596,CUST00581,2024-06-20,UPI,DELIVERED,Jacquelineshire,New Jersey,Cook Islands,R02
ORD000597,CUST00524,2023-02-08,Net Banking,DELIVERED,Melanieborough,Arizona,Grenada,R17
ORD000598,CUST00361,2022-12-26,UPI,DELIVERED,Dixontown,Iowa,Congo,R11
ORD000599,CUST00440,2022-07-13,Debit Card,DELIVERED,South Christopher,California,Portugal,R07
ORD000600,CUST00673,2022-11-09,Credit Card,DELIVERED,Port Dawn,Rhode Island,Cocos (Keeling) Islands,R04
ORD000601,CUST00010,2023-10-26,UPI,DELIVERED,New Thomasside,Idaho,Sudan,R07
ORD000602,CUST00477,2025-11-20,Debit Card,RETURNED,West Laurafort,Ohio,Lebanon,R18
ORD000603,CUST00068,2022-11-01,Cash on Delivery,DELIVERED,West Margaretchester,Idaho,Germany,R07
ORD000604,CUST00106,2024-11-28,Cash on Delivery,RETURNED,West Huntermouth,Vermont,Gambia,R03
ORD000605,CUST00588,2023-09-27,Net Banking,DELIVERED,Marieborough,Massachusetts,Saint Lucia,R14
ORD000606,CUST00326,2022-12-18,Credit Card,DELIVERED,Burnetthaven,Arkansas,Bolivia,R16
ORD000607,CUST00511,2024-03-06,Debit Card,DELIVERED,West Rogerfort,Illinois,French Guiana,R04
ORD000608,CUST00464,2023-03-10,Debit Card,DELIVERED,Crawfordfort,New Hampshire,Samoa,R08
ORD000609,,2023-08-12,UPI,DELIVERED,New Lisa,Pennsylvania,Venezuela,R19
ORD000610,CUST00005,2022-04-12,Debit Card,DELIVERED,Jeffreyfurt,Florida,Namibia,R13
ORD000611,CUST00038,2024-07-28,Cash on Delivery,PLACED,Pamelachester,Kentucky,United Kingdom,R01
ORD000612,CUST00072,2023-06-15,Net Banking,DELIVERED,New Brianashire,Alaska,Portugal,R09
ORD000613,CUST00325,2022-02-27,Net Banking,SHIPPED,North Amandaside,Michigan,Lesotho,R11
ORD000614,CUST00506,2022-12-20,Net Banking,DELIVERED,New Rebeccamouth,Hawaii,Bhutan,R15
ORD000615,CUST00506,2024-12-30,UPI,CANCELLED,New Brookehaven,Maine,United Kingdom,R20
ORD000616,CUST00106,2023-03-23,UPI,CANCELLED,Lake Kenneth,Louisiana,Saint Pierre and Miquelon,R05
ORD000617,CUST00108,2026-05-01,Credit Card,DELIVERED,Christinemouth,Pennsylvania,Heard Island and McDonald Islands,R07
ORD000618,CUST00378,2023-11-12,Cash on Delivery,RETURNED,New Renee,Mississippi,Swaziland,R02
ORD000619,CUST00266,2025-04-19,UPI,DELIVERED,Murphyshire,Minnesota,Saudi Arabia,R10
ORD000620,CUST00077,2024-03-18,Cash on Delivery,DELIVERED,New Judy,Pennsylvania,Austria,R13
ORD000621,,2022-10-06,Credit Card,DELIVERED,North Scott,Pennsylvania,Kyrgyz Republic,R04
ORD000622,CUST00130,2025-02-09,Credit Card,DELIVERED,Port Devinhaven,Ohio,Comoros,R14
ORD000623,CUST00653,2024-09-20,UPI,DELIVERED,Roachmouth,Alabama,Vanuatu,R08
ORD000624,CUST00592,2023-05-25,Net Banking,RETURNED,Ruthview,Michigan,Sudan,R11
ORD000625,CUST00495,2022-06-03,Debit Card,DELIVERED,Lauraborough,Nevada,Luxembourg,R03
ORD000626,CUST00362,2025-03-27,Credit Card,DELIVERED,New Wanda,North Dakota,Bosnia and Herzegovina,R07
ORD000627,CUST00080,2022-05-09,Net Banking,SHIPPED,Lake Jeff,Alaska,Cote d'Ivoire,R01
ORD000628,CUST00687,2024-03-31,Net Banking,DELIVERED,Karenside,Delaware,Singapore,R04
ORD000629,CUST00349,2022-05-08,Cash on Delivery,DELIVERED,New Valerie,New York,Syrian Arab Republic,R17
ORD000630,CUST00321,2024-04-16,Debit Card,DELIVERED,West Sierramouth,Oregon,Algeria,R05
ORD000631,CUST00517,2025-10-10,Credit Card,DELIVERED,Lake Laurashire,South Dakota,Tanzania,R12
ORD000632,CUST00395,2026-05-21,Credit Card,DELIVERED,Port Daniel,New Jersey,Morocco,R07
ORD000633,CUST00071,2022-03-15,Credit Card,DELIVERED,Leslieside,Nevada,Uzbekistan,R19
ORD000634,CUST00664,2023-10-20,Net Banking,CANCELLED,East Madeline,Mississippi,Benin,R04
ORD000635,CUST00247,2024-09-02,Net Banking,DELIVERED,Julieside,Wisconsin,Angola,R01
ORD000636,CUST00488,2025-03-18,Net Banking,DELIVERED,Woodwardtown,Wyoming,Taiwan,R04
ORD000637,CUST00564,2024-11-05,Net Banking,DELIVERED,Jamesfurt,Alaska,San Marino,R13
ORD000638,CUST00515,2025-03-02,Debit Card,SHIPPED,North Barbarashire,Colorado,Algeria,R09
ORD000639,CUST00379,2023-01-22,Net Banking,DELIVERED,Port Ashley,New Mexico,Gambia,R14
ORD000640,CUST00199,2022-07-28,Net Banking,DELIVERED,Michaelbury,Washington,Japan,R09
ORD000641,CUST00543,2022-03-07,Cash on Delivery,DELIVERED,Lake Amandaside,Connecticut,Togo,R02
ORD000642,CUST00662,2024-02-20,UPI,DELIVERED,North Justinton,Florida,French Southern Territories,R02
ORD000643,CUST00037,2022-11-26,Credit Card,SHIPPED,Clarkland,Michigan,Venezuela,R04
ORD000644,CUST00283,2024-12-19,Cash on Delivery,DELIVERED,Harrisfurt,Florida,United States Virgin Islands,R13
ORD000645,CUST00402,2023-11-15,Credit Card,DELIVERED,East Hannahhaven,Washington,Netherlands Antilles,R09
ORD000646,CUST00508,2023-09-15,Credit Card,DELIVERED,East Michael,South Carolina,Bahamas,R10
ORD000647,CUST00611,2024-12-30,UPI,SHIPPED,Lake Matthewmouth,Wisconsin,Tajikistan,R17
ORD000648,CUST00638,2023-10-31,Debit Card,CANCELLED,West Cynthiaport,New Hampshire,Papua New Guinea,R08
ORD000649,CUST00175,2023-01-18,UPI,DELIVERED,Lake Matthewfurt,Missouri,Dominican Republic,R11
ORD000650,CUST00467,2024-06-27,UPI,DELIVERED,Carrollstad,Minnesota,Somalia,R14
ORD000651,CUST00343,2025-09-24,Debit Card,RETURNED,North Noahbury,Montana,Zimbabwe,R06
ORD000652,CUST00696,2024-11-20,UPI,DELIVERED,Lake Dennishaven,Kansas,Latvia,R16
ORD000653,CUST00598,2024-01-26,Credit Card,DELIVERED,South Anthony,Hawaii,Mayotte,R02
ORD000654,CUST00018,2024-07-12,Debit Card,CANCELLED,Barajasfurt,Nebraska,Albania,R17
ORD000655,CUST00516,2023-06-18,Credit Card,DELIVERED,West Gregory,Colorado,Honduras,R04
ORD000656,CUST00312,2025-06-08,Debit Card,DELIVERED,Jonathanchester,California,Antigua and Barbuda,R12
ORD000657,CUST00559,2025-10-19,Net Banking,DELIVERED,New Yvettemouth,Massachusetts,North Macedonia,R15
ORD000658,CUST00014,2025-10-17,Debit Card,DELIVERED,West Amanda,South Dakota,Uruguay,R17
ORD000659,CUST00680,2023-04-11,Cash on Delivery,DELIVERED,Claytonton,Mississippi,British Virgin Islands,R09
ORD000660,CUST00532,2022-02-28,UPI,DELIVERED,Lake Ann,Alabama,Burkina Faso,R14
ORD000661,CUST00226,2024-02-01,Credit Card,DELIVERED,North Joseph,New York,Italy,R01
ORD000662,CUST00251,2022-11-20,Net Banking,DELIVERED,Taylorhaven,Connecticut,Estonia,R03
ORD000663,CUST00199,2024-09-11,Net Banking,DELIVERED,Ericamouth,Delaware,Marshall Islands,R09
ORD000664,CUST00642,2025-03-18,Net Banking,RETURNED,New Logan,Indiana,Vanuatu,R17
ORD000665,CUST00180,2022-02-03,Debit Card,RETURNED,Andrewston,Nebraska,Lithuania,R13
ORD000666,CUST00604,2023-09-17,Debit Card,DELIVERED,Heathertown,Oregon,China,R02
ORD000667,CUST00594,2022-09-26,Debit Card,CANCELLED,Sheenahaven,New Jersey,Serbia,R04
ORD000668,CUST00444,2023-02-23,Cash on Delivery,RETURNED,Karenstad,Delaware,Togo,R12
ORD000669,CUST00296,2025-01-03,UPI,DELIVERED,Port Marie,Michigan,Mauritania,R05
ORD000670,CUST00478,2025-03-08,Cash on Delivery,RETURNED,Taylorfort,Delaware,Korea,R20
ORD000671,CUST00572,2023-02-18,Debit Card,DELIVERED,North Darlene,Nevada,Sri Lanka,R03
ORD000672,CUST00302,2024-05-08,UPI,DELIVERED,Port Danielfurt,Louisiana,Singapore,R19
ORD000673,CUST00127,2025-01-24,Debit Card,PLACED,East Kevinborough,Pennsylvania,Macao,R12
ORD000674,CUST00677,2025-03-26,UPI,DELIVERED,New Trevorside,New Mexico,Kenya,R12
ORD000675,CUST00291,2024-10-09,Cash on Delivery,DELIVERED,Suzannebury,Washington,Djibouti,R18
ORD000676,CUST00159,2022-11-30,Debit Card,DELIVERED,Campbellfort,New Hampshire,American Samoa,R07
ORD000677,CUST00443,2025-07-12,UPI,DELIVERED,Clintontown,Rhode Island,American Samoa,R02
ORD000678,CUST00485,2024-08-25,Credit Card,CANCELLED,West Jameschester,Alaska,Colombia,R13
ORD000679,CUST00433,2024-04-26,UPI,RETURNED,South Dean,Kentucky,Solomon Islands,R10
ORD000680,,2022-09-17,Cash on Delivery,DELIVERED,West Carlosburgh,Iowa,Uganda,R11
ORD000681,CUST00593,2022-05-13,Credit Card,DELIVERED,Lake Denisemouth,New Jersey,Burkina Faso,R14
ORD000682,CUST00568,2022-01-12,Debit Card,SHIPPED,Katherineland,Alaska,Azerbaijan,R19
ORD000683,CUST00644,2025-01-03,Credit Card,DELIVERED,Norrisview,Connecticut,Mongolia,R14
ORD000684,CUST00099,2022-12-01,Net Banking,DELIVERED,West Nathan,Wyoming,Dominican Republic,R17
ORD000685,CUST00367,2025-07-29,Net Banking,DELIVERED,North Christineport,Connecticut,Zimbabwe,R14
ORD000686,CUST00473,2024-09-12,Cash on Delivery,PLACED,East Karen,Ohio,Zambia,R14
ORD000687,CUST00091,2023-12-25,Cash on Delivery,RETURNED,New Jessicaside,New Mexico,Canada,R08
ORD000688,CUST00595,2025-03-02,Credit Card,DELIVERED,Birdshire,Nebraska,Costa Rica,R19
ORD000689,CUST00301,2022-10-12,Net Banking,DELIVERED,West Christian,New York,Tajikistan,R01
ORD000690,CUST00474,2023-04-09,Cash on Delivery,DELIVERED,East Keith,Kentucky,Syrian Arab Republic,R02
ORD000691,CUST00087,2025-10-14,UPI,DELIVERED,East Robert,Connecticut,Martinique,R04
ORD000692,CUST00298,2025-07-10,Debit Card,CANCELLED,North Jamesfurt,North Dakota,Jersey,R04
ORD000693,CUST00599,2022-06-04,UPI,DELIVERED,Lewisfort,Alabama,Canada,R17
ORD000694,CUST00148,2024-04-28,Net Banking,DELIVERED,Westburgh,Arkansas,Vietnam,R05
ORD000695,CUST00309,2025-12-15,UPI,CANCELLED,Port Austin,Rhode Island,Grenada,R20
ORD000696,CUST00206,2025-04-25,UPI,DELIVERED,South Patricia,Nebraska,Saint Helena,R04
ORD000697,CUST00533,2022-07-30,Credit Card,DELIVERED,New Michaelchester,Ohio,Myanmar,R01
ORD000698,,2022-02-18,UPI,RETURNED,West Stevenmouth,Alaska,Bahamas,R10
ORD000699,CUST00415,2022-05-29,Credit Card,CANCELLED,Sanchezmouth,Oregon,American Samoa,R18
ORD000700,CUST00267,2022-02-10,Net Banking,CANCELLED,Robinsonmouth,Colorado,Comoros,R20
ORD000701,CUST00127,2025-03-15,UPI,DELIVERED,Lake Shannonburgh,Colorado,Botswana,R08
ORD000702,CUST00175,2022-11-14,Cash on Delivery,DELIVERED,Knighthaven,New Mexico,Turks and Caicos Islands,R16
ORD000703,CUST00297,2022-04-28,UPI,RETURNED,Simpsonburgh,Delaware,Anguilla,R16
ORD000704,CUST00377,2025-06-03,Net Banking,DELIVERED,Leslieview,West Virginia,Ireland,R04
ORD000705,CUST00476,2025-05-15,Net Banking,DELIVERED,South Danielburgh,Oklahoma,Sri Lanka,R10
ORD000706,CUST00469,2022-04-17,Net Banking,PLACED,Flowersmouth,Kentucky,Gambia,R10
ORD000707,CUST00035,2023-01-16,Cash on Delivery,DELIVERED,Brownberg,Iowa,Senegal,R12
ORD000708,CUST00143,2023-04-14,Net Banking,DELIVERED,Melissaberg,Idaho,Guyana,R06
ORD000709,CUST00367,2022-08-13,Cash on Delivery,DELIVERED,Lake Rayberg,Michigan,Cocos (Keeling) Islands,R17
ORD000710,CUST00400,2022-11-30,Credit Card,DELIVERED,Karinaberg,Washington,United States Minor Outlying Islands,R12
ORD000711,CUST00672,2025-12-25,Debit Card,DELIVERED,New Josephmouth,New Mexico,Turks and Caicos Islands,R05
ORD000712,CUST00286,2022-10-08,Debit Card,RETURNED,Jensenborough,Utah,Cocos (Keeling) Islands,R03
ORD000713,CUST00661,2023-10-16,Net Banking,DELIVERED,Lesliebury,Florida,Latvia,R06
ORD000714,CUST00590,2023-09-28,Cash on Delivery,DELIVERED,Lake Stevenport,Washington,Moldova,R17
ORD000715,CUST00266,2022-02-07,Debit Card,DELIVERED,West Stacy,Vermont,Guinea-Bissau,R19
ORD000716,CUST00357,2024-06-26,Net Banking,SHIPPED,Danielton,Florida,Botswana,R01
ORD000717,CUST00163,2022-06-15,UPI,DELIVERED,West Stephanieside,Pennsylvania,Uzbekistan,R16
ORD000718,CUST00332,2025-07-31,Credit Card,DELIVERED,East Lindaside,Montana,Saudi Arabia,R06
ORD000719,CUST00394,2024-12-28,Net Banking,RETURNED,Jessicaside,Nebraska,Equatorial Guinea,R02
ORD000720,CUST00627,2024-01-15,UPI,CANCELLED,Moodyhaven,Utah,Italy,R03
ORD000721,CUST00453,2022-07-17,Cash on Delivery,DELIVERED,South Nicolas,Arkansas,United States of America,R01
ORD000722,CUST00179,2022-01-16,Net Banking,DELIVERED,Larryview,Alaska,Malawi,R19
ORD000723,CUST00570,2025-03-09,Debit Card,DELIVERED,South Lori,Oklahoma,Benin,R10
ORD000724,CUST00231,2024-05-27,Credit Card,DELIVERED,New Antonioport,South Carolina,Tanzania,R17
ORD000725,CUST00197,2024-05-31,UPI,DELIVERED,North Samuel,Arizona,Australia,R04
ORD000726,,2023-09-20,Credit Card,RETURNED,South Cathy,Washington,Niue,R12
ORD000727,CUST00418,2022-07-18,UPI,DELIVERED,Port Mark,Iowa,Fiji,R17
ORD000728,CUST00509,2024-04-19,Credit Card,DELIVERED,Williamview,New Hampshire,Western Sahara,R16
ORD000729,CUST00513,2022-03-02,Cash on Delivery,RETURNED,North Jeffrey,North Dakota,Isle of Man,R05
ORD000730,CUST00069,2023-05-10,Net Banking,CANCELLED,Ryanberg,Virginia,Togo,R19
ORD000731,CUST00081,2022-01-16,Cash on Delivery,DELIVERED,North Whitney,Illinois,Samoa,R04
ORD000732,CUST00511,2025-02-03,Cash on Delivery,DELIVERED,Parksberg,Alabama,Guinea-Bissau,R01
ORD000733,CUST00230,2025-11-03,Debit Card,RETURNED,Aaronborough,Wisconsin,Cuba,R09
ORD000734,CUST00400,2022-01-04,UPI,CANCELLED,North Andrewhaven,Missouri,Egypt,R06
ORD000735,CUST00295,2025-05-17,Cash on Delivery,DELIVERED,Juliafurt,New Jersey,Dominican Republic,R17
ORD000736,CUST00626,2024-07-11,Net Banking,DELIVERED,New Adamhaven,North Dakota,Montserrat,R18
ORD000737,CUST00114,2025-04-08,Debit Card,DELIVERED,North Johnnyfurt,Alabama,Angola,R02
ORD000738,CUST00347,2024-06-19,Credit Card,DELIVERED,South Ashleyberg,Kansas,Burundi,R02
ORD000739,CUST00143,2024-11-30,Debit Card,RETURNED,Harrismouth,West Virginia,Switzerland,R02
ORD000740,,2024-06-23,Cash on Delivery,RETURNED,Singhton,Missouri,Algeria,R02
ORD000741,CUST00355,2026-06-12,Cash on Delivery,RETURNED,Kevinland,Oklahoma,Jamaica,R18
ORD000742,CUST00491,2024-01-16,Debit Card,DELIVERED,Paulton,Arkansas,Angola,R04
ORD000743,CUST00037,2025-12-02,Credit Card,DELIVERED,Gabriellebury,Nevada,British Indian Ocean Territory (Chagos Archipelago),R14
ORD000744,CUST00490,2025-10-15,Credit Card,PLACED,Lake Marymouth,Colorado,Vanuatu,R02
ORD000745,CUST00027,2022-05-30,Credit Card,DELIVERED,West Christopherside,Tennessee,Heard Island and McDonald Islands,R13
ORD000746,CUST00699,2024-12-14,UPI,DELIVERED,Markberg,Wisconsin,Montserrat,R02
ORD000747,,2025-06-04,Credit Card,DELIVERED,Edwardtown,Illinois,North Macedonia,R14
ORD000748,CUST00563,2023-02-08,Net Banking,DELIVERED,North Michaelmouth,Wisconsin,Dominican Republic,R20
ORD000749,CUST00377,2023-03-08,Debit Card,DELIVERED,Jenkinsmouth,Massachusetts,Honduras,R02
ORD000750,CUST00244,2024-06-11,Cash on Delivery,PLACED,Justinview,Montana,Jersey,R14
ORD000751,,2023-11-18,UPI,CANCELLED,Lake Brian,Arkansas,Mexico,R08
ORD000752,CUST00059,2022-08-03,Credit Card,DELIVERED,Nicoletown,Florida,Romania,R10
ORD000753,CUST00045,2025-04-11,Cash on Delivery,DELIVERED,Lake Williamberg,Tennessee,Cyprus,R08
ORD000754,CUST00300,2024-03-08,Net Banking,DELIVERED,Carlsonport,Alabama,Canada,R04
ORD000755,CUST00673,2025-10-15,Debit Card,RETURNED,Taylorhaven,Minnesota,Macao,R07
ORD000756,CUST00507,2025-10-10,Debit Card,RETURNED,South Josemouth,Florida,Lao People's Democratic Republic,R08
ORD000757,CUST00455,2022-12-20,Debit Card,DELIVERED,Danaborough,Nebraska,Georgia,R10
ORD000758,CUST00670,2022-09-06,Debit Card,DELIVERED,West Wendy,Alaska,Algeria,R18
ORD000759,,2023-04-03,Debit Card,RETURNED,East Christineside,Florida,Micronesia,R20
ORD000760,CUST00498,2024-12-25,Credit Card,RETURNED,Danielville,Utah,Italy,R17
ORD000761,CUST00237,2025-12-28,Cash on Delivery,DELIVERED,Lake Gregorymouth,Minnesota,Mongolia,R12
ORD000762,CUST00146,2022-01-28,Credit Card,DELIVERED,Elizabethfurt,Delaware,Turks and Caicos Islands,R15
ORD000763,CUST00117,2022-02-19,UPI,DELIVERED,South Carolynbury,Arkansas,Estonia,R19
ORD000764,CUST00394,2023-10-25,UPI,SHIPPED,Johnsonland,Florida,Monaco,R20
ORD000765,CUST00394,2023-01-12,Net Banking,DELIVERED,South Christopher,Colorado,Saint Kitts and Nevis,R02
ORD000766,CUST00230,2025-09-27,Credit Card,DELIVERED,East Tonya,Florida,Montenegro,R18
ORD000767,CUST00054,2025-02-15,UPI,DELIVERED,Jonesland,Florida,Antarctica (the territory South of 60 deg S),R12
ORD000768,CUST00027,2024-10-14,Debit Card,RETURNED,Staceystad,Alabama,Luxembourg,R09
ORD000769,CUST00606,2025-02-16,UPI,DELIVERED,Grahammouth,Iowa,Zimbabwe,R20
ORD000770,CUST00445,2025-06-19,UPI,CANCELLED,Larryton,Maryland,Palau,R18
ORD000771,CUST00398,2022-10-04,Debit Card,CANCELLED,South Robert,Iowa,Timor-Leste,R18
ORD000772,CUST00475,2024-09-11,Cash on Delivery,DELIVERED,Patricktown,Connecticut,Nigeria,R09
ORD000773,CUST00167,2022-05-17,Net Banking,DELIVERED,Joelstad,New York,Saint Helena,R08
ORD000774,CUST00136,2025-03-01,Debit Card,DELIVERED,Lake Kyle,Georgia,Eritrea,R09
ORD000775,CUST00088,2026-03-26,Debit Card,DELIVERED,West Angela,Nebraska,Belize,R02
ORD000776,CUST00631,2024-02-03,Debit Card,DELIVERED,Nicholsburgh,Massachusetts,Saudi Arabia,R20
ORD000777,CUST00013,2022-06-07,Cash on Delivery,DELIVERED,Port Stephen,Idaho,India,R09
ORD000778,CUST00184,2023-12-05,UPI,DELIVERED,New Philipchester,Virginia,Sudan,R15
ORD000779,CUST00038,2023-08-25,Net Banking,DELIVERED,Sarahfurt,Georgia,Togo,R18
ORD000780,CUST00224,2022-07-21,Cash on Delivery,RETURNED,Tonyamouth,Nebraska,Timor-Leste,R09
ORD000781,CUST00625,2024-04-27,UPI,DELIVERED,Dixonview,South Carolina,French Polynesia,R09
ORD000782,CUST00283,2024-01-06,Net Banking,DELIVERED,Gallegosburgh,Pennsylvania,Bahamas,R06
ORD000783,CUST00151,2024-09-19,UPI,DELIVERED,West Alexis,Nebraska,Venezuela,R02
ORD000784,CUST00189,2022-06-19,Net Banking,DELIVERED,Vincentfort,Maryland,Cameroon,R02
ORD000785,CUST00567,2022-07-15,UPI,RETURNED,West Michelle,Indiana,Gambia,R09
ORD000786,CUST00264,2022-03-25,Debit Card,DELIVERED,Jessicafurt,Oklahoma,Cape Verde,R02
ORD000787,CUST00615,2022-06-21,UPI,SHIPPED,North Matthew,South Dakota,Jersey,R15
ORD000788,CUST00116,2025-08-03,Credit Card,DELIVERED,Cassandrastad,Hawaii,Guinea-Bissau,R19
ORD000789,,2023-02-03,Net Banking,SHIPPED,North Tara,Texas,Portugal,R14
ORD000790,CUST00290,2023-03-06,Debit Card,DELIVERED,Dawnland,Wyoming,British Virgin Islands,R12
ORD000791,CUST00344,2026-04-15,Net Banking,RETURNED,Lake Jenniferfort,Wyoming,Congo,R10
ORD000792,CUST00637,2024-04-29,Debit Card,PLACED,New Dwaynebury,Alabama,Togo,R05
ORD000793,CUST00606,2024-11-04,Cash on Delivery,DELIVERED,Hallbury,Michigan,Philippines,R11
ORD000794,CUST00524,2024-06-30,Cash on Delivery,DELIVERED,Vincenthaven,Idaho,Saint Kitts and Nevis,R12
ORD000795,CUST00221,2022-04-11,Cash on Delivery,PLACED,Brendachester,Ohio,Angola,R05
ORD000796,CUST00391,2023-09-22,UPI,RETURNED,Greentown,Minnesota,Tanzania,R08
ORD000797,CUST00579,2022-06-02,Cash on Delivery,DELIVERED,North Hunterburgh,Mississippi,Georgia,R14
ORD000798,CUST00552,2022-11-01,Cash on Delivery,DELIVERED,Christopherburgh,Kansas,Tokelau,R20
ORD000799,CUST00484,2022-02-15,Cash on Delivery,DELIVERED,Lake Richardport,South Carolina,Samoa,R09
ORD000800,CUST00200,2024-03-31,Debit Card,RETURNED,Smithbury,New York,Cambodia,R11
ORD000801,CUST00249,2022-06-06,Debit Card,DELIVERED,Brownton,Illinois,Central African Republic,R11
ORD000802,CUST00119,2022-04-08,Net Banking,DELIVERED,North Brooke,Oklahoma,Sweden,R14
ORD000803,CUST00371,2024-07-08,Cash on Delivery,DELIVERED,North Christopherview,Arizona,Wallis and Futuna,R12
ORD000804,CUST00670,2022-01-21,Credit Card,DELIVERED,West Samantha,New Mexico,Suriname,R14
ORD000805,CUST00236,2022-07-01,Credit Card,RETURNED,North Karen,New York,San Marino,R08
ORD000806,CUST00418,2022-06-03,Credit Card,DELIVERED,Gillside,Nebraska,Aruba,R10
ORD000807,CUST00350,2025-04-27,UPI,DELIVERED,Lake Katherineberg,Wisconsin,Wallis and Futuna,R17
ORD000808,CUST00152,2023-07-06,Credit Card,RETURNED,Lake Williamville,Pennsylvania,Oman,R15
ORD000809,CUST00016,2023-03-19,Net Banking,DELIVERED,Underwoodmouth,Mississippi,Uruguay,R18
ORD000810,CUST00482,2022-01-15,Credit Card,CANCELLED,North Jamiemouth,Michigan,Czech Republic,R14
ORD000811,CUST00025,2023-06-09,UPI,DELIVERED,Lake David,New Mexico,Uzbekistan,R17
ORD000812,CUST00398,2022-09-16,Debit Card,DELIVERED,Millstown,New Mexico,Burundi,R18
ORD000813,CUST00248,2025-04-25,UPI,DELIVERED,Georgeton,Virginia,Denmark,R11
ORD000814,CUST00606,2023-12-28,UPI,RETURNED,South Danieltown,Oklahoma,Portugal,R02
ORD000815,CUST00076,2024-03-06,Debit Card,RETURNED,Port Christinaberg,Florida,Uganda,R14
ORD000816,CUST00646,2022-11-12,Net Banking,DELIVERED,Kingfort,Wyoming,British Indian Ocean Territory (Chagos Archipelago),R16
ORD000817,CUST00138,2024-04-11,Cash on Delivery,RETURNED,South Matthew,Iowa,Armenia,R17
ORD000818,CUST00086,2023-11-27,UPI,DELIVERED,Castroville,Alabama,Cocos (Keeling) Islands,R12
ORD000819,CUST00691,2025-05-25,Net Banking,DELIVERED,Amyside,Mississippi,Slovenia,R06
ORD000820,CUST00521,2023-07-01,Debit Card,RETURNED,Camachohaven,Arizona,American Samoa,R04
ORD000821,CUST00238,2022-09-21,Debit Card,PLACED,Elizabethport,Illinois,South Georgia and the South Sandwich Islands,R17
ORD000822,CUST00538,2025-04-08,Net Banking,DELIVERED,East Nancy,Idaho,Central African Republic,R13
ORD000823,CUST00327,2025-07-04,Credit Card,PLACED,South Brendafurt,Rhode Island,Paraguay,R07
ORD000824,CUST00441,2025-03-31,Cash on Delivery,CANCELLED,Arnoldmouth,Kentucky,Indonesia,R11
ORD000825,CUST00102,2024-11-01,Credit Card,DELIVERED,Smithmouth,Utah,Pitcairn Islands,R09
ORD000826,CUST00499,2023-07-08,Credit Card,DELIVERED,South Christineville,Kansas,Morocco,R09
ORD000827,CUST00621,2025-08-12,Credit Card,DELIVERED,Heidiberg,Colorado,Gibraltar,R05
ORD000828,CUST00099,2022-03-27,Cash on Delivery,DELIVERED,Port Richardport,Georgia,Iceland,R01
ORD000829,CUST00613,2022-04-23,Cash on Delivery,DELIVERED,South Sarahborough,Illinois,Haiti,R07
ORD000830,CUST00007,2022-03-14,UPI,DELIVERED,Patriciaburgh,Maine,Thailand,R10
ORD000831,CUST00585,2022-11-26,Net Banking,DELIVERED,New Amandabury,Oregon,Burundi,R15
ORD000832,CUST00303,2023-03-25,UPI,DELIVERED,Wesleybury,Alaska,Algeria,R14
ORD000833,CUST00506,2023-04-14,Credit Card,RETURNED,Lake Ronaldland,Alabama,Germany,R04
ORD000834,CUST00363,2025-08-26,Credit Card,DELIVERED,North Dylan,Mississippi,United States Minor Outlying Islands,R11
ORD000835,CUST00161,2022-04-21,Debit Card,DELIVERED,Alvarezstad,Wisconsin,Sri Lanka,R17
ORD000836,CUST00689,2025-01-14,Debit Card,RETURNED,Wolfefurt,Virginia,South Africa,R02
ORD000837,CUST00444,2023-01-16,Cash on Delivery,DELIVERED,Lake Mindy,South Carolina,Tokelau,R18
ORD000838,CUST00677,2023-05-28,UPI,RETURNED,West Andrea,Colorado,Afghanistan,R01
ORD000839,CUST00252,2023-05-22,Net Banking,CANCELLED,Port Davidview,New York,Italy,R08
ORD000840,CUST00690,2023-02-08,Net Banking,DELIVERED,South William,Pennsylvania,Solomon Islands,R06
ORD000841,CUST00509,2023-10-22,Credit Card,DELIVERED,West Thomasside,Michigan,Gibraltar,R03
ORD000842,CUST00529,2025-03-02,Credit Card,PLACED,East Amyland,New Hampshire,United States of America,R03
ORD000843,CUST00503,2024-02-05,Credit Card,DELIVERED,Lindsayberg,Iowa,Nauru,R02
ORD000844,CUST00429,2023-08-02,Cash on Delivery,DELIVERED,Huntermouth,Mississippi,Eritrea,R19
ORD000845,CUST00241,2022-08-29,Net Banking,DELIVERED,Dickersonton,Wisconsin,Paraguay,R06
ORD000846,CUST00308,2025-06-15,Debit Card,DELIVERED,Martinfurt,Alaska,Cape Verde,R16
ORD000847,CUST00646,2023-04-05,Debit Card,DELIVERED,Ryanstad,Wyoming,Fiji,R10
ORD000848,CUST00099,2023-10-19,Debit Card,DELIVERED,Mcdonaldton,Minnesota,Bahrain,R15
ORD000849,CUST00334,2023-11-17,Net Banking,DELIVERED,North Steventon,North Carolina,Kyrgyz Republic,R15
ORD000850,CUST00327,2022-07-10,Debit Card,DELIVERED,Patrickview,Wisconsin,Pakistan,R05
ORD000851,CUST00496,2024-01-17,Net Banking,DELIVERED,South Elizabeth,Arkansas,Cuba,R08
ORD000852,,2022-06-01,Cash on Delivery,DELIVERED,Stewartbury,North Dakota,Andorra,R14
ORD000853,CUST00063,2025-04-20,Debit Card,DELIVERED,South Kenneth,California,Tajikistan,R11
ORD000854,CUST00422,2023-04-14,Net Banking,DELIVERED,Janiceburgh,Missouri,Australia,R09
ORD000855,,2022-09-09,Credit Card,DELIVERED,West Jordan,Wisconsin,India,R02
ORD000856,CUST00316,2024-11-30,Credit Card,DELIVERED,Zavalamouth,Idaho,Moldova,R06
ORD000857,CUST00549,2024-03-12,UPI,RETURNED,Wendymouth,Nebraska,Japan,R20
ORD000858,CUST00626,2023-01-25,Cash on Delivery,DELIVERED,North Sean,Missouri,Pitcairn Islands,R01
ORD000859,CUST00389,2022-11-18,Debit Card,RETURNED,South Sonya,Virginia,Costa Rica,R18
ORD000860,CUST00065,2023-06-10,Cash on Delivery,DELIVERED,Lake Amy,Montana,Lebanon,R18
ORD000861,CUST00204,2026-04-21,Credit Card,DELIVERED,Holtstad,Rhode Island,Brunei Darussalam,R06
ORD000862,CUST00383,2022-12-05,Credit Card,DELIVERED,Bowenfort,Rhode Island,Austria,R08
ORD000863,CUST00014,2023-09-24,UPI,DELIVERED,Port Josehaven,Montana,Nauru,R17
ORD000864,CUST00105,2024-11-21,Net Banking,PLACED,East Brian,Michigan,Slovakia (Slovak Republic),R10
ORD000865,CUST00309,2023-07-30,Credit Card,PLACED,West Adam,Alaska,Poland,R04
ORD000866,CUST00387,2024-03-26,Credit Card,CANCELLED,South James,Nebraska,Samoa,R09
ORD000867,CUST00087,2022-05-11,Cash on Delivery,DELIVERED,Caitlynmouth,Nevada,Zambia,R14
ORD000868,CUST00021,2023-02-04,Cash on Delivery,DELIVERED,West Jamesmouth,Nebraska,Korea,R05
ORD000869,CUST00098,2022-03-31,Net Banking,DELIVERED,Portermouth,New York,Russian Federation,R20
ORD000870,CUST00320,2023-06-11,Net Banking,DELIVERED,Jonathanchester,California,Namibia,R01
ORD000871,CUST00310,2024-12-30,Credit Card,SHIPPED,East Mariehaven,Kentucky,Cameroon,R19
ORD000872,CUST00483,2025-08-05,Net Banking,SHIPPED,South Jason,Montana,San Marino,R14
ORD000873,CUST00575,2025-07-24,Debit Card,RETURNED,South Jessica,Idaho,Bahamas,R18
ORD000874,CUST00519,2025-01-01,UPI,RETURNED,East Sherry,Georgia,Liberia,R13
ORD000875,CUST00382,2022-06-10,UPI,DELIVERED,Port Charlesmouth,Mississippi,Pakistan,R19
ORD000876,CUST00026,2025-10-09,Credit Card,DELIVERED,Simmonsville,New York,Botswana,R16
ORD000877,CUST00577,2023-10-20,Debit Card,DELIVERED,North Kimberly,Hawaii,Nicaragua,R03
ORD000878,CUST00098,2025-10-03,Credit Card,CANCELLED,Danielview,Oklahoma,Iraq,R16
ORD000879,CUST00608,2024-06-15,Credit Card,DELIVERED,North Nicholas,Connecticut,Syrian Arab Republic,R16
ORD000880,CUST00536,2023-10-22,Cash on Delivery,DELIVERED,East Breannaburgh,Idaho,Antarctica (the territory South of 60 deg S),R02
ORD000881,CUST00506,2025-10-27,Debit Card,DELIVERED,Lake Robert,Oregon,South Africa,R05
ORD000882,CUST00038,2024-05-03,Cash on Delivery,DELIVERED,North Wendyview,Idaho,Philippines,R01
ORD000883,CUST00275,2023-09-10,Cash on Delivery,DELIVERED,Tylerland,Arkansas,Jamaica,R18
ORD000884,CUST00512,2024-04-28,Credit Card,DELIVERED,Port Charlesmouth,Wisconsin,Andorra,R16
ORD000885,CUST00527,2025-12-02,UPI,RETURNED,Port Whitney,Montana,Uzbekistan,R14
ORD000886,CUST00080,2022-10-29,UPI,DELIVERED,Eatonton,Michigan,Poland,R04
ORD000887,CUST00171,2022-01-17,UPI,PLACED,West Brandyborough,Idaho,Isle of Man,R14
ORD000888,CUST00508,2025-07-21,Cash on Delivery,DELIVERED,Whiteview,Missouri,Morocco,R18
ORD000889,CUST00429,2022-12-14,Debit Card,DELIVERED,Port Lindseyburgh,Oregon,Fiji,R10
ORD000890,CUST00693,2025-04-30,Debit Card,DELIVERED,Hamiltonbury,Oklahoma,Albania,R12
ORD000891,CUST00578,2024-04-18,Credit Card,DELIVERED,New Antonio,Montana,Saudi Arabia,R07
ORD000892,CUST00629,2025-12-15,Debit Card,DELIVERED,Jordanburgh,Minnesota,Nicaragua,R09
ORD000893,CUST00484,2025-02-05,Debit Card,RETURNED,Danielbury,West Virginia,Netherlands,R05
ORD000894,CUST00169,2022-12-16,Net Banking,PLACED,South Jaclyn,Wisconsin,Lithuania,R14
ORD000895,CUST00184,2022-10-07,UPI,RETURNED,East Patriciaville,Missouri,Cyprus,R01
ORD000896,CUST00320,2023-06-25,Credit Card,DELIVERED,West Theresashire,Nevada,Bahamas,R18
ORD000897,CUST00470,2022-07-14,UPI,DELIVERED,Higginsmouth,Montana,Oman,R20
ORD000898,CUST00161,2023-05-30,Cash on Delivery,RETURNED,South Michelle,Oklahoma,Norway,R12
ORD000899,CUST00644,2023-04-17,Credit Card,DELIVERED,Tiffanyshire,New York,Estonia,R14
ORD000900,CUST00599,2024-08-26,Debit Card,DELIVERED,Andrewtown,North Carolina,Togo,R13
ORD000901,CUST00261,2024-04-28,Credit Card,SHIPPED,Turnertown,Nebraska,San Marino,R05
ORD000902,CUST00106,2024-02-09,Debit Card,DELIVERED,Karentown,Hawaii,Aruba,R19
ORD000903,CUST00105,2024-04-27,Cash on Delivery,DELIVERED,Lake Jenniferville,Oregon,Tajikistan,R13
ORD000904,CUST00339,2025-08-04,Cash on Delivery,DELIVERED,New Brandon,Idaho,Sierra Leone,R20
ORD000905,CUST00685,2022-05-01,Credit Card,DELIVERED,Kimberlyport,Kansas,Niger,R08
ORD000906,CUST00222,2022-02-20,Cash on Delivery,DELIVERED,Jonathonshire,Arizona,Myanmar,R06
ORD000907,CUST00487,2022-12-16,Debit Card,SHIPPED,East Michael,Illinois,Egypt,R02
ORD000908,CUST00141,2022-11-17,Net Banking,DELIVERED,North Susan,Kansas,Guinea-Bissau,R16
ORD000909,CUST00335,2022-04-15,UPI,DELIVERED,East Lisamouth,Minnesota,Timor-Leste,R13
ORD000910,CUST00387,2022-04-03,Net Banking,DELIVERED,New Nicolebury,Michigan,Finland,R17
ORD000911,CUST00325,2023-05-26,Cash on Delivery,CANCELLED,East Melissashire,North Carolina,Suriname,R06
ORD000912,CUST00649,2024-05-11,Credit Card,CANCELLED,Heatherborough,South Carolina,Congo,R18
ORD000913,CUST00453,2025-03-18,Debit Card,DELIVERED,East Nancy,Maine,Thailand,R18
ORD000914,CUST00446,2023-01-18,Credit Card,PLACED,Ellisonshire,Nevada,Bulgaria,R12
ORD000915,CUST00478,2022-01-12,Debit Card,DELIVERED,West Anneside,Tennessee,Djibouti,R07
ORD000916,CUST00632,2022-07-10,Credit Card,DELIVERED,Port Tammy,Louisiana,Sao Tome and Principe,R06
ORD000917,CUST00011,2023-02-24,Debit Card,DELIVERED,East Nicholeton,New Hampshire,Slovakia (Slovak Republic),R01
ORD000918,CUST00601,2023-06-02,UPI,RETURNED,Edwardsberg,Arkansas,British Indian Ocean Territory (Chagos Archipelago),R09
ORD000919,CUST00515,2022-08-10,Cash on Delivery,DELIVERED,South Richard,California,Liberia,R09
ORD000920,CUST00658,2023-12-16,UPI,RETURNED,Briannaview,Hawaii,Bahrain,R09
ORD000921,CUST00281,2025-11-09,Cash on Delivery,CANCELLED,South Ianview,Tennessee,Bermuda,R16
ORD000922,CUST00623,2024-05-29,Net Banking,DELIVERED,South Matthew,Connecticut,Namibia,R18
ORD000923,CUST00107,2022-07-25,UPI,DELIVERED,South Sean,Vermont,Denmark,R05
ORD000924,CUST00182,2022-06-05,Credit Card,SHIPPED,Watsonfurt,Florida,Western Sahara,R04
ORD000925,CUST00058,2023-10-20,UPI,DELIVERED,Thomasberg,Texas,Timor-Leste,R18
ORD000926,CUST00285,20/10/2023,Cash on Delivery,DELIVERED,Kingville,Georgia,Reunion,R11
ORD000927,CUST00689,2022-02-09,Debit Card,RETURNED,Martinezbury,Alaska,Albania,R06
ORD000928,CUST00601,2024-06-06,Debit Card,DELIVERED,Lake Judy,Ohio,United Kingdom,R13
ORD000929,CUST00427,2023-02-22,UPI,SHIPPED,Nancyview,Arkansas,Comoros,R17
ORD000930,CUST00152,2022-09-16,UPI,DELIVERED,North Michaelbury,Michigan,Guinea,R02
ORD000931,CUST00283,2022-01-16,Cash on Delivery,DELIVERED,Clintonborough,Washington,Sierra Leone,R01
ORD000932,CUST00319,2022-08-05,Debit Card,DELIVERED,New Danielleport,Kansas,Papua New Guinea,R15
ORD000933,CUST00582,2025-07-30,UPI,DELIVERED,New Melissafort,Pennsylvania,Kyrgyz Republic,R15
ORD000934,CUST00091,2024-09-17,UPI,DELIVERED,West Steven,Florida,Holy See (Vatican City State),R03
ORD000935,CUST00191,2024-12-11,UPI,DELIVERED,Michelleberg,Colorado,Macao,R01
ORD000936,CUST00223,2024-04-27,Net Banking,SHIPPED,Lake Lori,South Dakota,South Georgia and the South Sandwich Islands,R08
ORD000937,CUST00316,2024-11-15,Credit Card,DELIVERED,Isabellaside,Delaware,Nauru,R05
ORD000938,CUST00318,2022-10-08,Debit Card,DELIVERED,West Kelseyfort,New York,Armenia,R05
ORD000939,CUST00579,2023-11-02,Credit Card,CANCELLED,Waltersshire,Illinois,Cote d'Ivoire,R09
ORD000940,,2025-09-30,Debit Card,DELIVERED,Port George,Pennsylvania,Moldova,R15
ORD000941,CUST00271,2023-10-30,Debit Card,DELIVERED,Codyton,Hawaii,Guam,R12
ORD000942,CUST00658,2023-12-27,Credit Card,PLACED,Susanview,Arkansas,Turks and Caicos Islands,R19
ORD000943,CUST00395,2024-03-18,Cash on Delivery,DELIVERED,Danastad,West Virginia,Malta,R14
ORD000944,CUST00356,2024-04-03,Debit Card,DELIVERED,Port Joanne,Hawaii,Singapore,R17
ORD000945,CUST00565,2023-05-14,Debit Card,SHIPPED,Pagefort,Florida,Iraq,R07
ORD000946,CUST00265,2025-05-09,Debit Card,PLACED,North Jodi,Louisiana,Indonesia,R04
ORD000947,CUST00530,2024-01-20,Credit Card,DELIVERED,Lake Breanna,Hawaii,Guyana,R15
ORD000948,CUST00601,2023-04-20,Cash on Delivery,DELIVERED,Port Kimberly,Massachusetts,Saint Pierre and Miquelon,R19
ORD000949,CUST00035,2023-08-03,UPI,DELIVERED,Port Brendaburgh,Oklahoma,Cayman Islands,R01
ORD000950,CUST00163,2022-09-26,Debit Card,DELIVERED,Port Michael,Wisconsin,Botswana,R04
ORD000951,CUST00192,2024-04-08,Debit Card,DELIVERED,West Jessica,Texas,Vietnam,R18
ORD000952,CUST00191,2024-09-14,Net Banking,CANCELLED,Jacksonport,New Hampshire,China,R15
ORD000953,CUST00608,2024-05-08,Net Banking,DELIVERED,Lopezview,Idaho,Oman,R16
ORD000954,CUST00250,2022-01-20,Debit Card,DELIVERED,Port Sonyaburgh,Kansas,Uzbekistan,R16
ORD000955,CUST00695,2023-03-01,UPI,RETURNED,West Ashleyburgh,Rhode Island,Algeria,R08
ORD000956,CUST00520,2025-05-09,Net Banking,DELIVERED,New Jacquelinechester,Montana,Chile,R19
ORD000957,CUST00411,2025-07-15,Credit Card,DELIVERED,Williamschester,Montana,Afghanistan,R10
ORD000958,CUST00612,2023-02-12,Cash on Delivery,DELIVERED,Mariaton,Pennsylvania,Guyana,R19
ORD000959,,2023-10-31,Debit Card,DELIVERED,East Carl,Maine,Oman,R02
ORD000960,CUST00093,2022-03-03,Credit Card,CANCELLED,Lake Jesseland,Arkansas,Saint Pierre and Miquelon,R15
ORD000961,CUST00406,2025-03-27,UPI,DELIVERED,New Jeffreystad,Wisconsin,Cook Islands,R07
ORD000962,,2024-04-16,UPI,DELIVERED,East Ethan,New Jersey,Bermuda,R07
ORD000963,CUST00448,2022-05-15,Credit Card,DELIVERED,South Melissa,Vermont,Aruba,R18
ORD000964,CUST00384,2023-10-15,Credit Card,DELIVERED,New Douglasfort,Texas,Argentina,R16
ORD000965,CUST00564,2023-05-13,Credit Card,RETURNED,Campbellville,Utah,San Marino,R13
ORD000966,CUST00475,2023-10-12,UPI,DELIVERED,South Theresaberg,Montana,Finland,R11
ORD000967,CUST00137,2022-12-06,Debit Card,RETURNED,Alexshire,Massachusetts,Denmark,R14
ORD000968,CUST00612,2023-12-21,UPI,DELIVERED,East Joseph,Colorado,Kenya,R19
ORD000969,CUST00028,2025-07-07,Cash on Delivery,DELIVERED,Hopkinsbury,Utah,Bouvet Island (Bouvetoya),R08
ORD000970,CUST00378,2022-11-16,Cash on Delivery,CANCELLED,Port Robert,Alabama,Norway,R20
ORD000971,CUST00614,2025-12-26,UPI,DELIVERED,Justinland,Nevada,French Southern Territories,R05
ORD000972,CUST00512,2022-08-02,Credit Card,DELIVERED,Lake Cory,Minnesota,Falkland Islands (Malvinas),R03
ORD000973,CUST00348,2025-10-29,Credit Card,DELIVERED,Darrenborough,New Jersey,Christmas Island,R10
ORD000974,CUST00319,2023-12-22,Net Banking,PLACED,Barrettfurt,North Dakota,Guyana,R14
ORD000975,CUST00184,2024-01-11,Cash on Delivery,CANCELLED,Shannonton,Nevada,Togo,R15
ORD000976,CUST00085,2024-12-11,UPI,DELIVERED,Port John,Maine,Cocos (Keeling) Islands,R13
ORD000977,CUST00013,2024-08-26,Credit Card,DELIVERED,Port Joshuachester,California,Lebanon,R13
ORD000978,CUST00466,2023-05-25,Net Banking,DELIVERED,Craigside,New Hampshire,Angola,R02
ORD000979,CUST00311,2022-05-15,UPI,DELIVERED,Harveyshire,Illinois,China,R15
ORD000980,CUST00515,2023-04-11,Net Banking,DELIVERED,North Nicole,Maine,Monaco,R18
ORD000981,CUST00374,2022-12-07,Credit Card,RETURNED,Parkerview,California,Seychelles,R18
ORD000982,CUST00393,2024-02-10,UPI,DELIVERED,East Joseph,Nevada,Slovakia (Slovak Republic),R11
ORD000983,CUST00605,2023-06-05,Cash on Delivery,CANCELLED,New Madison,Oregon,Equatorial Guinea,R15
ORD000984,CUST00446,2023-11-28,Debit Card,PLACED,East Michaelport,Wyoming,Mauritania,R16
ORD000985,CUST00472,2023-07-29,Cash on Delivery,DELIVERED,South Megan,Florida,Italy,R09
ORD000986,CUST00436,2024-05-19,Debit Card,DELIVERED,West Haleyburgh,Illinois,Maldives,R01
ORD000987,CUST00556,2023-11-05,Debit Card,DELIVERED,Bryantown,Alabama,Nepal,R01
ORD000988,CUST00458,2023-06-11,UPI,DELIVERED,New Nancy,South Dakota,Turks and Caicos Islands,R12
ORD000989,CUST00038,2023-05-02,Net Banking,DELIVERED,Harmonview,Idaho,Bermuda,R03
ORD000990,CUST00548,2023-08-31,Credit Card,DELIVERED,Jimmyshire,Rhode Island,Andorra,R14
ORD000991,CUST00282,2025-07-21,Net Banking,DELIVERED,New Kimberlyfort,Ohio,Belarus,R08
ORD000992,CUST00537,2023-02-11,UPI,SHIPPED,Williamsfort,Tennessee,North Macedonia,R12
ORD000993,CUST00040,2023-09-30,UPI,DELIVERED,West Jeffreyhaven,North Dakota,Estonia,R03
ORD000994,CUST00346,2023-03-05,Debit Card,DELIVERED,South Brett,Washington,Honduras,R01
ORD000995,CUST00189,2022-05-08,Debit Card,DELIVERED,Bridgesstad,Nebraska,Equatorial Guinea,R03
ORD000996,CUST00444,2025-10-24,Credit Card,DELIVERED,Sweeneyberg,Utah,Turkey,R10
ORD000997,CUST00631,2023-08-26,Credit Card,DELIVERED,South Angela,California,Heard Island and McDonald Islands,R02
ORD000998,CUST00384,2024-10-20,Credit Card,DELIVERED,Nicoleland,North Dakota,Holy See (Vatican City State),R14
ORD000999,CUST00282,2025-06-22,Credit Card,DELIVERED,North Edwardfort,Vermont,Chad,R02
ORD001000,CUST00620,2024-06-15,Credit Card,DELIVERED,North Kimberlyport,Michigan,Armenia,R09
ORD001001,CUST00006,2024-12-19,UPI,DELIVERED,Santosside,Missouri,Angola,R05
ORD001002,CUST00282,2023-03-27,Cash on Delivery,DELIVERED,West Robert,Nevada,Antigua and Barbuda,R11
ORD001003,CUST00100,2023-06-09,UPI,DELIVERED,East Janicemouth,Louisiana,United States Virgin Islands,R08
ORD001004,CUST00066,2023-10-22,Cash on Delivery,CANCELLED,East Anthony,New Mexico,Oman,R19
ORD001005,CUST00431,2023-11-15,Debit Card,DELIVERED,North Lisa,New Mexico,Reunion,R16
ORD001006,CUST00572,2025-05-14,Debit Card,DELIVERED,New Sarahburgh,West Virginia,Cocos (Keeling) Islands,R15
ORD001007,CUST00156,2023-10-16,Net Banking,DELIVERED,Barronfort,Oregon,Norway,R06
ORD001008,CUST00690,2023-03-13,Net Banking,PLACED,New Allenhaven,New Hampshire,Malawi,R19
ORD001009,CUST00081,2024-10-02,Cash on Delivery,RETURNED,Murphyhaven,Wisconsin,Greenland,R03
ORD001010,CUST00213,2024-11-16,Cash on Delivery,DELIVERED,South Thomasborough,Oregon,Israel,R10
ORD001011,CUST00323,2022-11-14,Net Banking,PLACED,Erinburgh,Vermont,Malaysia,R20
ORD001012,CUST00599,2024-12-13,Debit Card,DELIVERED,Archertown,West Virginia,Tanzania,R14
ORD001013,CUST00024,2023-05-05,Debit Card,DELIVERED,Melanieport,Oregon,Burundi,R16
ORD001014,CUST00241,2022-08-04,Cash on Delivery,DELIVERED,Lake Stanleyview,Tennessee,Togo,R20
ORD001015,CUST00127,2024-05-21,Credit Card,DELIVERED,Hubbardland,Ohio,Tonga,R04
ORD001016,CUST00585,2023-09-16,Credit Card,DELIVERED,Johnsonfurt,Indiana,Colombia,R13
ORD001017,CUST00564,2025-07-27,Credit Card,DELIVERED,Port Chadburgh,Oregon,Venezuela,R20
ORD001018,CUST00286,2024-11-16,Debit Card,DELIVERED,South Jamesshire,Pennsylvania,Christmas Island,R11
ORD001019,CUST00515,2025-04-06,Net Banking,DELIVERED,Lake Wandaside,Hawaii,Liechtenstein,R13
ORD001020,CUST00507,2022-07-06,Debit Card,CANCELLED,South Jacqueline,Wyoming,Costa Rica,R15
ORD001021,CUST00161,2025-04-15,Credit Card,DELIVERED,South Christopher,West Virginia,United States Virgin Islands,R01
ORD001022,CUST00546,2025-12-03,Net Banking,DELIVERED,New Rodneyport,South Carolina,Estonia,R04
ORD001023,CUST00393,2022-09-24,Net Banking,RETURNED,Matthewsburgh,Alaska,Costa Rica,R14
ORD001024,CUST00194,2025-01-20,Cash on Delivery,DELIVERED,North Emily,Kansas,Greece,R20
ORD001025,CUST00635,2023-04-15,UPI,DELIVERED,North Justinshire,South Carolina,Italy,R14
ORD001026,CUST00024,2023-11-30,Credit Card,DELIVERED,South Carolland,South Carolina,Guam,R16
ORD001027,CUST00094,2025-06-27,UPI,DELIVERED,Leestad,Kentucky,New Caledonia,R13
ORD001028,CUST00566,2024-04-04,Credit Card,CANCELLED,West Jesse,North Carolina,Samoa,R06
ORD001029,CUST00469,2025-04-20,Credit Card,DELIVERED,Donnabury,Arkansas,Qatar,R07
ORD001030,CUST00331,2022-08-16,UPI,RETURNED,South Jennyville,Nebraska,Latvia,R07
ORD001031,,2024-02-19,Credit Card,DELIVERED,South Cynthiaview,Texas,Cyprus,R15
ORD001032,CUST00248,2024-11-18,Net Banking,DELIVERED,West Nicolehaven,Pennsylvania,Tonga,R04
ORD001033,CUST00619,2025-03-19,Credit Card,DELIVERED,North Noahview,Wyoming,Mozambique,R03
ORD001034,CUST00008,2025-12-01,Net Banking,CANCELLED,Port Destiny,Colorado,Greenland,R16
ORD001035,CUST00395,2022-01-03,Net Banking,RETURNED,South Kim,Delaware,Lebanon,R18
ORD001036,CUST00124,2022-03-26,Cash on Delivery,DELIVERED,South Crystal,Arizona,Kiribati,R18
ORD001037,,2025-09-28,UPI,DELIVERED,East Anthonyside,Arizona,Maldives,R13
ORD001038,CUST00041,2024-09-22,Cash on Delivery,DELIVERED,South Erikberg,North Dakota,Chad,R15
ORD001039,CUST00439,2024-07-22,UPI,DELIVERED,Pierceport,Maryland,Tajikistan,R09
ORD001040,CUST00594,2024-03-29,UPI,DELIVERED,Karentown,Texas,Thailand,R12
ORD001041,CUST00423,2022-01-30,Credit Card,RETURNED,Thomashaven,Texas,Mozambique,R16
ORD001042,CUST00216,2023-06-11,Debit Card,DELIVERED,Lake Deborah,South Dakota,Falkland Islands (Malvinas),R03
ORD001043,CUST00470,2022-05-18,Net Banking,DELIVERED,South Amberchester,Pennsylvania,Poland,R09
ORD001044,CUST00351,2022-06-24,Net Banking,DELIVERED,Garrisonburgh,New Mexico,Iraq,R15
ORD001045,CUST00265,2023-09-01,Cash on Delivery,PLACED,North Angela,North Dakota,Burkina Faso,R05
ORD001046,CUST00152,2025-07-29,UPI,DELIVERED,East Colleenmouth,Arkansas,North Macedonia,R12
ORD001047,CUST00578,2025-03-22,Debit Card,DELIVERED,South James,Kentucky,Fiji,R06
ORD001048,CUST00582,2023-02-23,Net Banking,DELIVERED,West Leah,Missouri,Norfolk Island,R10
ORD001049,CUST00159,2024-10-08,Credit Card,DELIVERED,Lake Johnny,North Dakota,Pitcairn Islands,R10
ORD001050,CUST00394,2025-06-29,Credit Card,PLACED,Yoderland,Idaho,Algeria,R07
ORD001051,CUST00598,2025-02-17,Cash on Delivery,PLACED,Lisaberg,Maryland,Central African Republic,R12
ORD001052,CUST00521,2024-10-18,Cash on Delivery,DELIVERED,Jasontown,Pennsylvania,Bermuda,R20
ORD001053,CUST00175,2026-06-09,Cash on Delivery,DELIVERED,East Stephen,Kansas,Algeria,R12
ORD001054,CUST00388,2022-10-11,Net Banking,DELIVERED,Ashleyfurt,Virginia,Bahamas,R17
ORD001055,,2023-01-24,Net Banking,PLACED,Banksmouth,Alabama,Bulgaria,R03
ORD001056,CUST00351,2025-11-27,Credit Card,DELIVERED,Johnmouth,Florida,Tanzania,R09
ORD001057,CUST00624,2025-04-03,UPI,DELIVERED,Bobbystad,Iowa,Qatar,R12
ORD001058,CUST00511,2025-04-01,UPI,CANCELLED,Scottland,Vermont,Martinique,R17
ORD001059,CUST00234,2025-06-20,Debit Card,DELIVERED,Clarkeview,Utah,Andorra,R13
ORD001060,,2023-01-13,Debit Card,DELIVERED,Wilcoxview,North Carolina,Mayotte,R09
ORD001061,CUST00567,2022-08-17,Cash on Delivery,CANCELLED,West Morganshire,New Hampshire,Luxembourg,R02
ORD001062,CUST00458,2023-01-22,Credit Card,DELIVERED,Joshuafurt,Nebraska,Canada,R06
ORD001063,CUST00667,2022-11-03,Credit Card,DELIVERED,East Ronnie,Missouri,Iraq,R15
ORD001064,CUST00182,2025-06-07,Cash on Delivery,DELIVERED,Munozhaven,Nebraska,Finland,R09
ORD001065,CUST00094,2024-06-28,UPI,RETURNED,East Nathanport,Oregon,Svalbard & Jan Mayen Islands,R05
ORD001066,CUST00536,2024-01-23,Credit Card,DELIVERED,East Kaitlyn,Kentucky,Colombia,R19
ORD001067,CUST00596,2024-07-28,UPI,DELIVERED,Lopezchester,Oregon,Niger,R02
ORD001068,CUST00327,2022-07-20,UPI,DELIVERED,South Robertland,New Jersey,Yemen,R04
ORD001069,CUST00453,2025-12-17,Credit Card,SHIPPED,Thompsonstad,Missouri,New Zealand,R19
ORD001070,CUST00221,2024-07-05,Debit Card,DELIVERED,New Robin,Rhode Island,Somalia,R19
ORD001071,CUST00441,2025-02-14,UPI,DELIVERED,East Malik,Oklahoma,Saint Pierre and Miquelon,R15
ORD001072,CUST00659,2024-01-12,Cash on Delivery,DELIVERED,Hawkinsmouth,Virginia,Lithuania,R01
ORD001073,CUST00258,2023-12-02,Cash on Delivery,DELIVERED,West Sabrina,Nevada,American Samoa,R06
ORD001074,,2023-04-13,Cash on Delivery,DELIVERED,East Jonathanburgh,Arkansas,Mali,R10
ORD001075,CUST00271,2025-09-08,Credit Card,DELIVERED,Paulabury,Connecticut,Greece,R18
ORD001076,CUST00516,2022-11-07,Net Banking,DELIVERED,Port Carol,Georgia,Brunei Darussalam,R06
ORD001077,CUST00500,2023-09-18,Cash on Delivery,DELIVERED,North Adamland,Maine,French Southern Territories,R06
ORD001078,CUST00184,2022-03-19,Net Banking,DELIVERED,Spearsberg,South Carolina,Saint Kitts and Nevis,R04
ORD001079,CUST00454,2025-03-06,Cash on Delivery,CANCELLED,Port Kevinbury,Arizona,Trinidad and Tobago,R07
ORD001080,CUST00112,2023-03-18,Credit Card,DELIVERED,East Kevintown,Indiana,Maldives,R10
ORD001081,CUST00328,2025-06-14,Net Banking,DELIVERED,Morrisside,New Mexico,Bulgaria,R10
ORD001082,CUST00625,2022-02-21,Credit Card,DELIVERED,Newmanfurt,Maryland,Cayman Islands,R07
ORD001083,CUST00406,2025-02-27,Credit Card,DELIVERED,West Regina,Michigan,Niger,R06
ORD001084,CUST00334,2025-01-07,Net Banking,DELIVERED,North April,Iowa,Guadeloupe,R14
ORD001085,CUST00276,2025-07-15,Debit Card,DELIVERED,North Ashley,New York,Japan,R10
ORD001086,CUST00380,2023-10-28,Debit Card,DELIVERED,New Sherryside,South Carolina,Iran,R11
ORD001087,CUST00461,2022-07-14,Cash on Delivery,DELIVERED,Lake Vanessastad,Montana,Martinique,R14
ORD001088,CUST00006,2022-07-24,Net Banking,SHIPPED,North Thomasstad,Kansas,Niue,R14
ORD001089,CUST00363,2025-12-23,Credit Card,RETURNED,South Christinachester,Connecticut,Vietnam,R09
ORD001090,CUST00020,2024-03-28,Credit Card,DELIVERED,Armstrongfort,Georgia,Saudi Arabia,R09
ORD001091,CUST00302,2025-04-02,UPI,DELIVERED,Melissatown,Maryland,Egypt,R13
ORD001092,CUST00334,2025-05-20,Credit Card,DELIVERED,Travisville,Virginia,Central African Republic,R20
ORD001093,CUST00516,2023-05-09,Debit Card,DELIVERED,North Diane,New Mexico,Panama,R08
ORD001094,CUST00165,2024-08-19,Net Banking,RETURNED,Melissaville,Alabama,Austria,R19
ORD001095,CUST00482,2024-02-10,UPI,DELIVERED,Simpsonburgh,California,Luxembourg,R13
ORD001096,CUST00499,2023-06-28,Cash on Delivery,DELIVERED,East Robertshire,Wisconsin,Panama,R02
ORD001097,CUST00104,2022-10-06,Debit Card,DELIVERED,East Heathershire,Rhode Island,Saint Helena,R12
ORD001098,,2022-04-21,UPI,DELIVERED,New Todd,Indiana,Kuwait,R03
ORD001099,CUST00333,2026-02-17,Credit Card,DELIVERED,East Kennethburgh,Maine,Timor-Leste,R19
ORD001100,CUST00205,2023-04-28,Net Banking,DELIVERED,Melanieport,Oklahoma,New Caledonia,R19
ORD001101,CUST00560,2022-01-01,Debit Card,DELIVERED,Trevortown,New Hampshire,San Marino,R10
ORD001102,CUST00023,2024-04-10,UPI,CANCELLED,Clinebury,Massachusetts,Bahrain,R11
ORD001103,CUST00370,2025-12-04,Net Banking,DELIVERED,Lake Marychester,Massachusetts,Belarus,R07
ORD001104,CUST00189,2025-04-22,Credit Card,DELIVERED,Port Thomaston,Vermont,Moldova,R11
ORD001105,CUST00204,2025-08-18,Debit Card,DELIVERED,Christopherbury,Texas,Chad,R01
ORD001106,CUST00144,2025-09-03,Net Banking,DELIVERED,Christianstad,Missouri,Congo,R16
ORD001107,CUST00050,2023-02-02,UPI,RETURNED,New Lisaside,Minnesota,Malawi,R17
ORD001108,CUST00383,2022-01-03,Net Banking,RETURNED,Michaelland,Washington,Saint Pierre and Miquelon,R17
ORD001109,CUST00335,2025-06-08,Net Banking,DELIVERED,West Paulamouth,Kentucky,Faroe Islands,R11
ORD001110,CUST00650,2025-01-20,UPI,DELIVERED,Caldwellbury,Rhode Island,Papua New Guinea,R18
ORD001111,,2022-07-01,Cash on Delivery,CANCELLED,Williamsfort,New Mexico,Afghanistan,R03
ORD001112,CUST00588,2022-03-20,Cash on Delivery,DELIVERED,Alexbury,Alabama,Saint Barthelemy,R07
ORD001113,CUST00075,2023-04-29,Net Banking,CANCELLED,Patriciaville,Ohio,Falkland Islands (Malvinas),R15
ORD001114,CUST00463,2022-01-29,Credit Card,DELIVERED,New Sandra,Virginia,Mayotte,R03
ORD001115,CUST00187,2022-08-21,Debit Card,DELIVERED,North Linda,Alaska,Pitcairn Islands,R14
ORD001116,CUST00022,2022-11-21,Debit Card,PLACED,Longburgh,Wyoming,Wallis and Futuna,R13
ORD001117,,2025-02-21,Debit Card,DELIVERED,East Willieside,Oklahoma,Iran,R09
ORD001118,CUST00229,2024-11-29,Debit Card,DELIVERED,Courtneytown,Texas,Kenya,R07
ORD001119,CUST00589,2024-04-09,Cash on Delivery,DELIVERED,East Peterburgh,Rhode Island,Qatar,R05
ORD001120,CUST00212,2023-06-09,UPI,PLACED,South Justinchester,Virginia,Netherlands Antilles,R20
ORD001121,CUST00041,2022-11-18,Cash on Delivery,DELIVERED,Lake Joel,Washington,Israel,R03
ORD001122,CUST00336,2022-07-25,Credit Card,DELIVERED,North Sarah,Rhode Island,Lao People's Democratic Republic,R07
ORD001123,CUST00311,2023-04-12,Debit Card,DELIVERED,Melissahaven,North Carolina,United Arab Emirates,R07
ORD001124,CUST00364,2022-03-24,Net Banking,DELIVERED,Freemanhaven,Washington,Netherlands,R13
ORD001125,CUST00027,2024-05-17,Credit Card,DELIVERED,Riddleton,Rhode Island,Chile,R15
ORD001126,CUST00450,2022-03-05,Credit Card,DELIVERED,New Hollyland,Ohio,Taiwan,R19
ORD001127,CUST00128,2025-01-27,Credit Card,DELIVERED,Michelleland,Colorado,Cook Islands,R19
ORD001128,CUST00529,2024-11-23,Credit Card,DELIVERED,Port Peter,Connecticut,Bhutan,R16
ORD001129,CUST00620,2023-06-05,Debit Card,DELIVERED,Angelaside,Arkansas,Guam,R07
ORD001130,CUST00093,2022-09-11,Debit Card,DELIVERED,Allenville,Delaware,Nepal,R17
ORD001131,CUST00115,2024-10-16,UPI,PLACED,Johnsonmouth,Utah,Peru,R14
ORD001132,CUST00410,2022-09-04,UPI,DELIVERED,North Lawrence,Rhode Island,United Kingdom,R10
ORD001133,CUST00067,2024-01-01,Debit Card,DELIVERED,South Thomasview,Mississippi,Rwanda,R03
ORD001134,CUST00667,2023-03-09,Net Banking,CANCELLED,Timothyton,Ohio,Philippines,R01
ORD001135,CUST00282,2025-10-17,Debit Card,PLACED,Lake Paula,Colorado,Kenya,R08
ORD001136,CUST00182,2025-03-12,Credit Card,DELIVERED,West Peterland,South Carolina,Montserrat,R05
ORD001137,CUST00482,2023-06-11,UPI,DELIVERED,New Joseph,New York,Spain,R07
ORD001138,CUST00677,2023-08-25,Cash on Delivery,DELIVERED,Andersonchester,Idaho,Egypt,R06
ORD001139,CUST00430,2023-05-23,Cash on Delivery,RETURNED,Livingstonstad,Iowa,American Samoa,R06
ORD001140,CUST00374,2022-08-03,UPI,DELIVERED,Jonesside,Maryland,Andorra,R01
ORD001141,CUST00510,2022-07-21,Net Banking,DELIVERED,Toddside,New Hampshire,Albania,R09
ORD001142,CUST00637,2022-12-02,UPI,DELIVERED,Blackton,Michigan,Vanuatu,R16
ORD001143,CUST00036,2025-06-16,Credit Card,RETURNED,South Joelfurt,Montana,Dominican Republic,R02
ORD001144,CUST00553,2023-11-06,Cash on Delivery,DELIVERED,West Bradleyhaven,Tennessee,Benin,R06
ORD001145,CUST00162,2024-10-02,Debit Card,RETURNED,Adamstown,South Carolina,Mayotte,R03
ORD001146,CUST00430,02/10/2024,Net Banking,DELIVERED,North Micheleshire,Arizona,Nauru,R14
ORD001147,CUST00550,2022-07-03,Cash on Delivery,CANCELLED,North Linda,Kansas,Northern Mariana Islands,R01
ORD001148,CUST00319,2022-02-14,Debit Card,DELIVERED,West Derek,Rhode Island,Estonia,R18
ORD001149,CUST00375,2023-06-11,UPI,DELIVERED,Lake James,New Jersey,Saudi Arabia,R19
ORD001150,CUST00201,2023-07-31,Cash on Delivery,DELIVERED,Hortonstad,Iowa,Togo,R05
ORD001151,CUST00231,2022-06-24,UPI,DELIVERED,South Bobby,South Carolina,Saint Barthelemy,R10
ORD001152,CUST00630,2024-04-08,Credit Card,DELIVERED,Williamsmouth,Minnesota,United States Virgin Islands,R10
ORD001153,CUST00337,2025-06-19,Net Banking,DELIVERED,Michaelmouth,Kentucky,Sudan,R17
ORD001154,CUST00530,2023-03-01,Debit Card,DELIVERED,North Luis,West Virginia,Moldova,R05
ORD001155,CUST00336,2024-07-28,Credit Card,DELIVERED,Heathermouth,Iowa,Malaysia,R02
ORD001156,CUST00395,2022-05-21,Credit Card,RETURNED,New Allenside,Delaware,Saint Barthelemy,R01
ORD001157,CUST00147,2024-05-01,Credit Card,DELIVERED,Baileystad,North Dakota,Croatia,R11
ORD001158,CUST00012,2023-03-17,Net Banking,CANCELLED,Kathleenfurt,Montana,Cayman Islands,R07
ORD001159,CUST00644,2025-09-08,Cash on Delivery,DELIVERED,New Laura,Mississippi,Canada,R07
ORD001160,,2022-07-11,Cash on Delivery,DELIVERED,Jensenton,Massachusetts,Reunion,R09
ORD001161,CUST00672,2023-09-25,Debit Card,DELIVERED,Smithchester,Connecticut,Sudan,R06
ORD001162,CUST00262,2023-10-15,Net Banking,DELIVERED,West Amber,Alaska,Kiribati,R15
ORD001163,CUST00680,2022-01-17,Debit Card,DELIVERED,Shaneberg,Wisconsin,Italy,R09
ORD001164,CUST00065,2025-11-01,Net Banking,DELIVERED,Smithborough,Minnesota,South Georgia and the South Sandwich Islands,R18
ORD001165,CUST00130,2022-04-08,Net Banking,CANCELLED,Williamtown,California,Holy See (Vatican City State),R04
ORD001166,CUST00564,2022-11-06,Credit Card,CANCELLED,North Scottland,Nevada,Luxembourg,R10
ORD001167,CUST00464,2025-06-10,UPI,RETURNED,West Rodneystad,North Dakota,Kazakhstan,R17
ORD001168,CUST00187,2024-06-07,Cash on Delivery,DELIVERED,West Davidview,Maryland,Belarus,R08
ORD001169,CUST00018,2022-11-21,Debit Card,DELIVERED,New Mark,New Hampshire,Montenegro,R05
ORD001170,CUST00577,2023-02-17,Cash on Delivery,PLACED,Lake Nicholasview,Washington,Samoa,R18
ORD001171,CUST00372,2023-07-22,Cash on Delivery,DELIVERED,North Erin,Massachusetts,Puerto Rico,R06
ORD001172,CUST00103,2025-12-29,Cash on Delivery,DELIVERED,Silvamouth,Washington,Kuwait,R05
ORD001173,CUST00554,2022-07-11,Cash on Delivery,DELIVERED,Port Dawnhaven,South Dakota,Morocco,R07
ORD001174,CUST00286,2024-04-05,Net Banking,DELIVERED,Grahamport,Virginia,Iraq,R17
ORD001175,,2024-06-21,Net Banking,DELIVERED,South Mark,Delaware,Micronesia,R10
ORD001176,CUST00001,2023-01-01,Cash on Delivery,DELIVERED,West Jennifer,New York,Estonia,R07
ORD001177,CUST00628,2024-09-01,UPI,SHIPPED,Fostertown,Mississippi,Poland,R14
ORD001178,,2023-12-30,Credit Card,DELIVERED,Port Jacobbury,West Virginia,Puerto Rico,R08
ORD001179,CUST00401,2024-01-13,Net Banking,DELIVERED,Solisland,Ohio,Estonia,R07
ORD001180,CUST00255,2023-01-15,UPI,DELIVERED,Port Dawnshire,Idaho,Central African Republic,R09
ORD001181,CUST00144,2022-02-09,UPI,DELIVERED,Ryanbury,Indiana,Comoros,R19
ORD001182,CUST00689,2025-08-13,Net Banking,DELIVERED,Lake Jasmine,Vermont,Lesotho,R09
ORD001183,CUST00336,2022-11-27,UPI,DELIVERED,East Ariana,Montana,French Guiana,R17
ORD001184,CUST00106,2023-02-07,Cash on Delivery,DELIVERED,East Mistyberg,Massachusetts,Dominican Republic,R15
ORD001185,CUST00306,2025-03-31,Cash on Delivery,DELIVERED,Port Ralph,New Jersey,Honduras,R15
ORD001186,CUST00158,2024-08-16,Debit Card,CANCELLED,West Frederick,New Mexico,Uruguay,R02
ORD001187,CUST00391,2023-01-03,Debit Card,DELIVERED,East Jennifer,Michigan,Pakistan,R15
ORD001188,CUST00437,2022-08-07,Net Banking,DELIVERED,East Johnburgh,Alaska,Morocco,R08
ORD001189,CUST00536,2022-05-26,Cash on Delivery,RETURNED,Haleytown,California,Jamaica,R12
ORD001190,CUST00248,2024-08-16,Net Banking,CANCELLED,East Kathleen,Idaho,Maldives,R14
ORD001191,CUST00432,2023-03-10,UPI,CANCELLED,Devonport,New York,Palestinian Territory,R09
ORD001192,CUST00283,2022-04-20,Cash on Delivery,DELIVERED,New Albert,Utah,Liberia,R09
ORD001193,CUST00366,2023-05-30,UPI,DELIVERED,Michellemouth,Louisiana,Portugal,R16
ORD001194,CUST00249,2023-06-16,Credit Card,DELIVERED,South Brian,New Hampshire,Gibraltar,R09
ORD001195,CUST00107,2026-05-14,Cash on Delivery,DELIVERED,Carrollland,Illinois,Micronesia,R19
ORD001196,CUST00385,2022-12-10,Net Banking,PLACED,North Adamfurt,Maine,Ecuador,R04
ORD001197,CUST00605,2022-11-28,UPI,DELIVERED,East Kiara,Nevada,Niue,R04
ORD001198,CUST00245,2025-01-30,Cash on Delivery,DELIVERED,East Trevor,New Jersey,Lao People's Democratic Republic,R13
ORD001199,CUST00041,2022-12-06,Net Banking,CANCELLED,North Robert,Washington,Madagascar,R19
ORD001200,CUST00536,2024-12-23,Net Banking,CANCELLED,South Richardport,Washington,Lesotho,R14
ORD001201,CUST00686,2022-02-13,Credit Card,DELIVERED,Smithside,Mississippi,Austria,R01
ORD001202,CUST00646,2023-01-05,UPI,DELIVERED,Salinasmouth,South Carolina,Germany,R14
ORD001203,CUST00030,2022-09-21,Debit Card,DELIVERED,Derekport,Colorado,Saint Lucia,R12
ORD001204,CUST00361,21/09/2022,Net Banking,DELIVERED,Lake Thomasport,Washington,Austria,R11
ORD001205,CUST00470,2022-07-25,Debit Card,DELIVERED,Nelsonchester,New Mexico,Slovenia,R06
ORD001206,CUST00215,2025-03-24,Cash on Delivery,DELIVERED,Williamchester,New Jersey,Italy,R13
ORD001207,CUST00357,2022-08-02,Credit Card,CANCELLED,Ashleytown,Nevada,Switzerland,R03
ORD001208,CUST00342,2022-09-06,Cash on Delivery,DELIVERED,Port Billyfurt,Illinois,Sri Lanka,R08
ORD001209,CUST00325,2024-02-29,UPI,RETURNED,Cynthiafurt,Kentucky,Yemen,R03
ORD001210,CUST00655,2023-10-02,Cash on Delivery,DELIVERED,West Ashleyview,Massachusetts,Nepal,R06
ORD001211,CUST00392,2024-01-25,Net Banking,DELIVERED,North Alexandra,Indiana,Namibia,R15
ORD001212,CUST00371,2024-12-21,Credit Card,DELIVERED,Goodmanside,Virginia,Fiji,R04
ORD001213,CUST00195,2025-08-01,Cash on Delivery,DELIVERED,West Carolhaven,Nevada,Antigua and Barbuda,R18
ORD001214,CUST00304,2024-07-04,Cash on Delivery,DELIVERED,Lisatown,Maine,Nepal,R20
ORD001215,CUST00078,2024-12-26,UPI,DELIVERED,East Madison,Wyoming,Tunisia,R13
ORD001216,CUST00270,2023-11-10,Debit Card,DELIVERED,Jayberg,West Virginia,Cyprus,R13
ORD001217,CUST00137,2024-07-06,UPI,CANCELLED,Patriciaville,Florida,Bolivia,R10
ORD001218,CUST00629,2022-09-01,UPI,DELIVERED,Lake Michelleville,Michigan,Nicaragua,R08
ORD001219,CUST00454,2023-03-24,Credit Card,DELIVERED,Jeremytown,Alabama,Reunion,R09
ORD001220,CUST00027,2022-04-24,Credit Card,DELIVERED,Lake Shannon,West Virginia,Qatar,R08
ORD001221,,2025-11-28,Credit Card,DELIVERED,East Renee,Pennsylvania,Marshall Islands,R10
ORD001222,CUST00250,2024-12-28,Cash on Delivery,DELIVERED,Sheilaport,Idaho,Sweden,R15
ORD001223,CUST00425,2025-10-13,Cash on Delivery,DELIVERED,West Raymond,New Jersey,San Marino,R06
ORD001224,CUST00532,2024-02-22,Cash on Delivery,RETURNED,Brownhaven,Wyoming,Macao,R13
ORD001225,CUST00268,2024-03-28,Debit Card,CANCELLED,East Jamie,North Dakota,Norway,R09
ORD001226,CUST00442,2024-04-28,Credit Card,DELIVERED,Brownside,Maine,Bangladesh,R12
ORD001227,CUST00079,2023-08-26,Credit Card,DELIVERED,South Heidiborough,Vermont,Saint Kitts and Nevis,R08
ORD001228,CUST00552,2023-02-01,UPI,RETURNED,Richardmouth,West Virginia,Morocco,R17
ORD001229,CUST00488,2024-07-20,UPI,CANCELLED,Petermouth,North Carolina,Japan,R20
ORD001230,CUST00234,2024-12-02,Cash on Delivery,CANCELLED,Hansonshire,Wyoming,South Africa,R08
ORD001231,CUST00477,2023-08-24,UPI,DELIVERED,Lake Amber,Alabama,Togo,R15
ORD001232,CUST00510,2024-08-22,UPI,RETURNED,Moorefurt,Delaware,Australia,R06
ORD001233,CUST00023,2025-07-27,Cash on Delivery,DELIVERED,New Nicolechester,Colorado,Hungary,R12
ORD001234,CUST00489,2023-09-15,Credit Card,SHIPPED,North Corey,Massachusetts,Guinea-Bissau,R12
ORD001235,CUST00067,2025-10-31,Debit Card,DELIVERED,Jessicahaven,Nebraska,Zambia,R01
ORD001236,CUST00613,2023-03-08,Credit Card,RETURNED,Victorhaven,Montana,Gibraltar,R07
ORD001237,CUST00678,2023-05-25,Cash on Delivery,DELIVERED,Pamelastad,Connecticut,China,R10
ORD001238,CUST00339,2023-01-31,Cash on Delivery,RETURNED,Jordantown,Alabama,Austria,R05
ORD001239,CUST00553,31/01/2023,UPI,RETURNED,Millsmouth,North Dakota,Solomon Islands,R02
ORD001240,CUST00367,2025-06-11,UPI,DELIVERED,Stokesberg,Maine,Pitcairn Islands,R17
ORD001241,CUST00424,2022-03-31,Credit Card,DELIVERED,Charlesfurt,Minnesota,Equatorial Guinea,R20
ORD001242,CUST00184,2023-05-21,UPI,DELIVERED,East Gregoryview,Maryland,Eritrea,R16
ORD001243,CUST00123,2022-04-17,UPI,RETURNED,Fitzpatricktown,Georgia,Spain,R19
ORD001244,CUST00397,2025-08-10,Net Banking,DELIVERED,East Allison,Ohio,Japan,R05
ORD001245,CUST00352,2022-01-27,Debit Card,DELIVERED,Port Lucas,New Mexico,Trinidad and Tobago,R14
ORD001246,CUST00259,2022-03-07,Credit Card,DELIVERED,South Andrewbury,Nebraska,Congo,R07
ORD001247,CUST00233,2022-03-12,UPI,DELIVERED,Lisaview,Georgia,United States Virgin Islands,R04
ORD001248,CUST00537,2022-11-26,Cash on Delivery,SHIPPED,Brownton,Vermont,Grenada,R18
ORD001249,,2025-02-10,UPI,DELIVERED,New Cherylside,Iowa,Antarctica (the territory South of 60 deg S),R17
ORD001250,CUST00013,2024-08-03,Net Banking,DELIVERED,Julieborough,Louisiana,Paraguay,R19
ORD001251,CUST00577,2024-06-17,UPI,RETURNED,New Kaylaland,Rhode Island,Lebanon,R07
ORD001252,CUST00652,2024-07-15,Credit Card,DELIVERED,Parrishshire,New York,Burkina Faso,R12
ORD001253,CUST00100,2025-07-29,Credit Card,DELIVERED,Matthewberg,Oklahoma,Ethiopia,R19
ORD001254,CUST00182,2022-06-20,Credit Card,DELIVERED,West Paul,Louisiana,Malta,R15
ORD001255,CUST00032,2022-01-21,Cash on Delivery,RETURNED,Louiston,New Jersey,Costa Rica,R04
ORD001256,CUST00320,2023-07-04,UPI,DELIVERED,Waltonfort,Maryland,Malawi,R06
ORD001257,CUST00605,2022-01-22,UPI,DELIVERED,Tyronebury,Oregon,El Salvador,R20
ORD001258,CUST00159,2026-05-06,Cash on Delivery,CANCELLED,West Breannaside,Arizona,Burundi,R15
ORD001259,CUST00120,2024-10-18,UPI,DELIVERED,Smithview,Louisiana,Cameroon,R12
ORD001260,CUST00145,2024-10-07,Net Banking,DELIVERED,Port Jesusland,Minnesota,United States Minor Outlying Islands,R13
ORD001261,,2024-04-04,Net Banking,CANCELLED,West Abigail,South Carolina,Tajikistan,R19
ORD001262,CUST00102,2025-09-15,UPI,DELIVERED,South Jamesport,Georgia,Armenia,R11
ORD001263,CUST00540,2022-12-20,Cash on Delivery,DELIVERED,New Juliemouth,New Mexico,France,R18
ORD001264,CUST00659,2024-04-07,Debit Card,DELIVERED,Stevensstad,Delaware,Palestinian Territory,R07
ORD001265,CUST00300,2023-04-25,Net Banking,DELIVERED,New Rachelview,Utah,Mali,R13
ORD001266,CUST00085,2025-01-26,Net Banking,DELIVERED,East Adam,North Dakota,Saudi Arabia,R18
ORD001267,CUST00496,2025-01-29,Debit Card,DELIVERED,Port Catherine,Tennessee,Mali,R10
ORD001268,CUST00057,2025-09-19,UPI,DELIVERED,Hortonview,Connecticut,Montserrat,R03
ORD001269,CUST00315,2023-10-15,Cash on Delivery,DELIVERED,East Deborah,Iowa,Chile,R11
ORD001270,CUST00050,2025-10-16,UPI,RETURNED,Johnsonstad,Washington,Mexico,R13
ORD001271,CUST00193,2023-08-09,Cash on Delivery,SHIPPED,Gabrielchester,New Mexico,French Guiana,R14
ORD001272,CUST00521,2025-12-12,Credit Card,DELIVERED,North Melinda,New Hampshire,Congo,R02
ORD001273,CUST00220,2024-12-23,Credit Card,RETURNED,South Richardshire,Indiana,Palestinian Territory,R11
ORD001274,CUST00075,2024-09-24,Net Banking,DELIVERED,West Christopherhaven,Wisconsin,Bermuda,R20
ORD001275,CUST00016,2023-12-30,Net Banking,DELIVERED,West Kimberly,Missouri,Swaziland,R04
ORD001276,CUST00298,2023-07-17,Credit Card,DELIVERED,Annachester,South Carolina,Mexico,R11
ORD001277,CUST00182,2026-04-15,Net Banking,PLACED,South Sarahbury,Florida,Kuwait,R05
ORD001278,CUST00614,2025-01-31,Debit Card,RETURNED,East Desiree,Delaware,Korea,R14
ORD001279,CUST00697,2024-08-28,Debit Card,DELIVERED,East Nicolebury,New Mexico,Philippines,R09
ORD001280,CUST00420,2025-07-09,Net Banking,CANCELLED,North Jeanettechester,Massachusetts,Swaziland,R13
ORD001281,CUST00285,2023-02-28,Credit Card,CANCELLED,Brownside,Louisiana,Sudan,R16
ORD001282,CUST00260,2023-12-25,Net Banking,PLACED,Carpenterview,California,Niue,R15
ORD001283,CUST00132,2025-05-13,Credit Card,SHIPPED,Fishermouth,Massachusetts,Cook Islands,R04
ORD001284,CUST00119,2024-07-10,Net Banking,SHIPPED,Port Natalieside,Ohio,Nigeria,R18
ORD001285,CUST00336,2024-11-30,Debit Card,RETURNED,Port Shaunborough,New Jersey,Malaysia,R13
ORD001286,CUST00292,2022-04-14,Debit Card,CANCELLED,Brandymouth,New York,Netherlands,R09
ORD001287,CUST00112,2022-04-01,Net Banking,CANCELLED,Mikefurt,Hawaii,Iraq,R07
ORD001288,CUST00089,2025-07-08,Net Banking,DELIVERED,New Joseph,North Carolina,Kenya,R17
ORD001289,CUST00037,2023-10-01,UPI,DELIVERED,New Andrew,Georgia,Andorra,R02
ORD001290,CUST00398,2024-11-30,UPI,DELIVERED,Rossberg,Kansas,Nauru,R20
ORD001291,CUST00380,2023-09-13,Credit Card,DELIVERED,East Dannytown,South Dakota,Thailand,R02
ORD001292,CUST00679,2023-06-03,Credit Card,DELIVERED,New Natalieside,Connecticut,Cape Verde,R11
ORD001293,CUST00045,2025-12-13,Credit Card,DELIVERED,Booneville,North Carolina,Seychelles,R09
ORD001294,CUST00180,2022-07-27,Credit Card,RETURNED,Lake Mariatown,Montana,Iceland,R02
ORD001295,CUST00401,2025-01-16,Debit Card,DELIVERED,Port Davidmouth,Pennsylvania,Bulgaria,R08
ORD001296,CUST00189,2022-12-07,Debit Card,DELIVERED,Maxwellshire,Oklahoma,Cambodia,R15
ORD001297,CUST00026,2023-08-26,UPI,CANCELLED,East Joshua,Virginia,Malawi,R20
ORD001298,CUST00542,2024-10-26,Credit Card,DELIVERED,Stanleymouth,Arizona,Ecuador,R11
ORD001299,CUST00059,2025-01-13,UPI,DELIVERED,Bradleyfort,Massachusetts,Kuwait,R18
ORD001300,CUST00018,2024-03-04,Credit Card,DELIVERED,Atkinsbury,Illinois,Guadeloupe,R11
ORD001301,CUST00380,2023-07-05,UPI,DELIVERED,Smithfort,New Hampshire,Dominica,R01
ORD001302,CUST00391,2025-02-23,UPI,CANCELLED,Port Georgeborough,Connecticut,Gibraltar,R19
ORD001303,CUST00123,2023-05-27,UPI,DELIVERED,Crystalmouth,New Hampshire,Philippines,R03
ORD001304,CUST00021,2025-11-06,Net Banking,RETURNED,West Davidland,North Dakota,Lesotho,R13
ORD001305,CUST00290,2024-08-17,Net Banking,DELIVERED,New Joshua,Louisiana,Estonia,R08
ORD001306,CUST00700,2022-03-11,Debit Card,DELIVERED,Michaelhaven,Ohio,Cote d'Ivoire,R15
ORD001307,CUST00491,2022-06-12,Credit Card,DELIVERED,West Calebfort,Arkansas,Pakistan,R12
ORD001308,,2025-11-29,Credit Card,RETURNED,Port Elijahbury,Tennessee,South Africa,R13
ORD001309,CUST00264,2023-05-17,Debit Card,DELIVERED,East Richardmouth,Delaware,Greece,R14
ORD001310,CUST00308,2024-09-02,Net Banking,DELIVERED,Fuentesside,Rhode Island,Belarus,R18
ORD001311,CUST00233,02/09/2024,Debit Card,DELIVERED,New Daniellemouth,South Carolina,Kiribati,R13
ORD001312,CUST00432,2024-04-15,Net Banking,DELIVERED,Port Nicolebury,South Dakota,Gabon,R15
ORD001313,CUST00398,2025-06-03,Debit Card,DELIVERED,Michaelhaven,Maine,Estonia,R13
ORD001314,CUST00137,2023-10-03,Credit Card,DELIVERED,Andrewsport,Alaska,United States Virgin Islands,R07
ORD001315,,2025-03-28,Cash on Delivery,DELIVERED,Port Kelsey,Washington,Togo,R15
ORD001316,CUST00562,2023-10-26,Net Banking,DELIVERED,Lisaland,Nevada,Cuba,R10
ORD001317,CUST00219,2025-12-27,Net Banking,DELIVERED,New Luis,Indiana,Senegal,R15
ORD001318,CUST00308,2024-02-14,Cash on Delivery,DELIVERED,Port David,Pennsylvania,Western Sahara,R07
ORD001319,CUST00223,2024-02-13,Credit Card,DELIVERED,Shawnburgh,Rhode Island,United States of America,R17
ORD001320,CUST00443,2024-12-28,Net Banking,PLACED,Lake Scott,Connecticut,Malawi,R07
ORD001321,CUST00396,2023-09-04,Credit Card,DELIVERED,Lake Benjamin,Oregon,Switzerland,R19
ORD001322,CUST00160,2022-05-18,Cash on Delivery,DELIVERED,Angieport,Tennessee,Central African Republic,R07
ORD001323,CUST00155,2025-06-30,Net Banking,DELIVERED,East Gregory,Colorado,Honduras,R05
ORD001324,CUST00499,2025-08-20,Cash on Delivery,DELIVERED,Caseystad,South Dakota,Saint Vincent and the Grenadines,R02
ORD001325,,2023-01-31,UPI,SHIPPED,New Ryan,Missouri,Anguilla,R01
ORD001326,CUST00055,2023-12-26,UPI,DELIVERED,West Kelly,Missouri,Tanzania,R12
ORD001327,CUST00208,2024-01-02,Credit Card,DELIVERED,Paulville,Minnesota,Samoa,R03
ORD001328,CUST00372,2024-09-09,Debit Card,DELIVERED,Amyland,South Dakota,Libyan Arab Jamahiriya,R15
ORD001329,CUST00487,2023-02-20,Credit Card,DELIVERED,South Brycetown,Michigan,American Samoa,R04
ORD001330,CUST00576,2022-09-08,Credit Card,DELIVERED,North William,Connecticut,Iraq,R04
ORD001331,CUST00546,2024-05-26,Net Banking,DELIVERED,Lake Maryport,Connecticut,Denmark,R18
ORD001332,CUST00644,2025-05-08,Debit Card,DELIVERED,Maryfort,Missouri,Qatar,R08
ORD001333,CUST00117,2025-10-13,Credit Card,RETURNED,Lake Brittanyside,Indiana,Puerto Rico,R04
ORD001334,CUST00041,2024-01-27,Net Banking,DELIVERED,Robertsberg,Pennsylvania,Sudan,R16
ORD001335,CUST00175,2025-01-21,Cash on Delivery,DELIVERED,New Richard,Texas,Northern Mariana Islands,R12
ORD001336,,2023-01-10,Credit Card,DELIVERED,Port Sarah,Georgia,Jamaica,R01
ORD001337,CUST00504,2025-08-17,Cash on Delivery,DELIVERED,Tanyatown,Oregon,Saint Kitts and Nevis,R11
ORD001338,,2024-09-30,UPI,DELIVERED,Mannburgh,Delaware,Moldova,R20
ORD001339,CUST00308,2025-10-15,Credit Card,DELIVERED,South Nicholas,New Jersey,British Virgin Islands,R07
ORD001340,CUST00650,2024-07-20,UPI,DELIVERED,Fritzchester,Nevada,Zambia,R16
ORD001341,CUST00017,2022-05-02,Cash on Delivery,DELIVERED,East Wendyfurt,Kansas,Fiji,R06
ORD001342,CUST00374,2022-09-28,Credit Card,DELIVERED,East Lauraberg,Florida,Pitcairn Islands,R17
ORD001343,CUST00025,2024-12-21,Credit Card,SHIPPED,West Christina,Ohio,Armenia,R08
ORD001344,,2022-04-23,Net Banking,DELIVERED,Lake Samuel,Nevada,Micronesia,R09
ORD001345,CUST00673,2022-12-09,UPI,DELIVERED,Freemantown,Connecticut,Lebanon,R02
ORD001346,CUST00134,2025-09-04,Cash on Delivery,PLACED,Mendezmouth,Georgia,North Macedonia,R19
ORD001347,CUST00020,2023-04-18,Credit Card,RETURNED,Lisaville,Louisiana,French Polynesia,R13
ORD001348,CUST00398,2022-02-11,Debit Card,DELIVERED,East John,Minnesota,Bahrain,R11
ORD001349,CUST00376,2023-12-13,Net Banking,DELIVERED,Melissastad,Nevada,Turkmenistan,R11
ORD001350,,2023-04-23,Debit Card,DELIVERED,Port Lisa,Arkansas,Bouvet Island (Bouvetoya),R16
ORD001351,CUST00289,2024-05-03,Net Banking,RETURNED,Sanchezberg,Missouri,Cuba,R03
ORD001352,CUST00683,2022-04-14,Cash on Delivery,RETURNED,Jillfurt,South Carolina,North Macedonia,R01
ORD001353,CUST00132,2023-06-05,UPI,DELIVERED,Brandiburgh,South Dakota,Cocos (Keeling) Islands,R06
ORD001354,CUST00383,2024-01-25,Cash on Delivery,CANCELLED,Bennettview,Colorado,French Southern Territories,R03
ORD001355,CUST00078,2024-08-02,UPI,DELIVERED,North Javierside,Massachusetts,Afghanistan,R11
ORD001356,CUST00633,2022-10-05,Cash on Delivery,DELIVERED,Matthewborough,Louisiana,Slovakia (Slovak Republic),R15
ORD001357,CUST00647,2023-03-25,UPI,DELIVERED,Nancyfurt,New Mexico,Cambodia,R02
ORD001358,,2022-10-08,UPI,DELIVERED,New Aaron,New Mexico,Saudi Arabia,R03
ORD001359,CUST00004,2023-01-10,Credit Card,DELIVERED,North Johnny,Mississippi,Falkland Islands (Malvinas),R03
ORD001360,CUST00397,2023-08-11,Cash on Delivery,DELIVERED,West Gloriaport,Pennsylvania,Switzerland,R07
ORD001361,CUST00508,2022-11-04,Credit Card,DELIVERED,West Christopher,Kentucky,Qatar,R19
ORD001362,CUST00063,2025-04-29,Cash on Delivery,PLACED,Foxmouth,Pennsylvania,Swaziland,R06
ORD001363,CUST00203,2023-05-08,Cash on Delivery,DELIVERED,North Dennis,Vermont,Algeria,R07
ORD001364,CUST00127,2023-03-26,UPI,DELIVERED,New Marcobury,New Hampshire,Lithuania,R11
ORD001365,CUST00234,2024-10-07,Cash on Delivery,DELIVERED,Colemanhaven,Illinois,Austria,R14
ORD001366,CUST00519,2024-12-20,Credit Card,DELIVERED,Wayneton,Connecticut,Saint Kitts and Nevis,R12
ORD001367,CUST00247,2024-12-18,Debit Card,DELIVERED,Hannaland,Maryland,Costa Rica,R06
ORD001368,CUST00067,2024-06-23,Net Banking,DELIVERED,West Christopherland,Kentucky,Denmark,R02
ORD001369,CUST00635,2023-11-04,Net Banking,SHIPPED,Nicholsburgh,South Dakota,Bosnia and Herzegovina,R15
ORD001370,CUST00013,2026-04-01,Cash on Delivery,DELIVERED,South Laurenland,Oklahoma,Korea,R12
ORD001371,CUST00698,2022-06-01,UPI,DELIVERED,New Emilyhaven,Massachusetts,Jamaica,R11
ORD001372,CUST00462,2023-04-13,Net Banking,DELIVERED,West Kathleen,Arkansas,Ireland,R10
ORD001373,CUST00501,2024-09-24,Credit Card,DELIVERED,East Michelleshire,Texas,Congo,R06
ORD001374,CUST00044,2023-01-15,Net Banking,DELIVERED,West Sheriburgh,Virginia,Samoa,R15
ORD001375,CUST00333,2022-11-01,Net Banking,DELIVERED,South Arthurburgh,Illinois,Austria,R15
ORD001376,CUST00464,2022-10-15,Net Banking,DELIVERED,Sawyermouth,Vermont,Andorra,R01
ORD001377,CUST00143,2024-11-15,Net Banking,RETURNED,Ruthberg,Hawaii,France,R05
ORD001378,CUST00410,2025-02-24,Net Banking,DELIVERED,North Keithberg,Alaska,Iraq,R06
ORD001379,CUST00155,2023-09-28,Credit Card,DELIVERED,Johnsonmouth,California,Equatorial Guinea,R01
ORD001380,CUST00401,2023-05-12,Debit Card,DELIVERED,North Cody,Montana,Jamaica,R01
ORD001381,,2025-10-18,Debit Card,CANCELLED,East Melinda,North Dakota,Cambodia,R18
ORD001382,CUST00285,2022-07-19,Net Banking,DELIVERED,Port Derrick,Arizona,Antigua and Barbuda,R16
ORD001383,CUST00444,2023-05-12,Credit Card,DELIVERED,Port Tiffany,Florida,Colombia,R02
ORD001384,CUST00362,2024-10-29,UPI,RETURNED,North Nathan,Florida,Palau,R16
ORD001385,CUST00623,2022-02-12,Credit Card,DELIVERED,Lake Jocelynton,California,Brazil,R16
ORD001386,CUST00222,2025-03-23,UPI,RETURNED,West Amanda,Indiana,Czech Republic,R06
ORD001387,CUST00347,2024-06-13,Cash on Delivery,DELIVERED,East Jeremyburgh,Mississippi,Cocos (Keeling) Islands,R04
ORD001388,CUST00614,2024-03-14,Debit Card,DELIVERED,Mosesville,Indiana,Cayman Islands,R12
ORD001389,CUST00132,2023-01-13,Net Banking,SHIPPED,Matthewchester,Utah,Finland,R15
ORD001390,CUST00379,2023-06-02,Credit Card,RETURNED,East Kevin,North Carolina,Iran,R08
ORD001391,CUST00321,2023-04-09,Net Banking,DELIVERED,Chelseachester,Alabama,China,R18
ORD001392,CUST00349,2023-02-14,Debit Card,DELIVERED,Jordanview,Idaho,Samoa,R05
ORD001393,CUST00330,2022-03-26,Cash on Delivery,RETURNED,Johnmouth,South Dakota,Paraguay,R08
ORD001394,CUST00608,2024-01-06,Credit Card,DELIVERED,West Dorothy,Oklahoma,Northern Mariana Islands,R16
ORD001395,,2024-08-29,UPI,DELIVERED,Gregoryfort,Iowa,Guinea-Bissau,R05
ORD001396,CUST00639,2023-09-21,Cash on Delivery,DELIVERED,West Haleyfurt,Montana,Heard Island and McDonald Islands,R20
ORD001397,CUST00273,2025-06-18,Net Banking,DELIVERED,Annaland,Louisiana,Libyan Arab Jamahiriya,R09
ORD001398,CUST00147,2025-04-01,UPI,DELIVERED,Hornestad,Kansas,Tunisia,R08
ORD001399,CUST00649,2024-09-20,Debit Card,CANCELLED,New Sabrinachester,Maryland,Bosnia and Herzegovina,R16
ORD001400,CUST00576,2023-02-19,Debit Card,RETURNED,Pattonstad,Iowa,Egypt,R16
ORD001401,CUST00322,2023-09-21,Cash on Delivery,DELIVERED,Erikmouth,Wyoming,Yemen,R07
ORD001402,CUST00612,2023-02-25,Debit Card,DELIVERED,Hamiltonmouth,Texas,Djibouti,R07
ORD001403,CUST00537,2023-06-10,Debit Card,DELIVERED,New Beverly,Vermont,Reunion,R13
ORD001404,CUST00434,2025-12-09,UPI,DELIVERED,Martinezshire,Oklahoma,Tuvalu,R07
ORD001405,CUST00148,2023-06-11,UPI,DELIVERED,East Keith,Virginia,Saudi Arabia,R14
ORD001406,CUST00081,2023-08-27,Credit Card,DELIVERED,Bradshawberg,Maryland,Bosnia and Herzegovina,R13
ORD001407,CUST00569,2023-06-11,Net Banking,DELIVERED,Millermouth,Tennessee,Qatar,R04
ORD001408,CUST00281,2025-12-21,Credit Card,DELIVERED,Tapiaside,Iowa,Gibraltar,R15
ORD001409,CUST00292,2023-02-26,Credit Card,DELIVERED,Lake Justin,Oklahoma,Greenland,R01
ORD001410,CUST00127,2024-02-17,Debit Card,DELIVERED,Sanchezshire,Alaska,Isle of Man,R12
ORD001411,CUST00146,2025-05-04,Net Banking,DELIVERED,South Jessicaberg,Maine,Mongolia,R14
ORD001412,,2024-01-01,Credit Card,DELIVERED,New Charlene,Wisconsin,Mayotte,R02
ORD001413,CUST00660,2025-05-08,Cash on Delivery,DELIVERED,South Colebury,Utah,Yemen,R02
ORD001414,CUST00524,2024-02-16,Credit Card,DELIVERED,North Philliphaven,Tennessee,Congo,R03
ORD001415,CUST00144,2024-12-15,Cash on Delivery,DELIVERED,Davisbury,Alaska,Luxembourg,R08
ORD001416,CUST00095,2025-06-06,Debit Card,DELIVERED,South David,Arkansas,Latvia,R14
ORD001417,,2024-12-09,Net Banking,DELIVERED,Port Maria,Alabama,Western Sahara,R02
ORD001418,CUST00538,2022-05-29,Net Banking,DELIVERED,Amandachester,New Mexico,Micronesia,R18
ORD001419,CUST00092,2025-11-05,Net Banking,DELIVERED,New Paulafurt,Washington,Falkland Islands (Malvinas),R09
ORD001420,CUST00233,2024-06-10,Cash on Delivery,PLACED,North David,Delaware,France,R08
ORD001421,CUST00491,2023-09-11,Credit Card,DELIVERED,New Kayla,Wyoming,Kenya,R05
ORD001422,CUST00141,2023-09-09,Debit Card,DELIVERED,West Dawn,Georgia,San Marino,R13
ORD001423,CUST00020,2024-06-17,Debit Card,DELIVERED,South Megan,Maine,Guatemala,R14
ORD001424,CUST00564,2025-03-12,Credit Card,DELIVERED,Harrisborough,Rhode Island,Botswana,R07
ORD001425,CUST00236,2023-12-16,UPI,DELIVERED,Lake Sarah,Pennsylvania,Norfolk Island,R03
ORD001426,CUST00596,2025-10-28,Cash on Delivery,RETURNED,Alexanderfurt,Oregon,Estonia,R06
ORD001427,CUST00407,2024-02-25,Cash on Delivery,PLACED,Lake Danielchester,Vermont,United States Minor Outlying Islands,R20
ORD001428,CUST00289,2023-08-19,Debit Card,DELIVERED,Ashleyland,South Carolina,Ireland,R06
ORD001429,CUST00207,2023-12-03,Debit Card,DELIVERED,South Evelynside,Iowa,Cuba,R11
ORD001430,CUST00267,2023-05-26,Debit Card,DELIVERED,New Daniel,Connecticut,Zimbabwe,R15
ORD001431,CUST00618,2023-08-29,Cash on Delivery,DELIVERED,East Michaelshire,Alaska,Brazil,R07
ORD001432,CUST00190,2023-09-16,Net Banking,CANCELLED,New Carolyn,Washington,Myanmar,R07
ORD001433,CUST00205,2022-02-22,Debit Card,CANCELLED,East Jeremyview,Louisiana,Cuba,R07
ORD001434,CUST00608,2024-01-10,Debit Card,DELIVERED,Whitakerborough,Utah,Falkland Islands (Malvinas),R08
ORD001435,CUST00581,2024-04-08,Debit Card,DELIVERED,West Brandonshire,Ohio,South Georgia and the South Sandwich Islands,R01
ORD001436,CUST00318,2024-12-09,Credit Card,CANCELLED,Christopherton,California,Tonga,R07
ORD001437,CUST00512,2023-11-06,Net Banking,DELIVERED,Burketon,California,El Salvador,R15
ORD001438,CUST00401,2025-11-12,Credit Card,RETURNED,North Richardport,Pennsylvania,Palau,R16
ORD001439,CUST00575,2025-01-08,Credit Card,SHIPPED,Port Angelport,Tennessee,United Arab Emirates,R04
ORD001440,CUST00001,2025-12-04,Cash on Delivery,SHIPPED,North Edward,Oklahoma,Switzerland,R01
ORD001441,CUST00281,2025-10-01,Debit Card,DELIVERED,Castanedaville,Montana,United States Virgin Islands,R19
ORD001442,CUST00164,2024-04-25,Debit Card,DELIVERED,Lake Tammieton,Kansas,French Guiana,R07
ORD001443,,2022-08-13,Debit Card,SHIPPED,Port Kaylaview,North Carolina,Ukraine,R14
ORD001444,CUST00670,2025-02-27,UPI,RETURNED,Kevinview,Georgia,Bahamas,R10
ORD001445,CUST00146,2022-11-22,Credit Card,DELIVERED,Jameschester,Arkansas,Qatar,R01
ORD001446,CUST00488,2024-01-13,UPI,SHIPPED,South Maryshire,Connecticut,Costa Rica,R08
ORD001447,CUST00467,2025-12-01,Cash on Delivery,DELIVERED,Brownmouth,New Mexico,Bolivia,R09
ORD001448,CUST00277,2025-08-21,Cash on Delivery,DELIVERED,Port Tylerborough,Florida,Slovenia,R05
ORD001449,CUST00221,2024-12-31,Net Banking,PLACED,New Evelyntown,Florida,Gabon,R16
ORD001450,CUST00443,2025-11-08,Net Banking,DELIVERED,Caldwelltown,Hawaii,Venezuela,R01
ORD001451,CUST00591,2024-03-19,UPI,RETURNED,West Christopherberg,Ohio,Kuwait,R09
ORD001452,CUST00289,2025-08-15,Credit Card,CANCELLED,Loganfort,Vermont,Belarus,R01
ORD001453,CUST00688,2025-04-15,Credit Card,DELIVERED,South Thomas,North Carolina,Heard Island and McDonald Islands,R15
ORD001454,CUST00002,15/04/2025,Cash on Delivery,CANCELLED,Jameschester,Illinois,Netherlands,R14
ORD001455,CUST00573,2022-04-22,Net Banking,DELIVERED,New Kristina,Colorado,Argentina,R02
ORD001456,CUST00294,2025-11-27,Cash on Delivery,DELIVERED,Turnerville,Texas,Hong Kong,R16
ORD001457,CUST00558,2022-07-09,Debit Card,DELIVERED,Garyberg,Delaware,Guernsey,R18
ORD001458,CUST00150,2023-03-18,Debit Card,DELIVERED,North Jenniferland,Michigan,Cuba,R19
ORD001459,CUST00412,2023-05-30,Debit Card,DELIVERED,South Candicechester,Texas,Colombia,R05
ORD001460,CUST00689,2023-08-27,Net Banking,DELIVERED,South Amystad,Michigan,Chad,R14
ORD001461,,2023-05-18,UPI,DELIVERED,Port Diana,West Virginia,Georgia,R05
ORD001462,CUST00341,2025-10-19,Net Banking,DELIVERED,North Donstad,Maine,Libyan Arab Jamahiriya,R18
ORD001463,CUST00697,2025-01-24,UPI,DELIVERED,Lake Stevenside,Rhode Island,Romania,R05
ORD001464,CUST00614,2024-08-11,Credit Card,CANCELLED,Abigailstad,Nevada,Iceland,R19
ORD001465,CUST00143,2026-04-21,UPI,CANCELLED,Williambury,Arkansas,Antarctica (the territory South of 60 deg S),R04
ORD001466,CUST00514,2023-07-28,Cash on Delivery,DELIVERED,New Veronicamouth,Nevada,Korea,R01
ORD001467,CUST00261,2023-06-25,Credit Card,DELIVERED,Clarkstad,Wyoming,Madagascar,R11
ORD001468,CUST00501,2023-04-06,Debit Card,DELIVERED,Port Veronica,New Hampshire,Northern Mariana Islands,R13
ORD001469,CUST00536,2025-01-30,Net Banking,DELIVERED,South Ericfurt,Florida,Senegal,R12
ORD001470,CUST00418,2024-10-12,UPI,DELIVERED,Richardtown,Kentucky,Hong Kong,R15
ORD001471,CUST00160,2025-09-19,Credit Card,DELIVERED,South Andrewton,Colorado,French Polynesia,R17
ORD001472,CUST00111,2025-08-27,UPI,DELIVERED,Danielbury,Alabama,Svalbard & Jan Mayen Islands,R10
ORD001473,CUST00248,2023-08-11,Debit Card,CANCELLED,Callahanview,Arizona,Solomon Islands,R18
ORD001474,CUST00654,2024-12-24,Credit Card,PLACED,Stricklandville,Alabama,Afghanistan,R01
ORD001475,CUST00303,2024-09-18,Credit Card,CANCELLED,Ortizton,Utah,Faroe Islands,R03
ORD001476,CUST00069,2025-06-03,UPI,DELIVERED,South Derekberg,Alabama,Latvia,R12
ORD001477,CUST00678,2023-09-26,Cash on Delivery,DELIVERED,East Walter,Delaware,British Virgin Islands,R13
ORD001478,CUST00384,2023-06-30,Net Banking,DELIVERED,East Jerome,Oklahoma,Cameroon,R16
ORD001479,CUST00651,2022-10-09,UPI,DELIVERED,New Eric,Alabama,Mauritania,R02
ORD001480,CUST00512,2023-03-08,UPI,DELIVERED,Murphyberg,North Dakota,Congo,R16
ORD001481,CUST00393,2023-07-11,UPI,DELIVERED,Anthonyview,Colorado,Argentina,R19
ORD001482,CUST00636,2025-02-02,Net Banking,RETURNED,Shaunville,Iowa,Holy See (Vatican City State),R13
ORD001483,CUST00040,2025-10-14,UPI,DELIVERED,Lake Darrellbury,Minnesota,Papua New Guinea,R18
ORD001484,CUST00095,2022-02-16,UPI,DELIVERED,Jamesmouth,Georgia,Chad,R11
ORD001485,CUST00248,2025-04-05,Net Banking,PLACED,Port Adrian,Nevada,French Guiana,R10
ORD001486,CUST00566,2022-07-02,Net Banking,DELIVERED,Sueside,Arizona,Netherlands Antilles,R14
ORD001487,CUST00098,2025-03-25,Credit Card,DELIVERED,Warrentown,Florida,Vanuatu,R01
ORD001488,CUST00519,2024-04-19,Cash on Delivery,DELIVERED,Port Charlesport,Connecticut,Nigeria,R09
ORD001489,CUST00579,2023-03-23,Cash on Delivery,DELIVERED,Johnland,South Carolina,Grenada,R02
ORD001490,CUST00260,2025-09-15,Cash on Delivery,DELIVERED,Port Kathleen,Wisconsin,United States of America,R15
ORD001491,CUST00301,2022-05-29,UPI,DELIVERED,Keithside,Nebraska,South Georgia and the South Sandwich Islands,R11
ORD001492,CUST00437,2023-12-07,Credit Card,RETURNED,Jessicaberg,Oklahoma,Argentina,R03
ORD001493,CUST00204,2022-09-30,Credit Card,PLACED,Lake Williamside,South Carolina,Czech Republic,R06
ORD001494,CUST00386,2022-02-05,Credit Card,DELIVERED,Walkerstad,New York,United States Minor Outlying Islands,R19
ORD001495,CUST00506,2024-05-18,Net Banking,CANCELLED,Lake Wandamouth,Oklahoma,Myanmar,R04
ORD001496,CUST00104,2025-04-15,Credit Card,DELIVERED,Lake Dustinbury,Texas,Niger,R20
ORD001497,CUST00577,2025-01-31,Net Banking,DELIVERED,Kingbury,Washington,Iraq,R14
ORD001498,CUST00022,2024-07-15,Debit Card,DELIVERED,West Lisaside,Massachusetts,Guatemala,R04
ORD001499,CUST00429,2025-11-22,Debit Card,DELIVERED,Muellershire,Oregon,Gambia,R14
ORD001500,CUST00069,2024-12-20,Debit Card,CANCELLED,New Katherineburgh,Oregon,Ukraine,R12
ORD001501,CUST00487,2025-02-18,Credit Card,RETURNED,Port Robertchester,Oregon,Northern Mariana Islands,R05
ORD001502,CUST00124,2022-03-17,UPI,DELIVERED,Michaelberg,North Dakota,New Caledonia,R07
ORD001503,CUST00457,2025-05-29,Cash on Delivery,DELIVERED,Smithland,Washington,Australia,R09
ORD001504,CUST00490,2023-08-27,Credit Card,DELIVERED,Robertbury,Iowa,Korea,R04
ORD001505,CUST00574,2025-03-20,Credit Card,DELIVERED,Nathanton,Colorado,Iran,R05
ORD001506,CUST00401,2023-05-10,UPI,DELIVERED,South Robert,Iowa,Italy,R01
ORD001507,CUST00116,2024-10-28,Debit Card,DELIVERED,West Brianaside,Arkansas,Burundi,R01
ORD001508,CUST00311,2023-07-10,Credit Card,DELIVERED,Lake Andrew,Louisiana,Congo,R08
ORD001509,CUST00492,2024-01-14,Credit Card,DELIVERED,Gilbertburgh,South Dakota,New Zealand,R16
ORD001510,CUST00491,2025-08-11,Credit Card,DELIVERED,Phillipsport,New Jersey,Singapore,R18
ORD001511,CUST00073,2025-07-24,Credit Card,CANCELLED,Heathburgh,Massachusetts,Spain,R05
ORD001512,CUST00070,2025-09-23,UPI,DELIVERED,New Julianburgh,Kansas,Samoa,R08
ORD001513,CUST00642,2022-08-07,Debit Card,RETURNED,Grantport,North Carolina,Albania,R09
ORD001514,CUST00417,2025-04-06,Net Banking,PLACED,West Christopherberg,Maryland,Bouvet Island (Bouvetoya),R11
ORD001515,CUST00405,2025-01-23,Debit Card,DELIVERED,Matthewfurt,Rhode Island,Botswana,R20
ORD001516,,2023-05-24,Credit Card,DELIVERED,Leslieport,Pennsylvania,Vanuatu,R17
ORD001517,CUST00417,2022-02-14,Credit Card,DELIVERED,Thompsonfort,Oregon,Sudan,R17
ORD001518,CUST00295,2023-08-12,UPI,DELIVERED,East Joshuastad,New Hampshire,Bahamas,R01
ORD001519,CUST00428,2023-01-07,UPI,DELIVERED,East Diane,South Carolina,South Africa,R05
ORD001520,CUST00657,2023-06-09,Debit Card,DELIVERED,Michaelbury,Colorado,Gibraltar,R15
ORD001521,CUST00666,2024-09-21,Debit Card,DELIVERED,New Paul,Arizona,Fiji,R18
ORD001522,CUST00620,2022-02-01,Debit Card,CANCELLED,New Ryan,Idaho,United Kingdom,R16
ORD001523,CUST00524,2025-10-01,Cash on Delivery,DELIVERED,South Ericfort,Maine,Zambia,R20
ORD001524,CUST00614,2022-09-01,Cash on Delivery,DELIVERED,Port David,Maryland,Benin,R11
ORD001525,CUST00094,2023-09-25,Debit Card,DELIVERED,Weaverburgh,Delaware,Guinea-Bissau,R20
ORD001526,CUST00647,2024-11-29,Debit Card,RETURNED,New Gregory,Montana,Hong Kong,R10
ORD001527,CUST00609,2024-07-27,Debit Card,RETURNED,South Michele,Alabama,Indonesia,R11
ORD001528,CUST00246,2022-12-10,Debit Card,RETURNED,Port Michael,Arizona,Cuba,R07
ORD001529,CUST00344,2022-07-08,Net Banking,DELIVERED,New Eric,Arizona,Gabon,R20
ORD001530,CUST00435,2024-04-05,Credit Card,DELIVERED,Adrianberg,Arizona,Italy,R05
ORD001531,CUST00303,2022-05-28,Debit Card,DELIVERED,North Barbarabury,Indiana,Holy See (Vatican City State),R18
ORD001532,CUST00329,2024-08-19,Net Banking,DELIVERED,South Cassandra,Colorado,Netherlands,R06
ORD001533,CUST00121,2022-04-06,Debit Card,DELIVERED,North Debbieburgh,Virginia,Mozambique,R07
ORD001534,CUST00613,2024-10-03,Debit Card,DELIVERED,Russellfurt,Georgia,Colombia,R16
ORD001535,CUST00384,2025-07-31,Net Banking,DELIVERED,Nicholasview,Vermont,Lithuania,R19
ORD001536,,2022-04-10,Credit Card,DELIVERED,Michaelport,Alabama,Saint Lucia,R03
ORD001537,CUST00259,2023-11-30,Net Banking,CANCELLED,East Aaron,Wyoming,Guatemala,R13
ORD001538,CUST00004,2025-02-03,Debit Card,RETURNED,East Julia,Colorado,Hungary,R15
ORD001539,CUST00564,2024-10-08,Debit Card,DELIVERED,Owensside,Wyoming,Belarus,R14
ORD001540,CUST00204,2023-03-19,Net Banking,DELIVERED,Nicholasmouth,Washington,France,R16
ORD001541,CUST00610,2025-07-25,Net Banking,DELIVERED,South Alexander,West Virginia,British Indian Ocean Territory (Chagos Archipelago),R04
ORD001542,CUST00144,2024-08-13,Debit Card,DELIVERED,Sierrastad,Illinois,Philippines,R02
ORD001543,CUST00043,2024-08-12,Debit Card,DELIVERED,North Elizabethfort,Nevada,Italy,R18
ORD001544,CUST00275,2025-01-10,UPI,RETURNED,Morganstad,Idaho,Palestinian Territory,R14
ORD001545,,2024-01-02,Cash on Delivery,SHIPPED,Jonestown,Oregon,Cayman Islands,R04
ORD001546,CUST00346,2026-03-23,Net Banking,DELIVERED,Port Isabellamouth,New Mexico,Mexico,R08
ORD001547,CUST00634,2022-03-27,Debit Card,RETURNED,Bateston,Georgia,Bulgaria,R12
ORD001548,CUST00243,2023-01-18,Cash on Delivery,DELIVERED,Lake Danielfort,South Dakota,Mexico,R08
ORD001549,CUST00176,2024-11-21,Net Banking,DELIVERED,Johnsonfort,South Dakota,Japan,R20
ORD001550,CUST00018,2022-11-14,UPI,DELIVERED,Johnberg,Illinois,Poland,R20
ORD001551,CUST00277,2024-01-26,UPI,SHIPPED,New Michaelberg,California,Trinidad and Tobago,R14
ORD001552,CUST00227,2022-08-03,Cash on Delivery,DELIVERED,Cardenashaven,Washington,Finland,R06
ORD001553,CUST00226,2024-10-02,UPI,DELIVERED,Robertfort,Colorado,Belize,R10
ORD001554,CUST00446,2023-03-21,Cash on Delivery,CANCELLED,New Larry,Alaska,Armenia,R15
ORD001555,CUST00219,2022-02-14,UPI,DELIVERED,South Maria,Wyoming,United States of America,R15
ORD001556,CUST00454,2023-01-17,Net Banking,CANCELLED,Port John,Vermont,Barbados,R13
ORD001557,CUST00024,2022-11-18,Debit Card,DELIVERED,West Samuel,Rhode Island,Palestinian Territory,R16
ORD001558,CUST00448,2024-08-31,Cash on Delivery,DELIVERED,Jamesborough,Florida,Lesotho,R01
ORD001559,CUST00512,2025-03-18,Net Banking,CANCELLED,Dakotaside,Illinois,Spain,R20
ORD001560,CUST00211,2024-11-27,UPI,DELIVERED,Gutierrezshire,California,Turkmenistan,R13
ORD001561,CUST00173,2023-06-14,Credit Card,DELIVERED,New Donald,Connecticut,Bolivia,R12
ORD001562,CUST00415,2025-04-25,Debit Card,RETURNED,Elizabethtown,Missouri,Spain,R13
ORD001563,CUST00615,2023-07-03,UPI,DELIVERED,Lake Ronnie,Maine,Colombia,R19
ORD001564,CUST00250,2023-11-01,UPI,DELIVERED,Glennbury,Mississippi,Bahrain,R01
ORD001565,CUST00399,2025-06-05,Debit Card,DELIVERED,South Isaac,Louisiana,Germany,R16
ORD001566,CUST00447,2023-06-21,Net Banking,SHIPPED,Port Renee,New York,Zambia,R09
ORD001567,CUST00357,2025-07-20,Debit Card,RETURNED,Emilymouth,Wisconsin,Hungary,R09
ORD001568,CUST00491,2024-08-11,Credit Card,CANCELLED,Maddenview,North Dakota,Kazakhstan,R17
ORD001569,CUST00614,2024-03-05,Credit Card,CANCELLED,Briannaburgh,Hawaii,Fiji,R13
ORD001570,CUST00374,2025-06-18,Credit Card,SHIPPED,Jeanville,Alaska,Gambia,R06
ORD001571,CUST00095,2023-09-24,Cash on Delivery,SHIPPED,West Adam,Nebraska,Mozambique,R03
ORD001572,CUST00538,2022-07-21,Net Banking,DELIVERED,Murphyside,Michigan,Togo,R05
ORD001573,CUST00447,2022-06-20,Credit Card,DELIVERED,Port Emily,Nebraska,Seychelles,R10
ORD001574,CUST00171,2022-07-16,Credit Card,CANCELLED,Liufort,Idaho,Nepal,R20
ORD001575,CUST00054,2022-12-26,Credit Card,DELIVERED,Jacquelinemouth,Pennsylvania,Slovakia (Slovak Republic),R16
ORD001576,CUST00434,2022-12-01,Credit Card,PLACED,Gailview,Florida,Barbados,R07
ORD001577,CUST00618,2022-07-23,UPI,DELIVERED,West Samuelstad,Alabama,Colombia,R09
ORD001578,CUST00184,2022-08-17,Net Banking,DELIVERED,West Patricia,New Jersey,Mexico,R12
ORD001579,CUST00184,2025-08-24,Credit Card,DELIVERED,West Reneefort,Washington,Montenegro,R01
ORD001580,CUST00334,2023-12-22,Debit Card,DELIVERED,West Darren,North Dakota,French Guiana,R01
ORD001581,CUST00513,2024-12-20,UPI,DELIVERED,South Andrewbury,Tennessee,New Zealand,R06
ORD001582,CUST00050,2024-04-02,Credit Card,DELIVERED,North Kelly,Oklahoma,Pitcairn Islands,R20
ORD001583,CUST00377,2025-07-30,Debit Card,DELIVERED,Port John,New Hampshire,Oman,R15
ORD001584,CUST00180,2025-02-09,Credit Card,DELIVERED,Lake Brian,Oregon,Qatar,R20
ORD001585,CUST00044,2024-12-28,Net Banking,DELIVERED,Levifurt,New York,Iran,R10
ORD001586,CUST00472,2025-04-04,Net Banking,DELIVERED,Smithborough,Nebraska,Norfolk Island,R13
ORD001587,CUST00564,2022-12-08,Net Banking,RETURNED,Port Michelle,North Dakota,Japan,R15
ORD001588,CUST00663,2022-11-08,Debit Card,DELIVERED,North Carlosberg,Georgia,Anguilla,R19
ORD001589,CUST00415,2025-06-30,Cash on Delivery,RETURNED,Lake Ericaport,North Carolina,Uruguay,R06
ORD001590,CUST00516,2023-02-21,Credit Card,CANCELLED,South Lisa,Wyoming,Trinidad and Tobago,R07
ORD001591,CUST00076,2024-04-23,Debit Card,CANCELLED,East Victoria,Indiana,Jamaica,R04
ORD001592,CUST00619,2025-08-12,Net Banking,DELIVERED,Lowefurt,Alaska,Yemen,R12
ORD001593,CUST00025,2025-05-12,Credit Card,DELIVERED,Lake Amber,Montana,Luxembourg,R07
ORD001594,CUST00446,2025-01-29,Credit Card,DELIVERED,Lake Jamietown,Michigan,Northern Mariana Islands,R19
ORD001595,CUST00144,2024-11-17,Debit Card,DELIVERED,Catherineport,Nevada,Turkey,R05
ORD001596,CUST00017,2025-11-23,Net Banking,DELIVERED,North Anna,Mississippi,United States Virgin Islands,R13
ORD001597,CUST00478,2023-10-14,Debit Card,RETURNED,Ashleyton,Delaware,Tonga,R15
ORD001598,CUST00134,2022-10-19,UPI,DELIVERED,West Christy,Wisconsin,Tonga,R05
ORD001599,CUST00656,2022-05-26,Debit Card,DELIVERED,West Brendan,Tennessee,Tuvalu,R12
ORD001600,CUST00477,2025-09-20,Net Banking,SHIPPED,North Danielmouth,Maine,India,R10
ORD001601,CUST00364,2022-06-20,Cash on Delivery,DELIVERED,Cooperhaven,Virginia,Portugal,R16
ORD001602,CUST00070,2025-10-21,Credit Card,DELIVERED,New Natalieborough,North Dakota,Saint Martin,R17
ORD001603,CUST00170,2024-03-02,UPI,DELIVERED,West Jonathanland,Arkansas,Finland,R18
ORD001604,CUST00277,2022-04-06,Cash on Delivery,DELIVERED,Johnstad,Montana,Hungary,R17
ORD001605,CUST00381,2025-10-20,Net Banking,DELIVERED,Charlesborough,Michigan,Comoros,R20
ORD001606,CUST00472,2024-03-22,Debit Card,DELIVERED,West Zacharyborough,New Mexico,Georgia,R02
ORD001607,CUST00530,2023-12-13,Net Banking,DELIVERED,Michaelton,Illinois,Armenia,R14
ORD001608,CUST00527,2024-08-28,Cash on Delivery,DELIVERED,North Sandrahaven,Massachusetts,Hong Kong,R19
ORD001609,CUST00519,2023-03-14,Credit Card,RETURNED,Rodriguezmouth,Oklahoma,Estonia,R13
ORD001610,CUST00339,2022-02-26,Net Banking,DELIVERED,New Benjaminmouth,Texas,Bosnia and Herzegovina,R09
ORD001611,CUST00148,2023-09-21,Credit Card,SHIPPED,South Jacqueline,Nevada,Bermuda,R13
ORD001612,CUST00283,2022-06-15,UPI,PLACED,Zacharyfurt,Nevada,South Georgia and the South Sandwich Islands,R01
ORD001613,CUST00137,2024-03-14,Cash on Delivery,DELIVERED,Rodriguezshire,Oregon,Latvia,R05
ORD001614,CUST00438,2025-07-08,Debit Card,RETURNED,Gonzalesshire,West Virginia,Rwanda,R07
ORD001615,CUST00001,08/07/2025,UPI,DELIVERED,Lake James,Nebraska,Bahrain,R16
ORD001616,CUST00068,2024-01-11,Credit Card,RETURNED,Lake Manueltown,Michigan,Mauritania,R16
ORD001617,CUST00117,2022-11-19,Net Banking,CANCELLED,Jakestad,Tennessee,Mauritius,R11
ORD001618,CUST00632,2022-04-15,Debit Card,CANCELLED,Robertmouth,Virginia,Canada,R09
ORD001619,CUST00591,2024-04-27,Debit Card,DELIVERED,Johnbury,Kansas,Mozambique,R11
ORD001620,,2024-10-16,Cash on Delivery,DELIVERED,West Erik,Montana,Palestinian Territory,R09
ORD001621,CUST00609,2022-08-09,Credit Card,DELIVERED,South Rebeccafort,Michigan,Monaco,R01
ORD001622,CUST00445,2022-03-09,Debit Card,RETURNED,Lake Markview,Nevada,Japan,R10
ORD001623,CUST00511,2026-01-23,Cash on Delivery,DELIVERED,Jacobsborough,Alabama,Suriname,R09
ORD001624,CUST00110,2025-09-21,Cash on Delivery,DELIVERED,North Edward,North Carolina,Guam,R08
ORD001625,CUST00255,2022-11-14,Credit Card,RETURNED,Port Steven,New Mexico,Saudi Arabia,R18
ORD001626,CUST00518,2023-08-20,Net Banking,DELIVERED,Watkinsbury,Kentucky,Ghana,R11
ORD001627,CUST00307,2022-04-19,Credit Card,DELIVERED,Lisaton,Hawaii,Ghana,R03
ORD001628,CUST00322,2022-07-15,UPI,DELIVERED,Sherrychester,Connecticut,Dominican Republic,R14
ORD001629,CUST00158,2022-01-07,UPI,DELIVERED,Meyerstown,Ohio,United States Virgin Islands,R12
ORD001630,CUST00122,2024-05-26,Net Banking,CANCELLED,Martineztown,South Dakota,Korea,R16
ORD001631,CUST00406,2025-04-04,Net Banking,DELIVERED,New Michelle,Hawaii,Zambia,R08
ORD001632,CUST00294,2024-01-22,Credit Card,DELIVERED,Harrisonville,Delaware,Turkey,R20
ORD001633,CUST00335,2025-03-26,UPI,DELIVERED,Donaldberg,Vermont,Saint Martin,R03
ORD001634,CUST00009,2024-01-17,Net Banking,DELIVERED,Gonzalezton,Alabama,Kenya,R03
ORD001635,CUST00664,2025-11-10,UPI,PLACED,East Charlesberg,Virginia,Togo,R06
ORD001636,CUST00034,2023-03-09,Debit Card,DELIVERED,East Kenneth,Maine,Liechtenstein,R12
ORD001637,CUST00683,2022-12-03,UPI,DELIVERED,West Joannefort,Vermont,Panama,R10
ORD001638,CUST00339,2023-11-26,Cash on Delivery,SHIPPED,Davischester,Delaware,Philippines,R02
ORD001639,CUST00630,2024-06-19,Credit Card,DELIVERED,Rodriguezstad,Virginia,New Zealand,R13
ORD001640,CUST00503,2023-11-06,Cash on Delivery,DELIVERED,Kelseyfurt,Wyoming,Korea,R17
ORD001641,,2023-09-24,Debit Card,DELIVERED,Billyfurt,North Dakota,Timor-Leste,R15
ORD001642,CUST00621,2022-12-31,Credit Card,DELIVERED,West Kimberly,Alaska,Andorra,R17
ORD001643,CUST00099,2024-08-13,Credit Card,DELIVERED,Edwinport,Florida,Peru,R02
ORD001644,CUST00403,2023-08-14,Credit Card,DELIVERED,Jamesmouth,South Carolina,Cook Islands,R15
ORD001645,CUST00368,2024-12-14,Debit Card,DELIVERED,East Mary,Pennsylvania,Belarus,R13
ORD001646,CUST00429,2025-03-26,Credit Card,DELIVERED,Johntown,New Jersey,Angola,R10
ORD001647,CUST00683,2023-07-17,Credit Card,DELIVERED,Timothybury,Nebraska,Australia,R05
ORD001648,CUST00038,2025-03-30,Cash on Delivery,CANCELLED,West Trevorshire,Delaware,Belize,R05
ORD001649,CUST00111,30/03/2025,UPI,DELIVERED,Benjaminville,Arizona,Bangladesh,R11
ORD001650,CUST00328,2023-09-09,Net Banking,DELIVERED,South Alan,North Carolina,Antigua and Barbuda,R04
ORD001651,CUST00660,2022-07-29,Cash on Delivery,DELIVERED,Baileyshire,Virginia,Cote d'Ivoire,R10
ORD001652,CUST00215,2024-11-05,UPI,DELIVERED,Meganmouth,Rhode Island,Korea,R13
ORD001653,CUST00197,2025-09-03,UPI,PLACED,East Lucas,North Carolina,Macao,R09
ORD001654,CUST00399,2025-01-13,Net Banking,DELIVERED,West Travis,Colorado,Netherlands Antilles,R13
ORD001655,CUST00332,2022-10-18,Debit Card,DELIVERED,West Ashleyfort,Oregon,Bermuda,R14
ORD001656,CUST00675,2025-06-25,Cash on Delivery,CANCELLED,Patrickhaven,Nebraska,North Macedonia,R06
ORD001657,CUST00008,2023-08-25,Credit Card,RETURNED,Erikabury,Georgia,Angola,R14
ORD001658,CUST00096,2025-09-23,Debit Card,DELIVERED,North Sherri,New York,Puerto Rico,R05
ORD001659,,2022-08-04,Net Banking,RETURNED,Hendersonberg,Wyoming,Maldives,R07
ORD001660,CUST00185,2022-08-09,UPI,DELIVERED,Philipmouth,Kentucky,Togo,R11
ORD001661,CUST00630,2025-10-12,UPI,DELIVERED,Lake Tyler,Florida,French Guiana,R17
ORD001662,CUST00207,2022-01-05,Debit Card,DELIVERED,Port Austinberg,Alaska,Mayotte,R17
ORD001663,CUST00281,2023-08-31,Cash on Delivery,RETURNED,North Kevinfurt,Alaska,Ghana,R20
ORD001664,CUST00627,2022-05-14,UPI,DELIVERED,New Katieview,Indiana,Swaziland,R19
ORD001665,CUST00561,2022-08-11,Net Banking,PLACED,Richfurt,Tennessee,Cook Islands,R11
ORD001666,CUST00019,2025-02-07,UPI,DELIVERED,Lake Heatherborough,Kansas,Ghana,R14
ORD001667,CUST00475,2025-10-27,Cash on Delivery,DELIVERED,Kirkborough,Missouri,Netherlands Antilles,R11
ORD001668,CUST00606,2025-01-12,Debit Card,DELIVERED,Port Alexander,Arkansas,Azerbaijan,R02
ORD001669,CUST00235,2025-01-27,Cash on Delivery,DELIVERED,New Brianshire,Kansas,Bahrain,R09
ORD001670,CUST00005,2024-05-09,UPI,DELIVERED,Meyertown,Maryland,Timor-Leste,R15
ORD001671,CUST00245,2025-07-03,Net Banking,PLACED,East Alisonbury,Michigan,Qatar,R03
ORD001672,CUST00281,2023-03-09,Cash on Delivery,RETURNED,West Amyburgh,South Carolina,Pitcairn Islands,R01
ORD001673,CUST00514,2022-03-20,Debit Card,DELIVERED,North Sandra,Virginia,Cyprus,R02
ORD001674,CUST00509,20/03/2022,Cash on Delivery,DELIVERED,Butlerland,Kansas,Sierra Leone,R04
ORD001675,CUST00241,2023-10-11,Net Banking,DELIVERED,Jacksontown,North Carolina,Solomon Islands,R11
ORD001676,,2025-06-13,Credit Card,PLACED,East Tracichester,North Dakota,Bangladesh,R14
ORD001677,CUST00082,2023-06-26,Credit Card,RETURNED,Kimberlyview,Wyoming,Kuwait,R01
ORD001678,CUST00102,2025-08-08,Debit Card,DELIVERED,Port Michaelbury,California,Switzerland,R10
ORD001679,CUST00688,2025-09-02,Credit Card,RETURNED,North Tiffanyside,Indiana,Peru,R07
ORD001680,CUST00168,2025-04-26,Debit Card,DELIVERED,North Michelle,Nevada,Luxembourg,R18
ORD001681,CUST00562,2025-12-15,UPI,RETURNED,New Seth,North Carolina,French Guiana,R04
ORD001682,CUST00004,2022-08-05,UPI,DELIVERED,New Brendaville,West Virginia,Gambia,R09
ORD001683,CUST00184,2022-08-06,Net Banking,DELIVERED,Obrienfort,Nebraska,Saint Martin,R17
ORD001684,CUST00548,2025-09-03,UPI,DELIVERED,Deborahville,Montana,Sudan,R20
ORD001685,CUST00285,2024-01-25,Debit Card,DELIVERED,Mendozaville,North Carolina,Lithuania,R12
ORD001686,CUST00181,2024-01-14,Credit Card,DELIVERED,Kaneberg,Texas,Marshall Islands,R09
ORD001687,CUST00019,2024-04-23,Cash on Delivery,CANCELLED,South Sara,Nevada,Mayotte,R03
ORD001688,CUST00065,2024-03-28,Debit Card,DELIVERED,Angelfurt,Wyoming,Slovenia,R18
ORD001689,CUST00199,2024-09-21,Debit Card,PLACED,South Sandra,Idaho,Nauru,R13
ORD001690,CUST00443,2022-09-04,Cash on Delivery,DELIVERED,South Ryan,New Hampshire,Malaysia,R13
ORD001691,,2025-07-14,Cash on Delivery,DELIVERED,New Hollyborough,New Hampshire,Norway,R19
ORD001692,CUST00069,2026-06-27,Net Banking,DELIVERED,Millerfurt,Massachusetts,Chile,R15
ORD001693,CUST00397,2022-10-18,Debit Card,DELIVERED,South Kellyshire,Kansas,Sri Lanka,R02
ORD001694,,2023-05-09,UPI,DELIVERED,East Marcusfort,New Mexico,Lao People's Democratic Republic,R01
ORD001695,CUST00681,2022-08-25,Debit Card,DELIVERED,Morrisfort,Missouri,French Polynesia,R01
ORD001696,CUST00323,2022-02-08,UPI,DELIVERED,New Mike,West Virginia,Martinique,R04
ORD001697,CUST00609,2022-02-08,UPI,DELIVERED,Anthonyland,Virginia,Wallis and Futuna,R16
ORD001698,,2025-12-23,Cash on Delivery,DELIVERED,Davidmouth,Connecticut,Uganda,R11
ORD001699,CUST00123,2025-04-27,UPI,DELIVERED,Riveraside,Pennsylvania,Comoros,R11
ORD001700,CUST00252,2024-06-07,Net Banking,DELIVERED,Port Donstad,Montana,Guernsey,R04
ORD001701,CUST00057,2025-05-29,Credit Card,DELIVERED,New Amandaland,Tennessee,Brazil,R13
ORD001702,CUST00157,2025-07-31,Net Banking,RETURNED,Aliciaton,Arkansas,Tunisia,R17
ORD001703,CUST00373,2024-10-09,Debit Card,DELIVERED,Kimtown,Virginia,Netherlands,R14
ORD001704,CUST00024,2022-10-13,Debit Card,DELIVERED,Josephburgh,North Dakota,Yemen,R03
ORD001705,CUST00141,2023-11-26,Cash on Delivery,DELIVERED,Baileymouth,Arkansas,Niue,R04
ORD001706,CUST00372,2022-12-28,Debit Card,DELIVERED,Port Donaldborough,Alaska,British Virgin Islands,R11
ORD001707,CUST00127,2022-06-07,Credit Card,DELIVERED,West Cynthia,California,Norway,R03
ORD001708,CUST00238,2024-02-27,Debit Card,CANCELLED,Houstonton,New York,Falkland Islands (Malvinas),R18
ORD001709,CUST00555,2022-09-23,UPI,CANCELLED,South Dorothystad,Georgia,Cocos (Keeling) Islands,R18
ORD001710,CUST00592,2022-09-09,Cash on Delivery,DELIVERED,Port Jaime,Rhode Island,Cote d'Ivoire,R18
ORD001711,CUST00674,2025-06-29,Net Banking,DELIVERED,Lake Annfurt,Hawaii,Turks and Caicos Islands,R02
ORD001712,CUST00320,2022-03-07,Net Banking,SHIPPED,Port Stephanieborough,Alaska,Wallis and Futuna,R11
ORD001713,CUST00276,2022-07-31,Credit Card,SHIPPED,Kristenfurt,Tennessee,Russian Federation,R19
ORD001714,CUST00005,2023-10-20,Net Banking,PLACED,West Jacqueline,Oregon,Korea,R12
ORD001715,CUST00416,2023-07-19,Debit Card,DELIVERED,South Sierra,West Virginia,North Macedonia,R18
ORD001716,CUST00254,2023-03-24,Credit Card,DELIVERED,Lake Lisafort,Vermont,Bermuda,R19
ORD001717,CUST00107,2025-06-07,UPI,DELIVERED,Kevinstad,Nebraska,Philippines,R05
ORD001718,CUST00174,2025-04-21,Cash on Delivery,DELIVERED,Scottfurt,Ohio,United Kingdom,R14
ORD001719,CUST00006,2024-02-05,Debit Card,DELIVERED,West Debbie,Kentucky,Wallis and Futuna,R07
ORD001720,CUST00505,2023-08-02,UPI,DELIVERED,West Mark,California,Fiji,R20
ORD001721,CUST00683,2023-08-15,Cash on Delivery,DELIVERED,Kempside,Texas,Swaziland,R05
ORD001722,CUST00415,15/08/2023,Cash on Delivery,DELIVERED,Gomezhaven,Illinois,Papua New Guinea,R08
ORD001723,CUST00632,2025-03-07,UPI,DELIVERED,Williamport,Oklahoma,Saint Vincent and the Grenadines,R09
ORD001724,CUST00664,2025-08-22,UPI,RETURNED,Lake Shelby,Minnesota,Palau,R13
ORD001725,CUST00605,2024-04-29,Debit Card,DELIVERED,Sotochester,New York,Cuba,R19
ORD001726,CUST00189,2023-11-06,Cash on Delivery,DELIVERED,Gallegoshaven,Massachusetts,Dominican Republic,R08
ORD001727,CUST00136,2022-08-28,Credit Card,RETURNED,Port Elizabethmouth,New Mexico,Haiti,R02
ORD001728,CUST00074,2024-03-25,Credit Card,RETURNED,Smithhaven,Rhode Island,French Guiana,R09
ORD001729,CUST00116,2023-01-14,Credit Card,DELIVERED,Port Nicole,Nebraska,Sierra Leone,R01
ORD001730,CUST00424,2025-06-03,Credit Card,DELIVERED,Lake Maria,Kentucky,French Southern Territories,R05
ORD001731,CUST00664,2023-01-14,Debit Card,DELIVERED,Sheamouth,Ohio,Antigua and Barbuda,R14
ORD001732,CUST00388,2023-07-08,Debit Card,DELIVERED,Port Jenniferport,Massachusetts,South Georgia and the South Sandwich Islands,R07
ORD001733,CUST00651,2022-04-03,Net Banking,DELIVERED,Virginiaton,Rhode Island,China,R08
ORD001734,CUST00502,2024-04-06,Debit Card,DELIVERED,Richardburgh,Washington,Swaziland,R09
ORD001735,CUST00004,2022-01-13,Credit Card,SHIPPED,South Jamesburgh,Wisconsin,Netherlands,R02
ORD001736,CUST00470,2025-03-24,Credit Card,DELIVERED,New Brandon,New Jersey,Kiribati,R10
ORD001737,CUST00145,2022-12-20,Credit Card,DELIVERED,Meadowsshire,Massachusetts,Faroe Islands,R01
ORD001738,CUST00485,2024-09-13,Cash on Delivery,SHIPPED,Elizabethtown,Kansas,Monaco,R15
ORD001739,CUST00357,2025-12-08,Credit Card,DELIVERED,North Robertmouth,Oklahoma,Guernsey,R09
ORD001740,CUST00489,2022-06-20,Debit Card,DELIVERED,Benjaminberg,Vermont,Qatar,R08
ORD001741,CUST00449,2024-09-15,UPI,DELIVERED,West Victoriatown,Texas,Colombia,R16
ORD001742,CUST00394,2024-05-23,Cash on Delivery,DELIVERED,West Jasonbury,California,Burundi,R05
ORD001743,CUST00113,2025-11-12,Debit Card,DELIVERED,Carlsonbury,Iowa,Sao Tome and Principe,R04
ORD001744,CUST00279,2024-02-03,Cash on Delivery,DELIVERED,Jacobville,Delaware,Cambodia,R13
ORD001745,CUST00021,2023-01-07,UPI,DELIVERED,Barbaraview,Hawaii,Iran,R10
ORD001746,CUST00259,2023-07-11,Cash on Delivery,CANCELLED,South Lisa,Georgia,Micronesia,R19
ORD001747,CUST00543,2023-11-06,Net Banking,RETURNED,Escobarstad,Delaware,Puerto Rico,R01
ORD001748,CUST00153,2022-03-21,Debit Card,DELIVERED,Tylerhaven,Illinois,Micronesia,R18
ORD001749,CUST00430,2025-01-15,UPI,DELIVERED,Michaelmouth,Colorado,Eritrea,R06
ORD001750,CUST00112,2024-09-08,Net Banking,DELIVERED,Davilaland,Pennsylvania,Djibouti,R09
ORD001751,CUST00601,2023-05-19,Net Banking,DELIVERED,North Thomasport,Minnesota,Switzerland,R20
ORD001752,CUST00579,2023-07-10,UPI,DELIVERED,Katelynbury,Vermont,Korea,R20
ORD001753,CUST00201,2024-12-21,Debit Card,PLACED,Port Robertfort,Idaho,Mayotte,R11
ORD001754,CUST00366,2025-08-05,Credit Card,DELIVERED,South Stanleybury,New Hampshire,El Salvador,R16
ORD001755,CUST00234,2023-08-22,Cash on Delivery,PLACED,Port Donaldland,Texas,Ghana,R03
ORD001756,CUST00106,2025-07-14,Credit Card,DELIVERED,Brookschester,Washington,Saint Helena,R02
ORD001757,CUST00210,2025-03-30,Cash on Delivery,RETURNED,Port Ronald,Connecticut,China,R03
ORD001758,CUST00106,2025-03-16,Cash on Delivery,DELIVERED,Johnsonview,North Dakota,British Indian Ocean Territory (Chagos Archipelago),R05
ORD001759,CUST00227,2024-03-05,Credit Card,DELIVERED,Myerstown,Pennsylvania,Nigeria,R02
ORD001760,CUST00263,2025-12-20,Cash on Delivery,DELIVERED,South Ashleyland,Rhode Island,Syrian Arab Republic,R09
ORD001761,CUST00659,2023-11-02,Net Banking,RETURNED,North Kristy,Kansas,Uzbekistan,R03
ORD001762,CUST00349,2024-08-18,Cash on Delivery,DELIVERED,Stephaniechester,West Virginia,Lithuania,R09
ORD001763,CUST00613,2022-04-03,Credit Card,PLACED,Matthewmouth,Washington,Nicaragua,R09
ORD001764,CUST00555,2025-06-30,UPI,RETURNED,Port David,Utah,Romania,R16
ORD001765,CUST00222,2025-01-29,Debit Card,DELIVERED,Alexanderville,Idaho,Zambia,R17
ORD001766,CUST00597,2025-03-27,Cash on Delivery,DELIVERED,West Kimberly,Wyoming,Marshall Islands,R14
ORD001767,CUST00358,2025-11-29,Net Banking,DELIVERED,West Wayneland,Texas,French Guiana,R06
ORD001768,CUST00028,2024-10-07,Cash on Delivery,PLACED,North Dustin,Rhode Island,Suriname,R09
ORD001769,CUST00198,2023-01-12,Credit Card,DELIVERED,Evanston,Utah,Cameroon,R02
ORD001770,CUST00184,2024-05-09,Credit Card,DELIVERED,Port Jennifer,Connecticut,Egypt,R10
ORD001771,CUST00472,2023-02-01,Net Banking,DELIVERED,South Michael,Mississippi,Kenya,R05
ORD001772,CUST00033,2023-08-12,Credit Card,DELIVERED,Lopezland,Delaware,Saint Barthelemy,R10
ORD001773,CUST00443,2023-05-30,UPI,CANCELLED,Brittanyport,South Dakota,Eritrea,R06
ORD001774,CUST00486,2022-10-29,Credit Card,DELIVERED,New Melissaborough,Tennessee,French Southern Territories,R18
ORD001775,CUST00180,2023-01-22,Net Banking,DELIVERED,Andradestad,Iowa,United States Virgin Islands,R06
ORD001776,CUST00217,2025-05-20,Net Banking,DELIVERED,North Ginaburgh,Texas,Myanmar,R08
ORD001777,CUST00171,2024-01-22,Cash on Delivery,DELIVERED,Wilsonville,Massachusetts,Andorra,R17
ORD001778,CUST00606,2023-09-26,Cash on Delivery,RETURNED,Lake Brenda,Utah,Vietnam,R15
ORD001779,CUST00162,2023-12-28,Cash on Delivery,DELIVERED,South Rebecca,Michigan,Sudan,R19
ORD001780,CUST00221,2022-04-10,Net Banking,DELIVERED,Lewisburgh,North Carolina,Bouvet Island (Bouvetoya),R15
ORD001781,CUST00286,2025-07-31,Cash on Delivery,DELIVERED,Thomasland,West Virginia,Austria,R01
ORD001782,CUST00201,2025-02-09,Net Banking,DELIVERED,Perezberg,Hawaii,Bolivia,R15
ORD001783,CUST00094,2024-07-11,UPI,DELIVERED,South Ashley,California,Solomon Islands,R05
ORD001784,CUST00056,2023-05-16,Cash on Delivery,RETURNED,Robinsonmouth,Nevada,Slovakia (Slovak Republic),R04
ORD001785,CUST00574,2024-01-22,Cash on Delivery,DELIVERED,Port Anthonyberg,Oregon,Malaysia,R05
ORD001786,CUST00055,2024-11-26,Cash on Delivery,CANCELLED,Freemanmouth,Tennessee,French Guiana,R05
ORD001787,CUST00247,2023-06-22,Cash on Delivery,CANCELLED,West Michelleton,Kentucky,Falkland Islands (Malvinas),R18
ORD001788,CUST00076,2023-05-09,Cash on Delivery,SHIPPED,North Lisaburgh,Alabama,Bulgaria,R17
ORD001789,,2025-04-20,Debit Card,DELIVERED,Newtonhaven,Kansas,Monaco,R05
ORD001790,,2024-02-07,Net Banking,CANCELLED,East Julieport,South Dakota,Guatemala,R07
ORD001791,CUST00144,2025-09-29,Credit Card,DELIVERED,East Brookehaven,Montana,Korea,R03
ORD001792,CUST00531,2025-03-28,Net Banking,SHIPPED,Williamston,Louisiana,Algeria,R18
ORD001793,CUST00083,2024-07-28,Debit Card,DELIVERED,West Ricky,Vermont,Kuwait,R09
ORD001794,CUST00346,2024-11-21,UPI,DELIVERED,Kennethland,Ohio,Rwanda,R01
ORD001795,CUST00032,2025-01-29,Credit Card,DELIVERED,East Kristina,Ohio,Madagascar,R19
ORD001796,CUST00084,2022-05-30,Credit Card,DELIVERED,North Pamelaside,Texas,Bulgaria,R04
ORD001797,CUST00450,2023-11-25,Cash on Delivery,DELIVERED,North Brandon,Wisconsin,Germany,R02
ORD001798,CUST00646,2022-06-05,Cash on Delivery,PLACED,East Juan,Arkansas,Bolivia,R05
ORD001799,CUST00362,2024-04-27,UPI,DELIVERED,Eriktown,Connecticut,Dominica,R17
ORD001800,CUST00662,2024-04-11,Debit Card,DELIVERED,West Laura,Idaho,Antigua and Barbuda,R03
ORD001801,CUST00559,2025-04-12,Cash on Delivery,DELIVERED,Lake Jessica,Wisconsin,Peru,R18
ORD001802,CUST00489,2023-08-24,Cash on Delivery,RETURNED,Lake Kimberlychester,Iowa,Israel,R03
ORD001803,CUST00155,2025-07-30,Debit Card,DELIVERED,East Amandaland,Tennessee,Wallis and Futuna,R02
ORD001804,CUST00322,2024-12-25,UPI,DELIVERED,Mooneyfurt,Rhode Island,American Samoa,R15
ORD001805,CUST00027,2023-12-25,UPI,PLACED,Deborahchester,New Mexico,Colombia,R09
ORD001806,CUST00252,2022-03-13,Debit Card,SHIPPED,North Michaelland,Kentucky,Qatar,R17
ORD001807,CUST00282,2025-01-19,Net Banking,DELIVERED,Port Brentfort,Alabama,Korea,R04
ORD001808,,2022-06-27,Debit Card,DELIVERED,Allenside,Mississippi,Tunisia,R11
ORD001809,CUST00379,2025-05-18,Debit Card,DELIVERED,Port Destinyside,Rhode Island,Gibraltar,R06
ORD001810,CUST00591,2022-06-11,UPI,DELIVERED,East Stephen,North Dakota,Holy See (Vatican City State),R02
ORD001811,CUST00641,2022-05-06,Net Banking,DELIVERED,Port Breannaland,South Carolina,Estonia,R14
ORD001812,CUST00617,2025-05-25,Cash on Delivery,DELIVERED,Michaelstad,Nebraska,New Caledonia,R12
ORD001813,CUST00018,2024-01-05,Cash on Delivery,DELIVERED,New Randall,Michigan,Iceland,R03
ORD001814,CUST00063,2025-07-02,UPI,RETURNED,New Jacobchester,New York,Belgium,R13
ORD001815,CUST00259,2023-01-03,UPI,RETURNED,Griffinville,Vermont,Saudi Arabia,R17
ORD001816,CUST00006,2024-11-15,Debit Card,RETURNED,Bradychester,Kansas,Myanmar,R06
ORD001817,CUST00561,2023-07-05,Net Banking,RETURNED,Rodriguezfurt,Wisconsin,Switzerland,R08
ORD001818,CUST00529,2023-08-16,Credit Card,DELIVERED,Stephenstown,Mississippi,Haiti,R03
ORD001819,CUST00410,2024-02-08,Credit Card,DELIVERED,South Corey,Ohio,Tanzania,R05
ORD001820,CUST00410,2025-08-16,Debit Card,DELIVERED,Burgesston,Hawaii,Saint Lucia,R17
ORD001821,CUST00586,2022-08-06,Debit Card,DELIVERED,Lake Diana,Virginia,Senegal,R06
ORD001822,CUST00022,2023-03-25,Net Banking,DELIVERED,Aliport,Maryland,Solomon Islands,R05
ORD001823,CUST00378,2023-08-31,Cash on Delivery,DELIVERED,Thompsonchester,Indiana,Saint Lucia,R04
ORD001824,CUST00318,2022-12-06,Debit Card,SHIPPED,West Stephanieville,California,Sri Lanka,R02
ORD001825,CUST00400,2023-12-12,Net Banking,DELIVERED,Maxwellport,Idaho,Niue,R12
ORD001826,CUST00298,2024-11-08,UPI,DELIVERED,West Jacobhaven,Iowa,Bouvet Island (Bouvetoya),R08
ORD001827,,2024-07-22,Cash on Delivery,DELIVERED,Mooneychester,Indiana,Tuvalu,R10
ORD001828,CUST00197,2025-12-04,UPI,DELIVERED,Greentown,Kentucky,Iceland,R16
ORD001829,CUST00387,2023-05-02,Debit Card,CANCELLED,Ryanshire,Missouri,Nauru,R17
ORD001830,CUST00590,2024-03-04,Cash on Delivery,DELIVERED,Mcintoshborough,Missouri,Micronesia,R01
ORD001831,CUST00232,2024-05-17,Debit Card,DELIVERED,North Anthony,Ohio,Cyprus,R17
ORD001832,CUST00532,2024-01-26,Debit Card,DELIVERED,South Jessica,Vermont,Tajikistan,R05
ORD001833,CUST00477,2022-05-03,UPI,DELIVERED,Barbaraburgh,West Virginia,Zambia,R11
ORD001834,,2022-08-14,UPI,RETURNED,Lake Dawnfort,Arkansas,Hungary,R10
ORD001835,CUST00245,2023-05-28,Credit Card,DELIVERED,West Caleb,Kentucky,Australia,R12
ORD001836,CUST00199,2023-08-09,Debit Card,DELIVERED,New Clinton,Ohio,Korea,R04
ORD001837,CUST00405,2022-09-22,Credit Card,CANCELLED,New Eric,New Mexico,British Virgin Islands,R03
ORD001838,,2024-03-16,Net Banking,DELIVERED,North Christopher,Delaware,Kiribati,R04
ORD001839,CUST00558,2024-12-18,Credit Card,DELIVERED,Pearsonfort,Michigan,Philippines,R03
ORD001840,CUST00647,2023-11-28,Net Banking,DELIVERED,Marissafort,Maine,Mozambique,R13
ORD001841,CUST00660,2024-08-12,Credit Card,PLACED,Weberton,Massachusetts,Central African Republic,R14
ORD001842,CUST00036,2025-12-15,UPI,RETURNED,North Tracy,Delaware,Fiji,R20
ORD001843,CUST00518,2024-04-28,Debit Card,RETURNED,Gibbschester,Minnesota,Maldives,R04
ORD001844,CUST00473,2025-02-20,Net Banking,DELIVERED,New Christineville,Alabama,Jersey,R17
ORD001845,CUST00009,2022-04-30,Credit Card,DELIVERED,Lewismouth,Nebraska,Tokelau,R01
ORD001846,CUST00031,2023-01-13,Debit Card,DELIVERED,South Jamesville,Hawaii,Nepal,R04
ORD001847,,2023-12-18,Cash on Delivery,DELIVERED,Marissamouth,Idaho,Samoa,R01
ORD001848,CUST00251,2025-09-08,Debit Card,DELIVERED,Garciaport,Rhode Island,Isle of Man,R16
ORD001849,CUST00271,2022-12-05,Cash on Delivery,DELIVERED,Sloanhaven,California,Benin,R14
ORD001850,CUST00004,2024-06-10,Credit Card,DELIVERED,New Melissa,Virginia,Nauru,R20
ORD001851,CUST00355,2024-10-04,UPI,SHIPPED,South Alyssaburgh,Vermont,Australia,R20
ORD001852,CUST00073,2022-06-26,Cash on Delivery,DELIVERED,Lake Madeline,New York,Belarus,R19
ORD001853,CUST00294,2023-10-24,Debit Card,DELIVERED,Baileyburgh,Delaware,Iceland,R13
ORD001854,CUST00543,2022-12-11,UPI,DELIVERED,South Samantha,Kansas,Belarus,R14
ORD001855,CUST00200,2024-01-01,Credit Card,RETURNED,Josephton,Wisconsin,Thailand,R20
ORD001856,CUST00617,2022-03-12,UPI,DELIVERED,Hannahton,Kansas,Lebanon,R09
ORD001857,CUST00344,2024-11-10,UPI,SHIPPED,New Michael,Maine,Holy See (Vatican City State),R02
ORD001858,CUST00302,2024-03-12,Cash on Delivery,DELIVERED,Wesleymouth,Vermont,Italy,R02
ORD001859,CUST00376,2025-11-05,Debit Card,DELIVERED,Lake Carla,Pennsylvania,Mexico,R13
ORD001860,CUST00439,2025-03-24,UPI,DELIVERED,East Timothyview,Washington,Cuba,R04
ORD001861,CUST00120,2024-07-26,Net Banking,DELIVERED,East Renee,Wyoming,Uganda,R01
ORD001862,CUST00044,2023-06-16,UPI,DELIVERED,South Lindseyland,Rhode Island,Reunion,R07
ORD001863,CUST00370,2025-02-23,Cash on Delivery,SHIPPED,West Angela,California,Norfolk Island,R01
ORD001864,CUST00396,2025-02-22,Net Banking,SHIPPED,Marilynchester,Idaho,United Kingdom,R07
ORD001865,CUST00103,2025-12-23,Credit Card,DELIVERED,Port Jacquelineburgh,Virginia,Comoros,R11
ORD001866,CUST00365,2023-09-23,Net Banking,DELIVERED,North Heatherfurt,Iowa,Montserrat,R06
ORD001867,CUST00447,2024-07-18,Net Banking,DELIVERED,Michaelville,Indiana,Saint Kitts and Nevis,R16
ORD001868,CUST00435,2025-04-15,Credit Card,DELIVERED,Lucasville,Massachusetts,Iceland,R17
ORD001869,CUST00271,2022-12-05,UPI,DELIVERED,New Johnfort,Rhode Island,Iran,R10
ORD001870,,2024-03-20,Cash on Delivery,RETURNED,Kimberlyton,Tennessee,Namibia,R07
ORD001871,CUST00351,2023-10-28,Net Banking,CANCELLED,Michaelshire,Ohio,Kyrgyz Republic,R18
ORD001872,CUST00542,2022-07-30,UPI,DELIVERED,Robinton,Oklahoma,San Marino,R12
ORD001873,CUST00630,2024-08-07,UPI,DELIVERED,Lake Daniel,New Mexico,North Macedonia,R12
ORD001874,CUST00463,2025-04-21,UPI,DELIVERED,West Debra,Wisconsin,Uzbekistan,R02
ORD001875,CUST00520,2022-05-25,Cash on Delivery,DELIVERED,Moralesland,California,Turkey,R03
ORD001876,CUST00297,2022-11-17,Credit Card,RETURNED,New Thomas,Nevada,Korea,R15
ORD001877,CUST00262,2022-02-14,Credit Card,DELIVERED,Schwartzville,New Mexico,Palestinian Territory,R20
ORD001878,CUST00587,2022-12-18,Net Banking,DELIVERED,Theresaburgh,Maryland,Bulgaria,R19
ORD001879,CUST00385,2024-10-07,Debit Card,CANCELLED,Lake George,Louisiana,Bhutan,R20
ORD001880,CUST00615,2024-12-05,Net Banking,SHIPPED,Port Lisa,Nebraska,Peru,R17
ORD001881,CUST00303,2025-11-18,Debit Card,DELIVERED,East Jessica,Nevada,Germany,R19
ORD001882,CUST00255,2023-04-25,Cash on Delivery,DELIVERED,North Patriciaville,Tennessee,Somalia,R01
ORD001883,CUST00513,2023-04-27,Cash on Delivery,DELIVERED,Josephport,Wisconsin,Micronesia,R07
ORD001884,CUST00180,2025-09-17,UPI,DELIVERED,Erictown,Hawaii,Puerto Rico,R08
ORD001885,CUST00302,2023-03-11,Net Banking,DELIVERED,Port Mary,Mississippi,Albania,R18
ORD001886,CUST00057,2024-12-19,UPI,RETURNED,Scottstad,Vermont,Uganda,R16
ORD001887,CUST00159,2025-12-28,UPI,DELIVERED,North Elizabethhaven,Nevada,Palestinian Territory,R14
ORD001888,CUST00032,2022-04-12,Credit Card,DELIVERED,Robertview,Alabama,New Zealand,R10
ORD001889,CUST00576,2025-05-31,Credit Card,DELIVERED,Dakotafort,Minnesota,Congo,R08
ORD001890,CUST00334,2024-08-22,Cash on Delivery,RETURNED,East Taylormouth,Maryland,Switzerland,R08
ORD001891,CUST00533,2024-09-15,Cash on Delivery,DELIVERED,West Mary,Colorado,Poland,R10
ORD001892,CUST00004,2024-09-11,Net Banking,RETURNED,New Reginaburgh,Missouri,Tokelau,R04
ORD001893,CUST00146,2022-04-29,Cash on Delivery,DELIVERED,North Dawnmouth,Missouri,Ghana,R11
ORD001894,CUST00031,2024-08-15,Credit Card,DELIVERED,Howardshire,Pennsylvania,China,R12
ORD001895,CUST00558,2022-02-24,Net Banking,DELIVERED,East Timothy,Virginia,Hong Kong,R03
ORD001896,CUST00564,2023-11-04,Net Banking,DELIVERED,Greeneburgh,Oregon,Guatemala,R03
ORD001897,CUST00222,2022-12-30,Net Banking,CANCELLED,New Patrick,Oregon,El Salvador,R04
ORD001898,CUST00689,2022-05-25,Credit Card,DELIVERED,Lake Mackenzieborough,Rhode Island,Philippines,R17
ORD001899,CUST00322,2022-01-26,UPI,DELIVERED,Port Laura,Florida,Fiji,R07
ORD001900,CUST00274,2024-10-12,Credit Card,DELIVERED,West Aaron,Nevada,Peru,R10
ORD001901,CUST00522,2022-10-04,UPI,CANCELLED,West Robert,Illinois,Sri Lanka,R06
ORD001902,CUST00490,2023-04-11,UPI,PLACED,East Jonathan,New Mexico,Heard Island and McDonald Islands,R17
ORD001903,CUST00445,2022-06-09,Net Banking,SHIPPED,Grahamview,Washington,Argentina,R02
ORD001904,CUST00120,2024-02-28,Net Banking,DELIVERED,Parsonsstad,Maine,China,R03
ORD001905,CUST00084,2023-03-18,Cash on Delivery,DELIVERED,Lake Anna,Missouri,Western Sahara,R01
ORD001906,CUST00050,2024-08-21,Net Banking,DELIVERED,New Mark,Alaska,Korea,R20
ORD001907,CUST00664,2023-02-22,Debit Card,DELIVERED,West Lori,Alaska,Morocco,R03
ORD001908,,2025-09-01,Net Banking,DELIVERED,Frankside,South Dakota,United Kingdom,R17
ORD001909,CUST00201,2025-12-24,Net Banking,DELIVERED,Chelseafort,South Dakota,Tonga,R05
ORD001910,CUST00052,2022-01-13,Credit Card,DELIVERED,New Ronald,Rhode Island,Tunisia,R09
ORD001911,CUST00018,2023-10-18,Net Banking,DELIVERED,Markmouth,Rhode Island,Bhutan,R10
ORD001912,CUST00401,2025-07-28,Net Banking,RETURNED,Sullivanton,Kentucky,Kuwait,R13
ORD001913,CUST00422,2022-07-13,Cash on Delivery,DELIVERED,North Benjamin,Pennsylvania,South Georgia and the South Sandwich Islands,R01
ORD001914,,2024-07-03,Net Banking,DELIVERED,Joshuaside,North Carolina,Zambia,R16
ORD001915,CUST00394,2023-12-09,Credit Card,DELIVERED,West Valerie,West Virginia,Saint Lucia,R20
ORD001916,CUST00069,2024-08-06,Debit Card,PLACED,Estradahaven,Nevada,Jersey,R17
ORD001917,CUST00691,2023-12-01,UPI,RETURNED,Stephenchester,Vermont,Botswana,R07
ORD001918,CUST00208,2023-12-12,UPI,RETURNED,Port Michellechester,Pennsylvania,Austria,R11
ORD001919,CUST00367,2022-05-13,Credit Card,DELIVERED,Christineland,Colorado,Anguilla,R13
ORD001920,CUST00112,2025-03-24,UPI,DELIVERED,Port Alexandra,Virginia,Venezuela,R07
ORD001921,CUST00169,2023-11-27,UPI,DELIVERED,West Philipstad,Nebraska,Jersey,R01
ORD001922,CUST00389,2025-02-04,Net Banking,DELIVERED,Aaronmouth,California,Mauritius,R17
ORD001923,CUST00686,2025-02-04,Net Banking,DELIVERED,Acevedoville,Missouri,Liechtenstein,R19
ORD001924,CUST00354,2024-10-25,Credit Card,DELIVERED,Joseburgh,Indiana,Finland,R03
ORD001925,CUST00684,2024-12-14,Debit Card,DELIVERED,West Cheryl,South Dakota,Jordan,R02
ORD001926,CUST00173,2024-06-12,Debit Card,PLACED,Andrewview,Massachusetts,Senegal,R13
ORD001927,CUST00302,2025-11-13,UPI,DELIVERED,Lake Matthewchester,Nebraska,Togo,R10
ORD001928,CUST00055,2025-01-03,Credit Card,DELIVERED,South Matthew,Arizona,Burkina Faso,R04
ORD001929,CUST00408,2025-07-05,UPI,RETURNED,Rachelside,Nevada,Barbados,R15
ORD001930,CUST00512,2024-01-03,Credit Card,RETURNED,West Laurie,Delaware,French Southern Territories,R03
ORD001931,CUST00015,2022-02-21,UPI,CANCELLED,West Brian,Utah,Togo,R19
ORD001932,CUST00550,2023-01-09,UPI,DELIVERED,Monicafort,Nevada,Samoa,R09
ORD001933,CUST00532,2022-09-25,Net Banking,DELIVERED,Baxterport,North Carolina,Somalia,R18
ORD001934,CUST00349,2022-04-21,Net Banking,DELIVERED,Hodgesbury,North Dakota,Oman,R20
ORD001935,CUST00449,2023-03-23,Net Banking,CANCELLED,Port Kaitlyn,Oklahoma,Trinidad and Tobago,R08
ORD001936,CUST00553,2022-03-22,UPI,CANCELLED,Gonzalezhaven,Minnesota,Cyprus,R06
ORD001937,CUST00557,2022-01-30,Debit Card,DELIVERED,North Kaylaberg,New Hampshire,Mexico,R11
ORD001938,CUST00235,2024-06-17,Net Banking,RETURNED,Burkeland,South Carolina,Pakistan,R01
ORD001939,,2022-11-20,Cash on Delivery,DELIVERED,Port Kellyhaven,Mississippi,Cameroon,R14
ORD001940,CUST00413,2025-11-09,UPI,DELIVERED,Stevenshaven,Missouri,Senegal,R02
ORD001941,CUST00413,2024-01-08,Net Banking,DELIVERED,East Paulchester,Georgia,Austria,R13
ORD001942,CUST00531,2022-10-29,Credit Card,CANCELLED,Lewisport,Utah,Finland,R01
ORD001943,CUST00374,2022-11-25,Net Banking,DELIVERED,Richardfurt,West Virginia,Saint Vincent and the Grenadines,R03
ORD001944,CUST00675,2025-01-21,Credit Card,DELIVERED,East Daniel,California,Peru,R12
ORD001945,CUST00336,2022-08-22,UPI,RETURNED,East Nathan,Utah,Italy,R12
ORD001946,CUST00016,2022-05-18,Cash on Delivery,RETURNED,Kleinton,New Hampshire,Turkmenistan,R04
ORD001947,CUST00272,2022-12-08,Credit Card,DELIVERED,South Kevinstad,New Jersey,Kyrgyz Republic,R17
ORD001948,CUST00667,2025-10-08,Credit Card,SHIPPED,Thompsonchester,Florida,Iceland,R19
ORD001949,CUST00143,2023-01-16,Net Banking,RETURNED,Wallacemouth,Vermont,Armenia,R20
ORD001950,CUST00041,2024-03-02,Cash on Delivery,DELIVERED,Cervantesview,New York,Sierra Leone,R09
ORD001951,CUST00241,2025-08-26,Cash on Delivery,DELIVERED,Christinaport,Tennessee,Dominican Republic,R18
ORD001952,CUST00017,2023-03-20,Credit Card,RETURNED,Devonstad,Illinois,Kiribati,R02
ORD001953,CUST00339,2025-03-10,Cash on Delivery,DELIVERED,Cobbtown,Wisconsin,Slovenia,R08
ORD001954,CUST00679,2023-01-08,Net Banking,RETURNED,Pricechester,Oklahoma,Lebanon,R20
ORD001955,CUST00257,2023-03-14,Debit Card,DELIVERED,West Monicatown,New Mexico,Italy,R10
ORD001956,CUST00621,2023-12-27,Cash on Delivery,DELIVERED,Christophermouth,Minnesota,Cook Islands,R03
ORD001957,CUST00663,2023-04-09,Debit Card,DELIVERED,North Loganfort,Wyoming,Cote d'Ivoire,R18
ORD001958,CUST00520,2024-10-09,UPI,DELIVERED,North Christy,Arkansas,Solomon Islands,R15
ORD001959,CUST00094,2022-02-20,Credit Card,DELIVERED,New Melissaton,Nebraska,Holy See (Vatican City State),R18
ORD001960,,2023-09-11,Net Banking,DELIVERED,Jessicaberg,Kansas,Samoa,R06
ORD001961,CUST00027,2023-03-28,Net Banking,DELIVERED,Matthewhaven,Michigan,Palau,R03
ORD001962,CUST00629,2024-10-17,Net Banking,DELIVERED,Diazmouth,Idaho,United States Minor Outlying Islands,R18
ORD001963,CUST00505,2022-11-08,Credit Card,CANCELLED,South Russell,Arizona,Norfolk Island,R19
ORD001964,CUST00447,2024-11-27,Credit Card,CANCELLED,Port Susanview,New Jersey,Antarctica (the territory South of 60 deg S),R05
ORD001965,CUST00328,2025-08-21,Credit Card,DELIVERED,North Brianbury,Maryland,Myanmar,R02
ORD001966,CUST00659,2025-03-16,Cash on Delivery,PLACED,Madisonland,Colorado,Netherlands Antilles,R06
ORD001967,,2024-12-06,Credit Card,DELIVERED,Bassland,Colorado,Mexico,R09
ORD001968,CUST00031,2022-06-08,Debit Card,DELIVERED,Waynemouth,Louisiana,Iran,R13
ORD001969,CUST00391,2023-10-25,Debit Card,DELIVERED,West Jessicafort,New Hampshire,Jamaica,R19
ORD001970,CUST00040,2025-12-05,UPI,DELIVERED,New Dawnchester,North Carolina,Libyan Arab Jamahiriya,R18
ORD001971,CUST00181,2024-11-05,Debit Card,CANCELLED,West Jennifershire,Nebraska,Iran,R09
ORD001972,CUST00258,2024-11-08,Cash on Delivery,DELIVERED,Kelleyberg,Virginia,Nicaragua,R19
ORD001973,CUST00404,2022-01-25,Debit Card,CANCELLED,Jenniferstad,Montana,Guam,R20
ORD001974,CUST00302,2024-07-21,Credit Card,DELIVERED,Alvinland,Louisiana,Saint Barthelemy,R05
ORD001975,CUST00700,2022-09-12,Cash on Delivery,CANCELLED,Lake Jesse,Washington,Cocos (Keeling) Islands,R13
ORD001976,CUST00228,2024-06-11,Credit Card,DELIVERED,South Roberto,Maine,Timor-Leste,R19
ORD001977,,2022-01-27,Credit Card,DELIVERED,Joshuafort,Utah,Dominican Republic,R11
ORD001978,CUST00192,2024-08-26,Debit Card,DELIVERED,Thompsonberg,California,El Salvador,R16
ORD001979,CUST00183,2022-03-27,Debit Card,DELIVERED,Carlosland,Ohio,Iceland,R19
ORD001980,CUST00176,2023-08-08,Cash on Delivery,DELIVERED,West Toddmouth,Kansas,Croatia,R08
ORD001981,CUST00352,2024-05-07,Debit Card,DELIVERED,West Shawnhaven,Michigan,Chad,R17
ORD001982,CUST00109,2023-02-10,Net Banking,DELIVERED,Evansport,Florida,Afghanistan,R01
ORD001983,,2022-10-20,Debit Card,RETURNED,Catherineport,Connecticut,Andorra,R18
ORD001984,CUST00333,2025-12-15,Debit Card,DELIVERED,Lake Jeremy,North Carolina,Liberia,R10
ORD001985,CUST00268,2024-09-29,Credit Card,DELIVERED,Port Michael,Colorado,Mauritania,R20
ORD001986,CUST00123,2025-11-23,Cash on Delivery,CANCELLED,Gutierrezfort,New Mexico,Gabon,R03
ORD001987,CUST00116,2022-05-29,Cash on Delivery,DELIVERED,North Tara,Mississippi,Belarus,R02
ORD001988,CUST00204,2024-02-25,Debit Card,DELIVERED,North Donald,North Carolina,Holy See (Vatican City State),R09
ORD001989,CUST00039,2022-10-31,Debit Card,DELIVERED,Rachelchester,Wyoming,Ghana,R10
ORD001990,CUST00091,2024-04-10,Net Banking,DELIVERED,West Jasonhaven,Wyoming,Mauritania,R11
ORD001991,CUST00208,2023-07-21,Credit Card,DELIVERED,Lake David,Oklahoma,Netherlands,R07
ORD001992,CUST00430,2023-05-25,Cash on Delivery,SHIPPED,Natalieton,Oregon,Mali,R14
ORD001993,CUST00459,2023-04-17,UPI,PLACED,East Teresaside,Missouri,Greenland,R20
ORD001994,CUST00273,2023-07-15,Credit Card,DELIVERED,South Stevenburgh,Indiana,Mauritania,R04
ORD001995,CUST00291,2022-11-16,UPI,PLACED,New Jeffreyside,Wisconsin,Zimbabwe,R12
ORD001996,CUST00182,2024-06-07,Cash on Delivery,DELIVERED,New Patriciaton,Washington,Azerbaijan,R04
ORD001997,CUST00606,2022-11-01,Cash on Delivery,SHIPPED,Port Jonathanfurt,Illinois,Eritrea,R05
ORD001998,CUST00490,2022-07-17,Debit Card,DELIVERED,West Robin,Connecticut,Portugal,R17
ORD001999,CUST00540,2024-08-02,Debit Card,DELIVERED,Audreybury,Wisconsin,Tanzania,R05
ORD002000,CUST00339,2022-03-22,Net Banking,DELIVERED,East Bryanmouth,Georgia,Latvia,R11
ORD002001,CUST00598,2025-11-06,Net Banking,DELIVERED,West Christopher,Colorado,French Polynesia,R09
ORD002002,CUST00306,2025-01-29,Credit Card,DELIVERED,Davisbury,Colorado,Grenada,R11
ORD002003,CUST00523,2025-10-03,Debit Card,DELIVERED,Michaelton,California,Gibraltar,R11
ORD002004,CUST00603,2022-12-14,Debit Card,DELIVERED,East Brianport,Maine,Algeria,R11
ORD002005,CUST00629,2023-11-30,Cash on Delivery,DELIVERED,Patelville,Arkansas,Nicaragua,R20
ORD002006,CUST00122,2025-10-11,Net Banking,RETURNED,Wardside,Maryland,Panama,R01
ORD002007,,2025-04-08,UPI,RETURNED,Luischester,West Virginia,Taiwan,R02
ORD002008,CUST00160,2025-01-04,Debit Card,DELIVERED,Youngport,Massachusetts,Turks and Caicos Islands,R19
ORD002009,CUST00663,2023-04-17,UPI,RETURNED,Port Angelaburgh,Rhode Island,Nauru,R05
ORD002010,CUST00659,2022-06-02,UPI,DELIVERED,South Sheila,Rhode Island,Ethiopia,R11
ORD002011,CUST00071,2023-06-15,Debit Card,DELIVERED,North Robert,Utah,Belize,R02
ORD002012,CUST00535,2025-12-23,Net Banking,DELIVERED,North Robertville,Vermont,San Marino,R06
ORD002013,CUST00699,2023-08-18,Debit Card,DELIVERED,Vaughnland,Alaska,Bahamas,R17
ORD002014,CUST00538,2025-10-22,Net Banking,DELIVERED,East Elizabeth,Florida,South Georgia and the South Sandwich Islands,R16
ORD002015,CUST00148,2025-02-23,Credit Card,DELIVERED,South Amandachester,North Carolina,Uzbekistan,R15
ORD002016,CUST00300,2022-07-15,Credit Card,DELIVERED,Lake Christopher,New York,Guinea-Bissau,R05
ORD002017,CUST00376,2025-12-12,Credit Card,RETURNED,Jacksonfurt,South Carolina,Montenegro,R10
ORD002018,CUST00215,2025-04-25,UPI,DELIVERED,Blevinstown,North Dakota,Congo,R06
ORD002019,CUST00557,2024-09-07,UPI,DELIVERED,Tylerland,West Virginia,Afghanistan,R07
ORD002020,CUST00065,2022-01-18,Cash on Delivery,DELIVERED,Ashleyberg,Texas,South Georgia and the South Sandwich Islands,R01
ORD002021,CUST00642,2024-09-12,UPI,SHIPPED,Travisberg,Oklahoma,Niue,R01
ORD002022,CUST00093,2023-12-10,Net Banking,DELIVERED,Lake Jamesberg,Alaska,Aruba,R06
ORD002023,CUST00209,2024-09-29,Net Banking,DELIVERED,Durhamview,Oklahoma,Guadeloupe,R18
ORD002024,CUST00170,2024-08-14,Net Banking,DELIVERED,Mossview,Illinois,Moldova,R03
ORD002025,CUST00682,2023-12-21,Credit Card,RETURNED,East Chelsealand,Maine,Grenada,R16
ORD002026,CUST00476,2022-10-17,Debit Card,DELIVERED,West Ericahaven,Tennessee,Angola,R09
ORD002027,CUST00496,2025-01-02,Credit Card,CANCELLED,Lake Stacie,Montana,Andorra,R02
ORD002028,CUST00334,2025-06-06,UPI,DELIVERED,Williamsside,Alaska,China,R15
ORD002029,CUST00392,2025-05-14,Cash on Delivery,DELIVERED,West Alexander,Minnesota,Tanzania,R04
ORD002030,,2023-04-12,Credit Card,DELIVERED,Bakerfurt,Vermont,New Caledonia,R04
ORD002031,CUST00661,2023-06-14,UPI,DELIVERED,Lake Bethanyview,Colorado,North Macedonia,R07
ORD002032,CUST00204,2024-02-20,Credit Card,RETURNED,Ryanview,Indiana,Argentina,R19
ORD002033,CUST00191,2022-05-26,UPI,DELIVERED,Murphystad,Nevada,Sri Lanka,R06
ORD002034,CUST00159,2022-07-28,Cash on Delivery,RETURNED,New Angelica,North Dakota,Malawi,R07
ORD002035,CUST00422,2025-12-10,UPI,DELIVERED,Lunafurt,Minnesota,Jamaica,R11
ORD002036,CUST00674,2024-12-19,UPI,DELIVERED,North Jamie,Texas,Austria,R08
ORD002037,CUST00567,2023-10-10,Credit Card,RETURNED,East Megan,Alaska,Turks and Caicos Islands,R11
ORD002038,CUST00669,2022-05-17,Credit Card,DELIVERED,Port Jessicaborough,Oklahoma,Hong Kong,R18
ORD002039,CUST00209,2022-01-15,Debit Card,DELIVERED,Timothyshire,Louisiana,Papua New Guinea,R04
ORD002040,CUST00501,2025-03-16,Net Banking,DELIVERED,Orrland,Wisconsin,Morocco,R16
ORD002041,CUST00225,2024-08-13,Net Banking,DELIVERED,East Williamborough,Michigan,British Virgin Islands,R01
ORD002042,CUST00585,2025-03-26,Debit Card,DELIVERED,Melodyhaven,Pennsylvania,South Georgia and the South Sandwich Islands,R16
ORD002043,CUST00626,2025-04-03,UPI,DELIVERED,Jessicaside,Hawaii,Zambia,R15
ORD002044,CUST00619,2025-01-20,Cash on Delivery,DELIVERED,Kyleshire,Virginia,Sao Tome and Principe,R06
ORD002045,CUST00585,2022-07-09,UPI,DELIVERED,Steveshire,Washington,Australia,R11
ORD002046,CUST00253,2023-07-16,Cash on Delivery,DELIVERED,West Scott,Oklahoma,Dominican Republic,R17
ORD002047,CUST00510,2024-07-03,Credit Card,DELIVERED,Nicolechester,New Mexico,Cuba,R11
ORD002048,CUST00142,2024-09-20,Cash on Delivery,RETURNED,Port Annebury,Florida,Palestinian Territory,R17
ORD002049,CUST00249,2025-02-08,UPI,CANCELLED,Snyderside,Kentucky,Tonga,R04
ORD002050,CUST00138,2024-03-04,Net Banking,DELIVERED,Briggshaven,West Virginia,Sierra Leone,R02
ORD002051,CUST00562,2023-10-05,UPI,RETURNED,Normanberg,Pennsylvania,Uganda,R09
ORD002052,CUST00568,2022-09-17,Net Banking,DELIVERED,Kimside,Texas,Colombia,R17
ORD002053,,2025-09-17,Credit Card,DELIVERED,New Rebecca,Virginia,Mauritania,R12
ORD002054,CUST00684,2025-10-31,Credit Card,DELIVERED,Port Kathrynhaven,Indiana,Cape Verde,R18
ORD002055,CUST00404,2023-01-17,UPI,DELIVERED,Jasonchester,North Carolina,Malaysia,R09
ORD002056,CUST00310,2023-06-17,Net Banking,DELIVERED,Nicholsport,Utah,Western Sahara,R19
ORD002057,CUST00588,2025-07-16,Net Banking,SHIPPED,Washingtonchester,South Dakota,Lithuania,R06
ORD002058,CUST00216,2024-02-20,Cash on Delivery,RETURNED,New Stacyview,Massachusetts,Spain,R03
ORD002059,CUST00024,2024-05-06,Cash on Delivery,DELIVERED,South Teresa,Washington,Fiji,R19
ORD002060,CUST00357,2024-06-11,UPI,DELIVERED,Mariahfort,Michigan,Cameroon,R16
ORD002061,CUST00284,2022-05-04,Cash on Delivery,DELIVERED,West Daisy,Colorado,Wallis and Futuna,R20
ORD002062,CUST00202,2024-01-12,Cash on Delivery,DELIVERED,Phyllismouth,Rhode Island,Niue,R16
ORD002063,CUST00085,2022-09-04,Cash on Delivery,DELIVERED,Hillmouth,Louisiana,Benin,R20
ORD002064,CUST00118,2024-12-01,UPI,DELIVERED,Lake Daisyhaven,Missouri,Poland,R05
ORD002065,CUST00119,2025-10-10,UPI,CANCELLED,South Scott,Wisconsin,British Indian Ocean Territory (Chagos Archipelago),R15
ORD002066,CUST00420,2025-07-27,Credit Card,SHIPPED,Port Christinafort,Nevada,Equatorial Guinea,R20
ORD002067,CUST00690,2023-06-04,UPI,DELIVERED,West Christie,Minnesota,Solomon Islands,R04
ORD002068,CUST00133,2023-05-10,UPI,DELIVERED,Port Michaelchester,Maryland,Tuvalu,R02
ORD002069,CUST00458,2022-06-23,Debit Card,DELIVERED,Alexanderchester,Kansas,Vietnam,R17
ORD002070,CUST00449,2025-01-27,Credit Card,RETURNED,Port Brendanborough,Minnesota,Saint Pierre and Miquelon,R07
ORD002071,CUST00038,2024-02-23,Credit Card,DELIVERED,North Mary,Montana,Slovenia,R11
ORD002072,,2022-10-25,Credit Card,DELIVERED,North Katherinemouth,Oregon,Lebanon,R10
ORD002073,CUST00534,2024-10-10,Debit Card,DELIVERED,East Sandra,Georgia,Brunei Darussalam,R03
ORD002074,CUST00292,2024-03-25,Cash on Delivery,DELIVERED,Katherineborough,Maryland,Sierra Leone,R17
ORD002075,CUST00144,2024-10-26,UPI,DELIVERED,South Patrick,Oklahoma,Australia,R11
ORD002076,CUST00138,2024-05-31,Debit Card,DELIVERED,Ryanton,Colorado,Spain,R01
ORD002077,CUST00606,2024-09-11,Debit Card,RETURNED,West Alanborough,Illinois,United States of America,R12
ORD002078,CUST00390,2023-04-12,UPI,CANCELLED,North Marymouth,Iowa,Kazakhstan,R01
ORD002079,CUST00220,2025-03-07,Cash on Delivery,DELIVERED,West Laura,North Dakota,Iran,R05
ORD002080,CUST00598,2023-09-14,UPI,DELIVERED,Garciastad,Massachusetts,Eritrea,R08
ORD002081,CUST00465,2023-02-28,Debit Card,DELIVERED,Gilmorestad,Kansas,Myanmar,R12
ORD002082,CUST00563,2022-08-28,Debit Card,DELIVERED,Williamschester,New York,Togo,R05
ORD002083,CUST00218,2023-02-20,Debit Card,RETURNED,Schultzberg,New York,Burkina Faso,R05
ORD002084,CUST00027,2022-03-16,Net Banking,RETURNED,Karafurt,Vermont,Timor-Leste,R14
ORD002085,CUST00127,2025-05-17,Credit Card,DELIVERED,Claireland,Connecticut,Netherlands Antilles,R18
ORD002086,,2024-12-09,Credit Card,DELIVERED,Lake Alyssa,Minnesota,Ireland,R02
ORD002087,CUST00454,2023-11-22,UPI,DELIVERED,Port Walter,West Virginia,Armenia,R19
ORD002088,CUST00023,2022-09-23,Credit Card,DELIVERED,West Taraborough,Oklahoma,Ecuador,R10
ORD002089,CUST00544,2025-08-30,UPI,DELIVERED,Lake Tylermouth,Massachusetts,Mexico,R09
ORD002090,CUST00163,2022-08-04,UPI,DELIVERED,East Paulchester,Kentucky,Cuba,R10
ORD002091,CUST00034,2024-08-01,UPI,PLACED,Raymondhaven,Louisiana,France,R12
ORD002092,CUST00416,2025-03-08,Cash on Delivery,RETURNED,Smithside,South Carolina,Singapore,R15
ORD002093,CUST00378,2025-07-16,Debit Card,DELIVERED,Port Timothymouth,Colorado,Papua New Guinea,R12
ORD002094,CUST00454,2025-04-28,Debit Card,DELIVERED,New Williammouth,New Mexico,Holy See (Vatican City State),R14
ORD002095,CUST00177,2023-07-30,Debit Card,DELIVERED,East Ashleyview,Maryland,Bhutan,R04
ORD002096,CUST00141,2025-05-17,Debit Card,DELIVERED,Cassandraburgh,Michigan,Costa Rica,R01
ORD002097,CUST00114,2024-11-10,UPI,DELIVERED,South Samanthaside,Idaho,Mali,R17
ORD002098,CUST00126,2025-03-25,UPI,CANCELLED,New Kimberly,Michigan,Panama,R14
ORD002099,CUST00568,2024-06-05,Net Banking,DELIVERED,Nelsonmouth,Nevada,Guernsey,R03
ORD002100,CUST00501,2023-08-13,Cash on Delivery,PLACED,Branditon,New Mexico,Andorra,R01
ORD002101,CUST00530,2023-07-16,Debit Card,DELIVERED,Kevinview,Tennessee,South Africa,R05
ORD002102,CUST00607,2025-01-05,UPI,RETURNED,Lake Mary,Iowa,Seychelles,R02
ORD002103,CUST00475,2023-11-02,Cash on Delivery,PLACED,Sandovalville,Michigan,Tokelau,R15
ORD002104,CUST00105,2023-09-30,Net Banking,DELIVERED,East Jessica,Pennsylvania,Ethiopia,R11
ORD002105,CUST00082,2025-04-07,Debit Card,DELIVERED,South Richardbury,Maryland,Tonga,R17
ORD002106,CUST00283,2022-06-24,Credit Card,CANCELLED,Jasonshire,New Jersey,Lao People's Democratic Republic,R06
ORD002107,CUST00117,2022-07-14,UPI,PLACED,Lake Brandonville,Michigan,Norway,R14
ORD002108,CUST00187,2023-01-27,Cash on Delivery,DELIVERED,Gibsonbury,Wyoming,France,R15
ORD002109,CUST00437,2024-08-12,Cash on Delivery,DELIVERED,Johnland,Texas,Estonia,R01
ORD002110,CUST00210,2024-12-14,UPI,DELIVERED,Andersonstad,Mississippi,Lao People's Democratic Republic,R07
ORD002111,CUST00622,2024-02-17,Net Banking,RETURNED,Richardville,Iowa,Guam,R14
ORD002112,CUST00404,2023-02-24,Credit Card,SHIPPED,Parkerfurt,Ohio,Greenland,R19
ORD002113,CUST00066,2025-09-22,Credit Card,DELIVERED,Taylormouth,Georgia,Dominica,R16
ORD002114,CUST00020,2025-08-30,Debit Card,DELIVERED,New Michael,Mississippi,Guernsey,R14
ORD002115,CUST00103,2024-05-08,Debit Card,DELIVERED,Port Kimberlyshire,Minnesota,Libyan Arab Jamahiriya,R01
ORD002116,CUST00070,2025-03-06,UPI,DELIVERED,Marissastad,North Carolina,Bolivia,R16
ORD002117,CUST00683,2024-10-12,Debit Card,PLACED,Powellberg,North Dakota,Sierra Leone,R09
ORD002118,CUST00600,2025-11-13,Cash on Delivery,SHIPPED,Courtneyville,Wyoming,Congo,R19
ORD002119,CUST00647,2023-09-30,Cash on Delivery,PLACED,East Jason,West Virginia,Palau,R08
ORD002120,CUST00684,30/09/2023,Credit Card,PLACED,Scottport,Alaska,Lao People's Democratic Republic,R20
ORD002121,CUST00624,2022-06-08,Cash on Delivery,DELIVERED,Richardshire,New Hampshire,North Macedonia,R20
ORD002122,CUST00509,2025-01-17,Net Banking,DELIVERED,West Jessicafort,Texas,Nauru,R17
ORD002123,CUST00505,2024-01-30,UPI,DELIVERED,West David,Minnesota,Rwanda,R19
ORD002124,CUST00450,2023-05-12,Net Banking,DELIVERED,Virginiahaven,Virginia,Cuba,R18
ORD002125,CUST00300,2024-02-15,Net Banking,RETURNED,Nathanfurt,Arizona,British Virgin Islands,R05
ORD002126,CUST00222,2023-12-18,UPI,DELIVERED,East Charlottefurt,Connecticut,Andorra,R19
ORD002127,CUST00273,2022-05-01,Credit Card,DELIVERED,Baileytown,Texas,Tanzania,R14
ORD002128,CUST00188,2022-03-03,Cash on Delivery,DELIVERED,South Karafurt,New Jersey,Montserrat,R20
ORD002129,CUST00297,2025-05-13,UPI,RETURNED,Autumnfort,Ohio,Jersey,R15
ORD002130,CUST00016,2024-12-24,Debit Card,DELIVERED,New Larry,Utah,Bolivia,R14
ORD002131,CUST00677,2023-09-11,Credit Card,DELIVERED,North Kara,Mississippi,Mozambique,R17
ORD002132,CUST00472,2025-06-12,Cash on Delivery,CANCELLED,Lake Andrea,Pennsylvania,Jamaica,R04
ORD002133,CUST00092,2023-11-23,Credit Card,DELIVERED,Rhodesstad,Illinois,Somalia,R01
ORD002134,CUST00646,2023-10-28,Debit Card,SHIPPED,Cookestad,Utah,South Africa,R18
ORD002135,CUST00086,2023-07-08,Cash on Delivery,DELIVERED,Williamston,New Jersey,Brunei Darussalam,R20
ORD002136,CUST00517,2022-07-26,Cash on Delivery,DELIVERED,West Kimberly,Indiana,Djibouti,R05
ORD002137,CUST00115,2025-05-29,Net Banking,RETURNED,Loriborough,South Carolina,Albania,R18
ORD002138,CUST00516,2022-04-26,Debit Card,RETURNED,Jakemouth,Maryland,Chad,R17
ORD002139,CUST00032,2024-02-05,UPI,RETURNED,Theresabury,Nevada,Iraq,R13
ORD002140,CUST00267,2025-08-15,Credit Card,DELIVERED,West Timothy,Wyoming,Saint Lucia,R04
ORD002141,CUST00463,2024-06-01,Debit Card,DELIVERED,Alexanderland,Vermont,Ethiopia,R08
ORD002142,CUST00585,2026-04-15,Net Banking,RETURNED,East Janetown,Texas,Austria,R18
ORD002143,CUST00177,2025-11-21,UPI,DELIVERED,Nunezbury,Mississippi,Singapore,R02
ORD002144,CUST00429,2024-09-03,Net Banking,DELIVERED,Bridgesside,Georgia,Iceland,R06
ORD002145,,2025-07-04,UPI,DELIVERED,New Grantmouth,Idaho,Yemen,R13
ORD002146,CUST00094,2024-11-05,UPI,RETURNED,Youngfort,Pennsylvania,Yemen,R17
ORD002147,,2023-02-15,Cash on Delivery,DELIVERED,East Oliviahaven,Missouri,Japan,R06
ORD002148,CUST00615,2025-12-29,Cash on Delivery,RETURNED,North Lisaberg,Illinois,South Africa,R05
ORD002149,CUST00475,2025-05-31,Net Banking,DELIVERED,North Joseph,Texas,Chad,R16
ORD002150,CUST00681,2023-05-16,Debit Card,PLACED,Port Nicholas,Connecticut,Myanmar,R12
ORD002151,CUST00235,2024-01-30,Debit Card,RETURNED,Port Mason,South Carolina,Tonga,R03
ORD002152,CUST00595,2023-04-21,Debit Card,DELIVERED,Davilamouth,New Hampshire,Estonia,R16
ORD002153,CUST00566,2024-09-04,Credit Card,DELIVERED,Nicholasstad,Vermont,Croatia,R18
ORD002154,CUST00572,2022-10-08,Net Banking,DELIVERED,Glendamouth,Louisiana,France,R15
ORD002155,CUST00595,2025-12-07,Net Banking,DELIVERED,North Abigailside,Texas,Thailand,R02
ORD002156,CUST00620,2025-04-02,Debit Card,CANCELLED,Christopherfurt,New Hampshire,Comoros,R13
ORD002157,CUST00393,2024-03-05,Debit Card,RETURNED,Lake Matthewton,Indiana,Micronesia,R14
ORD002158,CUST00027,2025-07-06,Cash on Delivery,DELIVERED,Lake Brittanymouth,Washington,Japan,R03
ORD002159,CUST00455,2024-03-07,Cash on Delivery,DELIVERED,Kimberlyside,Wyoming,Ukraine,R13
ORD002160,CUST00146,2023-03-11,Debit Card,DELIVERED,Crosbyview,Missouri,Paraguay,R08
ORD002161,CUST00646,2022-07-29,Cash on Delivery,DELIVERED,North Sophia,Kentucky,Panama,R01
ORD002162,CUST00515,2024-03-22,Credit Card,DELIVERED,East John,Louisiana,Bahamas,R13
ORD002163,CUST00546,2025-10-29,Credit Card,DELIVERED,North Jackburgh,Ohio,Cote d'Ivoire,R14
ORD002164,CUST00141,29/10/2025,Credit Card,RETURNED,Smithtown,North Carolina,Liberia,R17
ORD002165,CUST00456,2025-09-26,UPI,DELIVERED,Moramouth,New Mexico,Aruba,R20
ORD002166,CUST00065,2025-02-11,UPI,DELIVERED,South Dorisfort,Nevada,Botswana,R04
ORD002167,CUST00601,2024-04-24,Credit Card,DELIVERED,Port Steven,Georgia,Saint Vincent and the Grenadines,R20
ORD002168,,2024-07-26,Credit Card,DELIVERED,Aaronchester,Tennessee,Liberia,R04
ORD002169,CUST00239,2024-12-06,Net Banking,RETURNED,Lake Robertville,New York,Cameroon,R11
ORD002170,CUST00192,06/12/2024,Debit Card,DELIVERED,West Amyhaven,Montana,Monaco,R17
ORD002171,CUST00097,2022-03-18,UPI,RETURNED,Dakotafurt,Oregon,Cyprus,R12
ORD002172,CUST00286,2022-03-11,Net Banking,DELIVERED,Port Emily,Missouri,Tanzania,R04
ORD002173,CUST00632,2023-04-07,Debit Card,DELIVERED,Lauraview,South Carolina,Japan,R07
ORD002174,CUST00297,2023-12-27,Cash on Delivery,DELIVERED,Danielland,Montana,Argentina,R03
ORD002175,CUST00482,2023-05-17,Net Banking,RETURNED,New Erin,Missouri,Slovenia,R03
ORD002176,CUST00529,2025-11-17,Debit Card,DELIVERED,Laurashire,Arizona,Mongolia,R19
ORD002177,CUST00560,2025-01-22,Cash on Delivery,DELIVERED,Brewerbury,Maryland,Bulgaria,R01
ORD002178,CUST00411,2023-06-07,Cash on Delivery,DELIVERED,Lake Susanmouth,Utah,Austria,R09
ORD002179,CUST00082,2022-07-11,Net Banking,DELIVERED,Lake Michelleside,Oregon,Bolivia,R04
ORD002180,CUST00232,2022-10-19,Cash on Delivery,DELIVERED,Holderberg,Pennsylvania,India,R13
ORD002181,CUST00642,2023-12-23,Debit Card,DELIVERED,South Joshuaville,Michigan,Uzbekistan,R20
ORD002182,CUST00680,2023-01-19,Credit Card,DELIVERED,New Johnfurt,Washington,Burundi,R19
ORD002183,CUST00406,2025-04-28,Cash on Delivery,DELIVERED,Stephaniefurt,Alabama,Burundi,R17
ORD002184,CUST00391,2022-09-28,UPI,DELIVERED,South Ashleytown,Oklahoma,Russian Federation,R19
ORD002185,CUST00268,2026-01-22,UPI,DELIVERED,Richardsonview,North Carolina,Algeria,R05
ORD002186,CUST00614,2022-08-08,UPI,CANCELLED,East Kendra,Mississippi,Mayotte,R16
ORD002187,CUST00370,2022-12-25,Net Banking,RETURNED,Jamesland,Alabama,Ireland,R02
ORD002188,CUST00360,2023-07-17,Net Banking,SHIPPED,Allenmouth,Colorado,Lesotho,R02
ORD002189,CUST00233,2023-04-29,Cash on Delivery,DELIVERED,Samanthafurt,Oregon,Cuba,R18
ORD002190,CUST00405,2025-04-13,Debit Card,DELIVERED,Davidburgh,West Virginia,Belgium,R05
ORD002191,CUST00103,2023-04-18,Debit Card,DELIVERED,Port Kathyberg,Ohio,Ecuador,R20
ORD002192,CUST00058,2022-10-22,UPI,PLACED,New Markhaven,South Dakota,Myanmar,R20
ORD002193,CUST00672,2025-01-02,Debit Card,CANCELLED,Knighttown,Iowa,Guadeloupe,R10
ORD002194,CUST00544,02/01/2025,UPI,DELIVERED,Garciafort,Colorado,Togo,R13
ORD002195,CUST00385,2024-01-25,Debit Card,DELIVERED,East Antoniochester,North Carolina,Korea,R18
ORD002196,CUST00629,2025-11-10,Net Banking,DELIVERED,New Kevinberg,Kentucky,United States of America,R11
ORD002197,CUST00447,2025-12-20,UPI,CANCELLED,Smithland,Montana,El Salvador,R10
ORD002198,CUST00323,2024-04-20,Debit Card,DELIVERED,Port Cynthia,Oklahoma,Nauru,R15
ORD002199,CUST00349,2023-05-14,UPI,DELIVERED,East Shane,Oklahoma,Eritrea,R10
ORD002200,CUST00327,2022-06-29,Credit Card,DELIVERED,Gallagherfurt,New Jersey,Kyrgyz Republic,R20
ORD002201,CUST00030,2025-09-06,Credit Card,CANCELLED,Mathewstown,Missouri,Fiji,R12
ORD002202,CUST00265,2022-12-15,Net Banking,DELIVERED,Markshire,Virginia,Korea,R06
ORD002203,CUST00429,2024-11-16,Debit Card,SHIPPED,Port Christopher,Wisconsin,Latvia,R13
ORD002204,CUST00648,2025-03-27,Cash on Delivery,DELIVERED,North Jeremy,Idaho,Estonia,R02
ORD002205,CUST00010,2024-06-20,Net Banking,DELIVERED,Goodmanmouth,Michigan,United States Minor Outlying Islands,R06
ORD002206,CUST00122,2025-03-18,Debit Card,DELIVERED,Kempview,Michigan,Brazil,R15
ORD002207,CUST00439,2025-04-25,Net Banking,DELIVERED,West Amyside,Arizona,Namibia,R16
ORD002208,CUST00319,2023-04-17,Debit Card,DELIVERED,Swansonborough,Delaware,Mauritius,R13
ORD002209,CUST00029,2022-05-25,Credit Card,DELIVERED,Paulmouth,Maine,Central African Republic,R04
ORD002210,CUST00095,2024-01-22,Cash on Delivery,CANCELLED,South Brookeshire,Mississippi,Svalbard & Jan Mayen Islands,R09
ORD002211,CUST00547,2024-06-19,Net Banking,RETURNED,Leahchester,Delaware,Bosnia and Herzegovina,R01
ORD002212,CUST00550,2022-06-16,Net Banking,DELIVERED,South Stephanieshire,New Mexico,India,R13
ORD002213,CUST00493,2023-04-22,Cash on Delivery,DELIVERED,Coxstad,Nebraska,Guam,R03
ORD002214,CUST00178,2023-12-18,Debit Card,DELIVERED,New Annette,New Jersey,Canada,R01
ORD002215,CUST00280,2022-09-16,Net Banking,DELIVERED,Vegaborough,Maine,Madagascar,R06
ORD002216,CUST00654,2023-06-09,UPI,DELIVERED,Sherrytown,Wisconsin,Costa Rica,R04
ORD002217,CUST00169,2024-06-19,Cash on Delivery,DELIVERED,New Williamfurt,North Dakota,Togo,R16
ORD002218,CUST00351,2023-06-26,Debit Card,DELIVERED,Smithchester,Missouri,Saint Kitts and Nevis,R13
ORD002219,CUST00546,2024-07-05,Cash on Delivery,DELIVERED,Port Stephanie,Virginia,Tokelau,R06
ORD002220,CUST00378,2026-02-23,Debit Card,DELIVERED,Joneshaven,Florida,Venezuela,R18
ORD002221,CUST00239,2023-09-29,Debit Card,DELIVERED,Johnsonmouth,New Hampshire,Tuvalu,R09
ORD002222,CUST00049,2023-12-10,Net Banking,DELIVERED,Carlsonmouth,Arizona,Saudi Arabia,R12
ORD002223,CUST00293,2024-10-13,Debit Card,DELIVERED,New Annette,Nebraska,Cambodia,R07
ORD002224,CUST00079,2023-08-08,Credit Card,DELIVERED,South Taylor,Idaho,Turkmenistan,R15
ORD002225,CUST00293,2025-03-03,Cash on Delivery,DELIVERED,Jonesland,Arkansas,Yemen,R16
ORD002226,CUST00699,2023-11-12,UPI,DELIVERED,West David,Oklahoma,Nepal,R13
ORD002227,CUST00212,2023-10-14,Debit Card,DELIVERED,East Donna,Arizona,Ireland,R06
ORD002228,CUST00502,2024-04-18,Credit Card,CANCELLED,West James,Iowa,Congo,R18
ORD002229,CUST00552,2024-11-29,Credit Card,CANCELLED,North Kristin,Indiana,Nicaragua,R16
ORD002230,CUST00363,2024-07-04,Cash on Delivery,SHIPPED,West Joshua,Alaska,Solomon Islands,R03
ORD002231,CUST00622,2023-09-16,Credit Card,CANCELLED,Port Melaniefurt,Oregon,Eritrea,R09
ORD002232,CUST00337,2025-01-04,Credit Card,PLACED,Lake Sally,Montana,New Zealand,R20
ORD002233,CUST00236,2023-06-19,Cash on Delivery,DELIVERED,East Matthew,Ohio,Turkmenistan,R05
ORD002234,CUST00274,2023-09-01,Credit Card,DELIVERED,Kimberlyport,Colorado,Burkina Faso,R08
ORD002235,CUST00313,2024-02-25,UPI,DELIVERED,Johnton,Arizona,Solomon Islands,R13
ORD002236,CUST00452,2023-08-18,Debit Card,DELIVERED,Jonside,Michigan,France,R03
ORD002237,CUST00436,2024-04-05,Credit Card,DELIVERED,Chanmouth,Kansas,Botswana,R09
ORD002238,CUST00687,2022-06-30,Debit Card,DELIVERED,West Garrettstad,Maryland,United Kingdom,R02
ORD002239,CUST00545,2022-08-11,Cash on Delivery,CANCELLED,West Johnmouth,Nebraska,Senegal,R03
ORD002240,CUST00487,2023-04-16,Credit Card,DELIVERED,West Mason,Alaska,Lesotho,R18
ORD002241,CUST00110,2024-05-15,Debit Card,DELIVERED,Piercemouth,Ohio,Indonesia,R20
ORD002242,CUST00127,2022-02-12,Net Banking,RETURNED,North Jeremy,Pennsylvania,Zambia,R17
ORD002243,CUST00677,2022-07-22,Cash on Delivery,DELIVERED,North John,California,United States Virgin Islands,R20
ORD002244,CUST00582,2024-01-17,Cash on Delivery,DELIVERED,North Christymouth,Oklahoma,Iran,R05
ORD002245,CUST00614,2023-10-07,Debit Card,DELIVERED,New Kimberly,Texas,Bulgaria,R05
ORD002246,CUST00491,2024-04-18,Net Banking,DELIVERED,Knightfort,Hawaii,Uruguay,R09
ORD002247,CUST00386,2025-10-07,UPI,CANCELLED,Harrisland,Kentucky,Spain,R20
ORD002248,CUST00554,2022-09-02,Net Banking,DELIVERED,Ashleychester,Idaho,Morocco,R06
ORD002249,CUST00275,2025-06-23,Credit Card,CANCELLED,South Ruthshire,Montana,Georgia,R08
ORD002250,,2023-04-12,Cash on Delivery,DELIVERED,South Alanborough,Wisconsin,Cocos (Keeling) Islands,R19
ORD002251,CUST00106,2024-04-21,UPI,RETURNED,South Adammouth,Colorado,Reunion,R18
ORD002252,CUST00512,2022-03-06,Credit Card,RETURNED,New Tony,Michigan,Poland,R19
ORD002253,CUST00216,06/03/2022,Cash on Delivery,RETURNED,East Sheilaberg,Utah,Cayman Islands,R19
ORD002254,CUST00571,2025-02-08,Credit Card,DELIVERED,North Jenniferfort,Mississippi,French Southern Territories,R02
ORD002255,CUST00120,2023-07-24,Credit Card,DELIVERED,Carlview,North Dakota,Luxembourg,R01
ORD002256,CUST00017,2024-08-20,Cash on Delivery,DELIVERED,Lake Michelle,California,Azerbaijan,R14
ORD002257,CUST00389,2025-09-11,UPI,DELIVERED,Richardberg,New Jersey,Ghana,R20
ORD002258,CUST00688,2024-10-07,Net Banking,DELIVERED,Port Connorburgh,Montana,Pitcairn Islands,R04
ORD002259,CUST00012,2024-11-23,Debit Card,DELIVERED,Kingburgh,Arkansas,Denmark,R13
ORD002260,CUST00096,2025-09-09,Credit Card,RETURNED,Brownside,Wyoming,Guam,R10
ORD002261,CUST00327,2023-03-31,UPI,DELIVERED,East Alexander,Mississippi,Madagascar,R02
ORD002262,CUST00495,2024-02-06,Cash on Delivery,DELIVERED,East Haley,Indiana,Indonesia,R07
ORD002263,CUST00323,2024-04-10,Cash on Delivery,DELIVERED,South Brandonland,Kentucky,Grenada,R04
ORD002264,CUST00036,2023-11-23,UPI,DELIVERED,East Dennis,New York,Belarus,R13
ORD002265,CUST00187,2023-02-21,Debit Card,RETURNED,Vincentville,South Carolina,North Macedonia,R19
ORD002266,CUST00389,2023-12-17,UPI,DELIVERED,North Michaelville,Oregon,Jersey,R02
ORD002267,CUST00447,2024-02-11,Net Banking,DELIVERED,Caldwelltown,South Carolina,Bulgaria,R03
ORD002268,CUST00076,2023-06-29,Net Banking,RETURNED,New Davidville,Oklahoma,Cape Verde,R10
ORD002269,CUST00089,2024-05-03,Credit Card,RETURNED,Davidbury,Virginia,Canada,R01
ORD002270,CUST00458,2024-05-27,UPI,DELIVERED,Wilkinsonview,Oregon,Oman,R19
ORD002271,CUST00276,2025-08-14,Net Banking,PLACED,Port Thomas,Michigan,Madagascar,R20
ORD002272,CUST00016,2022-09-08,Cash on Delivery,DELIVERED,West Amandastad,Massachusetts,Sudan,R14
ORD002273,CUST00430,2022-07-14,Debit Card,DELIVERED,South Meganmouth,Colorado,Finland,R13
ORD002274,CUST00548,2024-07-23,Cash on Delivery,DELIVERED,North Rebecca,New Jersey,Grenada,R06
ORD002275,CUST00398,2025-07-14,UPI,DELIVERED,Turnerville,Maryland,United States Virgin Islands,R18
ORD002276,CUST00444,2022-10-13,Cash on Delivery,RETURNED,Annamouth,Kansas,Myanmar,R19
ORD002277,CUST00122,2023-10-03,Net Banking,DELIVERED,South David,Rhode Island,Belgium,R03
ORD002278,CUST00373,2024-03-14,Cash on Delivery,DELIVERED,Lake Chad,Maryland,Palau,R12
ORD002279,CUST00465,2024-06-12,Cash on Delivery,DELIVERED,Lunabury,Wisconsin,Uzbekistan,R13
ORD002280,CUST00024,2024-09-30,Credit Card,DELIVERED,Ericksonmouth,New Mexico,Chile,R03
ORD002281,CUST00136,2025-10-01,Debit Card,DELIVERED,Kennethport,Illinois,Norfolk Island,R17
ORD002282,,2025-10-04,Credit Card,DELIVERED,Michellemouth,North Dakota,Lithuania,R10
ORD002283,CUST00081,2022-09-13,UPI,DELIVERED,Coxville,Michigan,United Kingdom,R19
ORD002284,CUST00378,2023-09-23,UPI,DELIVERED,Jeffreyhaven,Utah,Oman,R12
ORD002285,CUST00344,2022-03-08,UPI,DELIVERED,New Ruth,Arkansas,Serbia,R15
ORD002286,,2025-06-06,Credit Card,DELIVERED,West Sarah,Tennessee,Andorra,R13
ORD002287,CUST00617,2024-09-22,UPI,SHIPPED,Davidfort,Pennsylvania,Tonga,R18
ORD002288,CUST00149,2023-10-13,Cash on Delivery,DELIVERED,Lake Anthonyton,Oregon,France,R13
ORD002289,CUST00142,2022-01-15,Credit Card,DELIVERED,South Hollyfort,Iowa,Lesotho,R20
ORD002290,CUST00489,2023-10-07,Cash on Delivery,SHIPPED,West Natasha,Montana,Hong Kong,R02
ORD002291,CUST00271,2024-12-14,Debit Card,DELIVERED,East Michael,Rhode Island,Cape Verde,R05
ORD002292,CUST00108,2025-12-04,Debit Card,DELIVERED,East Robertbury,Arkansas,Nepal,R12
ORD002293,CUST00498,2025-03-27,UPI,DELIVERED,Lake Susanton,Connecticut,Philippines,R17
ORD002294,CUST00130,2023-05-31,Cash on Delivery,DELIVERED,South John,Virginia,Brazil,R12
ORD002295,CUST00509,2025-03-14,Cash on Delivery,PLACED,Lopezburgh,Montana,Georgia,R02
ORD002296,,2025-11-16,Credit Card,RETURNED,West Travismouth,Nebraska,Montserrat,R11
ORD002297,CUST00420,2025-05-09,UPI,DELIVERED,North Cynthiahaven,Louisiana,Brunei Darussalam,R07
ORD002298,CUST00140,2025-11-27,Net Banking,RETURNED,East Tiffany,South Carolina,Marshall Islands,R17
ORD002299,CUST00167,2025-02-18,Cash on Delivery,DELIVERED,Shaneport,Hawaii,Cayman Islands,R09
ORD002300,CUST00006,2024-06-12,Net Banking,DELIVERED,Port Laura,Wisconsin,Oman,R17
ORD002301,CUST00188,2025-03-29,Debit Card,DELIVERED,Christinachester,Vermont,Liberia,R08
ORD002302,CUST00093,2025-05-08,Net Banking,SHIPPED,Roblesland,Minnesota,Egypt,R18
ORD002303,CUST00383,2025-09-02,UPI,SHIPPED,Port Garychester,Wyoming,United States Minor Outlying Islands,R12
ORD002304,CUST00576,2022-09-12,UPI,SHIPPED,Stevenbury,Montana,Greece,R19
ORD002305,CUST00381,2026-05-08,UPI,RETURNED,North Jenniferberg,Rhode Island,Mongolia,R03
ORD002306,CUST00323,2022-01-25,UPI,DELIVERED,Lake Teresaton,Nevada,French Southern Territories,R02
ORD002307,CUST00372,2025-08-01,Net Banking,SHIPPED,Russellport,Maryland,Cameroon,R19
ORD002308,CUST00140,2023-12-03,UPI,DELIVERED,Wrightmouth,Massachusetts,Eritrea,R14
ORD002309,CUST00608,2024-10-20,UPI,PLACED,Lake Samanthaburgh,Tennessee,Egypt,R16
ORD002310,CUST00263,2022-07-14,UPI,CANCELLED,Harveyberg,Washington,Romania,R19
ORD002311,CUST00320,2025-03-10,Debit Card,DELIVERED,Lake Ryanstad,Louisiana,Yemen,R08
ORD002312,CUST00662,2024-06-05,Cash on Delivery,DELIVERED,New James,Iowa,Poland,R14
ORD002313,,2024-06-11,Credit Card,CANCELLED,Matthewsview,Massachusetts,Timor-Leste,R14
ORD002314,CUST00353,2022-11-26,Debit Card,DELIVERED,Port Victoria,Minnesota,China,R16
ORD002315,CUST00119,2024-03-08,UPI,RETURNED,Grantbury,Michigan,Korea,R17
ORD002316,CUST00145,08/03/2024,Debit Card,CANCELLED,East Margaret,North Carolina,Bolivia,R03
ORD002317,CUST00219,2025-10-17,UPI,PLACED,East Andrew,New Mexico,Djibouti,R11
ORD002318,CUST00047,2023-03-07,Cash on Delivery,DELIVERED,Johnborough,Arkansas,Cocos (Keeling) Islands,R13
ORD002319,CUST00228,2022-12-24,UPI,DELIVERED,Collinsburgh,Georgia,French Polynesia,R10
ORD002320,CUST00219,2026-04-12,Net Banking,DELIVERED,Mahoneytown,South Dakota,Montenegro,R08
ORD002321,CUST00346,2024-04-16,Credit Card,DELIVERED,Jamesmouth,Hawaii,Azerbaijan,R02
ORD002322,,2023-01-11,Cash on Delivery,DELIVERED,West Bradley,California,Iran,R14
ORD002323,CUST00459,2022-03-16,Cash on Delivery,DELIVERED,East Lorraine,Massachusetts,Bhutan,R09
ORD002324,CUST00307,2025-06-26,Cash on Delivery,DELIVERED,South Jeannestad,Minnesota,Greece,R10
ORD002325,CUST00182,2024-04-10,Credit Card,DELIVERED,Brownshire,Louisiana,North Macedonia,R10
ORD002326,CUST00416,2024-12-20,Cash on Delivery,PLACED,West Edwinport,Michigan,India,R11
ORD002327,CUST00055,2023-04-20,Net Banking,RETURNED,North Brittneyburgh,Mississippi,Suriname,R02
ORD002328,CUST00403,2023-08-02,Cash on Delivery,DELIVERED,East Malikhaven,Arizona,Wallis and Futuna,R03
ORD002329,CUST00373,2024-01-26,Credit Card,DELIVERED,New Christopherbury,Washington,Turks and Caicos Islands,R06
ORD002330,CUST00010,2023-06-21,Cash on Delivery,RETURNED,West Jenniferbury,Washington,Portugal,R11
ORD002331,,2023-04-27,Debit Card,DELIVERED,Sarahland,South Carolina,Rwanda,R20
ORD002332,CUST00105,2025-09-20,UPI,RETURNED,Rodriguezfort,Wisconsin,Germany,R04
ORD002333,CUST00474,2023-07-11,Net Banking,SHIPPED,Averyfurt,Nevada,South Georgia and the South Sandwich Islands,R01
ORD002334,CUST00146,2022-12-25,Debit Card,DELIVERED,New Crystal,Florida,Fiji,R15
ORD002335,CUST00699,2023-09-29,Credit Card,DELIVERED,North Mary,Nevada,British Indian Ocean Territory (Chagos Archipelago),R01
ORD002336,CUST00416,2025-03-03,Debit Card,RETURNED,Andersonland,Texas,Paraguay,R11
ORD002337,CUST00275,2025-09-17,UPI,DELIVERED,Patriciachester,Kansas,Germany,R01
ORD002338,CUST00085,2022-07-24,Credit Card,DELIVERED,Port Kimberlymouth,Nevada,Wallis and Futuna,R11
ORD002339,,2022-04-24,UPI,PLACED,Bobberg,Arkansas,Germany,R14
ORD002340,CUST00052,2024-08-01,UPI,DELIVERED,Masonstad,Texas,Pakistan,R06
ORD002341,,2023-10-15,Cash on Delivery,DELIVERED,Murrayland,Maryland,Comoros,R20
ORD002342,CUST00348,2024-12-01,Debit Card,PLACED,Lake Tamara,Alaska,United States Minor Outlying Islands,R16
ORD002343,CUST00103,2025-12-20,Credit Card,CANCELLED,Lake Kathyton,Connecticut,Aruba,R15
ORD002344,CUST00610,2022-05-03,Debit Card,DELIVERED,Kathychester,Washington,Bhutan,R19
ORD002345,,2025-08-12,UPI,RETURNED,Lake Jayberg,New York,Switzerland,R03
ORD002346,CUST00050,2024-03-08,Net Banking,DELIVERED,New Brittneyton,Louisiana,South Georgia and the South Sandwich Islands,R20
ORD002347,CUST00222,2025-10-23,UPI,DELIVERED,Douglasfurt,Kansas,Moldova,R19
ORD002348,CUST00122,2024-03-23,Debit Card,DELIVERED,South Tammyfort,Virginia,Mauritania,R02
ORD002349,CUST00220,2025-02-14,Cash on Delivery,DELIVERED,Christopherstad,Nebraska,Venezuela,R10
ORD002350,CUST00066,2024-07-14,Debit Card,DELIVERED,West Courtneyshire,Missouri,Grenada,R04
ORD002351,CUST00227,14/07/2024,Cash on Delivery,DELIVERED,Blakeside,Wisconsin,Central African Republic,R06
ORD002352,CUST00559,2023-08-14,Credit Card,RETURNED,Thompsonton,Alabama,Lesotho,R19
ORD002353,CUST00349,2022-08-31,Debit Card,DELIVERED,Mooretown,Washington,Northern Mariana Islands,R02
ORD002354,CUST00061,2024-05-10,Net Banking,DELIVERED,Lake Elizabethport,New Hampshire,Cape Verde,R19
ORD002355,CUST00014,2024-09-09,Net Banking,DELIVERED,South Jason,Nebraska,Finland,R18
ORD002356,CUST00061,2022-01-28,Net Banking,DELIVERED,Blacktown,Ohio,Cyprus,R16
ORD002357,CUST00270,2022-03-19,Credit Card,RETURNED,Munozhaven,Wisconsin,Netherlands Antilles,R17
ORD002358,CUST00274,2024-06-26,Credit Card,DELIVERED,Dakotaview,Minnesota,Finland,R07
ORD002359,CUST00679,2024-08-01,Debit Card,DELIVERED,South Steven,Colorado,Eritrea,R12
ORD002360,CUST00231,2023-08-26,Net Banking,DELIVERED,Bakerton,Nevada,Hong Kong,R13
ORD002361,CUST00161,2024-03-29,UPI,DELIVERED,Coleland,Oklahoma,Guadeloupe,R12
ORD002362,CUST00012,2025-03-31,Credit Card,RETURNED,Barryland,Nevada,Gabon,R11
ORD002363,CUST00262,2023-07-05,Net Banking,DELIVERED,Williamsstad,Montana,Cote d'Ivoire,R04
ORD002364,CUST00471,2023-04-17,Credit Card,DELIVERED,Port Christopher,Arkansas,United States Virgin Islands,R06
ORD002365,CUST00678,2024-08-30,Credit Card,DELIVERED,Clarkberg,Alaska,Saint Helena,R08
ORD002366,CUST00316,2022-02-20,UPI,SHIPPED,West Allison,Minnesota,Japan,R02
ORD002367,CUST00586,2023-05-30,Net Banking,CANCELLED,East Kaylee,Virginia,Lesotho,R02
ORD002368,CUST00365,2024-01-19,Cash on Delivery,DELIVERED,North Erica,Connecticut,Honduras,R14
ORD002369,CUST00523,2024-02-09,UPI,DELIVERED,Rodriguezburgh,Nebraska,Botswana,R04
ORD002370,CUST00091,2023-07-31,Net Banking,DELIVERED,Amyberg,Alabama,Timor-Leste,R05
ORD002371,CUST00632,2022-06-10,Debit Card,RETURNED,West Elizabeth,Florida,Zimbabwe,R11
ORD002372,CUST00468,2023-08-06,Cash on Delivery,DELIVERED,Matthewtown,Texas,Azerbaijan,R18
ORD002373,,2023-06-16,Cash on Delivery,CANCELLED,Brittanyton,North Carolina,Samoa,R03
ORD002374,CUST00176,2025-01-23,Cash on Delivery,DELIVERED,Lake Annaside,Indiana,Montenegro,R10
ORD002375,CUST00172,2025-08-08,Credit Card,RETURNED,Moralesmouth,Kansas,Mali,R08
ORD002376,CUST00430,2024-03-03,Credit Card,DELIVERED,Taylorfurt,Connecticut,India,R05
ORD002377,CUST00469,2022-11-30,Cash on Delivery,DELIVERED,East Laurenport,Kansas,Malta,R09
ORD002378,CUST00474,2026-06-11,Credit Card,PLACED,Port Emily,Alaska,Antarctica (the territory South of 60 deg S),R15
ORD002379,,2024-06-20,Debit Card,CANCELLED,West Jeffreyburgh,South Carolina,Gambia,R08
ORD002380,CUST00564,2024-08-18,Credit Card,DELIVERED,North Travis,Virginia,Fiji,R06
ORD002381,CUST00102,2022-06-15,Cash on Delivery,DELIVERED,Freyshire,Tennessee,Isle of Man,R06
ORD002382,CUST00070,2023-05-03,Cash on Delivery,DELIVERED,Robertfurt,Georgia,Malaysia,R17
ORD002383,CUST00587,2024-08-19,UPI,DELIVERED,Steelestad,Connecticut,Mali,R19
ORD002384,CUST00097,2024-07-29,UPI,DELIVERED,Mooremouth,Georgia,Korea,R07
ORD002385,CUST00549,2025-04-23,Cash on Delivery,DELIVERED,Crystalton,Alabama,Chad,R19
ORD002386,CUST00321,2022-07-17,Net Banking,DELIVERED,North David,Maine,Argentina,R16
ORD002387,CUST00172,2023-08-02,UPI,DELIVERED,Manningmouth,Connecticut,Colombia,R17
ORD002388,CUST00046,2023-07-13,Debit Card,RETURNED,Lake Miguelshire,West Virginia,Aruba,R16
ORD002389,CUST00548,2025-07-07,Cash on Delivery,CANCELLED,Curtishaven,South Dakota,Chad,R03
ORD002390,CUST00561,2026-02-18,Cash on Delivery,RETURNED,West Chadfurt,Nevada,Aruba,R16
ORD002391,CUST00177,2025-01-07,Debit Card,DELIVERED,Port Hectorshire,Florida,Libyan Arab Jamahiriya,R10
ORD002392,CUST00055,2024-03-29,Cash on Delivery,DELIVERED,Kelseyfort,South Dakota,Nicaragua,R16
ORD002393,CUST00167,2022-02-22,Credit Card,DELIVERED,Marshchester,Colorado,Greece,R20
ORD002394,CUST00302,2022-08-07,Credit Card,DELIVERED,Myersmouth,Oklahoma,Sudan,R05
ORD002395,CUST00061,2025-06-15,Debit Card,DELIVERED,Kevinberg,Alabama,Cameroon,R09
ORD002396,CUST00671,2022-09-06,Credit Card,RETURNED,Heatherberg,Kentucky,Mauritania,R17
ORD002397,CUST00113,2024-04-25,Debit Card,DELIVERED,Leeland,Kansas,Trinidad and Tobago,R07
ORD002398,CUST00011,2023-12-18,UPI,DELIVERED,South Chase,Mississippi,Armenia,R07
ORD002399,CUST00052,2022-12-18,Credit Card,DELIVERED,Port Maryville,Ohio,Antigua and Barbuda,R05
ORD002400,CUST00134,2024-12-16,Net Banking,DELIVERED,South Erika,South Dakota,Namibia,R05
ORD002401,CUST00106,2025-06-15,Credit Card,PLACED,West Kristinbury,Texas,Montserrat,R05
ORD002402,,2023-09-27,Debit Card,RETURNED,South Christopherview,New Jersey,Venezuela,R14
ORD002403,CUST00260,2025-04-30,UPI,DELIVERED,Port Walterville,Connecticut,Suriname,R02
ORD002404,CUST00353,2024-06-20,Cash on Delivery,DELIVERED,Lake Leslie,Missouri,Zimbabwe,R15
ORD002405,CUST00468,2024-10-18,Net Banking,RETURNED,West Jessica,Nebraska,Monaco,R04
ORD002406,CUST00626,2024-05-07,Credit Card,DELIVERED,West Bryan,Arizona,Cyprus,R01
ORD002407,CUST00668,2023-02-11,Cash on Delivery,SHIPPED,West Christopherland,North Dakota,Bosnia and Herzegovina,R03
ORD002408,CUST00481,2022-06-22,Cash on Delivery,PLACED,West Alecmouth,Colorado,Qatar,R06
ORD002409,CUST00597,2024-12-29,Cash on Delivery,DELIVERED,East Leslie,Delaware,Kenya,R01
ORD002410,CUST00270,2025-09-19,Cash on Delivery,CANCELLED,West Larryton,North Carolina,Guyana,R03
ORD002411,CUST00635,2023-10-06,Credit Card,DELIVERED,New Julieton,Missouri,Korea,R03
ORD002412,CUST00208,2022-06-05,Net Banking,DELIVERED,Donnahaven,New Jersey,Malta,R17
ORD002413,CUST00058,2022-11-27,Cash on Delivery,RETURNED,North Jamesview,Minnesota,Serbia,R14
ORD002414,CUST00403,2025-11-15,UPI,DELIVERED,Nelsonfort,Florida,Yemen,R13
ORD002415,CUST00157,2025-04-02,Cash on Delivery,CANCELLED,South Mark,New Mexico,Netherlands Antilles,R12
ORD002416,CUST00371,2023-02-22,Cash on Delivery,DELIVERED,South Jessicatown,Iowa,Croatia,R09
ORD002417,CUST00308,2025-08-25,Net Banking,RETURNED,Bakershire,South Carolina,Uruguay,R13
ORD002418,CUST00202,2024-03-26,Cash on Delivery,DELIVERED,Smithbury,Kansas,New Caledonia,R08
ORD002419,CUST00582,2022-06-15,UPI,DELIVERED,South Julie,South Carolina,France,R20
ORD002420,,2022-05-19,Credit Card,DELIVERED,Port Crystal,Maryland,Barbados,R06
ORD002421,CUST00395,2022-01-07,UPI,SHIPPED,Smithburgh,Nevada,Senegal,R05
ORD002422,CUST00262,2025-06-10,Net Banking,DELIVERED,Bellland,Vermont,Oman,R11
ORD002423,CUST00671,2024-05-14,Debit Card,DELIVERED,West Tracyfurt,Kansas,Benin,R05
ORD002424,,2024-11-30,Cash on Delivery,DELIVERED,North Anthonyside,Rhode Island,Iraq,R02
ORD002425,CUST00547,2024-09-27,Cash on Delivery,RETURNED,Kennethville,Hawaii,Gibraltar,R20
ORD002426,CUST00101,2022-12-17,Net Banking,DELIVERED,Johnsonport,Alaska,Bahamas,R08
ORD002427,CUST00319,2023-03-13,UPI,DELIVERED,Robertshaven,Montana,Kyrgyz Republic,R19
ORD002428,CUST00700,2024-07-20,Credit Card,DELIVERED,Nancyfurt,Wyoming,North Macedonia,R11
ORD002429,CUST00246,2024-09-15,Debit Card,RETURNED,Williamhaven,California,Lao People's Democratic Republic,R06
ORD002430,CUST00375,2022-01-19,Debit Card,DELIVERED,South Lindsey,Alaska,Austria,R08
ORD002431,CUST00252,2025-12-02,Credit Card,RETURNED,Yatestown,Wisconsin,Barbados,R02
ORD002432,CUST00247,2023-11-22,Debit Card,CANCELLED,Herringbury,Tennessee,Liberia,R17
ORD002433,CUST00512,2023-05-02,Debit Card,RETURNED,Caitlinborough,Arizona,Kenya,R09
ORD002434,,2024-03-30,Net Banking,RETURNED,North Sarahland,New Hampshire,Botswana,R19
ORD002435,CUST00692,2024-06-10,Debit Card,DELIVERED,Collierton,Louisiana,Nicaragua,R13
ORD002436,CUST00601,2022-02-06,Debit Card,DELIVERED,North Joseph,Maine,Benin,R11
ORD002437,CUST00205,2025-06-12,Credit Card,DELIVERED,Matthewshire,Nevada,Kiribati,R19
ORD002438,CUST00484,12/06/2025,Net Banking,RETURNED,Jeremybury,Texas,Panama,R20
ORD002439,CUST00515,2024-03-17,UPI,DELIVERED,Elizabethchester,Vermont,Uzbekistan,R09
ORD002440,CUST00130,2023-06-16,Debit Card,DELIVERED,Shelbybury,Oregon,Botswana,R01
ORD002441,CUST00549,2024-01-16,UPI,DELIVERED,Port Jasonbury,Mississippi,Ecuador,R20
ORD002442,CUST00314,2025-11-09,Debit Card,DELIVERED,Port Brianshire,Pennsylvania,Cocos (Keeling) Islands,R13
ORD002443,CUST00611,2023-08-21,Debit Card,DELIVERED,Whitneyborough,Washington,Hungary,R13
ORD002444,CUST00310,2025-01-19,Credit Card,DELIVERED,Lake Christinamouth,Kansas,Bosnia and Herzegovina,R08
ORD002445,CUST00014,2023-12-07,Debit Card,DELIVERED,New Misty,Wisconsin,Japan,R12
ORD002446,CUST00603,07/12/2023,Net Banking,DELIVERED,West William,Virginia,Saint Kitts and Nevis,R10
ORD002447,CUST00054,2026-06-25,Cash on Delivery,DELIVERED,East Laura,Oklahoma,Swaziland,R08
ORD002448,CUST00162,2023-06-27,UPI,DELIVERED,Hodgebury,South Carolina,Cape Verde,R11
ORD002449,CUST00317,2025-09-06,UPI,DELIVERED,Hopkinsfurt,Oklahoma,Korea,R14
ORD002450,CUST00226,2024-10-28,Net Banking,DELIVERED,West Jacquelinebury,Louisiana,Morocco,R01
ORD002451,CUST00031,2022-11-08,UPI,DELIVERED,Port Timothyfurt,New Hampshire,Vietnam,R17
ORD002452,CUST00365,2022-02-21,Credit Card,RETURNED,Smithstad,Oklahoma,Norway,R03
ORD002453,,2022-06-07,Net Banking,SHIPPED,Salasmouth,New Jersey,New Caledonia,R18
ORD002454,CUST00288,2022-07-14,Credit Card,DELIVERED,Lake Davidberg,Michigan,Anguilla,R09
ORD002455,CUST00181,2023-09-03,Cash on Delivery,DELIVERED,West Karen,Montana,Gabon,R09
ORD002456,CUST00274,2023-09-15,Net Banking,PLACED,Port Brittany,Vermont,Nepal,R16
ORD002457,CUST00199,2023-11-27,Credit Card,CANCELLED,North Sheilamouth,Mississippi,Libyan Arab Jamahiriya,R01
ORD002458,CUST00542,2022-01-08,Debit Card,CANCELLED,New Jennifer,Kentucky,Panama,R05
ORD002459,CUST00228,2022-07-25,Net Banking,DELIVERED,Dominguezville,Washington,Mauritius,R19
ORD002460,,2023-09-06,Debit Card,DELIVERED,Mckayshire,Georgia,Guyana,R07
ORD002461,,2023-05-16,Debit Card,RETURNED,New Martha,Tennessee,Azerbaijan,R02
ORD002462,CUST00645,2023-05-27,Credit Card,CANCELLED,New Sandrafurt,Arkansas,Albania,R18
ORD002463,CUST00065,2022-03-16,Debit Card,DELIVERED,Port Susanville,Texas,Sierra Leone,R17
ORD002464,CUST00675,16/03/2022,Credit Card,DELIVERED,North Lisachester,California,Israel,R06
ORD002465,CUST00132,2022-04-20,Credit Card,DELIVERED,Leeview,Kentucky,Sierra Leone,R07
ORD002466,CUST00123,2025-03-06,Cash on Delivery,DELIVERED,East Staceybury,Alabama,Australia,R19
ORD002467,CUST00127,2024-11-10,Credit Card,DELIVERED,Lake Kathryn,North Dakota,Timor-Leste,R17
ORD002468,CUST00643,2023-04-16,Net Banking,RETURNED,Collierton,Wisconsin,Pitcairn Islands,R02
ORD002469,CUST00204,2024-12-02,Net Banking,DELIVERED,Woodsborough,Utah,Venezuela,R12
ORD002470,CUST00158,2022-12-05,Net Banking,DELIVERED,North Josephview,North Dakota,British Virgin Islands,R01
ORD002471,CUST00616,2024-02-07,Cash on Delivery,DELIVERED,Frybury,South Dakota,Isle of Man,R16
ORD002472,CUST00253,2025-08-22,Debit Card,RETURNED,Tarachester,California,New Caledonia,R12
ORD002473,CUST00676,2022-08-04,Credit Card,DELIVERED,North Kelsey,North Dakota,Mexico,R05
ORD002474,CUST00656,2022-07-31,Net Banking,DELIVERED,North Robert,Wisconsin,Belgium,R20
ORD002475,CUST00195,2024-03-28,Cash on Delivery,DELIVERED,Shortville,New Mexico,Hungary,R01
ORD002476,CUST00295,2022-04-09,Net Banking,DELIVERED,Port Anthony,Illinois,Isle of Man,R08
ORD002477,CUST00363,2023-02-11,Credit Card,DELIVERED,Lake Courtneybury,Nevada,Madagascar,R03
ORD002478,,2022-10-22,UPI,DELIVERED,Robinshire,California,Isle of Man,R03
ORD002479,CUST00051,2025-08-09,Net Banking,PLACED,Hamiltontown,Kansas,Cameroon,R06
ORD002480,CUST00399,2022-12-17,UPI,DELIVERED,Lake Ashleybury,Texas,Christmas Island,R06
ORD002481,CUST00205,2023-06-18,UPI,PLACED,Port Rachel,Georgia,Turks and Caicos Islands,R04
ORD002482,CUST00160,2025-10-09,Debit Card,DELIVERED,Trujilloville,Idaho,Hong Kong,R18
ORD002483,CUST00228,2025-10-11,Cash on Delivery,DELIVERED,South Brandy,Rhode Island,Tanzania,R06
ORD002484,CUST00092,2024-08-28,Net Banking,DELIVERED,Meganburgh,Idaho,Germany,R14
ORD002485,CUST00269,2022-10-15,Debit Card,DELIVERED,Gillview,Maryland,Poland,R16
ORD002486,CUST00206,2024-03-19,Debit Card,DELIVERED,Kathleenbury,West Virginia,Norfolk Island,R07
ORD002487,CUST00222,2026-02-15,Credit Card,RETURNED,Wangside,Nevada,Madagascar,R17
ORD002488,CUST00018,2022-06-25,Cash on Delivery,DELIVERED,North Kylebury,Iowa,Aruba,R05
ORD002489,CUST00355,2023-10-24,Cash on Delivery,DELIVERED,Andrewhaven,Alaska,Gibraltar,R06
ORD002490,CUST00183,2024-05-22,Debit Card,DELIVERED,Mendozamouth,Massachusetts,Reunion,R13
ORD002491,CUST00188,2023-06-25,Cash on Delivery,RETURNED,Port Daniellefurt,Vermont,Tuvalu,R11
ORD002492,CUST00217,2022-09-17,UPI,RETURNED,Schmidtton,Hawaii,Uzbekistan,R08
ORD002493,CUST00651,2023-07-08,Net Banking,CANCELLED,Lake Edwinview,Missouri,Zimbabwe,R08
ORD002494,CUST00069,2023-01-01,UPI,DELIVERED,Jacksonchester,Idaho,Turks and Caicos Islands,R09
ORD002495,CUST00407,2025-01-30,Net Banking,DELIVERED,Fostertown,Indiana,Cameroon,R08
ORD002496,CUST00007,2022-10-23,Debit Card,DELIVERED,Williamland,Ohio,South Africa,R18
ORD002497,CUST00313,2022-01-11,Cash on Delivery,DELIVERED,New Luis,Texas,Niger,R01
ORD002498,CUST00676,2024-07-04,Net Banking,DELIVERED,Mcdonaldbury,Washington,Korea,R02
ORD002499,CUST00521,2025-11-25,Net Banking,DELIVERED,New Maria,New York,Timor-Leste,R16
ORD002500,CUST00673,2024-06-18,UPI,DELIVERED,Kathrynland,Oregon,Norway,R09
ORD002501,CUST00488,2025-06-21,Debit Card,DELIVERED,West Jennifer,Louisiana,Pitcairn Islands,R03
ORD002502,CUST00179,2022-05-13,UPI,DELIVERED,North Timothyborough,Montana,Uzbekistan,R14
ORD002503,CUST00275,2023-12-10,Cash on Delivery,DELIVERED,East Jenniferchester,Georgia,Guinea,R11
ORD002504,CUST00338,2023-09-03,UPI,DELIVERED,Royville,Connecticut,Central African Republic,R03
ORD002505,CUST00591,2023-07-21,Cash on Delivery,RETURNED,Jessicaburgh,Indiana,Cote d'Ivoire,R19
ORD002506,CUST00329,2022-02-17,Net Banking,DELIVERED,New Bradleyfurt,Kansas,Antigua and Barbuda,R06
ORD002507,CUST00062,2025-02-28,UPI,CANCELLED,New Tamara,South Dakota,El Salvador,R01
ORD002508,CUST00260,2024-09-17,Credit Card,DELIVERED,New Steven,Hawaii,South Georgia and the South Sandwich Islands,R03
ORD002509,CUST00638,2022-06-21,Net Banking,SHIPPED,South Feliciahaven,North Dakota,Cook Islands,R03
ORD002510,CUST00154,2022-05-10,Credit Card,DELIVERED,Lake Scott,Virginia,Japan,R14
ORD002511,CUST00636,2023-07-03,Cash on Delivery,DELIVERED,Amyberg,Idaho,Afghanistan,R15
ORD002512,CUST00416,2024-01-04,Cash on Delivery,DELIVERED,North Caleb,New Hampshire,Tanzania,R03
ORD002513,CUST00169,2022-02-04,Net Banking,DELIVERED,Devinfort,Kentucky,Switzerland,R20
ORD002514,CUST00190,2024-11-12,Net Banking,DELIVERED,South Evelynburgh,New York,New Zealand,R01
ORD002515,CUST00472,2024-12-20,Cash on Delivery,RETURNED,Gillborough,South Dakota,Indonesia,R18
ORD002516,CUST00637,2023-05-22,Cash on Delivery,DELIVERED,East Colleenmouth,Minnesota,Greenland,R08
ORD002517,CUST00653,2022-05-22,Cash on Delivery,RETURNED,North Susanland,Arizona,Malaysia,R10
ORD002518,CUST00208,2022-06-28,UPI,DELIVERED,Haleyview,Virginia,Brunei Darussalam,R13
ORD002519,CUST00337,2022-07-20,UPI,RETURNED,Wileyborough,Vermont,Australia,R19
ORD002520,CUST00653,2022-01-20,Credit Card,DELIVERED,South Alex,New Hampshire,Burkina Faso,R02
ORD002521,CUST00163,2022-07-20,UPI,DELIVERED,West Benjamin,West Virginia,Palau,R01
ORD002522,CUST00358,2024-04-01,Net Banking,DELIVERED,North Janice,Illinois,Paraguay,R10
ORD002523,CUST00577,2023-02-27,Debit Card,DELIVERED,Port Danielle,Illinois,Korea,R02
ORD002524,CUST00002,2023-05-30,Cash on Delivery,DELIVERED,New Danny,Nevada,Seychelles,R10
ORD002525,CUST00317,2024-06-09,Net Banking,DELIVERED,Port Sue,Alaska,Tonga,R10
ORD002526,CUST00587,2024-07-30,Net Banking,RETURNED,Port Robertfurt,Iowa,British Virgin Islands,R03
ORD002527,CUST00430,2023-10-18,Net Banking,RETURNED,Salazarside,New Mexico,Saint Lucia,R14
ORD002528,CUST00035,2024-11-16,Debit Card,PLACED,Albertborough,Alabama,Equatorial Guinea,R14
ORD002529,CUST00251,2023-08-04,Credit Card,DELIVERED,Reneeland,Alaska,Iceland,R02
ORD002530,CUST00603,2022-06-04,Debit Card,DELIVERED,Myersshire,New Jersey,Albania,R20
ORD002531,CUST00191,2022-02-17,Net Banking,SHIPPED,Kellymouth,Oklahoma,Antarctica (the territory South of 60 deg S),R19
ORD002532,CUST00666,2022-06-05,Cash on Delivery,DELIVERED,Jessicaville,New York,Ireland,R08
ORD002533,CUST00329,2023-04-10,Debit Card,DELIVERED,New Sierra,Vermont,Chile,R01
ORD002534,CUST00184,2024-03-12,UPI,DELIVERED,New Davidville,Delaware,Guinea-Bissau,R06
ORD002535,CUST00474,2022-01-10,Credit Card,DELIVERED,Lisachester,South Carolina,Montserrat,R08
ORD002536,CUST00081,2024-12-31,Cash on Delivery,DELIVERED,Garciaborough,Delaware,Greenland,R17
ORD002537,CUST00636,2025-07-23,Cash on Delivery,DELIVERED,Lake Mark,Hawaii,Qatar,R20
ORD002538,CUST00403,2023-01-15,Debit Card,DELIVERED,East Donna,Oklahoma,Vietnam,R14
ORD002539,CUST00254,2022-03-16,Debit Card,DELIVERED,Wesleyside,Illinois,Korea,R10
ORD002540,CUST00227,2024-10-03,Debit Card,DELIVERED,Fieldsbury,Minnesota,Uruguay,R10
ORD002541,CUST00627,2023-02-26,Cash on Delivery,RETURNED,Lake Melissaport,New York,Iraq,R19
ORD002542,CUST00251,2022-09-28,Credit Card,CANCELLED,Julieborough,Rhode Island,Haiti,R09
ORD002543,CUST00283,2022-03-14,Debit Card,DELIVERED,North Darrellmouth,Wyoming,Cayman Islands,R09
ORD002544,CUST00420,2025-06-23,Cash on Delivery,DELIVERED,Luischester,Idaho,Kyrgyz Republic,R18
ORD002545,CUST00176,2023-11-23,UPI,DELIVERED,South Billy,Colorado,Kenya,R17
ORD002546,CUST00431,2023-03-06,Net Banking,DELIVERED,East Andrewstad,Ohio,Uganda,R07
ORD002547,CUST00590,2025-05-23,Cash on Delivery,DELIVERED,Lake Katherinefort,Delaware,Taiwan,R17
ORD002548,CUST00597,2024-04-24,Debit Card,SHIPPED,Jonesport,Florida,Christmas Island,R06
ORD002549,CUST00107,2024-08-04,Cash on Delivery,DELIVERED,West Susan,Michigan,Puerto Rico,R02
ORD002550,CUST00178,2025-04-08,Net Banking,DELIVERED,Donnastad,Rhode Island,Turkmenistan,R16
ORD002551,CUST00335,2022-10-09,Cash on Delivery,DELIVERED,West Jillstad,Oregon,Ireland,R10
ORD002552,CUST00646,2023-11-20,Net Banking,DELIVERED,Seanland,Connecticut,Pitcairn Islands,R16
ORD002553,CUST00600,2022-10-20,Credit Card,PLACED,Mayoside,Iowa,Andorra,R01
ORD002554,CUST00044,2025-01-05,Cash on Delivery,DELIVERED,Katherinemouth,Nebraska,Cambodia,R10
ORD002555,CUST00391,2023-11-18,Credit Card,DELIVERED,Markville,Colorado,Iceland,R08
ORD002556,CUST00581,2022-01-01,UPI,DELIVERED,Tammyshire,New Jersey,United States Minor Outlying Islands,R12
ORD002557,CUST00110,2022-03-02,UPI,DELIVERED,West Donnaburgh,Idaho,Brazil,R15
ORD002558,,2025-04-21,Debit Card,DELIVERED,East Nicholas,North Dakota,Nepal,R20
ORD002559,CUST00402,2025-04-21,Cash on Delivery,DELIVERED,Brownhaven,Illinois,Faroe Islands,R16
ORD002560,CUST00003,2023-12-14,Net Banking,RETURNED,Beckerland,Florida,Paraguay,R03
ORD002561,CUST00588,2024-02-28,UPI,DELIVERED,North Gloria,New York,Fiji,R12
ORD002562,CUST00566,2023-08-30,Debit Card,DELIVERED,Lake Darrylbury,Washington,Taiwan,R13
ORD002563,,2024-06-07,UPI,DELIVERED,Rayberg,New Jersey,Bosnia and Herzegovina,R18
ORD002564,,2024-09-10,Credit Card,DELIVERED,Heatherton,Iowa,Croatia,R06
ORD002565,CUST00196,2024-03-20,Credit Card,RETURNED,Goodmanhaven,Utah,Guinea,R05
ORD002566,CUST00035,2025-10-02,Credit Card,DELIVERED,New Michael,Tennessee,Western Sahara,R10
ORD002567,,2024-05-21,Credit Card,DELIVERED,Huntville,Ohio,Sierra Leone,R01
ORD002568,CUST00309,2025-04-06,Net Banking,DELIVERED,Kimberlyshire,New Jersey,Indonesia,R14
ORD002569,CUST00517,2024-12-18,Net Banking,DELIVERED,North Jennifer,Oregon,Algeria,R18
ORD002570,CUST00029,2024-09-29,Debit Card,DELIVERED,South Johnshire,Maine,Nicaragua,R05
ORD002571,CUST00583,2024-06-23,Net Banking,DELIVERED,Kimberlymouth,New Jersey,Poland,R02
ORD002572,CUST00157,2025-10-31,UPI,DELIVERED,Mollyport,Louisiana,Bouvet Island (Bouvetoya),R16
ORD002573,CUST00449,2025-08-13,UPI,DELIVERED,South Richardburgh,West Virginia,Japan,R07
ORD002574,CUST00039,2022-07-30,Debit Card,SHIPPED,Bowmanmouth,Maine,Palau,R08
ORD002575,CUST00550,2022-12-27,Debit Card,RETURNED,Kaylastad,Oregon,Botswana,R06
ORD002576,CUST00166,2024-12-06,Cash on Delivery,RETURNED,Johnsonview,Kansas,Guam,R14
ORD002577,CUST00401,2024-06-19,Net Banking,DELIVERED,New Zachary,South Dakota,Northern Mariana Islands,R06
ORD002578,CUST00204,2025-01-08,Cash on Delivery,RETURNED,South Lisashire,Nevada,Haiti,R20
ORD002579,CUST00240,2024-02-26,UPI,DELIVERED,Shannonbury,Utah,Luxembourg,R13
ORD002580,CUST00588,26/02/2024,UPI,DELIVERED,Robertside,California,Honduras,R08
ORD002581,CUST00203,2024-01-11,Net Banking,DELIVERED,Wendyborough,Maryland,Philippines,R04
ORD002582,CUST00687,2022-03-02,Net Banking,DELIVERED,Randallborough,Arkansas,Kenya,R01
ORD002583,CUST00449,2024-10-10,Credit Card,DELIVERED,Port Gloriamouth,New Jersey,Iceland,R20
ORD002584,CUST00625,2022-05-26,Debit Card,DELIVERED,West Diane,Tennessee,Niue,R02
ORD002585,CUST00178,2022-01-05,Debit Card,DELIVERED,Romeroborough,Missouri,Myanmar,R03
ORD002586,CUST00178,2022-09-01,Cash on Delivery,DELIVERED,East James,Virginia,Macao,R09
ORD002587,CUST00500,2023-05-15,UPI,DELIVERED,Alexanderborough,Nebraska,Mozambique,R05
ORD002588,CUST00048,2024-07-02,Debit Card,DELIVERED,Davidside,Michigan,Pitcairn Islands,R19
ORD002589,CUST00017,2025-04-04,Credit Card,RETURNED,Lake Jacobland,Wisconsin,Burundi,R05
ORD002590,CUST00300,2025-12-15,Debit Card,SHIPPED,Edwardsburgh,New Jersey,Dominica,R14
ORD002591,CUST00266,2023-05-03,Cash on Delivery,DELIVERED,Lisaport,South Carolina,Korea,R04
ORD002592,CUST00488,2022-08-31,Net Banking,DELIVERED,Brooketon,Illinois,Burundi,R09
ORD002593,CUST00424,2022-07-18,Cash on Delivery,RETURNED,West Timothy,California,French Guiana,R06
ORD002594,CUST00271,2023-10-21,Debit Card,DELIVERED,Oliviashire,Kansas,Russian Federation,R08
ORD002595,CUST00550,2023-07-09,Net Banking,DELIVERED,Michealmouth,Arizona,United States Minor Outlying Islands,R16
ORD002596,CUST00645,2022-08-20,Cash on Delivery,CANCELLED,North Robertfort,Kentucky,Barbados,R03
ORD002597,,2022-10-30,Cash on Delivery,PLACED,Mccannview,Mississippi,Mongolia,R19
ORD002598,CUST00352,2023-03-02,Cash on Delivery,DELIVERED,Lloydville,Wyoming,Cayman Islands,R09
ORD002599,CUST00520,2022-06-17,Credit Card,RETURNED,Lake Carla,South Dakota,Cameroon,R16
ORD002600,CUST00256,2024-01-12,Net Banking,DELIVERED,Port Roberttown,New Hampshire,Saint Pierre and Miquelon,R03
ORD002601,CUST00191,2023-09-22,UPI,SHIPPED,East Garyberg,Ohio,Pakistan,R02
ORD002602,CUST00123,2023-01-03,Cash on Delivery,PLACED,West Paulport,Nebraska,Moldova,R12
ORD002603,CUST00567,2024-12-15,Cash on Delivery,PLACED,Johntown,Kentucky,Heard Island and McDonald Islands,R03
ORD002604,CUST00466,2023-07-29,Net Banking,DELIVERED,Lisamouth,Pennsylvania,Grenada,R02
ORD002605,CUST00645,2022-03-21,Cash on Delivery,DELIVERED,South Jason,Michigan,Japan,R04
ORD002606,CUST00602,2026-04-10,Credit Card,DELIVERED,South Tyroneside,Rhode Island,Spain,R04
ORD002607,CUST00506,2024-11-10,Credit Card,DELIVERED,Sandraborough,Iowa,Oman,R16
ORD002608,CUST00398,2022-08-01,Credit Card,DELIVERED,Ortizborough,Oregon,Saint Kitts and Nevis,R15
ORD002609,CUST00187,2024-07-22,Debit Card,CANCELLED,West Erikachester,Arizona,Antarctica (the territory South of 60 deg S),R05
ORD002610,CUST00148,2024-03-18,Credit Card,DELIVERED,Lake Judy,Kansas,Iran,R11
ORD002611,CUST00267,2024-05-28,Net Banking,CANCELLED,Leberg,Nevada,Tuvalu,R07
ORD002612,,2025-12-14,UPI,DELIVERED,East Staceyburgh,Georgia,Bahamas,R07
ORD002613,CUST00208,14/12/2025,Net Banking,CANCELLED,Brooksmouth,Utah,Angola,R01
ORD002614,CUST00313,2023-09-15,Cash on Delivery,DELIVERED,South Kerriton,Nevada,Norway,R20
ORD002615,CUST00595,2025-12-28,UPI,DELIVERED,Johnsonland,Michigan,Philippines,R01
ORD002616,CUST00171,2022-06-17,Debit Card,DELIVERED,North Brian,Pennsylvania,Thailand,R13
ORD002617,CUST00520,2022-11-21,UPI,DELIVERED,Kyleton,New Jersey,Jordan,R11
ORD002618,CUST00195,2024-07-19,Net Banking,DELIVERED,Shannonville,Missouri,Cocos (Keeling) Islands,R20
ORD002619,,2025-02-05,Credit Card,DELIVERED,New Deborahbury,Wisconsin,Poland,R20
ORD002620,CUST00325,2025-06-24,Debit Card,DELIVERED,New Jessica,California,Saint Vincent and the Grenadines,R16
ORD002621,CUST00486,2024-07-15,Credit Card,DELIVERED,New Samantha,Tennessee,New Zealand,R12
ORD002622,CUST00581,2022-08-16,Net Banking,SHIPPED,North Melissabury,Alaska,Lesotho,R13
ORD002623,CUST00358,2022-05-13,Credit Card,CANCELLED,East Samantha,Arizona,Tonga,R05
ORD002624,CUST00029,2022-03-28,Cash on Delivery,DELIVERED,East William,Tennessee,Kyrgyz Republic,R06
ORD002625,CUST00155,2023-11-22,UPI,SHIPPED,Hunterton,Massachusetts,France,R14
ORD002626,,2024-08-21,Cash on Delivery,DELIVERED,Travisside,Ohio,Tuvalu,R19
ORD002627,CUST00412,2023-11-23,Credit Card,DELIVERED,New Sarah,Arkansas,Iran,R05
ORD002628,CUST00662,2022-10-28,Cash on Delivery,DELIVERED,East Heather,North Dakota,Switzerland,R06
ORD002629,CUST00044,2024-12-13,UPI,DELIVERED,North Tinaburgh,Nebraska,Morocco,R09
ORD002630,CUST00639,2024-05-09,Cash on Delivery,DELIVERED,West Jonathanchester,Mississippi,Macao,R07
ORD002631,CUST00210,2024-06-19,Credit Card,DELIVERED,Derrickview,New York,Ireland,R02
ORD002632,CUST00045,2022-01-21,Cash on Delivery,CANCELLED,Cardenastown,Tennessee,Japan,R08
ORD002633,CUST00161,2025-10-08,UPI,DELIVERED,Scottview,Michigan,Christmas Island,R05
ORD002634,CUST00097,2023-07-17,Credit Card,DELIVERED,Robinsonside,New Jersey,Puerto Rico,R12
ORD002635,CUST00304,2023-01-25,UPI,DELIVERED,Simpsonside,Kentucky,American Samoa,R18
ORD002636,CUST00158,2023-11-17,Cash on Delivery,DELIVERED,Port Heidiview,Nebraska,Ghana,R16
ORD002637,CUST00412,2024-01-14,UPI,DELIVERED,Elliston,Nevada,Benin,R19
ORD002638,CUST00113,2022-08-10,Debit Card,DELIVERED,Ashleyberg,Ohio,Gambia,R02
ORD002639,CUST00399,2022-08-29,Debit Card,DELIVERED,Boydberg,North Carolina,South Africa,R01
ORD002640,CUST00044,2022-08-16,Credit Card,DELIVERED,Mcdanielland,Virginia,Norway,R17
ORD002641,CUST00510,2025-03-20,Cash on Delivery,DELIVERED,Scottmouth,Alaska,Afghanistan,R11
ORD002642,CUST00534,2023-06-15,Net Banking,DELIVERED,Port Travis,Tennessee,Maldives,R10
ORD002643,CUST00409,2023-10-22,UPI,DELIVERED,West Paulfurt,Ohio,Malaysia,R05
ORD002644,CUST00223,2022-01-17,Credit Card,DELIVERED,North Hannah,Tennessee,Iran,R05
ORD002645,CUST00447,2023-08-11,Credit Card,SHIPPED,Yvonneshire,Mississippi,North Macedonia,R06
ORD002646,CUST00018,2022-04-10,UPI,PLACED,South Brandi,Illinois,Ukraine,R06
ORD002647,,2022-07-11,Credit Card,DELIVERED,Port Kathleen,Kentucky,Burkina Faso,R04
ORD002648,CUST00289,2024-05-14,Cash on Delivery,RETURNED,Johnstad,Utah,Poland,R19
ORD002649,CUST00115,2023-02-24,Cash on Delivery,DELIVERED,Port Raymondtown,Colorado,Morocco,R14
ORD002650,CUST00603,2024-07-27,Cash on Delivery,DELIVERED,New Angelaview,Oklahoma,Angola,R17
ORD002651,CUST00099,2024-03-22,Cash on Delivery,DELIVERED,Smithville,New Mexico,Afghanistan,R04
ORD002652,CUST00563,2024-12-11,Credit Card,CANCELLED,Tuckerville,Mississippi,Chile,R14
ORD002653,CUST00420,2022-03-03,Credit Card,DELIVERED,Mcdonaldville,Washington,Yemen,R02
ORD002654,CUST00006,2022-03-27,Credit Card,DELIVERED,Wilcoxton,Maine,Czech Republic,R18
ORD002655,CUST00345,2022-12-16,Net Banking,DELIVERED,Proctorshire,Mississippi,Saint Martin,R04
ORD002656,,2023-11-19,UPI,DELIVERED,Chavezberg,Tennessee,United States Minor Outlying Islands,R06
ORD002657,CUST00277,2023-04-02,Cash on Delivery,RETURNED,Millerton,Massachusetts,Bangladesh,R18
ORD002658,CUST00002,2022-05-23,Cash on Delivery,DELIVERED,Port Ashleytown,Arkansas,Philippines,R14
ORD002659,CUST00631,2023-12-30,Cash on Delivery,DELIVERED,Port Danielside,West Virginia,Guyana,R02
ORD002660,CUST00062,2022-02-13,Cash on Delivery,DELIVERED,North Nathan,Georgia,Guernsey,R06
ORD002661,CUST00469,2024-10-30,Credit Card,CANCELLED,Annetteburgh,Utah,Serbia,R06
ORD002662,,30/10/2024,Cash on Delivery,DELIVERED,Lake Felicia,Idaho,Antigua and Barbuda,R13
ORD002663,CUST00690,2022-05-08,Credit Card,DELIVERED,Lake Georgefort,Mississippi,United Kingdom,R16
ORD002664,CUST00418,2024-08-27,UPI,DELIVERED,Adamsmouth,Utah,Puerto Rico,R04
ORD002665,CUST00647,2024-10-12,Net Banking,DELIVERED,Daniellechester,Massachusetts,Nepal,R15
ORD002666,CUST00108,2025-09-08,Cash on Delivery,DELIVERED,Goodmanview,Wisconsin,Chad,R04
ORD002667,CUST00001,08/09/2025,Cash on Delivery,DELIVERED,Edwardview,Texas,Pakistan,R07
ORD002668,CUST00232,2022-09-15,Credit Card,SHIPPED,West Christopherport,Delaware,Guernsey,R18
ORD002669,CUST00521,2025-04-24,Credit Card,DELIVERED,South Kelly,Utah,Thailand,R06
ORD002670,CUST00473,2023-07-24,UPI,DELIVERED,East Johnbury,New Hampshire,Somalia,R11
ORD002671,CUST00021,2023-10-21,Net Banking,DELIVERED,Figueroamouth,Missouri,Martinique,R04
ORD002672,,2022-06-28,Debit Card,CANCELLED,Wangtown,North Dakota,Ghana,R06
ORD002673,CUST00007,2023-06-18,Cash on Delivery,DELIVERED,Wangmouth,Maryland,Netherlands Antilles,R09
ORD002674,CUST00254,2024-10-18,Cash on Delivery,DELIVERED,Port Michaelport,South Carolina,Saint Kitts and Nevis,R20
ORD002675,CUST00456,2023-08-31,UPI,DELIVERED,West Joshuaton,North Carolina,Azerbaijan,R17
ORD002676,CUST00114,2022-11-25,Cash on Delivery,DELIVERED,Wesleyburgh,Maine,Saint Pierre and Miquelon,R18
ORD002677,CUST00659,2022-03-12,Debit Card,DELIVERED,Seanview,Michigan,Anguilla,R16
ORD002678,CUST00183,2024-05-27,UPI,RETURNED,Clarkview,Mississippi,Serbia,R05
ORD002679,CUST00401,2023-01-14,Net Banking,DELIVERED,Dustinmouth,West Virginia,Nauru,R06
ORD002680,CUST00627,2022-06-19,Cash on Delivery,CANCELLED,North Christopherton,Vermont,Maldives,R05
ORD002681,CUST00332,2023-08-01,Debit Card,DELIVERED,New Johnchester,North Carolina,New Zealand,R19
ORD002682,CUST00580,2024-05-10,Credit Card,DELIVERED,Candaceburgh,California,Ecuador,R08
ORD002683,CUST00617,2023-07-09,Net Banking,DELIVERED,Wilsonborough,Arkansas,Svalbard & Jan Mayen Islands,R01
ORD002684,CUST00456,2024-10-20,Credit Card,DELIVERED,Cummingsborough,Tennessee,Falkland Islands (Malvinas),R20
ORD002685,CUST00024,2024-12-12,Net Banking,DELIVERED,Port Billberg,Georgia,Palestinian Territory,R20
ORD002686,CUST00422,2025-08-26,Debit Card,SHIPPED,Bakerstad,South Carolina,Yemen,R15
ORD002687,CUST00588,2024-02-09,Net Banking,PLACED,North Matthew,Michigan,French Polynesia,R01
ORD002688,CUST00567,2024-04-29,Net Banking,DELIVERED,Port Autumn,New Mexico,Uruguay,R16
ORD002689,CUST00262,2025-05-14,Cash on Delivery,CANCELLED,Lake Chelsealand,Wisconsin,Spain,R10
ORD002690,CUST00416,2023-03-14,Cash on Delivery,DELIVERED,Bonillaview,Rhode Island,Saint Lucia,R20
ORD002691,CUST00517,2024-04-18,UPI,DELIVERED,Seanfurt,Alabama,French Polynesia,R08
ORD002692,CUST00296,2022-09-29,Cash on Delivery,RETURNED,South Susan,New Mexico,Saint Helena,R11
ORD002693,CUST00212,2024-04-30,Cash on Delivery,DELIVERED,Evelynburgh,Colorado,Estonia,R18
ORD002694,CUST00110,30/04/2024,Cash on Delivery,DELIVERED,Millerburgh,New York,Guadeloupe,R09
ORD002695,CUST00297,2024-04-11,Cash on Delivery,DELIVERED,Port Josephberg,South Carolina,Syrian Arab Republic,R17
ORD002696,CUST00404,2025-10-25,Debit Card,RETURNED,South Sean,Nevada,Niger,R04
ORD002697,CUST00033,2025-11-29,Credit Card,RETURNED,Lawrenceside,North Dakota,Kyrgyz Republic,R02
ORD002698,CUST00407,2024-01-02,Cash on Delivery,DELIVERED,Kellymouth,North Carolina,Eritrea,R02
ORD002699,CUST00019,2025-10-04,Credit Card,DELIVERED,Blakeland,Kansas,Fiji,R09
ORD002700,CUST00368,2022-01-07,Credit Card,PLACED,New Saraberg,Washington,Vietnam,R18
ORD002701,CUST00587,2024-06-21,UPI,DELIVERED,South Wanda,Alabama,Portugal,R10
ORD002702,CUST00683,2023-05-25,Cash on Delivery,DELIVERED,Whitemouth,Michigan,Panama,R20
ORD002703,CUST00486,2022-04-10,UPI,DELIVERED,West Nicholas,Kansas,Maldives,R14
ORD002704,CUST00243,2024-07-25,Net Banking,DELIVERED,North Ericview,North Dakota,France,R01
ORD002705,CUST00049,2025-05-08,UPI,DELIVERED,Timothybury,Nevada,Saint Helena,R13
ORD002706,,2025-05-09,Cash on Delivery,RETURNED,Richardland,Mississippi,Ireland,R20
ORD002707,CUST00365,2024-05-11,UPI,RETURNED,Taylorberg,Vermont,Uruguay,R12
ORD002708,CUST00397,2023-01-08,Cash on Delivery,DELIVERED,Port Stevenchester,Michigan,Nicaragua,R19
ORD002709,CUST00197,2023-01-27,Cash on Delivery,DELIVERED,Port Lesliebury,Connecticut,Honduras,R10
ORD002710,CUST00443,2022-02-24,UPI,DELIVERED,Lake David,South Dakota,Uzbekistan,R16
ORD002711,CUST00020,2023-04-11,Cash on Delivery,DELIVERED,East Brian,New Hampshire,Peru,R14
ORD002712,CUST00659,2022-10-01,UPI,DELIVERED,Joneschester,South Dakota,Pakistan,R07
ORD002713,,2022-09-09,UPI,PLACED,Kennethstad,Nebraska,Comoros,R09
ORD002714,CUST00303,2025-08-31,Debit Card,DELIVERED,Port Lindsayberg,South Dakota,Belarus,R20
ORD002715,CUST00045,2022-11-22,Debit Card,DELIVERED,South Amyburgh,Oklahoma,United Kingdom,R14
ORD002716,CUST00573,2024-01-29,Net Banking,CANCELLED,South Robertmouth,Vermont,Turkmenistan,R12
ORD002717,CUST00169,2023-04-10,UPI,DELIVERED,Cindyhaven,Michigan,Malaysia,R05
ORD002718,CUST00120,2023-09-16,Debit Card,DELIVERED,Hallchester,Massachusetts,Russian Federation,R14
ORD002719,CUST00490,2025-07-18,Net Banking,DELIVERED,Christophertown,Hawaii,Niue,R06
ORD002720,CUST00186,2025-08-20,UPI,DELIVERED,West Donald,Hawaii,United States Virgin Islands,R07
ORD002721,CUST00651,2024-10-26,Debit Card,DELIVERED,Reynoldston,Massachusetts,Syrian Arab Republic,R01
ORD002722,CUST00265,2024-08-10,Net Banking,RETURNED,Peterhaven,Wisconsin,Georgia,R10
ORD002723,CUST00555,2022-09-30,Debit Card,DELIVERED,Lake Mary,Maine,Kiribati,R08
ORD002724,CUST00616,2025-10-04,Credit Card,SHIPPED,West Ericbury,Colorado,Paraguay,R08
ORD002725,CUST00548,2022-12-09,UPI,DELIVERED,Port Christina,Oklahoma,Tonga,R03
ORD002726,CUST00141,2025-11-06,Debit Card,DELIVERED,Davisburgh,Indiana,Samoa,R06
ORD002727,CUST00611,2022-09-05,Credit Card,DELIVERED,East Michellefurt,North Dakota,Jordan,R06
ORD002728,CUST00094,2023-04-01,UPI,RETURNED,Port Scott,West Virginia,Liberia,R16
ORD002729,CUST00243,2024-04-26,Credit Card,DELIVERED,Taylorside,Vermont,Panama,R15
ORD002730,CUST00507,2025-04-23,Debit Card,DELIVERED,Jacobberg,North Dakota,Kyrgyz Republic,R18
ORD002731,CUST00253,2025-02-21,Cash on Delivery,DELIVERED,Jarvisbury,Georgia,Albania,R11
ORD002732,CUST00568,2024-02-25,Credit Card,DELIVERED,Colebury,Louisiana,Kazakhstan,R10
ORD002733,CUST00175,2022-05-05,Debit Card,DELIVERED,South Hunterside,Iowa,Swaziland,R11
ORD002734,CUST00104,2022-12-11,Cash on Delivery,DELIVERED,Danastad,Wisconsin,Saudi Arabia,R12
ORD002735,CUST00630,2024-09-15,UPI,SHIPPED,Timothymouth,Nevada,China,R02
ORD002736,CUST00542,2022-10-27,UPI,DELIVERED,Port Linda,New Hampshire,Luxembourg,R20
ORD002737,CUST00095,2024-09-27,Net Banking,DELIVERED,North Jonathanborough,Michigan,Marshall Islands,R16
ORD002738,CUST00236,2023-07-08,Credit Card,DELIVERED,Robinsonberg,Wyoming,Kyrgyz Republic,R05
ORD002739,CUST00305,2022-12-09,Cash on Delivery,DELIVERED,East Andrea,New Hampshire,Uzbekistan,R10
ORD002740,CUST00115,2025-11-17,Net Banking,DELIVERED,West Jennaview,Arizona,Serbia,R19
ORD002741,CUST00308,2025-02-03,Cash on Delivery,DELIVERED,West Matthew,Maine,United States of America,R09
ORD002742,CUST00297,2023-09-30,Cash on Delivery,DELIVERED,New Laura,New Jersey,Pakistan,R11
ORD002743,CUST00237,2022-03-02,Cash on Delivery,PLACED,Damonchester,New Mexico,Moldova,R07
ORD002744,CUST00128,2024-04-14,Net Banking,SHIPPED,West Kristinachester,South Dakota,Slovenia,R03
ORD002745,CUST00206,2025-09-04,Cash on Delivery,RETURNED,Ricardomouth,Iowa,Marshall Islands,R06
ORD002746,CUST00438,2023-08-31,Cash on Delivery,DELIVERED,Normantown,Maryland,Fiji,R18
ORD002747,CUST00180,2024-03-10,Cash on Delivery,SHIPPED,Juliechester,New York,San Marino,R06
ORD002748,CUST00492,2022-12-21,Credit Card,PLACED,East Jennifer,South Carolina,Thailand,R18
ORD002749,CUST00446,2022-04-20,UPI,DELIVERED,West Amy,Michigan,Guinea,R04
ORD002750,CUST00456,2024-04-10,Net Banking,DELIVERED,Hardinmouth,Alaska,Algeria,R07
ORD002751,CUST00336,2024-10-21,Net Banking,CANCELLED,Vancebury,Utah,Nicaragua,R17
ORD002752,CUST00052,2023-02-11,Cash on Delivery,CANCELLED,Brandishire,Utah,Tajikistan,R12
ORD002753,CUST00436,2023-03-10,Credit Card,DELIVERED,South Joshua,New York,Isle of Man,R13
ORD002754,CUST00509,2022-02-07,Net Banking,DELIVERED,Jamieland,Florida,Western Sahara,R13
ORD002755,CUST00167,2025-01-21,Net Banking,DELIVERED,East Michelebury,Oregon,Malawi,R03
ORD002756,CUST00318,2022-02-14,Net Banking,DELIVERED,East Jenniferhaven,New York,Bermuda,R20
ORD002757,CUST00590,2025-09-09,Net Banking,DELIVERED,Thomasbury,Kansas,Guinea-Bissau,R14
ORD002758,CUST00269,09/09/2025,Cash on Delivery,DELIVERED,Dunnton,Massachusetts,Uganda,R19
ORD002759,CUST00030,2025-10-10,UPI,PLACED,North Ambertown,Delaware,Haiti,R20
ORD002760,CUST00568,2025-06-25,Credit Card,DELIVERED,East Stephen,Illinois,Greece,R18
ORD002761,CUST00240,2023-09-20,Debit Card,DELIVERED,Smithmouth,New York,Chad,R03
ORD002762,CUST00554,2024-03-05,Cash on Delivery,DELIVERED,Jonesmouth,Missouri,Haiti,R10
ORD002763,CUST00175,2024-08-02,Net Banking,DELIVERED,Kellerstad,New Jersey,Qatar,R17
ORD002764,CUST00530,2025-11-24,Cash on Delivery,DELIVERED,Michaelfort,Michigan,Montenegro,R19
ORD002765,CUST00380,2023-06-18,Cash on Delivery,RETURNED,Theresatown,Michigan,Gibraltar,R12
ORD002766,CUST00503,2025-10-24,Cash on Delivery,DELIVERED,Lake Crystal,Florida,Mongolia,R17
ORD002767,,2025-01-08,UPI,CANCELLED,South Dannyhaven,Mississippi,Turkey,R02
ORD002768,CUST00184,2025-10-14,Net Banking,DELIVERED,Priscillaside,Iowa,Nigeria,R15
ORD002769,CUST00552,2023-06-20,UPI,CANCELLED,Lake Lawrence,West Virginia,Timor-Leste,R10
ORD002770,CUST00542,2024-10-26,Cash on Delivery,RETURNED,Douglaston,New Jersey,Uganda,R15
ORD002771,CUST00084,2024-11-04,Debit Card,DELIVERED,Port Katherine,Montana,Pakistan,R17
ORD002772,CUST00307,2023-05-02,Debit Card,RETURNED,Port Carlosburgh,Colorado,French Southern Territories,R04
ORD002773,CUST00273,2025-07-16,Credit Card,DELIVERED,Travisport,Massachusetts,Canada,R06
ORD002774,CUST00536,2026-02-05,UPI,DELIVERED,Port Jamesberg,New Mexico,Norfolk Island,R07
ORD002775,CUST00654,2023-08-23,Cash on Delivery,DELIVERED,Steventown,North Carolina,Saint Martin,R14
ORD002776,CUST00550,2025-04-18,UPI,DELIVERED,West Stephanie,Illinois,Swaziland,R20
ORD002777,CUST00504,2025-02-06,UPI,DELIVERED,Feliciabury,Idaho,Saint Kitts and Nevis,R11
ORD002778,CUST00591,2025-12-26,UPI,DELIVERED,Port Garyport,Maine,Algeria,R20
ORD002779,CUST00673,2025-02-18,Cash on Delivery,DELIVERED,New James,Wyoming,Jordan,R06
ORD002780,CUST00108,2022-12-29,Cash on Delivery,PLACED,Dawntown,Oregon,El Salvador,R11
ORD002781,CUST00152,2022-05-21,Net Banking,RETURNED,Port Jennifer,Oklahoma,United Arab Emirates,R19
ORD002782,CUST00213,2022-03-02,Debit Card,SHIPPED,Jenniferburgh,Minnesota,Lesotho,R11
ORD002783,CUST00517,2024-06-07,UPI,DELIVERED,Brandyton,Virginia,Anguilla,R15
ORD002784,CUST00013,2023-03-15,Debit Card,DELIVERED,Franklinview,Colorado,Burkina Faso,R13
ORD002785,CUST00021,2025-05-28,UPI,DELIVERED,East Mark,Nebraska,Algeria,R08
ORD002786,CUST00599,2022-05-15,Credit Card,RETURNED,Port Danielport,West Virginia,Saint Lucia,R18
ORD002787,CUST00129,2022-12-29,Net Banking,DELIVERED,Lauriestad,New Mexico,Bangladesh,R11
ORD002788,CUST00358,2022-11-10,Net Banking,PLACED,New Katie,South Carolina,Jersey,R02
ORD002789,CUST00544,2024-12-10,Cash on Delivery,DELIVERED,South Ronald,Nebraska,Benin,R17
ORD002790,CUST00126,2022-10-16,Debit Card,SHIPPED,Allenberg,Delaware,Seychelles,R05
ORD002791,,2022-06-30,Net Banking,DELIVERED,North Kerri,South Carolina,Benin,R03
ORD002792,CUST00352,2025-10-03,Cash on Delivery,DELIVERED,New Christopher,Iowa,Armenia,R13
ORD002793,CUST00412,2022-05-24,Net Banking,SHIPPED,Brittanyport,Oklahoma,Antigua and Barbuda,R12
ORD002794,CUST00522,2022-09-10,Net Banking,DELIVERED,New Amyhaven,Virginia,Bangladesh,R07
ORD002795,CUST00362,2024-06-17,Cash on Delivery,SHIPPED,Byrdport,Mississippi,Cayman Islands,R01
ORD002796,CUST00642,2022-10-20,Debit Card,RETURNED,Port Ashleyshire,Pennsylvania,Argentina,R14
ORD002797,CUST00093,2024-03-08,Debit Card,DELIVERED,North Emily,Illinois,Gibraltar,R08
ORD002798,CUST00089,2023-09-02,Net Banking,CANCELLED,North Scott,Georgia,Djibouti,R08
ORD002799,CUST00599,2025-03-27,Credit Card,DELIVERED,Ibarrafurt,New York,Austria,R04
ORD002800,CUST00104,2023-04-12,Credit Card,DELIVERED,South Christopherborough,Vermont,Mexico,R20
ORD002801,CUST00044,2025-11-02,Cash on Delivery,RETURNED,New Dariushaven,Wisconsin,Lesotho,R16
ORD002802,CUST00498,2023-03-28,UPI,CANCELLED,West Lisatown,Delaware,Dominican Republic,R18
ORD002803,CUST00609,2025-01-26,Net Banking,DELIVERED,Port Erik,Wisconsin,Tuvalu,R11
ORD002804,,2023-01-22,Cash on Delivery,SHIPPED,Stephanieview,Pennsylvania,Heard Island and McDonald Islands,R09
ORD002805,CUST00263,2023-10-30,Net Banking,SHIPPED,South Chasehaven,New Mexico,Sierra Leone,R04
ORD002806,CUST00639,30/10/2023,Debit Card,DELIVERED,Cooperfort,New Jersey,Guatemala,R07
ORD002807,,2025-03-12,Debit Card,DELIVERED,West Jasmine,Tennessee,Kuwait,R09
ORD002808,CUST00044,2026-01-19,Credit Card,DELIVERED,East Charles,Missouri,Saudi Arabia,R18
ORD002809,CUST00002,2025-03-05,Credit Card,PLACED,North Preston,Illinois,Panama,R05
ORD002810,CUST00499,2024-02-12,Net Banking,DELIVERED,North Deniseton,Massachusetts,Sierra Leone,R17
ORD002811,CUST00105,2025-10-12,Debit Card,DELIVERED,Braytown,Illinois,Senegal,R15
ORD002812,,2025-08-24,Cash on Delivery,DELIVERED,Heathborough,Arkansas,Jamaica,R11
ORD002813,,2023-09-12,Cash on Delivery,DELIVERED,Johnsonstad,Rhode Island,New Caledonia,R02
ORD002814,CUST00429,2023-03-13,Debit Card,DELIVERED,Sloanfurt,Montana,Poland,R20
ORD002815,CUST00642,2024-07-28,UPI,DELIVERED,Port Jennifer,Wyoming,Egypt,R06
ORD002816,CUST00518,2022-12-05,Debit Card,RETURNED,Brownfort,Connecticut,Samoa,R17
ORD002817,CUST00466,2024-11-24,Debit Card,DELIVERED,Alexandratown,Alaska,Mozambique,R12
ORD002818,CUST00115,2024-02-09,Credit Card,CANCELLED,West Dianaside,Nebraska,Congo,R11
ORD002819,CUST00551,2023-01-23,Net Banking,DELIVERED,East Kenneth,Alaska,South Georgia and the South Sandwich Islands,R16
ORD002820,CUST00127,2025-03-15,Credit Card,PLACED,Morganside,Wyoming,Liechtenstein,R14
ORD002821,CUST00567,2023-04-01,UPI,DELIVERED,Nicoleside,Vermont,Malta,R13
ORD002822,,2024-05-07,UPI,DELIVERED,New Nancy,Hawaii,Ecuador,R07
ORD002823,CUST00605,2023-12-29,Cash on Delivery,RETURNED,Caroltown,Oregon,Lithuania,R17
ORD002824,CUST00506,2022-10-17,Net Banking,DELIVERED,New Melissa,Massachusetts,United States Minor Outlying Islands,R12
ORD002825,CUST00525,2024-04-21,Credit Card,DELIVERED,Lake Nathaniel,Michigan,Samoa,R10
ORD002826,CUST00487,2023-03-03,Debit Card,SHIPPED,Leslieville,Indiana,Niger,R01
ORD002827,,2025-04-10,UPI,RETURNED,New Stephanietown,Indiana,Uruguay,R12
ORD002828,CUST00198,2023-04-28,Net Banking,RETURNED,Port Karen,Nevada,Lithuania,R06
ORD002829,CUST00559,2024-04-22,Credit Card,DELIVERED,New Jennifer,Illinois,Indonesia,R06
ORD002830,CUST00041,2025-09-25,UPI,DELIVERED,East Stephanie,Ohio,Andorra,R06
ORD002831,CUST00239,2022-02-20,Cash on Delivery,PLACED,Heatherchester,Kentucky,Kazakhstan,R12
ORD002832,CUST00462,2023-07-20,UPI,DELIVERED,Robertview,North Dakota,Jersey,R09
ORD002833,CUST00068,2025-02-20,Net Banking,DELIVERED,Acevedoview,Connecticut,India,R09
ORD002834,CUST00103,2022-12-25,Credit Card,DELIVERED,Wangberg,Arizona,Iran,R08
ORD002835,CUST00565,2022-12-21,UPI,DELIVERED,South Masonburgh,Oregon,Kenya,R20
ORD002836,CUST00317,2024-01-17,Credit Card,DELIVERED,Johnsonview,Minnesota,Malaysia,R09
ORD002837,CUST00558,2023-04-15,UPI,DELIVERED,New Daleview,Kentucky,South Georgia and the South Sandwich Islands,R18
ORD002838,CUST00487,2022-05-04,Net Banking,RETURNED,Scottside,Delaware,Romania,R19
ORD002839,CUST00417,2023-04-30,Credit Card,DELIVERED,Lake Nicholas,California,Barbados,R16
ORD002840,CUST00306,2023-10-06,Credit Card,DELIVERED,Wilsonport,Missouri,United States Virgin Islands,R09
ORD002841,CUST00662,2022-02-18,Credit Card,DELIVERED,South Charles,North Dakota,New Caledonia,R04
ORD002842,CUST00547,2022-09-16,UPI,PLACED,Goodmantown,Michigan,Guam,R10
ORD002843,CUST00392,2023-06-12,UPI,DELIVERED,Nicholasstad,Kentucky,China,R07
ORD002844,CUST00052,2025-02-25,Credit Card,DELIVERED,Masonbury,Missouri,Madagascar,R15
ORD002845,CUST00669,2025-03-15,Credit Card,DELIVERED,Sarabury,New York,Korea,R02
ORD002846,CUST00609,2022-05-20,Credit Card,DELIVERED,Lindsayborough,Maine,Turkey,R14
ORD002847,CUST00139,2025-05-26,Debit Card,DELIVERED,Crystalmouth,Louisiana,Guadeloupe,R18
ORD002848,CUST00598,2025-08-09,Debit Card,DELIVERED,Emilychester,Alaska,Algeria,R20
ORD002849,CUST00321,2022-12-25,UPI,DELIVERED,Port Christopherchester,Tennessee,Burundi,R05
ORD002850,CUST00342,2022-08-25,Cash on Delivery,RETURNED,Rowebury,North Dakota,Honduras,R01
ORD002851,CUST00473,2025-05-27,Net Banking,SHIPPED,Meadowsberg,Vermont,Bolivia,R02
ORD002852,CUST00671,2024-10-09,Credit Card,SHIPPED,Manningborough,Missouri,South Georgia and the South Sandwich Islands,R07
ORD002853,CUST00554,2024-04-03,Cash on Delivery,PLACED,New Michael,Arkansas,Western Sahara,R17
ORD002854,CUST00484,2024-06-21,Net Banking,DELIVERED,Marymouth,Alaska,Somalia,R06
ORD002855,CUST00123,2024-06-28,Debit Card,DELIVERED,West Anthony,Virginia,Netherlands,R09
ORD002856,CUST00418,2024-06-10,Net Banking,DELIVERED,South Feliciastad,Arizona,Mayotte,R06
ORD002857,CUST00561,2022-06-26,UPI,DELIVERED,East Robertview,Wisconsin,Singapore,R01
ORD002858,CUST00466,2022-01-30,Credit Card,DELIVERED,West Lisa,South Dakota,El Salvador,R05
ORD002859,CUST00231,2024-05-22,Debit Card,CANCELLED,Jacobfort,New Jersey,Antigua and Barbuda,R05
ORD002860,CUST00189,2022-01-25,UPI,DELIVERED,Thompsonfort,Oregon,Greenland,R01
ORD002861,CUST00148,2025-01-11,Credit Card,RETURNED,Nancyville,Maryland,Sudan,R09
ORD002862,CUST00085,2022-10-09,UPI,DELIVERED,Jonathanfurt,Nevada,Morocco,R10
ORD002863,CUST00457,2023-05-27,Net Banking,RETURNED,Devonland,West Virginia,Sao Tome and Principe,R13
ORD002864,CUST00632,2024-12-18,Credit Card,DELIVERED,Kirbystad,Nevada,Bulgaria,R12
ORD002865,CUST00324,2024-01-08,Credit Card,DELIVERED,Garytown,Alabama,Bouvet Island (Bouvetoya),R03
ORD002866,CUST00668,2023-10-07,Debit Card,DELIVERED,Lake Victoriaborough,Louisiana,Gambia,R01
ORD002867,CUST00694,2023-12-18,Debit Card,CANCELLED,Heidimouth,Pennsylvania,Colombia,R12
ORD002868,CUST00599,2022-12-30,UPI,DELIVERED,Emilychester,Virginia,Croatia,R05
ORD002869,CUST00109,2024-05-05,UPI,DELIVERED,Port Francis,Louisiana,United States of America,R18
ORD002870,CUST00596,2025-02-11,UPI,DELIVERED,Higginston,Arkansas,Bermuda,R14
ORD002871,CUST00554,2023-11-23,Debit Card,DELIVERED,South Angelaville,Florida,Pitcairn Islands,R18
ORD002872,CUST00424,2025-01-11,Cash on Delivery,DELIVERED,Daisymouth,New Hampshire,Iraq,R17
ORD002873,CUST00691,2022-04-27,Credit Card,DELIVERED,North Melissa,Wyoming,Yemen,R02
ORD002874,CUST00010,2024-05-29,Debit Card,DELIVERED,Anitaland,Vermont,Uruguay,R09
ORD002875,CUST00025,2025-08-18,Credit Card,DELIVERED,Glennbury,Massachusetts,Rwanda,R18
ORD002876,CUST00091,18/08/2025,UPI,DELIVERED,Kimside,Illinois,Northern Mariana Islands,R20
ORD002877,CUST00581,2022-11-28,Net Banking,DELIVERED,Jacksonside,New Mexico,Rwanda,R02
ORD002878,CUST00414,2023-07-12,Cash on Delivery,RETURNED,Barrettshire,Oklahoma,British Virgin Islands,R07
ORD002879,CUST00403,2024-10-21,Credit Card,CANCELLED,North Samantha,Nebraska,Turks and Caicos Islands,R11
ORD002880,CUST00236,2023-05-21,Debit Card,DELIVERED,Hillmouth,Virginia,Latvia,R09
ORD002881,CUST00460,2022-05-29,UPI,DELIVERED,West Zacharyberg,Washington,Saint Lucia,R04
ORD002882,CUST00230,2022-04-11,Cash on Delivery,DELIVERED,Moyerhaven,Rhode Island,Fiji,R09
ORD002883,CUST00443,2022-04-24,UPI,DELIVERED,South Jessicaville,Delaware,Israel,R06
ORD002884,CUST00205,2022-07-05,Net Banking,DELIVERED,West Sarahview,Kentucky,Hong Kong,R05
ORD002885,CUST00015,2025-01-11,Debit Card,PLACED,North Yvonnehaven,Kansas,Bahamas,R07
ORD002886,,2025-03-23,UPI,PLACED,Coxport,Idaho,Saint Martin,R17
ORD002887,CUST00386,2025-04-07,Debit Card,DELIVERED,Morganfort,Indiana,Saint Martin,R13
ORD002888,CUST00465,2025-06-17,UPI,DELIVERED,Taraburgh,Kansas,Luxembourg,R01
ORD002889,CUST00529,2025-01-25,Cash on Delivery,RETURNED,Wallerside,Utah,Taiwan,R04
ORD002890,CUST00259,2025-02-04,UPI,PLACED,Elliston,New Mexico,Monaco,R03
ORD002891,CUST00394,2024-05-20,Credit Card,CANCELLED,Lake Dylanbury,Idaho,Grenada,R05
ORD002892,CUST00507,2025-12-17,Net Banking,DELIVERED,East Christopherside,Alaska,Mexico,R19
ORD002893,CUST00690,2022-09-11,Cash on Delivery,DELIVERED,South Timothy,Pennsylvania,Bahamas,R20
ORD002894,CUST00046,2024-08-12,Cash on Delivery,DELIVERED,Wadechester,Washington,Andorra,R11
ORD002895,CUST00308,2022-08-19,UPI,RETURNED,Wardborough,Oklahoma,Cuba,R18
ORD002896,,2025-07-11,Debit Card,DELIVERED,Stephenchester,Maryland,Iraq,R02
ORD002897,,2025-03-23,Cash on Delivery,CANCELLED,North Kayla,Alabama,Switzerland,R19
ORD002898,CUST00528,2022-01-22,Credit Card,DELIVERED,Lake Victoria,New Mexico,Algeria,R04
ORD002899,CUST00100,2025-07-16,Credit Card,RETURNED,South Brandonbury,New York,Mali,R03
ORD002900,CUST00099,2025-04-21,UPI,DELIVERED,New Crystalchester,Virginia,Romania,R20
ORD002901,CUST00569,2025-04-01,Debit Card,DELIVERED,Waltonshire,Iowa,Chad,R05
ORD002902,CUST00588,2022-02-26,Debit Card,DELIVERED,Mcbrideton,Oregon,Tuvalu,R01
ORD002903,CUST00194,2025-10-14,UPI,SHIPPED,West William,Rhode Island,Cape Verde,R07
ORD002904,CUST00332,2024-11-10,Debit Card,DELIVERED,Vasquezport,Ohio,Kazakhstan,R01
ORD002905,CUST00458,2025-09-06,Cash on Delivery,DELIVERED,Peckburgh,South Carolina,Ireland,R09
ORD002906,CUST00291,2023-06-24,Debit Card,CANCELLED,Port Thomasport,Utah,Tonga,R14
ORD002907,CUST00453,2023-02-22,UPI,SHIPPED,Randallmouth,Florida,Japan,R18
ORD002908,CUST00142,2024-01-02,UPI,CANCELLED,Wardview,Colorado,Sierra Leone,R18
ORD002909,CUST00094,2024-07-18,Credit Card,RETURNED,New Dakota,Pennsylvania,Faroe Islands,R08
ORD002910,CUST00526,2024-02-14,Debit Card,RETURNED,Raytown,Arizona,Congo,R05
ORD002911,CUST00401,2023-04-23,Cash on Delivery,DELIVERED,Kathyberg,Arkansas,Colombia,R03
ORD002912,CUST00509,2023-11-11,Debit Card,RETURNED,South Cheryl,Iowa,Azerbaijan,R15
ORD002913,CUST00233,2022-12-03,Debit Card,DELIVERED,Port Julia,Texas,Zambia,R07
ORD002914,CUST00422,2025-11-05,Credit Card,DELIVERED,Michaelstad,New Hampshire,Czech Republic,R15
ORD002915,CUST00018,2023-01-11,UPI,DELIVERED,New Reneeton,New Jersey,Sao Tome and Principe,R04
ORD002916,,2025-04-19,Cash on Delivery,DELIVERED,Kimberlyton,Washington,Hong Kong,R04
ORD002917,CUST00563,2022-12-19,Net Banking,RETURNED,Christopherhaven,Michigan,Cameroon,R06
ORD002918,CUST00647,19/12/2022,UPI,DELIVERED,West Steven,West Virginia,Lesotho,R13
ORD002919,CUST00118,2023-07-26,UPI,DELIVERED,East Matthewside,Illinois,Liberia,R06
ORD002920,CUST00225,2025-03-26,Net Banking,DELIVERED,North Jenniferstad,Indiana,Iran,R02
ORD002921,CUST00088,2025-01-28,Credit Card,DELIVERED,Burkeborough,Illinois,Burkina Faso,R15
ORD002922,CUST00089,2024-02-05,Credit Card,DELIVERED,Hallview,Florida,Canada,R05
ORD002923,CUST00582,2024-04-07,Net Banking,SHIPPED,Heidiburgh,Wyoming,Yemen,R03
ORD002924,CUST00129,2025-04-12,Debit Card,RETURNED,South Donald,Iowa,Luxembourg,R12
ORD002925,CUST00012,2024-11-13,Net Banking,DELIVERED,East Matthew,Pennsylvania,Cote d'Ivoire,R11
ORD002926,CUST00230,2022-06-08,Debit Card,DELIVERED,East Lisafort,Wyoming,Saint Martin,R02
ORD002927,CUST00313,2024-12-21,Credit Card,RETURNED,North Amyshire,Maryland,Cambodia,R14
ORD002928,CUST00225,2024-10-14,Debit Card,DELIVERED,West Selena,Arizona,Costa Rica,R01
ORD002929,CUST00110,2025-02-28,Debit Card,DELIVERED,Smithborough,Illinois,Djibouti,R12
ORD002930,CUST00512,2025-10-09,Credit Card,RETURNED,Lake David,South Dakota,Mauritania,R10
ORD002931,CUST00504,2025-10-10,Debit Card,DELIVERED,New Juan,Montana,North Macedonia,R18
ORD002932,CUST00432,2025-04-05,Net Banking,DELIVERED,East Michaelfort,Oklahoma,Niue,R06
ORD002933,CUST00326,2025-12-03,Credit Card,CANCELLED,West Stevenmouth,Connecticut,Nauru,R06
ORD002934,CUST00404,2024-03-24,UPI,DELIVERED,Karenville,New Mexico,Zambia,R14
ORD002935,CUST00397,2023-10-16,Net Banking,RETURNED,Fernandezfurt,Maine,Heard Island and McDonald Islands,R05
ORD002936,CUST00283,2026-06-18,Net Banking,RETURNED,Kyleberg,Connecticut,Heard Island and McDonald Islands,R14
ORD002937,CUST00559,2024-01-31,Debit Card,DELIVERED,South Christine,Hawaii,Jordan,R10
ORD002938,CUST00485,2023-03-26,UPI,DELIVERED,West Jamieberg,South Dakota,Swaziland,R19
ORD002939,CUST00062,2023-12-01,Debit Card,PLACED,Lake Tara,Rhode Island,Japan,R14
ORD002940,CUST00112,2024-03-22,Debit Card,DELIVERED,Christinaview,Washington,Bulgaria,R16
ORD002941,CUST00309,22/03/2024,Debit Card,CANCELLED,Lake Leah,Arizona,Cyprus,R07
ORD002942,CUST00315,2024-07-26,Net Banking,CANCELLED,Austinmouth,Utah,Peru,R13
ORD002943,CUST00561,2024-03-15,UPI,DELIVERED,Lake Jason,Vermont,Holy See (Vatican City State),R11
ORD002944,CUST00653,2022-02-05,Debit Card,DELIVERED,East Cody,North Carolina,Holy See (Vatican City State),R12
ORD002945,CUST00168,2025-03-22,Cash on Delivery,DELIVERED,Maynardstad,Wyoming,Belgium,R01
ORD002946,CUST00410,2024-11-23,Debit Card,CANCELLED,East Martinfurt,Nevada,Jordan,R03
ORD002947,,2025-09-24,Cash on Delivery,DELIVERED,Littleton,Montana,Oman,R07
ORD002948,CUST00560,2023-12-13,Cash on Delivery,DELIVERED,West Troy,New Mexico,Bermuda,R08
ORD002949,CUST00003,2025-09-14,Net Banking,DELIVERED,Mariashire,Utah,Martinique,R08
ORD002950,CUST00346,2023-10-28,Debit Card,DELIVERED,East Anita,Minnesota,Saint Kitts and Nevis,R17
ORD002951,CUST00184,2024-08-14,Cash on Delivery,DELIVERED,Lake Aaronhaven,Michigan,Colombia,R19
ORD002952,CUST00430,2023-04-28,Net Banking,DELIVERED,Port Terry,Hawaii,Cape Verde,R01
ORD002953,CUST00356,2022-06-10,UPI,RETURNED,Michaelfurt,Kansas,United States of America,R06
ORD002954,CUST00094,2024-11-17,Debit Card,DELIVERED,Phillipsshire,Utah,Israel,R09
ORD002955,CUST00085,2022-12-20,Credit Card,DELIVERED,Christinaport,Alabama,Cook Islands,R01
ORD002956,CUST00122,2024-05-14,UPI,DELIVERED,Lukeport,Nebraska,Guyana,R17
ORD002957,CUST00435,2023-11-08,Credit Card,DELIVERED,Jamesfort,Arkansas,Malaysia,R04
ORD002958,CUST00658,2024-02-02,Net Banking,SHIPPED,North Brian,West Virginia,Timor-Leste,R02
ORD002959,CUST00208,2022-05-22,Credit Card,DELIVERED,Lake Dwaynemouth,Indiana,Hong Kong,R15
ORD002960,CUST00564,2024-11-09,Cash on Delivery,DELIVERED,Walkerburgh,Minnesota,Saint Pierre and Miquelon,R02
ORD002961,CUST00083,2023-08-30,Debit Card,PLACED,Harrisburgh,Hawaii,Yemen,R01
ORD002962,CUST00215,2025-02-07,Net Banking,CANCELLED,West Samantha,New Hampshire,Ethiopia,R08
ORD002963,CUST00110,2024-05-26,Net Banking,DELIVERED,New Tina,Nevada,Papua New Guinea,R19
ORD002964,,2023-09-01,Cash on Delivery,DELIVERED,Port Codyville,Arizona,Netherlands,R04
ORD002965,CUST00646,2022-01-17,Credit Card,DELIVERED,Anachester,Montana,Saint Helena,R12
ORD002966,CUST00632,2026-05-19,Debit Card,SHIPPED,Lake Scottberg,Nebraska,Georgia,R10
ORD002967,CUST00652,2023-04-18,Cash on Delivery,DELIVERED,Ayalaside,Oregon,Niue,R12
ORD002968,CUST00010,2024-12-09,UPI,DELIVERED,Lake Taylor,Minnesota,Nicaragua,R15
ORD002969,,2023-07-19,Cash on Delivery,DELIVERED,Christopherchester,Arkansas,Solomon Islands,R04
ORD002970,CUST00024,2025-06-21,Credit Card,DELIVERED,New Jamesville,Nebraska,French Guiana,R15
ORD002971,CUST00536,2025-11-22,Net Banking,DELIVERED,Danielleside,Connecticut,American Samoa,R15
ORD002972,CUST00614,2023-03-20,Credit Card,DELIVERED,Karenbury,Virginia,Faroe Islands,R14
ORD002973,CUST00109,2023-10-13,Cash on Delivery,DELIVERED,Aliport,Kentucky,United States Virgin Islands,R04
ORD002974,CUST00631,2024-02-07,Credit Card,DELIVERED,Lake Susan,Iowa,Mauritius,R07
ORD002975,CUST00694,2023-11-16,Cash on Delivery,DELIVERED,Lake Kellimouth,Florida,Macao,R13
ORD002976,CUST00258,2024-06-08,UPI,DELIVERED,Lake Martinchester,Minnesota,Uruguay,R16
ORD002977,CUST00347,2022-05-17,UPI,DELIVERED,South Amy,Maryland,Saint Vincent and the Grenadines,R14
ORD002978,CUST00574,2023-11-30,UPI,DELIVERED,Davishaven,Wisconsin,Mauritius,R10
ORD002979,CUST00561,2024-02-20,Cash on Delivery,DELIVERED,South Joshua,Kentucky,Guinea,R12
ORD002980,CUST00477,2022-03-09,Cash on Delivery,PLACED,Romeroborough,North Carolina,Armenia,R06
ORD002981,CUST00667,2023-09-06,Debit Card,DELIVERED,Lake Marcus,Georgia,Dominican Republic,R05
ORD002982,CUST00219,2022-03-12,Credit Card,DELIVERED,Ramirezburgh,Kentucky,Venezuela,R04
ORD002983,CUST00401,2022-12-12,Net Banking,DELIVERED,Kimbury,Minnesota,El Salvador,R13
ORD002984,CUST00565,2024-03-31,Net Banking,DELIVERED,Larsonburgh,Delaware,Colombia,R16
ORD002985,CUST00021,2025-06-28,Net Banking,DELIVERED,Lake Michaelton,Kansas,Madagascar,R12
ORD002986,CUST00068,2023-12-03,UPI,DELIVERED,North Adrianaton,Indiana,Greenland,R12
ORD002987,,2025-09-10,UPI,DELIVERED,Robertport,Missouri,Japan,R14
ORD002988,CUST00306,2022-01-02,Net Banking,SHIPPED,Brendaton,Indiana,Lesotho,R16
ORD002989,CUST00010,2023-09-18,Debit Card,PLACED,Scottmouth,Nevada,Saint Pierre and Miquelon,R17
ORD002990,CUST00265,2025-11-20,Credit Card,DELIVERED,Lake Judithland,Nevada,Belgium,R07
ORD002991,CUST00116,2022-10-17,Credit Card,DELIVERED,North Lisa,Arizona,Saudi Arabia,R10
ORD002992,CUST00555,2023-01-05,Cash on Delivery,SHIPPED,Halestad,Oklahoma,Solomon Islands,R01
ORD002993,CUST00011,2023-09-28,UPI,DELIVERED,Lake Annaton,Arizona,Solomon Islands,R20
ORD002994,CUST00077,2025-07-11,Debit Card,CANCELLED,Davidhaven,Rhode Island,Cyprus,R02
ORD002995,CUST00151,2022-11-30,UPI,DELIVERED,West David,Ohio,Israel,R12
ORD002996,CUST00564,2026-04-23,Credit Card,DELIVERED,Smithbury,North Carolina,Germany,R20
ORD002997,,2023-05-06,Cash on Delivery,SHIPPED,Port Michelleburgh,Pennsylvania,Guadeloupe,R01
ORD002998,CUST00334,2025-05-05,UPI,RETURNED,Leehaven,Alabama,Botswana,R09
ORD002999,,2025-09-22,Credit Card,DELIVERED,North Jackport,Minnesota,Togo,R19
ORD003000,CUST00435,2023-12-25,UPI,DELIVERED,New Christopherstad,Oklahoma,Azerbaijan,R08
ORD003001,CUST00566,2023-08-21,UPI,DELIVERED,New Kennethshire,Wyoming,Mozambique,R03
ORD003002,CUST00460,2022-06-30,Debit Card,CANCELLED,South Colleen,Washington,Holy See (Vatican City State),R05
ORD003003,CUST00240,2022-02-26,Cash on Delivery,DELIVERED,Matthewshire,Connecticut,Paraguay,R04
ORD003004,CUST00350,2025-06-16,Credit Card,DELIVERED,Port Sarah,Nebraska,Martinique,R02
ORD003005,CUST00688,2023-11-12,Net Banking,DELIVERED,New Ryanfort,California,Liberia,R13
ORD003006,CUST00020,2022-01-13,Debit Card,DELIVERED,Lake Larryberg,Rhode Island,Thailand,R12
ORD003007,,2022-11-13,Net Banking,DELIVERED,Port Mary,Oklahoma,United States of America,R02
ORD003008,CUST00367,2025-01-16,UPI,PLACED,Andreville,Rhode Island,Jamaica,R07
ORD003009,CUST00063,2022-05-11,Net Banking,DELIVERED,New Jeffrey,Florida,Belarus,R13
ORD003010,CUST00270,2025-03-30,Net Banking,DELIVERED,West Barbara,Hawaii,Burkina Faso,R08
ORD003011,CUST00493,2022-03-07,UPI,DELIVERED,Blaketon,Indiana,Lesotho,R16
ORD003012,CUST00326,2025-09-17,Credit Card,DELIVERED,South Tylerhaven,Oklahoma,Guernsey,R06
ORD003013,CUST00453,2023-08-22,UPI,CANCELLED,Lake Shane,Ohio,Albania,R17
ORD003014,,2023-08-27,Credit Card,DELIVERED,Rodriguezburgh,Nebraska,Solomon Islands,R06
ORD003015,CUST00577,2025-02-24,Debit Card,DELIVERED,Lake Antonio,Iowa,United States Virgin Islands,R13
ORD003016,,2022-04-03,Credit Card,RETURNED,Vargasstad,California,Japan,R06
ORD003017,CUST00569,2023-05-09,Debit Card,RETURNED,Nunezburgh,Delaware,British Indian Ocean Territory (Chagos Archipelago),R15
ORD003018,CUST00427,2024-05-11,Credit Card,PLACED,Williamsland,Ohio,Belgium,R13
ORD003019,CUST00700,2025-10-28,Net Banking,RETURNED,Lake Jessicabury,Utah,Nicaragua,R07
ORD003020,CUST00347,2025-08-03,Cash on Delivery,RETURNED,East Brian,Massachusetts,Guinea-Bissau,R13
ORD003021,CUST00488,2024-06-25,Credit Card,DELIVERED,Carpenterberg,Arkansas,Japan,R05
ORD003022,CUST00224,2025-05-09,Net Banking,DELIVERED,East Danny,Maine,Suriname,R16
ORD003023,CUST00622,2024-10-26,UPI,DELIVERED,Carolside,Texas,Portugal,R17
ORD003024,CUST00536,26/10/2024,Credit Card,DELIVERED,Port Andrewshire,Virginia,Iceland,R11
ORD003025,CUST00380,2024-09-10,Debit Card,PLACED,New Kathrynside,Arkansas,France,R01
ORD003026,CUST00538,2023-07-13,Cash on Delivery,DELIVERED,West Frankland,Georgia,Saudi Arabia,R16
ORD003027,CUST00205,2022-03-18,UPI,RETURNED,Port Robert,North Dakota,British Virgin Islands,R11
ORD003028,CUST00611,2023-09-22,Net Banking,RETURNED,Kimberlyside,Wyoming,American Samoa,R01
ORD003029,CUST00322,2023-01-29,Debit Card,DELIVERED,Juliechester,Arizona,Turkey,R02
ORD003030,CUST00486,2024-04-20,Net Banking,DELIVERED,Lake Cherylville,Kentucky,Argentina,R11
ORD003031,CUST00353,2025-06-03,Net Banking,CANCELLED,West Roger,Massachusetts,Estonia,R19
ORD003032,CUST00029,2023-03-12,Cash on Delivery,DELIVERED,Anthonyfurt,Alabama,Nauru,R06
ORD003033,CUST00489,2024-11-22,Net Banking,DELIVERED,Mariahaven,Arizona,Isle of Man,R05
ORD003034,CUST00467,2025-07-09,Credit Card,SHIPPED,Lake Shirley,Kentucky,Guam,R06
ORD003035,CUST00180,2023-09-11,Credit Card,DELIVERED,Wheelerbury,Utah,Niger,R04
ORD003036,CUST00077,2024-09-17,Debit Card,DELIVERED,Ashleyton,New York,Eritrea,R16
ORD003037,CUST00437,2022-08-09,Net Banking,DELIVERED,Christianberg,Texas,Niger,R06
ORD003038,CUST00059,2024-10-19,Credit Card,DELIVERED,West Christinemouth,Tennessee,Kenya,R18
ORD003039,,2025-11-11,Debit Card,CANCELLED,Whiteborough,Utah,Senegal,R13
ORD003040,CUST00591,2024-09-01,UPI,DELIVERED,Shawnfurt,Rhode Island,Belize,R04
ORD003041,CUST00436,2025-09-26,UPI,DELIVERED,Jamesville,Montana,Wallis and Futuna,R06
ORD003042,CUST00192,2025-08-23,Credit Card,DELIVERED,Tylerhaven,South Dakota,Iran,R19
ORD003043,CUST00563,2022-07-11,Debit Card,DELIVERED,Haysfurt,North Dakota,Ghana,R13
ORD003044,CUST00276,2024-06-23,UPI,SHIPPED,East Tammyfurt,Florida,New Caledonia,R18
ORD003045,CUST00026,2025-06-07,Net Banking,DELIVERED,Bernardland,Delaware,Senegal,R01
ORD003046,CUST00222,2023-08-30,UPI,DELIVERED,Taylorside,Montana,Jordan,R07
ORD003047,CUST00457,2022-01-13,UPI,RETURNED,West Candice,Florida,Faroe Islands,R01
ORD003048,CUST00034,2025-06-09,Credit Card,DELIVERED,Walterchester,New Mexico,Pakistan,R14
ORD003049,CUST00470,2022-03-13,Debit Card,DELIVERED,South Mikeburgh,New York,Samoa,R08
ORD003050,CUST00116,2024-02-02,Net Banking,DELIVERED,Bradleyland,Mississippi,Swaziland,R09
ORD003051,CUST00455,2025-12-23,Credit Card,RETURNED,Craneborough,Colorado,Saint Barthelemy,R01
ORD003052,CUST00553,2025-12-27,Cash on Delivery,PLACED,West Earl,Idaho,Cook Islands,R13
ORD003053,CUST00333,2023-06-13,Credit Card,RETURNED,West Maria,Missouri,Switzerland,R20
ORD003054,CUST00628,2022-02-22,Cash on Delivery,DELIVERED,New Manuelhaven,South Carolina,Georgia,R20
ORD003055,CUST00225,2024-07-21,Credit Card,DELIVERED,Johnsmouth,Idaho,Botswana,R06
ORD003056,CUST00506,2023-07-17,UPI,DELIVERED,West Kendratown,South Dakota,Guyana,R19
ORD003057,CUST00121,2025-11-11,Credit Card,DELIVERED,West James,Colorado,Comoros,R02
ORD003058,CUST00306,11/11/2025,Net Banking,SHIPPED,New Josephchester,Alaska,Greenland,R14
ORD003059,CUST00430,2024-08-09,Debit Card,CANCELLED,West Elizabeth,Kansas,Canada,R15
ORD003060,CUST00171,2022-07-17,Debit Card,DELIVERED,North Cassandraberg,Pennsylvania,Faroe Islands,R07
ORD003061,CUST00603,2025-11-24,Cash on Delivery,DELIVERED,Pamelabury,Washington,Botswana,R19
ORD003062,CUST00383,2025-05-16,UPI,DELIVERED,Reginaland,Louisiana,Tokelau,R18
ORD003063,CUST00446,2022-02-18,UPI,DELIVERED,Huntview,Vermont,United States of America,R16
ORD003064,CUST00373,2025-05-28,UPI,DELIVERED,Lake Megan,New Jersey,Turkey,R18
ORD003065,CUST00011,2025-07-20,UPI,DELIVERED,Vargasside,Georgia,Portugal,R06
ORD003066,,2025-09-19,Credit Card,DELIVERED,Brandonberg,Connecticut,Vanuatu,R12
ORD003067,CUST00307,2022-06-28,Credit Card,DELIVERED,Ariasberg,Iowa,Bermuda,R09
ORD003068,CUST00266,2022-12-04,UPI,DELIVERED,Deanshire,Utah,United Arab Emirates,R06
ORD003069,CUST00161,2025-03-04,Credit Card,DELIVERED,New Danieltown,Arizona,Spain,R06
ORD003070,CUST00007,2024-11-23,Credit Card,DELIVERED,Hernandezport,Hawaii,Ireland,R02
ORD003071,CUST00158,2023-06-19,Debit Card,DELIVERED,Stonechester,Indiana,Philippines,R02
ORD003072,CUST00117,2023-06-01,Credit Card,RETURNED,Williammouth,Maine,Singapore,R10
ORD003073,CUST00337,2025-09-14,UPI,DELIVERED,Michellechester,Indiana,Seychelles,R13
ORD003074,CUST00595,2024-12-26,Cash on Delivery,CANCELLED,Wayneside,Georgia,Congo,R10
ORD003075,CUST00214,2025-03-09,Credit Card,DELIVERED,Hollowayberg,Massachusetts,Georgia,R06
ORD003076,CUST00302,2023-04-04,Net Banking,RETURNED,East Danielle,Illinois,Greece,R19
ORD003077,CUST00437,2022-07-01,Cash on Delivery,PLACED,South Taraside,Wisconsin,Colombia,R19
ORD003078,CUST00552,01/07/2022,Credit Card,CANCELLED,West Brandonbury,Kentucky,Guadeloupe,R09
ORD003079,CUST00277,2023-07-22,Cash on Delivery,SHIPPED,New Jill,Idaho,Malawi,R11
ORD003080,,2024-01-03,Cash on Delivery,DELIVERED,North Valerie,New Hampshire,Indonesia,R05
ORD003081,CUST00058,2024-01-05,Credit Card,RETURNED,Jamesfurt,Virginia,Aruba,R13
ORD003082,CUST00203,2024-04-06,Net Banking,DELIVERED,New Amy,New York,French Southern Territories,R12
ORD003083,CUST00285,2023-05-14,UPI,DELIVERED,Millerberg,Arkansas,Niue,R20
ORD003084,CUST00275,2024-01-05,Cash on Delivery,DELIVERED,Jaredborough,Virginia,United States Minor Outlying Islands,R15
ORD003085,CUST00351,2023-08-29,UPI,DELIVERED,Cassandraville,Mississippi,Singapore,R06
ORD003086,CUST00406,2025-03-11,Credit Card,SHIPPED,South David,Texas,Palau,R12
ORD003087,CUST00238,2022-02-23,Credit Card,RETURNED,Skinnerland,Kentucky,Somalia,R09
ORD003088,CUST00485,2023-02-14,Cash on Delivery,DELIVERED,North Cynthia,Delaware,American Samoa,R13
ORD003089,CUST00258,2025-06-04,Credit Card,DELIVERED,Millerport,Minnesota,Cambodia,R20
ORD003090,CUST00436,2024-07-06,Credit Card,PLACED,Velazquezstad,Virginia,Kyrgyz Republic,R19
ORD003091,CUST00608,2023-04-30,Cash on Delivery,RETURNED,Sarahborough,California,Nepal,R11
ORD003092,CUST00141,2025-05-21,Credit Card,DELIVERED,Davisville,Utah,Thailand,R04
ORD003093,CUST00065,2023-07-18,Credit Card,CANCELLED,East Lori,Louisiana,Solomon Islands,R12
ORD003094,CUST00011,2024-06-20,Debit Card,DELIVERED,Martinchester,South Carolina,Lao People's Democratic Republic,R05
ORD003095,CUST00103,2022-02-14,UPI,DELIVERED,North Karenborough,South Dakota,Gabon,R02
ORD003096,CUST00530,2022-12-18,Net Banking,RETURNED,Kevinfort,Mississippi,Saint Vincent and the Grenadines,R15
ORD003097,CUST00654,2025-01-10,Net Banking,DELIVERED,Lisachester,South Dakota,Bangladesh,R05
ORD003098,CUST00384,2025-02-13,Debit Card,CANCELLED,Port Sarahhaven,Montana,Austria,R05
ORD003099,CUST00096,2025-01-08,Credit Card,DELIVERED,North Michael,Pennsylvania,Cape Verde,R09
ORD003100,CUST00644,2024-02-15,Debit Card,DELIVERED,Jeffchester,Iowa,Malaysia,R18
ORD003101,CUST00113,2022-07-18,UPI,DELIVERED,Leachshire,Arizona,Zambia,R18
ORD003102,CUST00495,2025-11-29,Net Banking,DELIVERED,East David,Hawaii,Colombia,R13
ORD003103,CUST00589,2022-12-22,Credit Card,RETURNED,Josephton,New Hampshire,American Samoa,R06
ORD003104,CUST00604,2023-03-27,Cash on Delivery,DELIVERED,Clarkville,Maryland,Saint Martin,R04
ORD003105,CUST00367,2025-09-26,UPI,DELIVERED,Port Randy,New Jersey,Georgia,R15
ORD003106,CUST00556,2023-12-16,Net Banking,DELIVERED,Sharpfort,Kentucky,Albania,R17
ORD003107,CUST00342,2023-12-15,Debit Card,DELIVERED,East Richardchester,Wisconsin,Guinea,R17
ORD003108,CUST00197,2023-09-17,Cash on Delivery,DELIVERED,North Emilymouth,Missouri,Saint Barthelemy,R11
ORD003109,CUST00448,2022-08-05,Net Banking,DELIVERED,Port Victoria,Georgia,British Indian Ocean Territory (Chagos Archipelago),R06
ORD003110,CUST00019,2025-09-06,Debit Card,DELIVERED,Port Grace,Ohio,Brunei Darussalam,R05
ORD003111,CUST00675,2022-07-07,Credit Card,DELIVERED,Port Melissa,Nebraska,Tonga,R07
ORD003112,CUST00653,2024-04-14,Debit Card,SHIPPED,South Angela,Kentucky,Serbia,R19
ORD003113,CUST00402,2023-11-16,Credit Card,DELIVERED,South Jose,Indiana,Netherlands Antilles,R12
ORD003114,,2022-11-16,Cash on Delivery,DELIVERED,Port Alex,Maryland,Saint Helena,R13
ORD003115,CUST00173,2025-04-25,Debit Card,DELIVERED,Dawnchester,Oregon,Chad,R18
ORD003116,CUST00422,2024-10-25,Debit Card,RETURNED,South Richardfurt,Arizona,Tuvalu,R01
ORD003117,CUST00093,2023-03-01,Credit Card,DELIVERED,Vanessaville,Idaho,Cook Islands,R08
ORD003118,CUST00281,2023-01-28,Cash on Delivery,DELIVERED,Jamiemouth,North Dakota,Sudan,R20
ORD003119,CUST00012,2025-02-03,Cash on Delivery,DELIVERED,Bethside,Colorado,Bouvet Island (Bouvetoya),R14
ORD003120,CUST00404,2024-03-20,Net Banking,PLACED,Tinachester,Minnesota,Bolivia,R14
ORD003121,,2022-08-28,Debit Card,CANCELLED,Howardtown,Missouri,San Marino,R02
ORD003122,CUST00595,2023-01-01,Credit Card,DELIVERED,Grantland,New Mexico,Saudi Arabia,R16
ORD003123,CUST00292,2025-01-04,UPI,DELIVERED,West Angiebury,Missouri,El Salvador,R20
ORD003124,CUST00077,2024-08-30,UPI,DELIVERED,North Hannahmouth,Pennsylvania,Guernsey,R08
ORD003125,CUST00380,2025-12-09,Cash on Delivery,DELIVERED,Joannaside,South Dakota,Russian Federation,R05
ORD003126,CUST00165,2023-08-02,Net Banking,SHIPPED,Garrettbury,New York,Montserrat,R19
ORD003127,CUST00228,2025-03-18,UPI,DELIVERED,North Jason,Nebraska,Congo,R14
ORD003128,CUST00022,2025-11-13,Credit Card,DELIVERED,Rogersfort,Idaho,Liechtenstein,R02
ORD003129,CUST00329,2023-09-13,Net Banking,DELIVERED,Pattersonfort,New Mexico,Libyan Arab Jamahiriya,R14
ORD003130,CUST00057,2023-07-23,Net Banking,CANCELLED,West Kristina,Nevada,Barbados,R13
ORD003131,CUST00289,2022-11-21,Cash on Delivery,DELIVERED,Christopherview,Rhode Island,Barbados,R12
ORD003132,CUST00011,2024-06-27,Debit Card,DELIVERED,Jeffreyside,Alaska,Mexico,R06
ORD003133,CUST00205,2024-10-10,UPI,DELIVERED,Haroldfort,Florida,Congo,R14
ORD003134,CUST00675,2022-11-08,Credit Card,DELIVERED,Lake Lisafurt,Delaware,Haiti,R07
ORD003135,CUST00203,2025-09-07,UPI,PLACED,North Cliffordland,Iowa,New Zealand,R20
ORD003136,CUST00266,2022-06-15,UPI,RETURNED,Kyletown,Maryland,Finland,R10
ORD003137,CUST00141,2022-10-12,UPI,DELIVERED,South Teresa,New York,Niger,R09
ORD003138,CUST00295,2022-08-31,Credit Card,DELIVERED,West Victoriatown,Colorado,Afghanistan,R15
ORD003139,CUST00482,2025-09-04,Net Banking,DELIVERED,Davisfurt,Wyoming,Svalbard & Jan Mayen Islands,R16
ORD003140,CUST00431,2025-11-10,UPI,DELIVERED,Margarettown,Maryland,Taiwan,R07
ORD003141,CUST00258,2024-09-03,Credit Card,DELIVERED,West Tinafort,Iowa,Marshall Islands,R02
ORD003142,CUST00285,2024-10-24,UPI,DELIVERED,South Shawnshire,Missouri,Kyrgyz Republic,R11
ORD003143,CUST00103,2024-11-01,Net Banking,PLACED,South Shannon,Arizona,Myanmar,R03
ORD003144,CUST00507,2024-11-15,Cash on Delivery,DELIVERED,Wilsonburgh,Wisconsin,Congo,R10
ORD003145,CUST00188,2023-12-13,Credit Card,DELIVERED,South Kevin,Utah,China,R08
ORD003146,CUST00456,2022-03-30,Debit Card,SHIPPED,Williamfurt,Oregon,Mongolia,R16
ORD003147,CUST00173,2023-11-13,Debit Card,DELIVERED,West Rhonda,South Carolina,Latvia,R11
ORD003148,CUST00202,2022-06-10,Net Banking,DELIVERED,Michaelmouth,South Carolina,Congo,R15
ORD003149,CUST00584,2022-09-01,UPI,DELIVERED,Owensville,Delaware,Pitcairn Islands,R10
ORD003150,CUST00549,2023-06-06,Credit Card,DELIVERED,Ericaville,New Jersey,Philippines,R05
ORD003151,CUST00429,2024-02-15,UPI,DELIVERED,Lake Lindsey,Washington,Taiwan,R15
ORD003152,CUST00178,2025-08-13,Net Banking,DELIVERED,Smithshire,Nevada,Malawi,R09
ORD003153,CUST00065,2023-06-13,UPI,DELIVERED,Romeroside,Tennessee,Poland,R08
ORD003154,CUST00513,2024-05-04,Debit Card,DELIVERED,Websterton,Wisconsin,Malta,R09
ORD003155,CUST00179,2023-06-17,Debit Card,DELIVERED,Gonzalezstad,North Carolina,Honduras,R19
ORD003156,CUST00618,2024-01-14,UPI,DELIVERED,Mariaborough,Nebraska,Falkland Islands (Malvinas),R08
ORD003157,CUST00489,2023-02-26,Debit Card,DELIVERED,Williamsfurt,Illinois,Canada,R02
ORD003158,CUST00313,2024-02-01,Net Banking,DELIVERED,Francochester,Wisconsin,Tunisia,R10
ORD003159,CUST00228,2023-06-29,Cash on Delivery,DELIVERED,Stokesview,West Virginia,Grenada,R07
ORD003160,,2024-03-16,Net Banking,SHIPPED,Riosfurt,Missouri,Niger,R15
ORD003161,CUST00668,2023-02-07,Debit Card,CANCELLED,Teresaland,Minnesota,Guinea,R09
ORD003162,CUST00425,2025-07-31,Credit Card,DELIVERED,West Melissa,Kentucky,Tonga,R13
ORD003163,CUST00240,2023-05-12,UPI,DELIVERED,Lake Danielleview,Alaska,Singapore,R10
ORD003164,CUST00090,2023-07-21,Cash on Delivery,DELIVERED,South Tyler,Rhode Island,Oman,R19
ORD003165,CUST00035,2022-01-09,Credit Card,DELIVERED,Erinhaven,South Carolina,Indonesia,R06
ORD003166,CUST00591,2023-05-05,UPI,DELIVERED,Lake Cindy,Michigan,Turkey,R10
ORD003167,CUST00343,2022-02-11,Net Banking,DELIVERED,South Linda,Minnesota,Fiji,R18
ORD003168,CUST00395,2024-05-10,Credit Card,DELIVERED,Port Tammyhaven,Alabama,Holy See (Vatican City State),R14
ORD003169,,2022-12-23,UPI,DELIVERED,East Jessica,Mississippi,Uzbekistan,R08
ORD003170,CUST00455,2023-09-18,Net Banking,DELIVERED,East Jennifer,Delaware,Egypt,R08
ORD003171,CUST00217,2023-09-25,Net Banking,DELIVERED,Turnerhaven,Arizona,Qatar,R07
ORD003172,CUST00023,2025-11-28,Net Banking,DELIVERED,Lisatown,New Mexico,Cyprus,R04
ORD003173,CUST00562,2023-12-14,Credit Card,DELIVERED,North Tammy,Louisiana,Benin,R14
ORD003174,CUST00421,2023-07-01,Net Banking,RETURNED,Lake Nicholeborough,Idaho,Sudan,R09
ORD003175,CUST00084,2025-01-02,Cash on Delivery,DELIVERED,Marymouth,Connecticut,Aruba,R17
ORD003176,CUST00442,2025-05-31,Cash on Delivery,DELIVERED,South Michael,Iowa,Trinidad and Tobago,R20
ORD003177,CUST00048,2024-04-07,Credit Card,DELIVERED,Welchchester,Indiana,Cook Islands,R07
ORD003178,CUST00312,2025-10-15,Credit Card,DELIVERED,Sandramouth,Louisiana,Oman,R20
ORD003179,CUST00516,2023-10-26,Net Banking,PLACED,Heatherfurt,Nevada,Samoa,R11
ORD003180,CUST00653,2022-02-28,UPI,CANCELLED,East Melissa,Florida,United Kingdom,R10
ORD003181,CUST00585,2024-01-25,UPI,DELIVERED,Port Kristen,South Carolina,Lebanon,R02
ORD003182,CUST00269,2023-02-15,Cash on Delivery,DELIVERED,West Brooketon,Virginia,Zimbabwe,R03
ORD003183,CUST00559,2025-03-23,Net Banking,PLACED,Lisaland,Arkansas,Turkey,R13
ORD003184,CUST00211,2022-05-18,UPI,DELIVERED,East Courtneychester,Arizona,Liberia,R13
ORD003185,CUST00167,2025-06-03,UPI,DELIVERED,Lake Morganmouth,Delaware,India,R19
ORD003186,CUST00596,2023-04-10,Cash on Delivery,CANCELLED,Brittanymouth,New Mexico,Mongolia,R03
ORD003187,CUST00690,2026-02-19,Net Banking,DELIVERED,Harrisborough,Kansas,Tokelau,R05
ORD003188,CUST00429,2025-07-20,Credit Card,DELIVERED,South Christopherview,Indiana,Tuvalu,R08
ORD003189,CUST00475,2023-05-15,UPI,DELIVERED,Atkinsstad,Louisiana,Romania,R10
ORD003190,CUST00626,2024-01-05,Net Banking,DELIVERED,Port Matthew,Minnesota,Paraguay,R06
ORD003191,CUST00031,2025-03-22,Cash on Delivery,DELIVERED,South Anthony,Wisconsin,Lao People's Democratic Republic,R08
ORD003192,CUST00090,2022-02-15,Credit Card,RETURNED,Valenciafort,Michigan,Jersey,R10
ORD003193,CUST00656,2025-03-20,UPI,DELIVERED,Brownland,South Dakota,Tanzania,R12
ORD003194,CUST00580,2025-11-21,Net Banking,DELIVERED,East Carolbury,Washington,Iran,R13
ORD003195,CUST00614,2025-12-03,Cash on Delivery,DELIVERED,Port Jefferyville,Florida,Comoros,R18
ORD003196,CUST00450,2024-02-04,Debit Card,DELIVERED,Kingshire,North Dakota,French Southern Territories,R20
ORD003197,CUST00544,2024-11-10,Debit Card,DELIVERED,Lake Jillborough,Kansas,Luxembourg,R17
ORD003198,CUST00285,2023-10-01,Credit Card,CANCELLED,Smithhaven,Wyoming,Algeria,R05
ORD003199,CUST00695,2024-01-31,UPI,DELIVERED,Port Bradleyfurt,Tennessee,Haiti,R18
ORD003200,CUST00115,2022-07-05,Cash on Delivery,CANCELLED,Port Ronaldton,New York,Argentina,R01
ORD003201,CUST00396,2023-12-08,Debit Card,DELIVERED,Port Amanda,Tennessee,Gabon,R04
ORD003202,CUST00352,2023-11-17,Cash on Delivery,DELIVERED,Williamborough,Alabama,Denmark,R02
ORD003203,,2023-01-31,Debit Card,RETURNED,Stevenchester,Michigan,Palestinian Territory,R19
ORD003204,CUST00674,2023-03-19,Cash on Delivery,SHIPPED,Port Kellyview,South Carolina,Bulgaria,R01
ORD003205,CUST00205,2024-01-15,UPI,DELIVERED,New Brian,Alabama,Comoros,R02
ORD003206,CUST00614,15/01/2024,Debit Card,PLACED,Port Shannonhaven,Kansas,Somalia,R02
ORD003207,CUST00209,2024-10-27,Cash on Delivery,PLACED,Laraview,Kansas,Saint Vincent and the Grenadines,R03
ORD003208,CUST00466,2022-05-09,Credit Card,DELIVERED,Vasquezhaven,Massachusetts,San Marino,R20
ORD003209,CUST00425,2024-08-27,Debit Card,CANCELLED,Stacyview,Arizona,Micronesia,R17
ORD003210,CUST00335,2024-05-22,UPI,DELIVERED,Wendyshire,Indiana,Anguilla,R01
ORD003211,CUST00469,2022-11-07,Cash on Delivery,DELIVERED,Lake Arthur,South Dakota,Tuvalu,R11
ORD003212,CUST00579,2023-08-01,Net Banking,DELIVERED,Smithmouth,Georgia,Jamaica,R03
ORD003213,CUST00078,2024-08-20,UPI,DELIVERED,North Juliaburgh,Indiana,Syrian Arab Republic,R19
ORD003214,CUST00116,2025-11-17,Net Banking,CANCELLED,East Catherinefurt,Missouri,Congo,R06
ORD003215,CUST00484,2022-12-07,Credit Card,PLACED,New Lynnburgh,Kansas,Guinea-Bissau,R02
ORD003216,CUST00544,2025-08-12,UPI,DELIVERED,Gomeztown,Kansas,Antarctica (the territory South of 60 deg S),R04
ORD003217,CUST00468,2023-11-15,Credit Card,RETURNED,Port Michaelton,Idaho,Pitcairn Islands,R14
ORD003218,CUST00200,2023-12-21,Debit Card,DELIVERED,East Anthony,Georgia,Tonga,R07
ORD003219,CUST00334,2024-09-02,Net Banking,DELIVERED,Jasonside,Massachusetts,Albania,R06
ORD003220,CUST00658,2022-02-04,Cash on Delivery,DELIVERED,Davidland,Texas,Yemen,R16
ORD003221,CUST00007,2024-04-05,UPI,DELIVERED,Lake Benjamin,Vermont,Timor-Leste,R10
ORD003222,CUST00678,2023-08-21,Credit Card,DELIVERED,Port Rebekah,Maryland,Marshall Islands,R12
ORD003223,CUST00221,2025-09-20,UPI,DELIVERED,Port Heathershire,Kansas,United States of America,R05
ORD003224,CUST00229,2022-03-28,Credit Card,PLACED,Kennethport,Virginia,Kiribati,R18
ORD003225,CUST00273,2022-12-04,Net Banking,CANCELLED,Scottfort,Rhode Island,Kiribati,R02
ORD003226,CUST00256,2025-10-06,Net Banking,PLACED,New Lisa,West Virginia,Canada,R10
ORD003227,CUST00249,2023-02-25,Credit Card,CANCELLED,Daniellemouth,Kansas,Malta,R10
ORD003228,CUST00044,2025-07-13,Credit Card,DELIVERED,West Micheleside,Hawaii,Libyan Arab Jamahiriya,R14
ORD003229,CUST00262,2022-08-14,UPI,DELIVERED,Port Zachary,Florida,Jordan,R15
ORD003230,CUST00377,2025-12-18,Debit Card,DELIVERED,Melissashire,Minnesota,Trinidad and Tobago,R08
ORD003231,,2022-06-02,Debit Card,CANCELLED,Jackstad,Mississippi,Oman,R17
ORD003232,CUST00560,2023-12-27,Debit Card,CANCELLED,Schroederhaven,Texas,Saint Kitts and Nevis,R19
ORD003233,CUST00463,27/12/2023,Debit Card,DELIVERED,West Rebeccashire,Arizona,Ecuador,R13
ORD003234,CUST00421,2022-03-25,Credit Card,RETURNED,New Rodneymouth,Maryland,Estonia,R08
ORD003235,CUST00439,2025-02-26,Net Banking,CANCELLED,Hughesmouth,Alabama,Sweden,R20
ORD003236,CUST00640,26/02/2025,Cash on Delivery,SHIPPED,Williamport,Pennsylvania,Saint Vincent and the Grenadines,R12
ORD003237,CUST00596,2022-06-28,Net Banking,RETURNED,Jillianhaven,Oregon,Burkina Faso,R06
ORD003238,CUST00139,2024-10-13,Debit Card,DELIVERED,Keithport,Arizona,Dominica,R17
ORD003239,CUST00397,2025-11-26,Net Banking,DELIVERED,Anthonychester,Rhode Island,Venezuela,R05
ORD003240,CUST00012,2023-07-15,Net Banking,SHIPPED,Kristenborough,Mississippi,Tokelau,R15
ORD003241,CUST00583,2023-06-01,Credit Card,DELIVERED,Port Bryanberg,Texas,Cape Verde,R12
ORD003242,CUST00387,2023-11-25,Cash on Delivery,RETURNED,Parsonsport,New Hampshire,Seychelles,R20
ORD003243,CUST00674,2025-07-23,Cash on Delivery,RETURNED,Burtonfort,Louisiana,Holy See (Vatican City State),R20
ORD003244,CUST00562,2024-06-11,Debit Card,DELIVERED,West Justin,Virginia,British Indian Ocean Territory (Chagos Archipelago),R16
ORD003245,CUST00410,2022-07-16,Net Banking,DELIVERED,New Seth,Maine,Saint Pierre and Miquelon,R15
ORD003246,CUST00626,2024-06-30,Net Banking,PLACED,South Caitlyn,South Carolina,Argentina,R04
ORD003247,CUST00253,2022-01-27,Credit Card,PLACED,Brownport,Michigan,Uganda,R09
ORD003248,CUST00623,2023-07-20,UPI,DELIVERED,Amyport,Oregon,Portugal,R20
ORD003249,CUST00541,2025-02-19,Cash on Delivery,SHIPPED,Murrayview,Washington,Tanzania,R05
ORD003250,CUST00413,2025-10-18,UPI,RETURNED,South Ronaldborough,Utah,Mongolia,R10
ORD003251,CUST00305,2023-06-14,Net Banking,RETURNED,Hopkinsfort,Delaware,Cape Verde,R05
ORD003252,CUST00632,2023-05-28,UPI,RETURNED,Brendamouth,Alaska,Venezuela,R10
ORD003253,CUST00668,2022-09-20,UPI,CANCELLED,Jordanview,South Carolina,Saint Martin,R19
ORD003254,CUST00073,2025-05-14,UPI,PLACED,South Kevinberg,Wyoming,Cape Verde,R17
ORD003255,CUST00589,2024-02-02,Credit Card,RETURNED,Lake Timothy,Mississippi,Congo,R18
ORD003256,CUST00482,2025-06-04,Cash on Delivery,DELIVERED,West Lisaville,Vermont,Niue,R14
ORD003257,CUST00660,2022-11-10,Net Banking,DELIVERED,Dakotaton,Arkansas,Guadeloupe,R05
ORD003258,CUST00304,2023-03-16,Debit Card,DELIVERED,Matthewbury,Maine,Guinea,R05
ORD003259,CUST00057,2023-07-07,Credit Card,DELIVERED,Pamstad,Nevada,Spain,R08
ORD003260,CUST00032,2022-10-19,Net Banking,RETURNED,South Victoriaborough,Indiana,Holy See (Vatican City State),R14
ORD003261,CUST00624,2025-05-18,UPI,DELIVERED,Lyonschester,Nebraska,Malawi,R09
ORD003262,CUST00573,2022-03-25,Net Banking,DELIVERED,Katherineport,West Virginia,Mozambique,R19
ORD003263,CUST00559,2022-05-23,UPI,DELIVERED,New Robertton,Maine,Cook Islands,R12
ORD003264,CUST00412,2022-05-04,UPI,SHIPPED,Davismouth,Utah,Latvia,R12
ORD003265,CUST00252,2024-05-18,UPI,DELIVERED,Katieland,South Dakota,Saint Barthelemy,R14
ORD003266,CUST00419,2024-06-18,Cash on Delivery,DELIVERED,Aguilarbury,Montana,Moldova,R11
ORD003267,CUST00492,2023-08-20,Debit Card,CANCELLED,Port Sharonbury,California,Paraguay,R01
ORD003268,CUST00318,2024-11-22,Debit Card,DELIVERED,Johnsonshire,North Dakota,Madagascar,R04
ORD003269,CUST00168,2024-04-28,UPI,DELIVERED,Debbietown,Colorado,Antigua and Barbuda,R16
ORD003270,CUST00677,2023-07-27,Net Banking,SHIPPED,Kristyside,Illinois,Nepal,R02
ORD003271,CUST00509,2022-05-02,Credit Card,DELIVERED,North Mikeborough,Idaho,Aruba,R03
ORD003272,CUST00509,02/05/2022,Credit Card,DELIVERED,South Justin,Arizona,New Zealand,R19
ORD003273,CUST00680,2025-01-05,UPI,DELIVERED,Lake Erica,Kansas,Russian Federation,R11
ORD003274,CUST00637,2022-12-04,Cash on Delivery,DELIVERED,Sanchezshire,Arizona,Colombia,R03
ORD003275,,2025-11-14,Net Banking,DELIVERED,Lake Elizabethbury,Ohio,Monaco,R15
ORD003276,CUST00042,2024-09-15,Credit Card,CANCELLED,Stoneland,Oklahoma,Martinique,R10
ORD003277,CUST00282,2024-08-13,Debit Card,DELIVERED,New Kenneth,New Hampshire,Mali,R01
ORD003278,CUST00278,2022-06-04,UPI,DELIVERED,Mejiachester,Montana,Egypt,R18
ORD003279,CUST00426,2025-03-07,Credit Card,DELIVERED,Nicoleberg,West Virginia,Algeria,R03
ORD003280,CUST00006,2024-04-24,Net Banking,DELIVERED,West William,Colorado,Colombia,R03
ORD003281,CUST00623,2023-04-02,Net Banking,DELIVERED,Lake Katie,Nevada,French Guiana,R18
ORD003282,CUST00366,2024-01-17,Credit Card,RETURNED,Eduardochester,Maryland,Falkland Islands (Malvinas),R06
ORD003283,CUST00552,2025-08-10,UPI,DELIVERED,West Stevenside,Illinois,Seychelles,R13
ORD003284,CUST00198,10/08/2025,UPI,DELIVERED,Port Troy,Nevada,Ireland,R12
ORD003285,CUST00522,2023-01-08,Debit Card,DELIVERED,Wheelermouth,North Dakota,Bermuda,R03
ORD003286,CUST00098,2024-11-27,Net Banking,DELIVERED,Wallaceport,Louisiana,New Zealand,R20
ORD003287,CUST00402,2024-05-29,Credit Card,DELIVERED,West Paul,New Hampshire,Panama,R04
ORD003288,CUST00408,2022-05-18,Net Banking,CANCELLED,Sarahview,Missouri,Suriname,R01
ORD003289,CUST00052,2024-08-05,Cash on Delivery,DELIVERED,Port Ashley,Virginia,Grenada,R01
ORD003290,CUST00319,2023-01-23,Debit Card,DELIVERED,Port Markchester,Montana,Georgia,R09
ORD003291,CUST00019,23/01/2023,Cash on Delivery,DELIVERED,East Christina,Alabama,Western Sahara,R03
ORD003292,CUST00553,2022-08-26,Credit Card,DELIVERED,Sparksshire,Wisconsin,Algeria,R13
ORD003293,CUST00165,2025-08-08,UPI,DELIVERED,Adamsshire,Missouri,Iceland,R12
ORD003294,CUST00558,2023-10-12,Debit Card,DELIVERED,North Donnaside,Idaho,Taiwan,R01
ORD003295,CUST00676,2022-08-05,Cash on Delivery,PLACED,East Elizabeth,Tennessee,Norfolk Island,R13
ORD003296,CUST00330,2025-09-30,Debit Card,SHIPPED,West Patrick,New York,Burundi,R13
ORD003297,CUST00290,2022-10-16,Cash on Delivery,DELIVERED,East Taylorbury,New York,Romania,R07
ORD003298,CUST00243,2024-05-16,Net Banking,DELIVERED,Brianfurt,Utah,Rwanda,R02
ORD003299,CUST00195,2022-04-10,Net Banking,DELIVERED,New Robert,Maryland,Romania,R01
ORD003300,CUST00516,2025-10-04,UPI,DELIVERED,Tylerbury,Arkansas,Vanuatu,R14
ORD003301,CUST00500,2023-02-17,Cash on Delivery,DELIVERED,Markfurt,Utah,South Georgia and the South Sandwich Islands,R02
ORD003302,CUST00611,2025-11-19,UPI,DELIVERED,Emmamouth,Texas,Iran,R20
ORD003303,CUST00095,2024-10-09,Debit Card,CANCELLED,Margaretmouth,North Carolina,Hungary,R03
ORD003304,CUST00095,2024-05-22,Credit Card,CANCELLED,North Oliviamouth,California,Thailand,R13
ORD003305,CUST00103,2025-02-15,Cash on Delivery,DELIVERED,South Dana,New Mexico,Pakistan,R11
ORD003306,CUST00575,2023-10-22,Credit Card,CANCELLED,Danielleview,Indiana,Israel,R08
ORD003307,CUST00191,2025-11-23,UPI,DELIVERED,East Steven,Mississippi,Isle of Man,R13
ORD003308,,2022-06-16,Net Banking,DELIVERED,Suzannestad,Illinois,Turkmenistan,R06
ORD003309,CUST00151,2023-01-26,Credit Card,DELIVERED,Gregoryton,Maine,Canada,R16
ORD003310,CUST00695,2022-05-17,Net Banking,RETURNED,Ramosmouth,Virginia,Bolivia,R12
ORD003311,CUST00286,2025-09-06,UPI,CANCELLED,Derrickbury,Massachusetts,Belize,R05
ORD003312,CUST00656,2024-09-08,UPI,DELIVERED,New Tashastad,Texas,Western Sahara,R03
ORD003313,CUST00297,2024-10-18,UPI,CANCELLED,Port Matthewstad,South Dakota,Bolivia,R19
ORD003314,CUST00348,2023-01-01,Cash on Delivery,DELIVERED,West Natasha,Oklahoma,Ghana,R16
ORD003315,CUST00397,01/01/2023,Net Banking,DELIVERED,New Christopherview,Illinois,United States Minor Outlying Islands,R11
ORD003316,CUST00591,2022-10-16,UPI,DELIVERED,Lake Anna,New Mexico,United Arab Emirates,R01
ORD003317,CUST00142,2023-10-20,UPI,DELIVERED,Mckinneyborough,Idaho,Timor-Leste,R10
ORD003318,CUST00017,2024-02-01,Net Banking,CANCELLED,Port Joshuaborough,Indiana,Mexico,R15
ORD003319,CUST00007,2022-05-29,Net Banking,DELIVERED,South Billyhaven,South Carolina,Belarus,R02
ORD003320,CUST00339,2025-02-18,UPI,DELIVERED,Williamsstad,Georgia,Brunei Darussalam,R02
ORD003321,CUST00406,2024-07-25,Net Banking,CANCELLED,New Josephmouth,Tennessee,Slovakia (Slovak Republic),R12
ORD003322,CUST00046,2025-07-18,Cash on Delivery,RETURNED,Bettychester,Mississippi,Niger,R03
ORD003323,CUST00663,2024-07-18,Debit Card,CANCELLED,West Melaniefort,Alaska,Romania,R20
ORD003324,CUST00559,2022-10-07,UPI,CANCELLED,Christinachester,Connecticut,Bouvet Island (Bouvetoya),R19
ORD003325,CUST00045,2025-05-30,Credit Card,SHIPPED,Jasonhaven,Illinois,Aruba,R08
ORD003326,CUST00655,2023-04-30,Debit Card,DELIVERED,Lake Timothystad,Delaware,Cyprus,R20
ORD003327,CUST00269,2022-03-04,Credit Card,DELIVERED,Jonesberg,Florida,Botswana,R15
ORD003328,CUST00380,2023-09-16,Cash on Delivery,DELIVERED,Robertsborough,New Jersey,Bouvet Island (Bouvetoya),R04
ORD003329,CUST00589,2023-03-15,Credit Card,RETURNED,Allenberg,Arizona,Finland,R02
ORD003330,CUST00051,2023-01-17,Cash on Delivery,DELIVERED,New Davidport,Kansas,South Georgia and the South Sandwich Islands,R05
ORD003331,CUST00475,2022-05-16,Net Banking,RETURNED,South Ronald,Minnesota,Indonesia,R11
ORD003332,,2025-08-22,Cash on Delivery,RETURNED,East Jeffreyfurt,Colorado,United Kingdom,R02
ORD003333,CUST00327,2023-10-05,Cash on Delivery,RETURNED,Matthewtown,Nebraska,Serbia,R10
ORD003334,CUST00293,2022-08-15,Credit Card,DELIVERED,Shawnmouth,Michigan,Canada,R04
ORD003335,CUST00571,2023-10-16,Cash on Delivery,DELIVERED,Bentleyton,Utah,Dominican Republic,R18
ORD003336,CUST00610,2023-09-22,Debit Card,DELIVERED,Burgessberg,New Jersey,Saint Kitts and Nevis,R10
ORD003337,CUST00290,2023-05-03,Net Banking,RETURNED,North Adrianstad,West Virginia,Tanzania,R06
ORD003338,CUST00172,2025-07-31,Debit Card,DELIVERED,Pierceton,Nevada,Mozambique,R16
ORD003339,CUST00632,2022-01-05,Debit Card,DELIVERED,Stevenland,Wyoming,Barbados,R13
ORD003340,CUST00013,2022-10-04,Net Banking,DELIVERED,Lake Alexandrafurt,New Jersey,Trinidad and Tobago,R14
ORD003341,CUST00143,2024-12-05,Net Banking,PLACED,Port Henry,Kansas,Haiti,R01
ORD003342,CUST00304,2025-05-26,Credit Card,DELIVERED,New Linda,Wisconsin,Qatar,R13
ORD003343,CUST00017,2025-11-28,Debit Card,DELIVERED,North Crystal,Mississippi,Faroe Islands,R03
ORD003344,CUST00375,2024-04-02,UPI,SHIPPED,Jessicamouth,Colorado,Trinidad and Tobago,R07
ORD003345,CUST00698,2025-09-14,Net Banking,DELIVERED,Riveraton,New Hampshire,Mozambique,R03
ORD003346,CUST00434,2023-04-07,UPI,DELIVERED,East Michelle,Virginia,Marshall Islands,R02
ORD003347,CUST00356,2022-12-19,Cash on Delivery,SHIPPED,East Josephfurt,Utah,Estonia,R05
ORD003348,CUST00184,2023-10-03,UPI,DELIVERED,Courtneymouth,West Virginia,Bouvet Island (Bouvetoya),R19
ORD003349,CUST00335,2024-06-09,Cash on Delivery,DELIVERED,East Jenniferport,California,Togo,R13
ORD003350,CUST00271,2025-04-18,Debit Card,DELIVERED,West Jenniferside,North Carolina,Antigua and Barbuda,R11
ORD003351,CUST00479,2025-04-25,Debit Card,DELIVERED,Coreybury,Illinois,Finland,R04
ORD003352,CUST00587,2023-08-31,UPI,DELIVERED,Jenniferbury,Nebraska,Cook Islands,R17
ORD003353,CUST00653,2025-04-01,Net Banking,DELIVERED,North Leslie,Virginia,Sierra Leone,R10
ORD003354,CUST00415,2023-07-27,Net Banking,DELIVERED,Jameston,Alabama,Morocco,R04
ORD003355,CUST00568,2025-06-27,Debit Card,DELIVERED,Davidview,Iowa,Korea,R16
ORD003356,CUST00271,2025-12-14,Cash on Delivery,DELIVERED,Johnsonberg,Connecticut,Solomon Islands,R18
ORD003357,CUST00008,2023-12-20,Net Banking,PLACED,Port Tammyview,New Hampshire,Bahamas,R06
ORD003358,CUST00249,2026-05-11,UPI,DELIVERED,Port Ivanburgh,Oklahoma,United Arab Emirates,R08
ORD003359,CUST00007,2024-11-22,UPI,DELIVERED,Port Jason,South Dakota,Svalbard & Jan Mayen Islands,R06
ORD003360,CUST00027,2024-05-28,Net Banking,DELIVERED,Davisside,Mississippi,Hong Kong,R07
ORD003361,CUST00195,2024-04-02,Credit Card,DELIVERED,South Nicholasmouth,Mississippi,Argentina,R20
ORD003362,CUST00491,2023-07-05,Credit Card,DELIVERED,South Stephaniebury,Vermont,Singapore,R13
ORD003363,CUST00297,2024-05-24,Credit Card,CANCELLED,North Kathryn,California,Azerbaijan,R05
ORD003364,,2024-12-01,Credit Card,CANCELLED,Jennifershire,Colorado,Singapore,R15
ORD003365,CUST00386,2023-08-11,Cash on Delivery,DELIVERED,East Jennifer,California,Libyan Arab Jamahiriya,R09
ORD003366,CUST00170,2024-07-03,Credit Card,DELIVERED,South Karl,New York,Antarctica (the territory South of 60 deg S),R06
ORD003367,CUST00230,2024-03-17,Debit Card,DELIVERED,Jenniferton,Missouri,Guernsey,R02
ORD003368,CUST00140,2024-12-29,Credit Card,PLACED,Sarahstad,Georgia,Saint Vincent and the Grenadines,R04
ORD003369,CUST00258,2023-06-03,UPI,SHIPPED,Port Miguel,Alaska,Panama,R20
ORD003370,CUST00194,2024-02-12,Credit Card,DELIVERED,Hancocktown,Oregon,Eritrea,R10
ORD003371,CUST00142,2023-09-01,Debit Card,DELIVERED,Port Alexander,Ohio,Turkmenistan,R03
ORD003372,CUST00620,2024-10-03,Credit Card,RETURNED,Ronaldburgh,New Hampshire,Bouvet Island (Bouvetoya),R01
ORD003373,CUST00689,2024-06-21,Debit Card,CANCELLED,South Anthony,Florida,Venezuela,R11
ORD003374,CUST00276,2025-07-13,Credit Card,RETURNED,Frenchland,Delaware,Monaco,R02
ORD003375,CUST00454,2023-11-09,Cash on Delivery,DELIVERED,Lake Davidbury,Nevada,Taiwan,R20
ORD003376,CUST00072,2022-01-06,Credit Card,DELIVERED,New Joshuashire,Alabama,Suriname,R01
ORD003377,CUST00403,2024-05-13,Credit Card,DELIVERED,Lake Tannerton,Illinois,Burkina Faso,R05
ORD003378,CUST00189,2024-02-16,Net Banking,RETURNED,Estradahaven,Alaska,Guatemala,R05
ORD003379,CUST00132,2025-12-14,Net Banking,DELIVERED,Marshallfort,New York,Slovenia,R07
ORD003380,,2022-03-19,Cash on Delivery,DELIVERED,West Emilymouth,Florida,Qatar,R02
ORD003381,CUST00408,2023-08-23,Debit Card,DELIVERED,North Daniel,Michigan,Japan,R01
ORD003382,CUST00454,2024-10-02,Cash on Delivery,DELIVERED,Torrestown,New York,Korea,R08
ORD003383,CUST00388,2022-11-11,Debit Card,DELIVERED,Suzannestad,Missouri,Qatar,R06
ORD003384,CUST00639,2025-05-24,Debit Card,DELIVERED,New Lisaberg,Arizona,Guinea,R10
ORD003385,CUST00087,2025-09-06,UPI,DELIVERED,East Michealbury,Washington,Syrian Arab Republic,R10
ORD003386,CUST00055,2024-06-02,Net Banking,DELIVERED,Robleshaven,Texas,New Zealand,R14
ORD003387,CUST00485,2022-09-29,Debit Card,DELIVERED,Bradyfort,Minnesota,Botswana,R14
ORD003388,CUST00465,2023-10-22,Debit Card,DELIVERED,Burgesshaven,Nebraska,Northern Mariana Islands,R01
ORD003389,CUST00441,2024-01-05,UPI,CANCELLED,West Amber,Oklahoma,Bulgaria,R08
ORD003390,CUST00415,2025-02-09,Cash on Delivery,DELIVERED,South Jessicaview,North Carolina,Korea,R12
ORD003391,CUST00650,2023-03-15,Net Banking,RETURNED,Hayesbury,Mississippi,Tonga,R09
ORD003392,CUST00422,2024-08-12,Debit Card,DELIVERED,Diamondport,Indiana,Mauritania,R09
ORD003393,CUST00323,2023-01-01,Cash on Delivery,DELIVERED,Paulshire,Pennsylvania,Latvia,R17
ORD003394,CUST00223,2026-06-05,Net Banking,DELIVERED,East Michaelton,Colorado,New Zealand,R18
ORD003395,CUST00285,2022-11-07,Cash on Delivery,DELIVERED,Lake Normanview,Nevada,Northern Mariana Islands,R09
ORD003396,CUST00614,2024-06-16,Cash on Delivery,DELIVERED,East Patrickfort,Delaware,Morocco,R19
ORD003397,CUST00636,2022-05-19,Debit Card,PLACED,Haydenshire,Illinois,Cote d'Ivoire,R10
ORD003398,CUST00612,2023-07-29,Credit Card,DELIVERED,Lake Benjamin,South Dakota,Belarus,R14
ORD003399,CUST00447,2023-01-17,Credit Card,DELIVERED,Hawkinston,Massachusetts,Norway,R08
ORD003400,CUST00605,2023-09-03,Net Banking,DELIVERED,New Lauren,Washington,Slovenia,R04
ORD003401,CUST00161,2024-01-12,Cash on Delivery,DELIVERED,Jessemouth,Michigan,Christmas Island,R18
ORD003402,CUST00667,2023-10-20,UPI,DELIVERED,North Derek,Utah,Falkland Islands (Malvinas),R10
ORD003403,CUST00576,2025-04-19,Credit Card,DELIVERED,Kinghaven,Delaware,Brazil,R01
ORD003404,CUST00075,2022-10-17,Net Banking,DELIVERED,South Brittany,Texas,Namibia,R06
ORD003405,,2022-11-02,Cash on Delivery,RETURNED,Julieville,New Hampshire,Djibouti,R10
ORD003406,CUST00510,2024-06-05,Credit Card,DELIVERED,Port David,Pennsylvania,Cyprus,R15
ORD003407,CUST00517,2022-05-09,UPI,CANCELLED,Newmanhaven,Nevada,Grenada,R17
ORD003408,CUST00539,2025-11-07,Credit Card,DELIVERED,Port Johnview,Utah,Saint Helena,R17
ORD003409,CUST00659,2025-06-14,Net Banking,SHIPPED,Brookston,Massachusetts,Greece,R18
ORD003410,CUST00298,2024-01-20,Cash on Delivery,PLACED,Hardyshire,Colorado,Kuwait,R03
ORD003411,CUST00205,2023-04-13,Debit Card,DELIVERED,North Robin,Texas,Gabon,R12
ORD003412,CUST00411,2022-11-25,Cash on Delivery,DELIVERED,Danielleborough,Minnesota,Egypt,R09
ORD003413,CUST00401,2024-02-21,Debit Card,DELIVERED,North Hannahfort,Minnesota,Antigua and Barbuda,R15
ORD003414,CUST00639,2025-08-24,Net Banking,DELIVERED,South Eric,South Carolina,Faroe Islands,R18
ORD003415,CUST00248,2026-05-03,Credit Card,DELIVERED,Lake Kristinfurt,Pennsylvania,Reunion,R04
ORD003416,CUST00052,2025-08-20,UPI,DELIVERED,Shannonstad,Nebraska,Colombia,R05
ORD003417,CUST00428,2025-10-02,Net Banking,DELIVERED,Jamesshire,Connecticut,Ireland,R04
ORD003418,CUST00429,2024-04-12,Debit Card,DELIVERED,Wumouth,Alabama,Sri Lanka,R17
ORD003419,CUST00417,2024-03-20,Debit Card,DELIVERED,Markfurt,Oregon,Senegal,R17
ORD003420,CUST00409,2023-02-27,Debit Card,RETURNED,Port Sandra,Tennessee,United States Virgin Islands,R12
ORD003421,CUST00103,27/02/2023,Net Banking,DELIVERED,Josephville,Arkansas,Solomon Islands,R01
ORD003422,CUST00008,2025-01-18,Cash on Delivery,DELIVERED,North Kevinfort,Wyoming,San Marino,R17
ORD003423,CUST00425,2024-07-10,Credit Card,DELIVERED,Greenborough,Minnesota,Fiji,R02
ORD003424,CUST00366,2025-07-31,Net Banking,DELIVERED,North Samantha,Alabama,Botswana,R11
ORD003425,CUST00110,2025-08-14,Debit Card,CANCELLED,New Amychester,South Carolina,Uganda,R09
ORD003426,CUST00071,2025-12-28,Cash on Delivery,DELIVERED,East Susanshire,Kansas,Heard Island and McDonald Islands,R10
ORD003427,CUST00006,2023-11-28,Credit Card,DELIVERED,Jasonport,North Carolina,Tuvalu,R14
ORD003428,CUST00548,28/11/2023,Credit Card,CANCELLED,North Christopherfort,Arizona,Timor-Leste,R16
ORD003429,CUST00043,2022-10-21,Net Banking,PLACED,Stephenfurt,Arkansas,Norway,R08
ORD003430,CUST00419,2022-05-24,Cash on Delivery,DELIVERED,Mitchellburgh,Missouri,Colombia,R09
ORD003431,CUST00158,2023-04-14,Cash on Delivery,DELIVERED,Reginaport,Nebraska,Central African Republic,R02
ORD003432,CUST00178,2022-01-06,Debit Card,DELIVERED,North Maria,Michigan,Russian Federation,R18
ORD003433,CUST00627,2023-01-25,Credit Card,PLACED,Deanburgh,Georgia,Panama,R20
ORD003434,CUST00285,2023-01-24,Credit Card,DELIVERED,Adamland,Wisconsin,Kenya,R19
ORD003435,CUST00013,2023-01-18,Net Banking,DELIVERED,Jeremyfurt,Missouri,United States Minor Outlying Islands,R20
ORD003436,CUST00488,2022-04-07,Cash on Delivery,CANCELLED,Marissaview,New Mexico,Poland,R05
ORD003437,CUST00280,2022-03-19,Credit Card,DELIVERED,South Brentbury,Oregon,Malta,R04
ORD003438,CUST00215,2025-08-18,Cash on Delivery,DELIVERED,North Scottstad,Connecticut,India,R01
ORD003439,CUST00306,2022-10-22,UPI,DELIVERED,Dennisview,South Dakota,Serbia,R12
ORD003440,CUST00387,2025-02-20,Net Banking,DELIVERED,Lake Gregoryburgh,Hawaii,French Guiana,R17
ORD003441,CUST00015,2024-09-10,Net Banking,DELIVERED,South Matthewland,Missouri,Malaysia,R08
ORD003442,CUST00587,2022-03-06,UPI,RETURNED,Ryanland,North Dakota,Saint Martin,R19
ORD003443,CUST00644,2025-11-10,UPI,DELIVERED,Josephborough,Indiana,Peru,R14
ORD003444,CUST00002,2022-11-03,Cash on Delivery,DELIVERED,Myerstown,Florida,Maldives,R05
ORD003445,CUST00667,2023-06-14,UPI,CANCELLED,West Rebeccamouth,Oklahoma,Brazil,R03
ORD003446,CUST00363,2023-11-14,Cash on Delivery,RETURNED,Lake Nathanielfort,Oklahoma,Chile,R05
ORD003447,CUST00341,2024-05-28,Cash on Delivery,CANCELLED,Lake Markport,Pennsylvania,Christmas Island,R01
ORD003448,CUST00480,2022-09-22,Debit Card,DELIVERED,Port Brendaville,Tennessee,Poland,R08
ORD003449,CUST00099,2022-06-09,Net Banking,DELIVERED,Ernestshire,Rhode Island,Faroe Islands,R16
ORD003450,CUST00293,2024-02-22,Net Banking,DELIVERED,West Danieltown,Wisconsin,Belize,R12
ORD003451,CUST00117,2022-12-03,UPI,DELIVERED,Heatherfurt,Oregon,Mozambique,R14
ORD003452,,2026-02-19,Credit Card,PLACED,New David,Hawaii,Isle of Man,R17
ORD003453,CUST00133,2023-05-15,Debit Card,DELIVERED,North Rebecca,Hawaii,Swaziland,R17
ORD003454,CUST00406,2025-01-08,Debit Card,DELIVERED,North Shannonton,Georgia,Austria,R14
ORD003455,,2024-08-20,Credit Card,DELIVERED,Jacquelinechester,South Carolina,Macao,R14
ORD003456,CUST00032,2024-03-08,Debit Card,DELIVERED,Powellport,Ohio,Barbados,R13
ORD003457,CUST00638,2024-12-09,Credit Card,DELIVERED,South Jacob,Rhode Island,British Virgin Islands,R16
ORD003458,CUST00300,2023-01-20,Credit Card,SHIPPED,Bryantmouth,Rhode Island,Zambia,R15
ORD003459,CUST00198,2022-06-08,Net Banking,DELIVERED,Collinsview,Vermont,Northern Mariana Islands,R19
ORD003460,CUST00219,2024-06-14,UPI,DELIVERED,West Jamesberg,Washington,Brazil,R17
ORD003461,CUST00093,2024-05-19,Cash on Delivery,DELIVERED,North Coreyton,North Dakota,Germany,R05
ORD003462,CUST00391,2025-10-03,Debit Card,DELIVERED,East Curtis,Montana,Switzerland,R14
ORD003463,CUST00638,2025-09-25,UPI,RETURNED,East Keith,Ohio,El Salvador,R05
ORD003464,CUST00242,2025-12-22,Credit Card,DELIVERED,Lake Davidview,Montana,China,R16
ORD003465,CUST00122,2023-09-03,Cash on Delivery,RETURNED,Bassbury,Wyoming,Cayman Islands,R01
ORD003466,CUST00156,2022-01-16,Credit Card,DELIVERED,West John,Wisconsin,Turkmenistan,R19
ORD003467,CUST00058,2023-01-29,Net Banking,DELIVERED,East Amanda,New Hampshire,South Georgia and the South Sandwich Islands,R09
ORD003468,,2022-03-03,Net Banking,SHIPPED,Wellstown,Maryland,Sierra Leone,R18
ORD003469,CUST00288,2022-07-29,Net Banking,DELIVERED,Lake Victoria,Texas,Panama,R09
ORD003470,CUST00073,2024-07-05,Net Banking,DELIVERED,Bowmanchester,Virginia,Indonesia,R11
ORD003471,CUST00322,2025-11-14,Cash on Delivery,SHIPPED,Turnerside,Vermont,Turkey,R18
ORD003472,CUST00554,2025-10-23,UPI,CANCELLED,Tuckerberg,California,Armenia,R07
ORD003473,CUST00474,2023-11-29,Debit Card,DELIVERED,Gregoryport,Vermont,Austria,R11
ORD003474,CUST00506,2022-02-01,Cash on Delivery,DELIVERED,Port Jeffery,Arizona,Turkmenistan,R12
ORD003475,CUST00523,2026-06-19,Net Banking,DELIVERED,Melissatown,Vermont,Peru,R18
ORD003476,,2025-06-19,Cash on Delivery,DELIVERED,Levyberg,Maine,South Georgia and the South Sandwich Islands,R14
ORD003477,CUST00211,2023-12-19,Credit Card,RETURNED,West Joshua,Nevada,Guatemala,R16
ORD003478,CUST00409,2023-03-26,Credit Card,DELIVERED,South Julieside,Pennsylvania,Paraguay,R04
ORD003479,CUST00185,2022-11-19,Cash on Delivery,PLACED,South Whitney,Nevada,Sao Tome and Principe,R11
ORD003480,CUST00091,2025-01-29,Cash on Delivery,SHIPPED,New Andrea,Vermont,Colombia,R19
ORD003481,CUST00663,2022-12-08,Cash on Delivery,DELIVERED,Port Andreahaven,Oregon,Comoros,R04
ORD003482,CUST00524,2025-11-11,UPI,DELIVERED,Wongburgh,Wyoming,Syrian Arab Republic,R16
ORD003483,CUST00008,2023-12-15,Net Banking,DELIVERED,Blackfort,West Virginia,Uruguay,R20
ORD003484,CUST00038,2022-03-03,UPI,DELIVERED,Henrybury,Minnesota,United Kingdom,R05
ORD003485,CUST00225,2025-11-20,Credit Card,DELIVERED,Mejiabury,Colorado,Mali,R05
ORD003486,CUST00397,2024-08-12,Credit Card,DELIVERED,Bethland,Colorado,Saint Kitts and Nevis,R17
ORD003487,CUST00679,2023-10-25,Net Banking,DELIVERED,Lake Christopher,Illinois,Ghana,R20
ORD003488,CUST00466,2023-01-23,Credit Card,DELIVERED,Jasmineton,Minnesota,Albania,R02
ORD003489,CUST00431,2025-06-20,Net Banking,DELIVERED,Lucerotown,New York,Lesotho,R14
ORD003490,CUST00532,2023-08-06,Credit Card,RETURNED,Lake Angelicaport,Oregon,Finland,R07
ORD003491,CUST00347,2024-10-20,Net Banking,PLACED,Gonzalezstad,New Jersey,Honduras,R16
ORD003492,CUST00453,2024-02-23,UPI,DELIVERED,Bushchester,Florida,Seychelles,R07
ORD003493,CUST00103,2022-04-20,Debit Card,DELIVERED,New Sarah,Massachusetts,United States Minor Outlying Islands,R11
ORD003494,CUST00451,2024-06-18,UPI,DELIVERED,Charlesview,Oklahoma,Fiji,R03
ORD003495,CUST00538,2025-02-23,Cash on Delivery,DELIVERED,Joshuaburgh,Hawaii,United Arab Emirates,R08
ORD003496,CUST00529,2023-07-30,Debit Card,DELIVERED,Matthewborough,Illinois,Russian Federation,R10
ORD003497,CUST00377,30/07/2023,UPI,RETURNED,Lake Markland,Minnesota,French Polynesia,R10
ORD003498,CUST00066,2022-05-30,Net Banking,RETURNED,Clarkstad,Delaware,Uruguay,R04
ORD003499,CUST00157,2025-03-07,Debit Card,CANCELLED,North Candicefort,Maryland,Guam,R07
ORD003500,CUST00411,2022-06-16,Net Banking,DELIVERED,Port Lindsay,Nevada,Denmark,R13
ORD003501,CUST00547,2023-09-17,UPI,DELIVERED,Jessicatown,Michigan,Saint Martin,R15
ORD003502,CUST00462,2022-02-17,Cash on Delivery,SHIPPED,Calvinbury,New York,Turks and Caicos Islands,R05
ORD003503,CUST00238,2025-12-02,Debit Card,CANCELLED,East John,Florida,Italy,R09
ORD003504,CUST00366,2025-09-07,Debit Card,DELIVERED,Bridgesmouth,Arizona,Russian Federation,R16
ORD003505,CUST00589,2022-11-05,UPI,RETURNED,East Cynthia,Ohio,Bouvet Island (Bouvetoya),R08
ORD003506,CUST00434,2022-08-06,Net Banking,RETURNED,South Bryanhaven,South Carolina,Palau,R01
ORD003507,CUST00068,2025-01-31,Credit Card,DELIVERED,West Shirley,Maryland,Peru,R16
ORD003508,CUST00224,2023-11-20,Cash on Delivery,DELIVERED,Natalieville,California,United Kingdom,R04
ORD003509,CUST00364,2022-09-08,Net Banking,DELIVERED,Curryshire,Nevada,Ecuador,R06
ORD003510,CUST00616,2025-03-22,Credit Card,DELIVERED,Vanceborough,California,Benin,R08
ORD003511,CUST00107,2023-04-21,Cash on Delivery,DELIVERED,East Vicki,Connecticut,Ukraine,R07
ORD003512,CUST00039,2022-01-26,UPI,DELIVERED,Martinbury,Arkansas,Svalbard & Jan Mayen Islands,R12
ORD003513,CUST00678,2023-11-03,Credit Card,RETURNED,Kimberlyshire,Kentucky,Peru,R08
ORD003514,CUST00233,2025-07-14,UPI,DELIVERED,North Jimmyside,Connecticut,Malawi,R12
ORD003515,CUST00071,2025-05-29,Debit Card,DELIVERED,East Janetport,Oklahoma,Zambia,R19
ORD003516,CUST00444,2023-08-02,UPI,RETURNED,Lake Benjaminton,Florida,Bangladesh,R07
ORD003517,CUST00308,2024-02-17,Net Banking,CANCELLED,West Charles,Kentucky,Anguilla,R09
ORD003518,CUST00399,2024-04-25,UPI,DELIVERED,South Brandonhaven,Kentucky,Jamaica,R19
ORD003519,CUST00366,2022-04-08,UPI,RETURNED,Waltersfort,Ohio,Kiribati,R16
ORD003520,CUST00275,2024-09-23,Cash on Delivery,DELIVERED,East Katherine,Maine,Montenegro,R03
ORD003521,CUST00453,2024-07-31,UPI,RETURNED,Atkinstown,Indiana,Papua New Guinea,R06
ORD003522,CUST00079,2022-07-19,UPI,DELIVERED,West Jacobport,Texas,Lithuania,R18
ORD003523,CUST00074,2023-02-02,Debit Card,RETURNED,Lake Jamie,Maryland,Bulgaria,R04
ORD003524,CUST00234,2022-06-12,Debit Card,CANCELLED,South Michaelton,Alaska,French Polynesia,R16
ORD003525,CUST00396,2025-08-03,UPI,DELIVERED,Smithtown,South Dakota,French Guiana,R09
ORD003526,CUST00576,2022-06-21,Net Banking,CANCELLED,North Jimmy,Mississippi,Grenada,R10
ORD003527,CUST00027,2025-03-03,Credit Card,DELIVERED,Duncanberg,Arkansas,Saint Helena,R05
ORD003528,CUST00549,2024-01-04,Credit Card,RETURNED,Lake Erin,Utah,Djibouti,R01
ORD003529,CUST00156,2024-07-16,Debit Card,RETURNED,Rodneymouth,Florida,Palestinian Territory,R01
ORD003530,CUST00589,2022-05-13,Cash on Delivery,DELIVERED,Grayland,Virginia,Mali,R06
ORD003531,CUST00120,2025-05-28,Credit Card,DELIVERED,Espinozamouth,New York,Jamaica,R15
ORD003532,CUST00471,2024-01-10,Net Banking,RETURNED,Hardinland,Indiana,Macao,R14
ORD003533,,2024-01-17,UPI,DELIVERED,Douglasberg,Indiana,New Caledonia,R11
ORD003534,CUST00404,2024-04-14,Debit Card,DELIVERED,New Tashabury,South Carolina,Korea,R02
ORD003535,,2024-09-26,Credit Card,DELIVERED,North Joshua,New Mexico,Czech Republic,R08
ORD003536,CUST00276,2022-03-02,Cash on Delivery,PLACED,Michaelshire,Kentucky,Ghana,R07
ORD003537,CUST00449,02/03/2022,Net Banking,DELIVERED,Jocelynchester,North Carolina,Sri Lanka,R20
ORD003538,CUST00017,2025-07-11,Net Banking,DELIVERED,Lake Jillmouth,Washington,Czech Republic,R11
ORD003539,CUST00154,2023-03-12,Debit Card,CANCELLED,New Angelatown,New York,Mozambique,R04
ORD003540,CUST00281,2024-10-18,Cash on Delivery,DELIVERED,Maxwellton,Kansas,Niue,R08
ORD003541,CUST00359,2024-09-11,Debit Card,CANCELLED,West Nancymouth,North Carolina,Greenland,R12
ORD003542,CUST00445,2024-08-20,Credit Card,CANCELLED,New Daniel,Ohio,Northern Mariana Islands,R13
ORD003543,CUST00054,2023-05-21,Net Banking,DELIVERED,Lake Peter,Florida,Antigua and Barbuda,R05
ORD003544,CUST00389,2023-07-16,Cash on Delivery,DELIVERED,Margaretborough,Wyoming,Dominica,R12
ORD003545,CUST00659,2024-06-25,Cash on Delivery,DELIVERED,South Christopher,Oregon,Germany,R12
ORD003546,CUST00597,2023-01-26,Credit Card,DELIVERED,South Jeremymouth,Nebraska,Ukraine,R15
ORD003547,CUST00385,2023-12-10,Debit Card,CANCELLED,East Tiffanymouth,South Dakota,Belarus,R10
ORD003548,CUST00623,2025-04-07,Credit Card,RETURNED,Jamesside,Texas,Fiji,R18
ORD003549,CUST00332,2022-10-16,Credit Card,DELIVERED,Lake Paulastad,Utah,Pakistan,R11
ORD003550,CUST00352,2023-06-25,Credit Card,CANCELLED,Katelynmouth,Louisiana,Finland,R09
ORD003551,CUST00296,2025-12-26,Debit Card,CANCELLED,South Katherinehaven,Virginia,Nauru,R13
ORD003552,CUST00493,2024-11-18,Cash on Delivery,RETURNED,Bryanthaven,North Dakota,Mauritania,R08
ORD003553,CUST00587,2025-05-31,Net Banking,DELIVERED,Lake Jennifer,Washington,Burkina Faso,R08
ORD003554,CUST00068,2025-05-26,Debit Card,DELIVERED,Port Saraton,New Jersey,Slovakia (Slovak Republic),R03
ORD003555,CUST00383,2022-08-06,Debit Card,DELIVERED,West Andrewport,New York,Senegal,R07
ORD003556,CUST00153,2022-04-16,UPI,DELIVERED,Port Glennfurt,Connecticut,Portugal,R19
ORD003557,CUST00469,2023-11-21,Net Banking,DELIVERED,Elizabethside,Vermont,American Samoa,R11
ORD003558,CUST00219,2025-10-18,UPI,DELIVERED,Codytown,Vermont,Georgia,R19
ORD003559,CUST00330,2024-05-07,Net Banking,DELIVERED,Ortizland,North Dakota,Italy,R14
ORD003560,CUST00436,2023-02-04,Credit Card,SHIPPED,Eduardochester,Florida,Sierra Leone,R17
ORD003561,CUST00383,2023-03-31,UPI,SHIPPED,Madisonfort,Arkansas,Qatar,R18
ORD003562,CUST00492,2023-02-06,UPI,DELIVERED,Harrisonville,Alaska,British Indian Ocean Territory (Chagos Archipelago),R19
ORD003563,CUST00087,2024-02-19,UPI,DELIVERED,Owenstown,Iowa,Ecuador,R14
ORD003564,CUST00493,2022-09-01,Credit Card,DELIVERED,Steventon,Vermont,France,R01
ORD003565,CUST00498,2024-10-21,UPI,DELIVERED,Jeffreytown,New Jersey,Ecuador,R04
ORD003566,CUST00047,2022-07-29,Net Banking,DELIVERED,Marychester,Wyoming,Marshall Islands,R11
ORD003567,CUST00434,2024-05-29,Debit Card,DELIVERED,Sandovalview,Rhode Island,Sudan,R02
ORD003568,CUST00417,2025-06-13,UPI,DELIVERED,Port Jasonton,Kentucky,South Georgia and the South Sandwich Islands,R14
ORD003569,CUST00593,2022-12-20,Credit Card,RETURNED,Port Stevenhaven,Pennsylvania,Montserrat,R03
ORD003570,CUST00382,2022-08-10,Credit Card,DELIVERED,Richardshire,Hawaii,Finland,R07
ORD003571,CUST00013,2023-12-27,UPI,DELIVERED,West Melissaville,Connecticut,Vanuatu,R02
ORD003572,CUST00190,2025-12-23,Net Banking,CANCELLED,North Christopher,Nevada,Seychelles,R11
ORD003573,CUST00020,2023-03-25,Credit Card,DELIVERED,East John,Kentucky,Uzbekistan,R04
ORD003574,CUST00099,2023-07-10,Credit Card,PLACED,Ochoaville,North Carolina,Solomon Islands,R14
ORD003575,CUST00492,2022-07-13,Debit Card,SHIPPED,South Michael,Colorado,Ukraine,R11
ORD003576,,2025-06-22,UPI,SHIPPED,Brownbury,Louisiana,Dominican Republic,R13
ORD003577,CUST00435,2025-11-04,Credit Card,CANCELLED,Nelsonberg,Minnesota,Tuvalu,R17
ORD003578,CUST00145,2023-08-16,Credit Card,DELIVERED,Phillipsmouth,Indiana,Hong Kong,R02
ORD003579,CUST00328,2022-08-03,Cash on Delivery,DELIVERED,Christopherberg,Indiana,British Virgin Islands,R06
ORD003580,CUST00049,2022-04-24,Credit Card,DELIVERED,Jonathanland,Delaware,Nauru,R04
ORD003581,CUST00680,2025-07-22,UPI,CANCELLED,Lake Derrickfurt,Alabama,Liechtenstein,R04
ORD003582,CUST00213,2022-06-09,Debit Card,DELIVERED,Lake Richard,Pennsylvania,Costa Rica,R19
ORD003583,CUST00104,2022-03-23,Credit Card,DELIVERED,West Monicaburgh,California,Peru,R17
ORD003584,CUST00388,2023-04-26,UPI,DELIVERED,Frankchester,New Hampshire,Palau,R06
ORD003585,CUST00250,2023-01-15,Debit Card,DELIVERED,Lisaside,Kentucky,Paraguay,R14
ORD003586,,2022-07-31,Credit Card,DELIVERED,Kimberlyville,Delaware,Syrian Arab Republic,R06
ORD003587,CUST00513,2023-09-28,Debit Card,DELIVERED,Lake Larryshire,Virginia,New Zealand,R14
ORD003588,CUST00006,2023-04-29,Cash on Delivery,DELIVERED,Jessicachester,Vermont,Belize,R14
ORD003589,CUST00198,2024-04-09,UPI,DELIVERED,Melissamouth,Massachusetts,Cote d'Ivoire,R19
ORD003590,CUST00366,2023-11-13,Net Banking,DELIVERED,Amandaberg,Montana,Marshall Islands,R16
ORD003591,CUST00641,2022-07-17,Credit Card,DELIVERED,Brianville,Louisiana,Thailand,R19
ORD003592,CUST00564,2024-08-08,Debit Card,DELIVERED,Tammyburgh,Illinois,Burkina Faso,R16
ORD003593,CUST00238,2022-10-30,UPI,DELIVERED,Angelashire,Iowa,Sweden,R06
ORD003594,CUST00393,30/10/2022,Debit Card,DELIVERED,Williamborough,Texas,Saint Pierre and Miquelon,R03
ORD003595,CUST00274,2025-12-20,Net Banking,RETURNED,Nancyburgh,North Carolina,Maldives,R12
ORD003596,CUST00253,2022-02-17,Cash on Delivery,SHIPPED,Anthonyfort,Massachusetts,Aruba,R14
ORD003597,CUST00427,2025-09-17,Debit Card,DELIVERED,Moranhaven,Colorado,Myanmar,R12
ORD003598,CUST00225,2024-12-01,Cash on Delivery,DELIVERED,Stokesstad,Kentucky,Solomon Islands,R06
ORD003599,CUST00296,2025-05-12,Debit Card,RETURNED,Rhondastad,Idaho,Fiji,R13
ORD003600,CUST00445,2024-12-29,Credit Card,DELIVERED,Vasquezfort,Kentucky,France,R18
ORD003601,CUST00595,2025-04-24,Net Banking,DELIVERED,Arianaview,Pennsylvania,Ecuador,R19
ORD003602,CUST00565,2022-02-22,Credit Card,DELIVERED,Ronaldton,Arkansas,Jordan,R07
ORD003603,CUST00398,2022-01-14,Cash on Delivery,DELIVERED,Carrollhaven,Florida,Iceland,R04
ORD003604,CUST00347,2023-04-08,Credit Card,DELIVERED,Martinezmouth,Mississippi,Sri Lanka,R14
ORD003605,CUST00202,2023-07-22,Cash on Delivery,RETURNED,South Steven,Iowa,Solomon Islands,R11
ORD003606,CUST00278,2025-10-08,Debit Card,DELIVERED,Rebeccaport,Tennessee,Spain,R11
ORD003607,CUST00513,2023-08-14,Credit Card,DELIVERED,New Craigville,Alaska,Turks and Caicos Islands,R01
ORD003608,CUST00423,2025-08-07,Net Banking,DELIVERED,Andrewburgh,Mississippi,El Salvador,R05
ORD003609,CUST00304,2025-06-12,Cash on Delivery,DELIVERED,Jessicachester,Arizona,Bermuda,R20
ORD003610,CUST00624,2025-03-19,Cash on Delivery,DELIVERED,Brownbury,Georgia,Tajikistan,R03
ORD003611,CUST00426,2024-09-09,Credit Card,DELIVERED,Taylormouth,Oregon,Cambodia,R17
ORD003612,CUST00086,2023-09-09,Cash on Delivery,DELIVERED,West Elizabeth,Connecticut,Romania,R15
ORD003613,CUST00091,2024-01-11,UPI,DELIVERED,Jamesfurt,Wyoming,Azerbaijan,R07
ORD003614,CUST00486,2022-12-05,UPI,DELIVERED,West Brian,Iowa,San Marino,R06
ORD003615,CUST00005,2024-11-22,Debit Card,DELIVERED,Johnhaven,North Dakota,Eritrea,R14
ORD003616,CUST00494,2023-02-20,UPI,DELIVERED,South Angela,Minnesota,Cape Verde,R05
ORD003617,CUST00396,2024-12-01,Cash on Delivery,DELIVERED,South Christopher,New York,Nauru,R05
ORD003618,CUST00126,01/12/2024,Credit Card,DELIVERED,Ashleyview,Michigan,Vanuatu,R10
ORD003619,CUST00453,2025-05-25,Debit Card,DELIVERED,Cassandrastad,Virginia,Nigeria,R05
ORD003620,CUST00593,2026-04-19,Debit Card,DELIVERED,Meganhaven,Delaware,China,R13
ORD003621,CUST00211,2023-11-28,Credit Card,DELIVERED,Lake Daniel,Virginia,Tunisia,R15
ORD003622,CUST00143,2023-03-24,Cash on Delivery,CANCELLED,South Jessica,North Dakota,Denmark,R19
ORD003623,CUST00646,2022-07-26,UPI,DELIVERED,Lake Joshua,Alaska,Central African Republic,R19
ORD003624,CUST00269,2022-11-28,UPI,RETURNED,South Michelle,Florida,Lebanon,R04
ORD003625,CUST00186,2023-08-25,Net Banking,DELIVERED,South Rickyview,Virginia,Antarctica (the territory South of 60 deg S),R19
ORD003626,CUST00472,2025-04-05,Net Banking,DELIVERED,Tiffanyview,Washington,Uzbekistan,R01
ORD003627,CUST00422,2023-08-28,Cash on Delivery,DELIVERED,Elizabethville,Colorado,Central African Republic,R11
ORD003628,CUST00226,2024-05-08,UPI,DELIVERED,Hallland,Delaware,Andorra,R13
ORD003629,CUST00111,2023-06-29,Cash on Delivery,PLACED,East Jasmineberg,Ohio,Saint Barthelemy,R13
ORD003630,,2024-07-25,Debit Card,DELIVERED,North Thomas,Tennessee,French Guiana,R02
ORD003631,CUST00084,2024-11-21,Credit Card,DELIVERED,Brianaburgh,North Dakota,Saint Barthelemy,R09
ORD003632,CUST00221,2022-07-29,Net Banking,CANCELLED,Chanchester,New York,Liberia,R07
ORD003633,CUST00281,2025-05-19,UPI,DELIVERED,Ianborough,Massachusetts,Qatar,R19
ORD003634,CUST00559,2023-02-16,Debit Card,SHIPPED,Port Jermaine,South Dakota,Turkmenistan,R02
ORD003635,CUST00073,2023-12-11,Net Banking,DELIVERED,Lake Kristin,Virginia,Kazakhstan,R02
ORD003636,CUST00076,2026-02-02,UPI,DELIVERED,New Robert,West Virginia,Mozambique,R10
ORD003637,CUST00593,2022-10-18,Cash on Delivery,DELIVERED,Port Susanville,Arizona,American Samoa,R03
ORD003638,CUST00026,2022-08-03,Debit Card,DELIVERED,Smithmouth,Wisconsin,Chad,R06
ORD003639,CUST00040,2022-04-16,Cash on Delivery,CANCELLED,Jamesview,Vermont,Mali,R14
ORD003640,CUST00428,2023-08-22,Net Banking,RETURNED,Matamouth,Indiana,Tunisia,R02
ORD003641,CUST00075,2024-02-11,Cash on Delivery,PLACED,West Rachelfort,Kansas,Bouvet Island (Bouvetoya),R10
ORD003642,CUST00148,2022-02-10,Credit Card,DELIVERED,Hunterside,Oregon,Monaco,R11
ORD003643,CUST00310,2022-10-30,Credit Card,RETURNED,New Shawntown,Texas,Sudan,R07
ORD003644,CUST00327,2024-06-01,Net Banking,SHIPPED,Brettborough,Iowa,Lao People's Democratic Republic,R16
ORD003645,CUST00580,01/06/2024,Cash on Delivery,SHIPPED,Hornbury,Connecticut,Bulgaria,R18
ORD003646,CUST00392,2024-08-09,Debit Card,DELIVERED,Zhangview,Colorado,Saint Vincent and the Grenadines,R04
ORD003647,CUST00089,2023-04-29,UPI,DELIVERED,Brettburgh,Utah,Portugal,R05
ORD003648,CUST00101,2023-12-07,Debit Card,RETURNED,Catherinetown,North Dakota,Canada,R01
ORD003649,CUST00139,2023-10-02,Net Banking,DELIVERED,North Cathyfort,Georgia,China,R01
ORD003650,CUST00166,02/10/2023,UPI,DELIVERED,New Dianafort,Colorado,Tunisia,R04
ORD003651,CUST00136,2022-09-01,Net Banking,CANCELLED,New Breannaview,Minnesota,Cocos (Keeling) Islands,R10
ORD003652,CUST00325,2023-01-17,Net Banking,RETURNED,Ashleyton,Florida,Dominica,R03
ORD003653,CUST00623,2022-11-22,Net Banking,DELIVERED,Port Markhaven,Washington,Kyrgyz Republic,R17
ORD003654,CUST00378,2023-06-29,Debit Card,CANCELLED,South Michaeltown,Illinois,Chad,R07
ORD003655,CUST00620,2022-11-02,Cash on Delivery,DELIVERED,Port Sharonhaven,Ohio,Azerbaijan,R03
ORD003656,CUST00039,2025-05-19,Net Banking,DELIVERED,Shieldsport,California,Lao People's Democratic Republic,R04
ORD003657,CUST00674,19/05/2025,Cash on Delivery,RETURNED,Alexanderview,Delaware,Yemen,R06
ORD003658,CUST00256,2022-12-10,UPI,DELIVERED,North Scottside,Nevada,Lithuania,R02
ORD003659,CUST00078,2024-10-06,UPI,RETURNED,Zacharyfort,Massachusetts,Guam,R07
ORD003660,CUST00340,2024-11-26,Cash on Delivery,DELIVERED,Stefanietown,Pennsylvania,Guadeloupe,R06
ORD003661,CUST00398,2024-06-12,Cash on Delivery,DELIVERED,West Matthewport,South Carolina,Switzerland,R12
ORD003662,CUST00346,2025-11-12,Debit Card,DELIVERED,Thompsonbury,Montana,Isle of Man,R16
ORD003663,CUST00320,2024-08-24,UPI,DELIVERED,Ericaberg,New Hampshire,Christmas Island,R12
ORD003664,CUST00290,2024-02-19,UPI,RETURNED,Mosesville,Ohio,United States Minor Outlying Islands,R15
ORD003665,CUST00598,2022-07-13,Cash on Delivery,DELIVERED,Katieberg,Arizona,Gambia,R17
ORD003666,CUST00368,2025-05-17,Cash on Delivery,DELIVERED,Lake Angela,Wisconsin,Panama,R19
ORD003667,CUST00613,2023-05-19,UPI,PLACED,Lake Stephanieview,Montana,Cameroon,R04
ORD003668,CUST00606,2026-04-07,Net Banking,DELIVERED,South Nancyview,Texas,Congo,R13
ORD003669,CUST00214,2025-12-14,Cash on Delivery,DELIVERED,Cassandraborough,Oregon,United Kingdom,R05
ORD003670,CUST00189,2023-03-22,UPI,DELIVERED,South Kristenfurt,New Hampshire,Equatorial Guinea,R13
ORD003671,CUST00414,2022-02-22,Debit Card,DELIVERED,Petersside,Utah,Turkey,R01
ORD003672,,2024-12-15,UPI,DELIVERED,Elliottstad,Ohio,Germany,R02
ORD003673,CUST00085,2023-11-25,Debit Card,DELIVERED,Christineland,Arkansas,Indonesia,R08
ORD003674,CUST00006,25/11/2023,Net Banking,CANCELLED,Ellisberg,Nevada,French Guiana,R09
ORD003675,CUST00042,2022-05-23,Cash on Delivery,DELIVERED,Webershire,New Hampshire,Mauritania,R04
ORD003676,CUST00006,2024-08-07,Net Banking,DELIVERED,Jayfort,Arkansas,Barbados,R20
ORD003677,CUST00061,2022-09-06,UPI,DELIVERED,Baileyville,Nevada,Saint Vincent and the Grenadines,R18
ORD003678,CUST00145,2023-02-18,Net Banking,DELIVERED,Emmahaven,Georgia,Vanuatu,R17
ORD003679,CUST00114,2025-10-20,Credit Card,DELIVERED,Tinamouth,Ohio,American Samoa,R05
ORD003680,CUST00566,2023-02-25,Credit Card,DELIVERED,Smithton,New Mexico,Niue,R10
ORD003681,CUST00014,2024-07-04,Net Banking,DELIVERED,South Melvin,North Carolina,Taiwan,R05
ORD003682,CUST00539,2023-11-26,Cash on Delivery,DELIVERED,Phillipshire,Idaho,Jersey,R10
ORD003683,CUST00033,2025-10-30,UPI,PLACED,Port Brendan,Wyoming,Slovakia (Slovak Republic),R18
ORD003684,CUST00275,2022-12-09,UPI,DELIVERED,South Stephanie,Michigan,Singapore,R04
ORD003685,CUST00119,2024-02-11,Debit Card,DELIVERED,East Michaelfort,Idaho,Barbados,R11
ORD003686,,2022-08-28,Net Banking,RETURNED,North Anthony,Wyoming,Guam,R06
ORD003687,CUST00659,2023-12-13,Credit Card,RETURNED,Kristinville,Mississippi,Djibouti,R01
ORD003688,CUST00448,2022-08-09,Debit Card,RETURNED,Hunterfurt,Missouri,Angola,R18
ORD003689,CUST00042,2022-01-11,Net Banking,DELIVERED,Port Matthewfort,Ohio,Croatia,R01
ORD003690,CUST00131,2023-09-25,UPI,CANCELLED,Lake Stephanietown,Illinois,United Arab Emirates,R01
ORD003691,CUST00308,2025-11-14,Debit Card,RETURNED,Charlesbury,South Dakota,Iraq,R11
ORD003692,CUST00249,2023-06-10,Cash on Delivery,DELIVERED,East Brianna,Massachusetts,Jordan,R05
ORD003693,CUST00523,2025-02-11,UPI,RETURNED,Christinamouth,Washington,Spain,R09
ORD003694,CUST00295,2023-11-17,Net Banking,DELIVERED,Lake Tyroneton,Nevada,Aruba,R10
ORD003695,CUST00644,2022-02-08,UPI,DELIVERED,Nelsonfurt,Connecticut,Switzerland,R17
ORD003696,CUST00691,2023-03-08,Cash on Delivery,DELIVERED,East Monica,Arizona,Austria,R13
ORD003697,CUST00228,2025-05-02,Net Banking,RETURNED,Jessicaland,Washington,Trinidad and Tobago,R18
ORD003698,CUST00658,2024-10-23,UPI,DELIVERED,Braunport,Illinois,Iceland,R08
ORD003699,CUST00476,2024-05-19,UPI,DELIVERED,Millerfurt,Kansas,Macao,R04
ORD003700,CUST00228,2025-11-15,Cash on Delivery,DELIVERED,Kimland,Minnesota,Uganda,R15
ORD003701,CUST00257,2024-01-13,Credit Card,CANCELLED,Marshtown,West Virginia,Greece,R13
ORD003702,CUST00611,2023-02-01,Debit Card,CANCELLED,Marthachester,Nevada,British Virgin Islands,R18
ORD003703,CUST00331,2024-03-24,Net Banking,DELIVERED,West Kathleen,Washington,Luxembourg,R19
ORD003704,CUST00586,2023-04-23,UPI,DELIVERED,West Georgehaven,Mississippi,Turkmenistan,R09
ORD003705,CUST00192,2022-12-30,UPI,CANCELLED,West Danielhaven,North Carolina,Latvia,R20
ORD003706,CUST00441,2022-09-26,UPI,DELIVERED,Clarkview,Utah,Montserrat,R12
ORD003707,CUST00157,2022-09-25,Cash on Delivery,DELIVERED,Lake Eugeneborough,Virginia,Cyprus,R13
ORD003708,CUST00069,2024-06-14,Net Banking,DELIVERED,North Lee,Alaska,American Samoa,R15
ORD003709,CUST00247,2023-12-18,Debit Card,DELIVERED,East Michelleberg,Texas,Qatar,R02
ORD003710,CUST00085,2022-01-11,Credit Card,DELIVERED,Jenniferhaven,Kentucky,Uzbekistan,R03
ORD003711,CUST00229,2025-04-27,Cash on Delivery,SHIPPED,Robertfort,California,Haiti,R19
ORD003712,CUST00566,2025-07-13,Debit Card,DELIVERED,Danielmouth,Tennessee,Qatar,R01
ORD003713,,2023-08-14,Net Banking,DELIVERED,Smithmouth,Nebraska,Mexico,R20
ORD003714,CUST00629,2024-07-04,Cash on Delivery,CANCELLED,New Christopher,Connecticut,Iran,R10
ORD003715,CUST00276,2024-12-01,Net Banking,CANCELLED,Mitchellfurt,New York,Uruguay,R06
ORD003716,CUST00331,2025-05-07,UPI,DELIVERED,Waltonfurt,Mississippi,Svalbard & Jan Mayen Islands,R06
ORD003717,CUST00247,2024-01-07,Debit Card,DELIVERED,Cruzview,New Mexico,India,R10
ORD003718,CUST00525,2022-03-14,UPI,DELIVERED,Davidhaven,Texas,Saint Pierre and Miquelon,R15
ORD003719,CUST00130,2025-12-13,Debit Card,DELIVERED,Melissaberg,Pennsylvania,Jordan,R13
ORD003720,CUST00615,2023-04-28,Cash on Delivery,DELIVERED,Nicoleburgh,California,Liechtenstein,R15
ORD003721,CUST00289,2023-07-20,Cash on Delivery,RETURNED,West Ashleyside,North Dakota,Lithuania,R13
ORD003722,CUST00179,2024-04-02,Cash on Delivery,CANCELLED,New Angela,New York,Cambodia,R01
ORD003723,CUST00167,2023-12-29,Debit Card,DELIVERED,Kerryview,Georgia,Chad,R08
ORD003724,CUST00219,2022-01-08,Credit Card,DELIVERED,Jonesside,Mississippi,Puerto Rico,R11
ORD003725,CUST00692,2022-03-05,Debit Card,DELIVERED,Zamoraburgh,Rhode Island,Sweden,R08
ORD003726,CUST00085,2024-04-12,Cash on Delivery,RETURNED,Bowersbury,Tennessee,Malta,R05
ORD003727,CUST00538,2023-11-02,UPI,DELIVERED,Austinfurt,New Mexico,Burundi,R05
ORD003728,CUST00620,2023-04-20,Credit Card,RETURNED,Valenciachester,Illinois,Myanmar,R20
ORD003729,CUST00615,2022-02-28,Credit Card,SHIPPED,East Lauren,Colorado,Equatorial Guinea,R10
ORD003730,CUST00161,2023-01-19,Credit Card,PLACED,East Christopherborough,Oregon,Swaziland,R03
ORD003731,CUST00418,2025-10-26,Credit Card,RETURNED,East Lori,Colorado,Botswana,R12
ORD003732,CUST00247,2025-12-02,Net Banking,DELIVERED,Port Mistyview,Texas,Angola,R07
ORD003733,CUST00487,2023-09-15,UPI,DELIVERED,Johnside,Massachusetts,Guam,R05
ORD003734,CUST00364,2024-03-23,Credit Card,DELIVERED,Floresberg,Vermont,French Guiana,R08
ORD003735,CUST00601,2023-07-07,UPI,DELIVERED,New Philip,Michigan,Belarus,R12
ORD003736,CUST00008,2023-03-06,UPI,DELIVERED,South Charlotte,Kentucky,Guatemala,R19
ORD003737,CUST00050,2023-12-08,Credit Card,DELIVERED,West Charles,New Hampshire,Montserrat,R07
ORD003738,CUST00383,2025-09-28,Net Banking,DELIVERED,Lake Walter,Virginia,Uzbekistan,R03
ORD003739,CUST00619,2022-05-19,UPI,DELIVERED,West Michael,Montana,Zimbabwe,R06
ORD003740,CUST00596,2023-10-21,Net Banking,SHIPPED,Mcphersonbury,Texas,Costa Rica,R05
ORD003741,CUST00189,2025-06-09,Net Banking,DELIVERED,Jenniferside,Nevada,Papua New Guinea,R09
ORD003742,CUST00505,2023-01-24,Debit Card,DELIVERED,South Deniseberg,Massachusetts,Western Sahara,R20
ORD003743,CUST00317,2024-11-26,Net Banking,DELIVERED,Mckeeville,Rhode Island,Nicaragua,R20
ORD003744,CUST00147,2025-03-11,Debit Card,DELIVERED,Port Lynnchester,Florida,Estonia,R12
ORD003745,,2025-08-30,Credit Card,SHIPPED,Villaport,South Dakota,Latvia,R13
ORD003746,CUST00667,2023-10-16,Net Banking,RETURNED,New James,Utah,Vietnam,R18
ORD003747,CUST00078,2024-04-13,Net Banking,DELIVERED,Derrickhaven,Mississippi,Taiwan,R10
ORD003748,CUST00251,2022-07-01,UPI,DELIVERED,Burchmouth,Illinois,Jordan,R12
ORD003749,CUST00201,2024-01-18,UPI,RETURNED,North Lisatown,Florida,Palau,R15
ORD003750,CUST00511,2025-12-16,Net Banking,DELIVERED,Liton,Utah,Solomon Islands,R11
ORD003751,CUST00060,2024-08-21,Net Banking,DELIVERED,Melissaberg,Alabama,Comoros,R14
ORD003752,CUST00069,2024-04-18,Cash on Delivery,DELIVERED,Mooreberg,Delaware,Singapore,R03
ORD003753,CUST00664,2025-08-29,Cash on Delivery,SHIPPED,Danashire,Arizona,North Macedonia,R03
ORD003754,,2023-03-02,Credit Card,DELIVERED,Jessicafurt,Hawaii,Sweden,R04
ORD003755,CUST00401,2023-04-19,Cash on Delivery,DELIVERED,Robertburgh,Georgia,Argentina,R15
ORD003756,,2022-05-26,Net Banking,DELIVERED,Rogerschester,Indiana,Norfolk Island,R07
ORD003757,CUST00344,2025-05-15,Credit Card,DELIVERED,New Jason,Utah,Guinea,R16
ORD003758,CUST00127,2022-02-26,Cash on Delivery,DELIVERED,West Jacob,Florida,Hungary,R05
ORD003759,CUST00388,2022-07-19,Cash on Delivery,DELIVERED,Johnside,Colorado,Zimbabwe,R17
ORD003760,CUST00377,2023-03-06,Net Banking,SHIPPED,East Brianfort,Massachusetts,Germany,R10
ORD003761,CUST00156,2025-08-21,Credit Card,PLACED,Cameronview,Hawaii,Bahamas,R01
ORD003762,CUST00251,2022-08-08,Debit Card,DELIVERED,Allisonborough,Wisconsin,Yemen,R08
ORD003763,CUST00584,2023-06-23,Cash on Delivery,RETURNED,South Joshuatown,Wisconsin,Zimbabwe,R05
ORD003764,CUST00250,2025-03-04,UPI,DELIVERED,Lake Michelle,Idaho,Malaysia,R09
ORD003765,CUST00448,2022-03-26,Cash on Delivery,CANCELLED,Johnsonview,Louisiana,Albania,R13
ORD003766,CUST00628,2023-04-15,Net Banking,DELIVERED,North Andrew,South Carolina,American Samoa,R18
ORD003767,CUST00265,2023-12-29,Cash on Delivery,DELIVERED,Davisside,Idaho,Dominica,R16
ORD003768,CUST00423,2024-11-18,UPI,RETURNED,Jacquelinebury,Florida,Saudi Arabia,R11
ORD003769,CUST00216,2025-09-13,Credit Card,PLACED,Wellsbury,New York,Jordan,R04
ORD003770,CUST00282,2023-07-05,UPI,CANCELLED,Jonathanfurt,California,Kazakhstan,R12
ORD003771,,2022-07-17,Net Banking,DELIVERED,Kellybury,Michigan,Gibraltar,R14
ORD003772,CUST00456,2023-04-27,Credit Card,CANCELLED,West Taylorville,Idaho,United States of America,R12
ORD003773,CUST00066,2023-08-29,Net Banking,DELIVERED,Pattersonmouth,Utah,Egypt,R09
ORD003774,CUST00324,2024-06-20,Credit Card,RETURNED,Port Kelsey,West Virginia,Trinidad and Tobago,R08
ORD003775,,2022-07-18,Debit Card,DELIVERED,Haroldton,Florida,Bangladesh,R11
ORD003776,CUST00396,2023-06-22,Net Banking,DELIVERED,Lake Coreyview,Iowa,North Macedonia,R15
ORD003777,CUST00524,2023-01-23,Net Banking,DELIVERED,South Ericside,South Carolina,Norway,R09
ORD003778,CUST00592,2025-10-07,Debit Card,CANCELLED,Williamport,New Hampshire,Lebanon,R01
ORD003779,CUST00315,2022-10-21,Credit Card,DELIVERED,Lake Nicole,Oregon,Bangladesh,R14
ORD003780,CUST00593,2025-07-15,Cash on Delivery,DELIVERED,New Michelle,Arizona,Cyprus,R13
ORD003781,CUST00547,2023-11-30,UPI,DELIVERED,Lake Carolineberg,New Hampshire,Guatemala,R02
ORD003782,CUST00432,2024-07-20,Net Banking,CANCELLED,New Heather,Mississippi,Germany,R16
ORD003783,CUST00184,2023-12-19,Credit Card,DELIVERED,West Laurieland,West Virginia,Benin,R01
ORD003784,CUST00629,2023-10-17,Credit Card,DELIVERED,East Arthur,Virginia,India,R09
ORD003785,CUST00142,2025-08-23,Cash on Delivery,DELIVERED,Carlyton,Alabama,Saint Barthelemy,R14
ORD003786,CUST00673,2023-03-05,UPI,DELIVERED,Jakeview,Indiana,India,R07
ORD003787,CUST00300,2023-02-19,Net Banking,DELIVERED,Johnburgh,West Virginia,Slovakia (Slovak Republic),R01
ORD003788,,2024-05-25,Net Banking,DELIVERED,Chapmanview,Georgia,Cayman Islands,R15
ORD003789,CUST00141,2024-12-07,Cash on Delivery,DELIVERED,Lake Brianberg,Hawaii,Uruguay,R02
ORD003790,CUST00470,2025-10-13,Credit Card,DELIVERED,Sandershaven,Kansas,Ghana,R17
ORD003791,,2022-09-02,Net Banking,DELIVERED,Romerohaven,New Hampshire,Uruguay,R05
ORD003792,CUST00249,2024-04-27,Credit Card,DELIVERED,Elizabethville,Arkansas,Netherlands,R19
ORD003793,CUST00277,2025-11-23,Net Banking,DELIVERED,East Amber,Mississippi,Cuba,R15
ORD003794,CUST00013,2022-03-03,Net Banking,DELIVERED,North Briannaton,Texas,Jamaica,R05
ORD003795,,2022-11-25,UPI,DELIVERED,West Wyatt,Nevada,Oman,R05
ORD003796,CUST00156,2024-01-10,UPI,RETURNED,Dyerport,Montana,Heard Island and McDonald Islands,R17
ORD003797,CUST00300,2024-05-06,Debit Card,DELIVERED,Martinezburgh,Oklahoma,Palestinian Territory,R09
ORD003798,CUST00557,2023-04-26,Credit Card,DELIVERED,Penabury,Maine,Falkland Islands (Malvinas),R15
ORD003799,CUST00692,2025-06-02,UPI,RETURNED,Littlebury,Idaho,Rwanda,R17
ORD003800,CUST00171,2023-03-22,Cash on Delivery,DELIVERED,Gomezchester,North Dakota,Finland,R16
ORD003801,CUST00654,2025-12-28,Credit Card,DELIVERED,West Kennethchester,West Virginia,Cook Islands,R11
ORD003802,CUST00656,2023-06-02,Cash on Delivery,RETURNED,South Larryborough,Massachusetts,Saudi Arabia,R14
ORD003803,CUST00614,2022-04-16,Cash on Delivery,RETURNED,Danielfort,Montana,Montenegro,R14
ORD003804,CUST00287,2024-11-13,UPI,DELIVERED,Howardshire,Mississippi,United States Minor Outlying Islands,R07
ORD003805,CUST00150,2024-06-19,Debit Card,DELIVERED,Murphychester,Alabama,Armenia,R03
ORD003806,CUST00578,2025-05-05,Debit Card,PLACED,Lake Jeffery,West Virginia,Germany,R01
ORD003807,CUST00080,2022-08-27,Debit Card,DELIVERED,New Megan,West Virginia,Faroe Islands,R04
ORD003808,CUST00487,2024-03-12,Cash on Delivery,DELIVERED,Danaland,Alabama,Mongolia,R02
ORD003809,CUST00554,2022-09-06,Credit Card,RETURNED,East Mark,Washington,Estonia,R17
ORD003810,CUST00591,2023-06-10,UPI,DELIVERED,Timothyshire,South Dakota,Heard Island and McDonald Islands,R03
ORD003811,CUST00063,2025-07-27,Debit Card,DELIVERED,South Danielle,Iowa,Libyan Arab Jamahiriya,R12
ORD003812,,2023-09-08,Cash on Delivery,DELIVERED,Williamsland,Maine,Cambodia,R07
ORD003813,CUST00339,2025-12-24,UPI,DELIVERED,Parkerton,Idaho,Niger,R07
ORD003814,CUST00489,2025-08-07,Debit Card,DELIVERED,Williamsland,Iowa,Somalia,R02
ORD003815,CUST00202,2024-01-27,UPI,DELIVERED,East Brittany,Georgia,British Virgin Islands,R13
ORD003816,CUST00529,2022-01-26,Net Banking,DELIVERED,West Danielle,Georgia,Georgia,R04
ORD003817,CUST00499,2025-10-18,Net Banking,DELIVERED,New Eric,Rhode Island,Northern Mariana Islands,R02
ORD003818,CUST00094,2023-07-28,Cash on Delivery,PLACED,North Jenniferport,Oregon,India,R15
ORD003819,CUST00673,2025-10-26,Cash on Delivery,DELIVERED,New Jorge,New Jersey,Sri Lanka,R18
ORD003820,CUST00662,2023-11-03,Net Banking,DELIVERED,Jameston,Ohio,Lao People's Democratic Republic,R14
ORD003821,CUST00096,2024-04-16,Cash on Delivery,RETURNED,Lake Yolanda,Maine,Sao Tome and Principe,R14
ORD003822,CUST00530,16/04/2024,Cash on Delivery,DELIVERED,Powelltown,Arkansas,Zambia,R13
ORD003823,CUST00450,2023-11-12,Cash on Delivery,DELIVERED,West Kevin,Nevada,India,R07
ORD003824,CUST00164,2023-08-10,Net Banking,CANCELLED,Gwendolynbury,Nevada,Vanuatu,R11
ORD003825,CUST00029,2024-11-28,Cash on Delivery,DELIVERED,Lake Tammyport,Indiana,Maldives,R07
ORD003826,CUST00262,2023-09-27,Cash on Delivery,SHIPPED,Lake Julia,Washington,Andorra,R12
ORD003827,CUST00433,2024-04-02,Credit Card,DELIVERED,Matthewburgh,Michigan,Solomon Islands,R08
ORD003828,CUST00374,2024-09-10,Credit Card,DELIVERED,Martinfort,Idaho,Honduras,R19
ORD003829,CUST00522,2023-08-14,Credit Card,DELIVERED,East Lindsay,Wyoming,Cambodia,R05
ORD003830,CUST00097,2023-05-24,Net Banking,DELIVERED,Navarroburgh,New York,Ecuador,R02
ORD003831,CUST00069,2024-09-08,Cash on Delivery,CANCELLED,Jenniferchester,Ohio,Svalbard & Jan Mayen Islands,R14
ORD003832,CUST00439,2025-01-19,Cash on Delivery,CANCELLED,South Susan,Washington,Pitcairn Islands,R01
ORD003833,CUST00208,2023-02-25,Cash on Delivery,DELIVERED,Thompsonbury,Kentucky,Northern Mariana Islands,R06
ORD003834,CUST00474,2023-01-26,Net Banking,DELIVERED,Butlerville,Arizona,Guinea,R18
ORD003835,CUST00663,2022-06-05,Debit Card,SHIPPED,Carolfurt,Colorado,Mayotte,R12
ORD003836,CUST00063,2022-03-16,Credit Card,CANCELLED,Bergfurt,Hawaii,Macao,R12
ORD003837,CUST00308,2025-06-18,Credit Card,PLACED,Toddhaven,Vermont,Mali,R18
ORD003838,CUST00479,2024-01-02,UPI,DELIVERED,West Teresa,Rhode Island,Uganda,R19
ORD003839,CUST00484,2023-01-31,UPI,DELIVERED,Port Johnstad,Colorado,Mali,R08
ORD003840,CUST00569,2023-10-26,Credit Card,RETURNED,Robertland,Iowa,Papua New Guinea,R16
ORD003841,CUST00481,2023-04-11,UPI,DELIVERED,Brandonside,Ohio,Denmark,R17
ORD003842,CUST00300,2024-12-16,Credit Card,DELIVERED,Port Craig,Kansas,Mayotte,R16
ORD003843,CUST00669,2022-02-12,Net Banking,DELIVERED,South Bethborough,Louisiana,Latvia,R20
ORD003844,CUST00063,2023-10-16,UPI,DELIVERED,Port Derekborough,New York,Lithuania,R02
ORD003845,CUST00145,2024-07-24,Debit Card,DELIVERED,Lake Tara,Oklahoma,Sri Lanka,R10
ORD003846,CUST00692,2022-01-04,Credit Card,RETURNED,Port Emilyburgh,Hawaii,Venezuela,R02
ORD003847,CUST00358,2025-05-27,Net Banking,CANCELLED,North Paulville,North Carolina,Serbia,R15
ORD003848,CUST00481,2023-07-25,Cash on Delivery,CANCELLED,North Adam,Georgia,Dominican Republic,R14
ORD003849,CUST00124,2024-06-19,Cash on Delivery,DELIVERED,West Edwinland,Illinois,Ecuador,R04
ORD003850,CUST00386,2025-06-18,Cash on Delivery,DELIVERED,Walshborough,Utah,Bangladesh,R13
ORD003851,CUST00413,2023-03-29,Net Banking,DELIVERED,New Angelaland,Hawaii,Libyan Arab Jamahiriya,R20
ORD003852,CUST00625,2022-03-12,Net Banking,DELIVERED,East David,Rhode Island,United States Virgin Islands,R08
ORD003853,CUST00200,2023-10-25,Debit Card,PLACED,Lopezville,Idaho,Nigeria,R20
ORD003854,CUST00376,2023-06-25,Debit Card,RETURNED,Port Stacyville,Texas,Sierra Leone,R13
ORD003855,CUST00699,2023-12-11,Credit Card,DELIVERED,Reidfurt,Oregon,Qatar,R20
ORD003856,CUST00206,2024-12-06,Credit Card,DELIVERED,North Hollyville,Tennessee,Mozambique,R03
ORD003857,CUST00594,2024-09-19,Debit Card,DELIVERED,South Nicholasmouth,Indiana,Swaziland,R20
ORD003858,CUST00014,2025-03-23,Debit Card,DELIVERED,West Melissa,North Dakota,Dominican Republic,R16
ORD003859,CUST00688,2023-02-04,UPI,DELIVERED,Port Michelle,Wyoming,Liberia,R11
ORD003860,CUST00505,2022-06-26,Cash on Delivery,DELIVERED,Robinmouth,Maine,Saint Helena,R11
ORD003861,CUST00039,2024-02-05,UPI,PLACED,Ryanville,Delaware,Lao People's Democratic Republic,R13
ORD003862,CUST00156,2024-08-31,UPI,DELIVERED,Lake Hannahmouth,Alabama,Burkina Faso,R05
ORD003863,CUST00411,2024-01-20,Cash on Delivery,DELIVERED,New Tammy,Arizona,Tanzania,R09
ORD003864,CUST00480,2023-01-31,Cash on Delivery,DELIVERED,North Cindyhaven,Alabama,Tokelau,R18
ORD003865,CUST00209,2025-09-12,Debit Card,DELIVERED,West Courtney,Oregon,Norway,R07
ORD003866,CUST00367,2022-06-27,UPI,DELIVERED,Port Jamie,Delaware,Hong Kong,R04
ORD003867,CUST00291,2024-10-31,Net Banking,DELIVERED,North Nicholasborough,Idaho,Estonia,R09
ORD003868,CUST00394,2024-12-20,Cash on Delivery,RETURNED,New Jesusstad,Idaho,Rwanda,R13
ORD003869,CUST00291,2023-12-02,Credit Card,CANCELLED,Martinberg,Tennessee,Trinidad and Tobago,R01
ORD003870,CUST00213,2022-03-08,Net Banking,DELIVERED,North Jeffrey,Connecticut,Jordan,R14
ORD003871,CUST00434,2023-12-27,Cash on Delivery,DELIVERED,Jessicaburgh,North Dakota,Zimbabwe,R13
ORD003872,CUST00552,2025-11-07,Cash on Delivery,RETURNED,East Pamela,New York,Philippines,R16
ORD003873,CUST00686,2022-02-11,UPI,PLACED,Lake Katherinefurt,New Hampshire,Madagascar,R02
ORD003874,CUST00692,2022-06-22,UPI,DELIVERED,Port Ryanmouth,West Virginia,Mauritania,R02
ORD003875,CUST00089,2023-10-02,Net Banking,DELIVERED,New Adrian,Massachusetts,Bhutan,R11
ORD003876,CUST00089,2023-06-02,Cash on Delivery,DELIVERED,New Randy,Kentucky,Saudi Arabia,R09
ORD003877,CUST00214,2022-09-20,Net Banking,CANCELLED,Ramostown,Hawaii,Chile,R13
ORD003878,CUST00668,2022-03-05,UPI,CANCELLED,Christophermouth,Indiana,Norway,R07
ORD003879,CUST00241,2025-08-24,Net Banking,CANCELLED,West Soniatown,Mississippi,Somalia,R07
ORD003880,,2022-11-03,Credit Card,CANCELLED,New Alejandraland,Arkansas,Papua New Guinea,R03
ORD003881,CUST00060,2023-06-17,UPI,DELIVERED,South Marcusmouth,Alabama,Marshall Islands,R17
ORD003882,CUST00610,2023-02-08,UPI,DELIVERED,Frankport,Nebraska,Vanuatu,R17
ORD003883,CUST00117,2024-01-31,Debit Card,CANCELLED,Brownfort,North Carolina,El Salvador,R18
ORD003884,CUST00046,2023-11-09,Credit Card,DELIVERED,Bishopton,Washington,Albania,R09
ORD003885,CUST00067,2024-05-18,Cash on Delivery,DELIVERED,North Debra,Montana,Faroe Islands,R20
ORD003886,CUST00700,2024-10-22,Credit Card,PLACED,Mariahmouth,North Carolina,Djibouti,R09
ORD003887,CUST00226,2023-05-16,Net Banking,DELIVERED,Jennifertown,Colorado,Luxembourg,R08
ORD003888,CUST00428,2025-11-03,Cash on Delivery,RETURNED,South Gary,Tennessee,Nepal,R01
ORD003889,CUST00525,2023-11-19,UPI,DELIVERED,Lake Devin,Idaho,Mongolia,R05
ORD003890,CUST00691,2022-02-10,Cash on Delivery,SHIPPED,Port Hannahbury,Florida,Algeria,R19
ORD003891,CUST00311,2023-07-15,Debit Card,DELIVERED,North Karenland,Illinois,Equatorial Guinea,R01
ORD003892,CUST00356,2022-02-13,Credit Card,SHIPPED,Woodardfurt,Ohio,Antarctica (the territory South of 60 deg S),R03
ORD003893,CUST00038,2026-03-05,Credit Card,PLACED,New Candacestad,Alaska,Christmas Island,R20
ORD003894,CUST00444,2023-04-16,Credit Card,DELIVERED,South Leroyland,Utah,Latvia,R20
ORD003895,CUST00516,2024-09-18,Credit Card,SHIPPED,Melissafort,California,Saint Helena,R19
ORD003896,CUST00128,2022-05-18,Credit Card,DELIVERED,Williamsfurt,Louisiana,Mauritius,R20
ORD003897,CUST00239,2023-07-01,Net Banking,DELIVERED,Knighthaven,Oklahoma,Iraq,R12
ORD003898,CUST00664,2022-10-31,UPI,DELIVERED,East Patriciaview,Arkansas,Kiribati,R16
ORD003899,CUST00438,2025-02-20,UPI,DELIVERED,West Cynthiaside,Utah,Belgium,R16
ORD003900,CUST00408,2023-01-18,Credit Card,DELIVERED,New Bryanville,Connecticut,Sao Tome and Principe,R18
ORD003901,CUST00222,2025-08-04,Credit Card,DELIVERED,Lorimouth,Vermont,Ireland,R17
ORD003902,CUST00681,2024-02-16,UPI,SHIPPED,Marshallchester,California,Myanmar,R13
ORD003903,CUST00656,2025-08-29,Net Banking,DELIVERED,Davidshire,Montana,Saint Pierre and Miquelon,R06
ORD003904,CUST00189,2022-02-15,Net Banking,DELIVERED,South Benjaminberg,Connecticut,Korea,R17
ORD003905,,2023-10-18,Credit Card,DELIVERED,Markfort,New Jersey,Senegal,R13
ORD003906,CUST00088,2025-05-25,Debit Card,DELIVERED,East Nicoleborough,Oklahoma,Albania,R18
ORD003907,CUST00657,2023-01-26,Cash on Delivery,RETURNED,Susanport,New Hampshire,Madagascar,R01
ORD003908,CUST00475,2025-09-19,Cash on Delivery,DELIVERED,South Steven,Florida,Gibraltar,R11
ORD003909,CUST00580,2025-09-01,Credit Card,DELIVERED,Lake Eduardo,South Carolina,United States Virgin Islands,R20
ORD003910,CUST00489,2023-07-03,Credit Card,DELIVERED,New Joseph,Oregon,Moldova,R20
ORD003911,CUST00508,2024-01-07,UPI,DELIVERED,West Jeanne,New York,China,R07
ORD003912,CUST00571,2023-12-14,Cash on Delivery,PLACED,New Cathy,Illinois,Cuba,R01
ORD003913,CUST00075,2024-09-03,Debit Card,DELIVERED,Jackietown,Hawaii,Reunion,R15
ORD003914,CUST00112,2025-10-31,Net Banking,DELIVERED,Anthonybury,Oregon,Macao,R18
ORD003915,CUST00597,2023-09-15,UPI,RETURNED,Gonzalezhaven,Maryland,Seychelles,R05
ORD003916,CUST00605,2023-08-20,Debit Card,CANCELLED,Amandaview,Florida,Philippines,R12
ORD003917,CUST00096,2023-12-08,Net Banking,SHIPPED,New Angela,Massachusetts,Saint Kitts and Nevis,R04
ORD003918,,2025-03-24,UPI,SHIPPED,Flynnstad,Florida,Russian Federation,R12
ORD003919,CUST00045,2023-01-08,Cash on Delivery,DELIVERED,New Jessicachester,Texas,Korea,R09
ORD003920,,2023-09-22,Credit Card,DELIVERED,Port Teresa,New Mexico,Egypt,R15
ORD003921,CUST00575,2023-06-03,Net Banking,DELIVERED,Port Jimmy,Maryland,Ukraine,R15
ORD003922,CUST00051,2022-01-05,UPI,DELIVERED,Mccoyton,Connecticut,Isle of Man,R19
ORD003923,CUST00201,2023-10-21,UPI,DELIVERED,East Joseph,Arkansas,Brazil,R05
ORD003924,CUST00349,2023-02-11,UPI,DELIVERED,North Nicholas,Vermont,Congo,R13
ORD003925,CUST00641,2023-02-01,Debit Card,DELIVERED,Gregorychester,Indiana,Iran,R01
ORD003926,CUST00412,2022-09-24,Cash on Delivery,DELIVERED,Whiteborough,Illinois,Haiti,R06
ORD003927,CUST00166,2023-12-15,Credit Card,DELIVERED,West Joshuastad,Mississippi,South Georgia and the South Sandwich Islands,R07
ORD003928,CUST00122,2025-01-18,UPI,DELIVERED,Lake Rebeccaport,Indiana,Faroe Islands,R02
ORD003929,CUST00014,2025-09-15,Net Banking,DELIVERED,Sarahland,California,Bosnia and Herzegovina,R01
ORD003930,CUST00140,2023-12-27,Credit Card,RETURNED,Josephshire,Kentucky,French Polynesia,R14
ORD003931,CUST00143,2024-05-31,Cash on Delivery,DELIVERED,Timothyport,Hawaii,Serbia,R08
ORD003932,CUST00481,2025-06-16,Debit Card,RETURNED,Lake Angelaport,Idaho,Togo,R11
ORD003933,CUST00507,2024-08-29,UPI,CANCELLED,Nicholashaven,Delaware,United Arab Emirates,R09
ORD003934,CUST00313,2023-07-25,Cash on Delivery,DELIVERED,East Claireville,Nebraska,Faroe Islands,R14
ORD003935,CUST00695,2025-03-14,Net Banking,DELIVERED,Mayburgh,Kentucky,Panama,R13
ORD003936,CUST00556,2023-08-25,Credit Card,DELIVERED,Gregoryhaven,New Hampshire,China,R10
ORD003937,CUST00260,2023-01-29,Credit Card,DELIVERED,Chandlermouth,Indiana,Pakistan,R03
ORD003938,CUST00288,2025-11-10,Net Banking,RETURNED,Brooksshire,Delaware,Guyana,R18
ORD003939,CUST00679,2023-01-08,Debit Card,RETURNED,North Stevenville,Kentucky,Heard Island and McDonald Islands,R17
ORD003940,CUST00204,2024-10-08,Debit Card,DELIVERED,Port Allisonview,New Mexico,Turks and Caicos Islands,R10
ORD003941,CUST00576,2024-06-02,Credit Card,DELIVERED,Lake Rachael,Arkansas,Guadeloupe,R12
ORD003942,CUST00671,2023-12-25,Net Banking,DELIVERED,West Mark,Illinois,Belarus,R14
ORD003943,CUST00507,2022-02-09,Net Banking,CANCELLED,East Johnport,Kansas,Samoa,R17
ORD003944,CUST00321,2024-01-14,UPI,CANCELLED,Caseport,Indiana,Samoa,R15
ORD003945,CUST00485,2022-03-15,Net Banking,PLACED,West Crystaltown,Nevada,Italy,R17
ORD003946,CUST00624,2025-02-17,Credit Card,DELIVERED,Wilsontown,Missouri,Sudan,R14
ORD003947,CUST00625,2025-09-05,Debit Card,DELIVERED,Allenmouth,Maryland,New Caledonia,R14
ORD003948,CUST00612,2022-06-09,Cash on Delivery,PLACED,Port Michele,California,Maldives,R01
ORD003949,CUST00313,2025-11-19,UPI,DELIVERED,Harperton,Missouri,Guadeloupe,R02
ORD003950,CUST00611,2022-01-14,Debit Card,DELIVERED,Jonesview,New Hampshire,Belize,R06
ORD003951,CUST00009,2023-06-28,Credit Card,DELIVERED,North Danielburgh,Massachusetts,Afghanistan,R20
ORD003952,CUST00201,2022-08-04,Net Banking,DELIVERED,North Robert,Alabama,United States of America,R16
ORD003953,CUST00146,2023-01-31,Cash on Delivery,DELIVERED,East Reneefort,Hawaii,Moldova,R12
ORD003954,CUST00683,2025-12-13,UPI,DELIVERED,Mccormickhaven,Iowa,Northern Mariana Islands,R01
ORD003955,CUST00065,2022-07-27,Debit Card,DELIVERED,East Brianfurt,Colorado,Estonia,R12
ORD003956,CUST00113,2025-03-07,Credit Card,DELIVERED,Donaldton,New Jersey,Niger,R01
ORD003957,CUST00308,07/03/2025,Credit Card,RETURNED,Hinesmouth,North Carolina,Turkey,R04
ORD003958,CUST00320,2023-02-10,Credit Card,RETURNED,North Sarah,Tennessee,Bangladesh,R05
ORD003959,CUST00476,2023-03-21,Credit Card,CANCELLED,West Maryberg,Kentucky,India,R16
ORD003960,CUST00636,2022-01-22,Debit Card,DELIVERED,Walkerfort,Hawaii,Egypt,R04
ORD003961,CUST00115,2025-01-01,Debit Card,DELIVERED,Jonesstad,Pennsylvania,Heard Island and McDonald Islands,R09
ORD003962,CUST00171,2022-09-21,Credit Card,RETURNED,Jodiview,New Jersey,Gibraltar,R09
ORD003963,CUST00153,2024-10-21,Net Banking,RETURNED,Terryborough,Wisconsin,Ukraine,R12
ORD003964,CUST00114,2024-01-31,Cash on Delivery,DELIVERED,New Jerome,Michigan,Germany,R08
ORD003965,CUST00542,2024-02-15,Debit Card,DELIVERED,Andrewsside,Indiana,Iceland,R11
ORD003966,CUST00083,2023-11-21,Net Banking,RETURNED,Smithport,Washington,Niue,R20
ORD003967,CUST00641,2022-06-04,Credit Card,DELIVERED,West Brendaview,Washington,Peru,R03
ORD003968,CUST00489,2024-04-11,Debit Card,DELIVERED,West Adamview,Iowa,Montenegro,R12
ORD003969,CUST00321,2022-03-28,Credit Card,DELIVERED,West Teresa,Nevada,Saint Vincent and the Grenadines,R02
ORD003970,CUST00428,2022-02-09,Credit Card,DELIVERED,New Michael,Oklahoma,Norfolk Island,R04
ORD003971,CUST00426,2023-09-29,Credit Card,DELIVERED,Colemantown,South Carolina,Italy,R13
ORD003972,CUST00098,29/09/2023,UPI,DELIVERED,West Kyle,New Jersey,United States of America,R16
ORD003973,CUST00384,2025-11-25,Credit Card,DELIVERED,Smithfort,Massachusetts,Tanzania,R09
ORD003974,CUST00104,2022-05-08,Net Banking,PLACED,North Brian,North Carolina,French Guiana,R09
ORD003975,CUST00539,2022-07-21,Net Banking,DELIVERED,Martinberg,Missouri,Georgia,R01
ORD003976,CUST00604,2025-07-26,UPI,DELIVERED,Robinhaven,Alaska,Turkey,R08
ORD003977,CUST00086,2025-05-04,Net Banking,DELIVERED,Port Joshua,Pennsylvania,French Polynesia,R08
ORD003978,CUST00634,2022-04-05,UPI,DELIVERED,Tonibury,Massachusetts,Iraq,R16
ORD003979,CUST00061,2023-08-04,UPI,DELIVERED,West Eric,Louisiana,Norway,R20
ORD003980,CUST00605,2023-01-15,Credit Card,RETURNED,Mejiashire,Michigan,Argentina,R14
ORD003981,CUST00452,2025-07-02,UPI,RETURNED,Sharpchester,Utah,Vanuatu,R07
ORD003982,CUST00288,2023-07-18,Cash on Delivery,RETURNED,Stephenbury,New York,Turkey,R17
ORD003983,CUST00040,2025-08-28,Debit Card,CANCELLED,Annstad,Washington,Uruguay,R03
ORD003984,CUST00674,2025-03-10,Credit Card,SHIPPED,West Charles,Hawaii,Western Sahara,R12
ORD003985,CUST00623,2023-05-30,Net Banking,DELIVERED,Robertshire,South Dakota,Austria,R02
ORD003986,CUST00696,2022-05-08,Credit Card,DELIVERED,Trujilloburgh,Hawaii,Timor-Leste,R08
ORD003987,CUST00110,2024-01-17,Credit Card,DELIVERED,New Joshua,Utah,Senegal,R12
ORD003988,CUST00453,2025-08-09,Credit Card,DELIVERED,Murphyburgh,Indiana,Solomon Islands,R03
ORD003989,CUST00113,2024-08-27,Debit Card,DELIVERED,Crawfordshire,Oregon,Nicaragua,R10
ORD003990,CUST00644,2022-03-23,UPI,DELIVERED,North Lori,Texas,Maldives,R07
ORD003991,CUST00663,2023-06-12,Net Banking,RETURNED,Benjamintown,Arkansas,Monaco,R12
ORD003992,CUST00231,2023-02-12,UPI,RETURNED,West Ashleyland,Florida,Finland,R06
ORD003993,CUST00681,12/02/2023,UPI,DELIVERED,South Anne,Massachusetts,Latvia,R04
ORD003994,CUST00329,2025-10-12,Credit Card,DELIVERED,Jeffreyside,Michigan,Bangladesh,R04
ORD003995,CUST00690,2025-01-03,Cash on Delivery,DELIVERED,Lake Shelly,New Mexico,Honduras,R11
ORD003996,CUST00066,2024-12-31,Credit Card,CANCELLED,West Eugene,Maine,Israel,R17
ORD003997,CUST00115,2022-04-20,Credit Card,DELIVERED,Davidchester,West Virginia,Chad,R03
ORD003998,CUST00055,2022-02-03,Net Banking,DELIVERED,Brianstad,Georgia,Angola,R20
ORD003999,CUST00160,2023-09-11,Cash on Delivery,DELIVERED,East Joseph,Nebraska,Belarus,R13
ORD004000,,2022-04-18,Debit Card,DELIVERED,Foxborough,New Hampshire,Cambodia,R15
ORD004001,CUST00446,2024-03-20,UPI,DELIVERED,Lake Patrick,Minnesota,Netherlands,R12
ORD004002,CUST00141,2025-10-19,Net Banking,DELIVERED,Lake Jeffery,North Carolina,Armenia,R15
ORD004003,CUST00659,2023-03-22,Cash on Delivery,DELIVERED,Lake Stephanieland,New Mexico,Belize,R03
ORD004004,CUST00383,2025-06-03,UPI,DELIVERED,Williamsbury,Illinois,Switzerland,R11
ORD004005,CUST00053,2025-02-20,Credit Card,PLACED,North William,Mississippi,French Guiana,R13
ORD004006,CUST00534,2023-03-14,Net Banking,DELIVERED,New Debrabury,Nebraska,Palau,R02
ORD004007,CUST00219,2025-06-03,Debit Card,DELIVERED,Brownburgh,Utah,Andorra,R02
ORD004008,CUST00175,2024-09-06,Cash on Delivery,DELIVERED,North Jeffrey,Oklahoma,Mauritius,R13
ORD004009,CUST00049,2022-03-16,UPI,DELIVERED,Lake Rebekah,Arizona,Mozambique,R20
ORD004010,CUST00211,2023-01-09,Net Banking,DELIVERED,Washingtonchester,New York,Wallis and Futuna,R10
ORD004011,CUST00641,2023-12-12,Credit Card,DELIVERED,Gibsonchester,Michigan,Serbia,R14
ORD004012,CUST00555,2023-12-10,UPI,SHIPPED,Collinsstad,Maryland,Greenland,R08
ORD004013,CUST00563,2024-08-17,Net Banking,DELIVERED,East Johnhaven,Delaware,Nicaragua,R02
ORD004014,CUST00322,2023-05-29,Credit Card,DELIVERED,Jamesville,Connecticut,United Arab Emirates,R02
ORD004015,CUST00103,2022-03-20,Credit Card,DELIVERED,South Claudia,Oregon,Germany,R04
ORD004016,CUST00241,2023-08-01,Cash on Delivery,DELIVERED,East Lynn,Ohio,Niger,R08
ORD004017,CUST00178,2025-02-10,Cash on Delivery,DELIVERED,East Hayley,Illinois,Palau,R03
ORD004018,CUST00689,2025-09-27,UPI,DELIVERED,East Michaelland,Maryland,Palau,R14
ORD004019,CUST00228,2024-03-18,UPI,DELIVERED,Matthewtown,New Jersey,Angola,R19
ORD004020,CUST00693,2022-08-11,UPI,DELIVERED,Wrightchester,Florida,South Georgia and the South Sandwich Islands,R16
ORD004021,CUST00252,2025-05-20,Cash on Delivery,PLACED,Smithmouth,Maine,Saint Barthelemy,R17
ORD004022,CUST00607,2022-06-14,Net Banking,DELIVERED,Crystalville,West Virginia,Sweden,R06
ORD004023,,2023-04-07,Debit Card,DELIVERED,Lisafort,Nevada,Cayman Islands,R09
ORD004024,CUST00103,2022-06-16,Net Banking,RETURNED,Haleyside,Kansas,Saint Pierre and Miquelon,R15
ORD004025,CUST00117,2023-02-01,Debit Card,DELIVERED,South Heidi,Pennsylvania,Korea,R01
ORD004026,,2023-01-23,Cash on Delivery,DELIVERED,East Brandyton,Nevada,Montenegro,R06
ORD004027,CUST00222,2023-05-24,Cash on Delivery,DELIVERED,Hullstad,Hawaii,Papua New Guinea,R04
ORD004028,CUST00599,2022-02-22,Cash on Delivery,DELIVERED,East Joy,Wyoming,Guyana,R10
ORD004029,CUST00371,2024-02-27,Debit Card,DELIVERED,South Steven,Delaware,Central African Republic,R16
ORD004030,CUST00146,2023-08-05,Debit Card,DELIVERED,New Joseph,Wyoming,Monaco,R04
ORD004031,CUST00615,2024-07-25,Net Banking,DELIVERED,New Elizabethshire,Maryland,Switzerland,R08
ORD004032,CUST00450,2024-07-26,UPI,DELIVERED,Stephaniefurt,Utah,Saint Kitts and Nevis,R17
ORD004033,CUST00513,2023-06-03,Credit Card,CANCELLED,Lake Jasmineshire,Louisiana,Germany,R08
ORD004034,CUST00599,2025-07-23,UPI,DELIVERED,Douglasport,Maryland,Jersey,R13
ORD004035,CUST00391,2023-01-26,Net Banking,DELIVERED,Drewshire,Alabama,Antarctica (the territory South of 60 deg S),R01
ORD004036,CUST00382,2023-02-05,Credit Card,DELIVERED,West Geoffreyberg,West Virginia,Malta,R07
ORD004037,CUST00558,2023-08-07,Cash on Delivery,DELIVERED,Medinamouth,Kentucky,Lithuania,R10
ORD004038,CUST00048,2025-10-15,Credit Card,DELIVERED,Port Cesarshire,New Mexico,Serbia,R10
ORD004039,CUST00684,2024-01-29,UPI,DELIVERED,Kathyville,Utah,Gabon,R13
ORD004040,CUST00391,2023-08-07,Net Banking,DELIVERED,Mcmillanbury,Nevada,Liechtenstein,R07
ORD004041,CUST00001,2022-08-11,UPI,SHIPPED,Rebeccaberg,North Carolina,Qatar,R15
ORD004042,CUST00427,2022-02-13,Debit Card,DELIVERED,Port Hayleyland,New Jersey,Liberia,R04
ORD004043,CUST00384,2025-10-30,Cash on Delivery,DELIVERED,Port Cynthiabury,Louisiana,Reunion,R20
ORD004044,CUST00407,2026-03-04,Net Banking,DELIVERED,Williamsbury,Connecticut,Isle of Man,R01
ORD004045,CUST00257,2022-06-01,Net Banking,DELIVERED,Lake Kenneth,West Virginia,Libyan Arab Jamahiriya,R19
ORD004046,CUST00397,2024-07-01,Net Banking,RETURNED,Port Gina,Colorado,Hungary,R07
ORD004047,CUST00387,2025-10-07,Credit Card,PLACED,Michaelmouth,Idaho,Libyan Arab Jamahiriya,R09
ORD004048,CUST00555,2023-06-21,Cash on Delivery,RETURNED,Deborahhaven,Virginia,Uruguay,R08
ORD004049,CUST00412,2024-11-01,UPI,DELIVERED,Port David,Oklahoma,Saudi Arabia,R19
ORD004050,CUST00186,2023-09-13,Credit Card,DELIVERED,Mcdanielhaven,Michigan,Uruguay,R20
ORD004051,CUST00117,2022-05-21,Credit Card,DELIVERED,Erinchester,Montana,Mali,R02
ORD004052,CUST00393,2025-12-24,Credit Card,DELIVERED,West Michaelmouth,Delaware,Puerto Rico,R02
ORD004053,,2023-05-21,Credit Card,DELIVERED,Marychester,Colorado,Tokelau,R03
ORD004054,CUST00557,2023-10-17,Credit Card,DELIVERED,Castroshire,Maryland,Aruba,R09
ORD004055,CUST00492,2024-05-28,Credit Card,PLACED,South Sarah,Kansas,Iceland,R18
ORD004056,CUST00117,2023-01-25,Cash on Delivery,DELIVERED,Fowlermouth,Oregon,Turkmenistan,R13
ORD004057,CUST00668,2023-07-30,Net Banking,DELIVERED,Davidchester,Delaware,Tonga,R15
ORD004058,CUST00539,2025-11-09,Cash on Delivery,DELIVERED,East Jamiemouth,Nebraska,Comoros,R19
ORD004059,CUST00489,2022-10-19,Cash on Delivery,DELIVERED,West Rebecca,California,Malawi,R20
ORD004060,CUST00615,2022-08-19,Credit Card,RETURNED,Randallfurt,California,Nauru,R05
ORD004061,CUST00110,2022-07-19,UPI,DELIVERED,East Daniellechester,Oregon,Korea,R14
ORD004062,CUST00344,19/07/2022,UPI,DELIVERED,Angelafurt,Pennsylvania,Libyan Arab Jamahiriya,R18
ORD004063,CUST00679,2024-05-09,UPI,DELIVERED,Aliciashire,Wisconsin,Sweden,R16
ORD004064,CUST00217,2024-02-28,Debit Card,DELIVERED,Stevensonland,Oregon,Jamaica,R08
ORD004065,CUST00097,28/02/2024,UPI,DELIVERED,North Michael,New York,Niue,R15
ORD004066,CUST00376,2022-03-21,Net Banking,CANCELLED,Jeannefurt,Oregon,Turkey,R14
ORD004067,CUST00106,2025-07-14,Debit Card,DELIVERED,East Kathleen,Oregon,Saint Martin,R07
ORD004068,CUST00500,2022-05-03,Cash on Delivery,SHIPPED,Kingbury,Alabama,Wallis and Futuna,R19
ORD004069,CUST00217,2022-07-07,Cash on Delivery,DELIVERED,South Juan,Pennsylvania,United States Virgin Islands,R19
ORD004070,CUST00055,2025-01-21,Credit Card,DELIVERED,North Tonyborough,Connecticut,Sao Tome and Principe,R04
ORD004071,CUST00213,2024-07-30,UPI,DELIVERED,New Margaretchester,Kansas,Lao People's Democratic Republic,R14
ORD004072,CUST00506,2024-11-25,Credit Card,DELIVERED,Port Alexandriastad,Iowa,Sudan,R08
ORD004073,CUST00200,2023-08-27,UPI,CANCELLED,South Kristinburgh,Illinois,American Samoa,R08
ORD004074,CUST00079,2023-10-04,Cash on Delivery,DELIVERED,West Robert,Indiana,Norway,R19
ORD004075,CUST00038,2025-02-18,UPI,DELIVERED,Tracystad,Montana,Niger,R20
ORD004076,CUST00058,2025-02-10,Credit Card,DELIVERED,Gabrielhaven,Maryland,South Georgia and the South Sandwich Islands,R10
ORD004077,CUST00381,2022-04-11,Debit Card,DELIVERED,Port Kennethtown,Virginia,Argentina,R11
ORD004078,CUST00432,2022-12-04,Credit Card,DELIVERED,South James,Indiana,Sao Tome and Principe,R19
ORD004079,CUST00562,2022-07-18,UPI,DELIVERED,Katieburgh,Virginia,Kenya,R09
ORD004080,CUST00224,2023-04-19,Credit Card,DELIVERED,Clarkmouth,Florida,Pitcairn Islands,R11
ORD004081,CUST00351,2025-01-30,Debit Card,SHIPPED,Port Matthew,Nebraska,Belgium,R20
ORD004082,CUST00189,2022-06-30,UPI,DELIVERED,North Tammy,Ohio,Afghanistan,R09
ORD004083,CUST00506,2024-12-02,Credit Card,RETURNED,Vincentshire,Michigan,Madagascar,R04
ORD004084,CUST00187,2024-10-31,Net Banking,CANCELLED,Levyland,Oklahoma,Grenada,R04
ORD004085,CUST00556,2022-11-07,Cash on Delivery,DELIVERED,Lake Dakotaburgh,North Carolina,Serbia,R12
ORD004086,CUST00265,2022-05-03,Credit Card,DELIVERED,Washingtontown,Indiana,Northern Mariana Islands,R18
ORD004087,,2023-08-31,UPI,DELIVERED,Cruzbury,Montana,Pakistan,R07
ORD004088,CUST00054,2025-01-23,UPI,RETURNED,Timothyhaven,California,Pakistan,R16
ORD004089,CUST00613,2023-01-18,Debit Card,DELIVERED,South Stephanie,Massachusetts,Mozambique,R20
ORD004090,CUST00048,2024-03-11,Net Banking,DELIVERED,Matthewborough,Illinois,Poland,R10
ORD004091,CUST00372,2024-02-03,Cash on Delivery,DELIVERED,Lake Gilbertview,Alaska,Syrian Arab Republic,R05
ORD004092,,2022-12-16,UPI,DELIVERED,Wardstad,South Dakota,Portugal,R20
ORD004093,CUST00620,2022-11-04,UPI,DELIVERED,Lake Jamesview,West Virginia,Guam,R07
ORD004094,CUST00337,2022-07-15,UPI,DELIVERED,Bentonmouth,Nebraska,Korea,R17
ORD004095,CUST00066,2025-07-14,Credit Card,DELIVERED,New Crystalton,Washington,Egypt,R20
ORD004096,CUST00482,2022-03-26,Net Banking,DELIVERED,Richardmouth,Oklahoma,Bahamas,R16
ORD004097,CUST00140,2023-12-10,Credit Card,DELIVERED,East Jacquelinefurt,Michigan,Canada,R01
ORD004098,CUST00185,2023-03-18,Credit Card,DELIVERED,Lauraland,North Carolina,Guinea-Bissau,R09
ORD004099,CUST00097,2022-09-06,Cash on Delivery,CANCELLED,New Wesley,Hawaii,United States of America,R08
ORD004100,CUST00063,2022-01-07,Credit Card,DELIVERED,West Davidshire,New Jersey,Kenya,R08
ORD004101,CUST00445,2024-02-11,UPI,SHIPPED,Adamsland,Kansas,Iran,R18
ORD004102,,2025-02-01,Debit Card,DELIVERED,South Mercedesmouth,Nebraska,Taiwan,R06
ORD004103,CUST00304,2023-06-23,Cash on Delivery,CANCELLED,New Rachel,Hawaii,Burkina Faso,R09
ORD004104,CUST00160,2024-12-28,UPI,DELIVERED,Rodriguezshire,Tennessee,Greece,R09
ORD004105,CUST00251,2024-10-16,Debit Card,PLACED,Jeanetteshire,Texas,Suriname,R20
ORD004106,CUST00316,2022-02-06,Debit Card,DELIVERED,New Kevin,Kentucky,Mozambique,R03
ORD004107,CUST00121,2025-04-24,Cash on Delivery,DELIVERED,Jakeview,West Virginia,Togo,R03
ORD004108,CUST00345,2023-05-12,Debit Card,PLACED,Castillochester,Montana,Belarus,R19
ORD004109,CUST00292,2025-01-26,Net Banking,DELIVERED,New Amanda,Nevada,Guam,R20
ORD004110,CUST00553,2024-08-29,UPI,RETURNED,Allenton,Virginia,Ukraine,R15
ORD004111,CUST00040,2024-06-24,Credit Card,DELIVERED,Lake Michaelstad,Washington,Iran,R11
ORD004112,CUST00096,2025-03-03,Cash on Delivery,SHIPPED,Robertsonberg,Indiana,Mongolia,R06
ORD004113,CUST00395,2024-12-18,UPI,PLACED,Susanshire,Wisconsin,Comoros,R07
ORD004114,CUST00326,2023-08-19,Cash on Delivery,DELIVERED,North Bethport,Colorado,Cape Verde,R19
ORD004115,CUST00608,19/08/2023,Credit Card,DELIVERED,Johnsonfurt,Connecticut,Monaco,R13
ORD004116,CUST00391,2025-04-18,Net Banking,DELIVERED,Emilychester,Arizona,Romania,R06
ORD004117,CUST00584,2024-04-04,Credit Card,DELIVERED,Nicholsmouth,Florida,Afghanistan,R03
ORD004118,CUST00583,2024-11-05,UPI,DELIVERED,North Rachel,Iowa,Vanuatu,R18
ORD004119,CUST00197,2024-09-11,UPI,CANCELLED,New Shelby,Connecticut,Western Sahara,R08
ORD004120,CUST00313,2022-04-14,Credit Card,DELIVERED,North Katherine,Oregon,Niger,R13
ORD004121,CUST00435,2023-10-26,Cash on Delivery,DELIVERED,Phelpschester,Iowa,Kenya,R09
ORD004122,CUST00420,2022-09-12,Debit Card,DELIVERED,East Deborahbury,Maine,Singapore,R18
ORD004123,CUST00620,2023-01-24,Credit Card,DELIVERED,South Michael,New Mexico,Afghanistan,R16
ORD004124,CUST00380,2023-12-16,Cash on Delivery,DELIVERED,New Cristinatown,Minnesota,Iraq,R20
ORD004125,CUST00261,2024-10-21,Cash on Delivery,DELIVERED,Tracyport,Illinois,Namibia,R12
ORD004126,CUST00295,2023-09-26,Credit Card,DELIVERED,Mendozamouth,Kentucky,India,R06
ORD004127,CUST00393,2025-06-25,Credit Card,DELIVERED,Harrisbury,California,India,R11
ORD004128,CUST00022,2023-01-26,Credit Card,DELIVERED,New Sophiamouth,Louisiana,Jamaica,R01
ORD004129,CUST00592,2025-10-21,Credit Card,RETURNED,Francisbury,Virginia,Panama,R18
ORD004130,CUST00649,2022-03-19,Cash on Delivery,CANCELLED,Zacharyhaven,Nevada,Martinique,R12
ORD004131,CUST00624,2022-07-13,Net Banking,CANCELLED,Port Eugeneborough,Connecticut,Burkina Faso,R01
ORD004132,CUST00255,2024-07-05,Cash on Delivery,CANCELLED,South Mary,Nebraska,Brunei Darussalam,R14
ORD004133,CUST00291,2023-05-07,Debit Card,DELIVERED,Traceyhaven,Arkansas,Poland,R16
ORD004134,,2022-02-20,Debit Card,DELIVERED,Zacharyport,Alabama,Thailand,R18
ORD004135,CUST00536,2022-05-21,UPI,DELIVERED,Paulmouth,Rhode Island,Solomon Islands,R19
ORD004136,CUST00349,2023-12-27,Cash on Delivery,DELIVERED,North Anthonyshire,Texas,Azerbaijan,R15
ORD004137,CUST00218,2025-10-12,Debit Card,DELIVERED,South Jasonhaven,Massachusetts,Equatorial Guinea,R20
ORD004138,CUST00661,2023-09-02,Net Banking,DELIVERED,Hardinbury,South Dakota,Georgia,R14
ORD004139,CUST00441,2025-02-05,Cash on Delivery,DELIVERED,Campbellfurt,Wisconsin,Montserrat,R09
ORD004140,CUST00468,2022-12-27,UPI,DELIVERED,New Cassandraville,Indiana,Botswana,R01
ORD004141,CUST00444,2024-06-11,UPI,CANCELLED,Staceyfurt,New York,Bangladesh,R20
ORD004142,CUST00451,2024-03-24,UPI,PLACED,East Daniel,Alabama,Guernsey,R07
ORD004143,CUST00537,2023-04-02,Net Banking,DELIVERED,Lake Amber,Kentucky,Palau,R13
ORD004144,CUST00492,2025-05-16,Net Banking,DELIVERED,West Crystal,Connecticut,Benin,R11
ORD004145,CUST00001,2025-11-03,UPI,DELIVERED,East Katelynport,West Virginia,American Samoa,R17
ORD004146,CUST00433,2024-06-16,UPI,DELIVERED,Gabrielshire,Maine,Bahrain,R10
ORD004147,CUST00268,2025-07-06,Credit Card,DELIVERED,West Annette,South Carolina,Nigeria,R07
ORD004148,CUST00377,2025-02-20,Net Banking,DELIVERED,Lake Feliciaberg,Kansas,Moldova,R11
ORD004149,CUST00020,2024-04-22,Debit Card,DELIVERED,Sheltonmouth,Missouri,Timor-Leste,R01
ORD004150,CUST00662,2023-10-31,Net Banking,DELIVERED,Lake Paulburgh,Washington,Malta,R19
ORD004151,CUST00235,2024-06-15,Debit Card,PLACED,Paulaland,Illinois,Slovakia (Slovak Republic),R09
ORD004152,CUST00183,2025-07-15,Net Banking,SHIPPED,Alvinborough,Oregon,New Zealand,R18
ORD004153,CUST00602,2025-06-24,Debit Card,CANCELLED,Pierceside,New Jersey,France,R04
ORD004154,CUST00308,2023-03-27,Credit Card,DELIVERED,North Allison,North Carolina,Congo,R08
ORD004155,CUST00552,2023-09-25,Net Banking,DELIVERED,East Hannah,Oregon,Papua New Guinea,R06
ORD004156,CUST00386,2022-11-14,Debit Card,DELIVERED,Thorntonburgh,Missouri,Sao Tome and Principe,R03
ORD004157,CUST00645,2023-08-17,Credit Card,DELIVERED,New Garrett,Alabama,Latvia,R10
ORD004158,CUST00587,2022-07-10,Net Banking,CANCELLED,Sarahside,Colorado,Micronesia,R02
ORD004159,CUST00688,2023-05-21,Debit Card,DELIVERED,East Jeffreyville,California,Suriname,R08
ORD004160,CUST00020,2023-12-31,UPI,PLACED,Brownmouth,New Hampshire,Iraq,R03
ORD004161,CUST00145,2025-08-01,Cash on Delivery,DELIVERED,Snydershire,Florida,Romania,R11
ORD004162,CUST00087,2025-04-30,Cash on Delivery,DELIVERED,Port Arthur,Iowa,Bahamas,R01
ORD004163,CUST00302,2025-12-03,Cash on Delivery,CANCELLED,New Tara,New Hampshire,Ghana,R05
ORD004164,CUST00502,2025-06-02,Cash on Delivery,DELIVERED,Nelsonstad,North Carolina,Nigeria,R16
ORD004165,CUST00050,2025-03-14,Net Banking,DELIVERED,East Erin,Alabama,Cote d'Ivoire,R05
ORD004166,CUST00053,2023-10-11,Net Banking,DELIVERED,South Samuelhaven,New Mexico,Bouvet Island (Bouvetoya),R10
ORD004167,CUST00697,2024-07-12,Cash on Delivery,DELIVERED,West Katherine,New Mexico,Panama,R17
ORD004168,CUST00613,2025-12-13,Credit Card,DELIVERED,South Mario,Wisconsin,Turkmenistan,R18
ORD004169,CUST00074,2023-12-24,Credit Card,DELIVERED,East Sandraport,Oregon,Tajikistan,R12
ORD004170,CUST00451,2023-10-06,UPI,DELIVERED,Gouldstad,Connecticut,Puerto Rico,R02
ORD004171,CUST00460,2025-03-03,UPI,RETURNED,Lesliemouth,Minnesota,Serbia,R10
ORD004172,CUST00287,2022-10-04,Net Banking,DELIVERED,Scottport,Maryland,Philippines,R14
ORD004173,CUST00178,2025-06-13,Credit Card,DELIVERED,Port Marcus,Washington,Italy,R13
ORD004174,CUST00456,2024-10-14,UPI,DELIVERED,Lake Danielhaven,Mississippi,Yemen,R18
ORD004175,CUST00620,2022-06-11,Net Banking,DELIVERED,Port Danielchester,New Mexico,Uganda,R16
ORD004176,CUST00384,2023-01-23,Debit Card,DELIVERED,New Michelle,California,Ghana,R10
ORD004177,CUST00515,2023-12-16,Credit Card,DELIVERED,Mitchellchester,New York,Argentina,R07
ORD004178,CUST00457,2024-10-05,Debit Card,CANCELLED,Brianchester,Wisconsin,Tonga,R01
ORD004179,CUST00246,2025-08-07,Net Banking,DELIVERED,New Amyhaven,West Virginia,Cote d'Ivoire,R16
ORD004180,CUST00289,2022-04-16,Credit Card,PLACED,West Ryan,Vermont,Bahamas,R16
ORD004181,CUST00432,2022-10-03,UPI,DELIVERED,Floreschester,Arkansas,Egypt,R15
ORD004182,CUST00360,2025-12-02,UPI,SHIPPED,Juliestad,Missouri,Cook Islands,R16
ORD004183,CUST00213,2024-12-05,Credit Card,SHIPPED,Port Jamie,Ohio,Morocco,R19
ORD004184,CUST00060,2022-08-23,UPI,DELIVERED,West Cindy,Mississippi,Burundi,R09
ORD004185,CUST00035,2023-03-10,Debit Card,DELIVERED,Shannonmouth,California,Ghana,R17
ORD004186,CUST00154,2025-09-03,Debit Card,DELIVERED,Jenniferhaven,South Dakota,Burkina Faso,R11
ORD004187,CUST00251,2023-09-18,Debit Card,DELIVERED,New Amy,South Dakota,Cook Islands,R14
ORD004188,CUST00375,2025-06-03,Credit Card,RETURNED,West Wanda,West Virginia,Tunisia,R05
ORD004189,CUST00422,2025-11-11,UPI,DELIVERED,South Christopher,Delaware,Papua New Guinea,R01
ORD004190,CUST00038,2024-03-27,UPI,CANCELLED,Mejiahaven,South Dakota,Honduras,R19
ORD004191,,2024-06-20,Credit Card,CANCELLED,Benjaminview,New Mexico,Israel,R19
ORD004192,,2025-01-28,Net Banking,SHIPPED,East Cynthia,Alaska,Cote d'Ivoire,R20
ORD004193,CUST00613,2024-11-29,Cash on Delivery,DELIVERED,Deniseview,New Mexico,Monaco,R11
ORD004194,CUST00083,2025-03-22,UPI,DELIVERED,Goodwinburgh,Nebraska,Malta,R11
ORD004195,CUST00515,2022-05-30,Net Banking,DELIVERED,North Laura,Georgia,Christmas Island,R09
ORD004196,CUST00412,2025-01-29,Debit Card,DELIVERED,Christopherburgh,Vermont,Czech Republic,R16
ORD004197,CUST00460,2022-08-05,UPI,DELIVERED,Port Sheilafurt,Idaho,Guernsey,R14
ORD004198,CUST00524,2023-01-09,UPI,DELIVERED,Mikaylaville,North Carolina,Guyana,R15
ORD004199,CUST00598,2023-03-03,Net Banking,DELIVERED,Michealland,Ohio,New Zealand,R05
ORD004200,CUST00629,2022-09-13,Debit Card,DELIVERED,Amberhaven,Kansas,Belize,R12
ORD004201,CUST00414,2023-02-10,Cash on Delivery,DELIVERED,North Pamelastad,Montana,Czech Republic,R01
ORD004202,,2022-02-13,UPI,DELIVERED,East William,Nevada,Lebanon,R06
ORD004203,CUST00239,2022-10-24,UPI,DELIVERED,Elizabethtown,Maryland,Kiribati,R19
ORD004204,CUST00191,2024-06-19,Debit Card,CANCELLED,Wardville,Nevada,Switzerland,R11
ORD004205,CUST00285,2025-05-17,Credit Card,DELIVERED,Penaland,Illinois,Cameroon,R14
ORD004206,CUST00179,2025-04-25,UPI,DELIVERED,Brianchester,Idaho,Thailand,R12
ORD004207,CUST00069,2024-04-18,UPI,DELIVERED,Solomonmouth,Missouri,French Guiana,R13
ORD004208,CUST00034,2024-08-29,Debit Card,DELIVERED,West Samuel,Arkansas,Poland,R08
ORD004209,CUST00219,2024-11-22,UPI,DELIVERED,East Andrew,Hawaii,Thailand,R17
ORD004210,CUST00348,2023-07-16,Net Banking,DELIVERED,Thompsonport,Montana,Lao People's Democratic Republic,R10
ORD004211,,2025-12-20,Debit Card,DELIVERED,South Jason,Montana,Cook Islands,R10
ORD004212,CUST00106,2023-01-15,Credit Card,RETURNED,Port Angelafurt,Arizona,Bosnia and Herzegovina,R08
ORD004213,CUST00517,2023-12-30,Credit Card,CANCELLED,Lake Phillip,Georgia,Malaysia,R03
ORD004214,CUST00551,2025-04-10,Net Banking,DELIVERED,East Shirleyfurt,Maryland,New Caledonia,R16
ORD004215,CUST00491,2022-03-18,Credit Card,SHIPPED,Kristafort,Maine,Montserrat,R07
ORD004216,CUST00376,2022-05-06,Credit Card,PLACED,South Lindsaybury,Kentucky,Timor-Leste,R12
ORD004217,CUST00527,2024-10-09,Debit Card,RETURNED,Port Wendy,Arizona,Denmark,R14
ORD004218,CUST00326,2022-05-28,UPI,DELIVERED,Lake Stephanieville,Missouri,Isle of Man,R20
ORD004219,,2022-12-31,Debit Card,DELIVERED,Reynoldsberg,North Dakota,Falkland Islands (Malvinas),R04
ORD004220,CUST00501,2023-07-18,Debit Card,DELIVERED,Kevinport,Wisconsin,Afghanistan,R20
ORD004221,CUST00635,2024-04-08,Cash on Delivery,DELIVERED,Shawnfurt,Georgia,Central African Republic,R03
ORD004222,CUST00175,08/04/2024,Net Banking,DELIVERED,Charlesville,South Dakota,Afghanistan,R17
ORD004223,CUST00114,2024-03-05,Debit Card,DELIVERED,Alisonland,Arizona,Hong Kong,R06
ORD004224,CUST00221,2025-02-09,UPI,DELIVERED,Burgesston,Idaho,Tonga,R10
ORD004225,CUST00546,2023-08-29,Cash on Delivery,SHIPPED,West Roberttown,South Dakota,Bosnia and Herzegovina,R02
ORD004226,CUST00057,2026-01-26,Debit Card,CANCELLED,Greenmouth,Illinois,Malawi,R07
ORD004227,CUST00266,2025-07-12,Cash on Delivery,RETURNED,Port Jenniferberg,Maryland,Fiji,R06
ORD004228,CUST00320,2022-04-23,UPI,DELIVERED,South Paulfort,Ohio,Mayotte,R12
ORD004229,CUST00589,2023-03-24,Credit Card,RETURNED,Valeriebury,Georgia,United States of America,R02
ORD004230,CUST00602,2022-04-29,UPI,DELIVERED,Baileyburgh,Utah,Falkland Islands (Malvinas),R17
ORD004231,CUST00322,2022-08-26,Credit Card,DELIVERED,Port Alicia,Illinois,Guatemala,R03
ORD004232,CUST00303,2023-02-18,UPI,DELIVERED,Melanietown,New Jersey,Belarus,R03
ORD004233,CUST00341,2025-05-28,Debit Card,DELIVERED,Lake Saramouth,Wisconsin,Chile,R02
ORD004234,CUST00065,2024-08-15,UPI,DELIVERED,Andrewbury,Texas,Palestinian Territory,R10
ORD004235,CUST00304,2022-02-09,Net Banking,DELIVERED,Danielletown,Nevada,Jordan,R04
ORD004236,CUST00049,2023-11-22,Net Banking,DELIVERED,West Amberbury,Iowa,Palestinian Territory,R18
ORD004237,CUST00311,2022-11-06,Debit Card,DELIVERED,South Kathrynview,New Jersey,Morocco,R14
ORD004238,CUST00443,2025-03-27,Debit Card,DELIVERED,Michaelland,Hawaii,Mongolia,R10
ORD004239,CUST00123,2025-11-28,Credit Card,DELIVERED,West Karen,Pennsylvania,Christmas Island,R04
ORD004240,CUST00145,2022-09-01,Cash on Delivery,CANCELLED,Port Kristahaven,Texas,United Arab Emirates,R20
ORD004241,CUST00274,2024-05-02,UPI,DELIVERED,West Kristiburgh,Arkansas,Malawi,R03
ORD004242,CUST00633,2024-06-30,UPI,PLACED,Dillonmouth,Montana,Mexico,R04
ORD004243,CUST00392,30/06/2024,Cash on Delivery,SHIPPED,North Teresaburgh,Nebraska,New Caledonia,R02
ORD004244,CUST00540,2023-10-31,Credit Card,DELIVERED,West Tammie,Massachusetts,Senegal,R05
ORD004245,CUST00127,2022-03-30,Credit Card,DELIVERED,Doyleberg,Louisiana,San Marino,R17
ORD004246,CUST00129,2025-11-27,UPI,DELIVERED,East Paigeport,Kansas,Austria,R16
ORD004247,CUST00365,2023-01-19,Net Banking,DELIVERED,West Brandon,Wisconsin,Chile,R13
ORD004248,CUST00634,2024-01-26,Net Banking,RETURNED,Carolineberg,Kansas,Monaco,R01
ORD004249,CUST00542,2022-12-24,Debit Card,DELIVERED,Kennethbury,New Mexico,Norway,R03
ORD004250,CUST00004,2023-09-03,Cash on Delivery,DELIVERED,Jonathanshire,Pennsylvania,Ethiopia,R12
ORD004251,CUST00505,2022-08-28,Credit Card,DELIVERED,Jotown,Illinois,Czech Republic,R15
ORD004252,CUST00051,2022-02-10,Credit Card,DELIVERED,Davidsonville,Maine,Moldova,R02
ORD004253,CUST00661,2023-10-02,Debit Card,DELIVERED,Port David,Tennessee,Aruba,R20
ORD004254,CUST00506,2024-03-11,Debit Card,CANCELLED,Lisamouth,Arkansas,Saudi Arabia,R18
ORD004255,CUST00475,2025-07-13,Credit Card,DELIVERED,Sharonhaven,New York,Panama,R03
ORD004256,CUST00303,2022-06-14,UPI,DELIVERED,Brendamouth,Delaware,Moldova,R17
ORD004257,CUST00658,2022-07-14,Credit Card,RETURNED,South Tracy,Connecticut,Bahamas,R17
ORD004258,CUST00410,2024-08-12,Net Banking,PLACED,South Jonview,New Mexico,Montserrat,R18
ORD004259,CUST00030,2024-12-09,Credit Card,DELIVERED,New Daniel,California,Latvia,R14
ORD004260,CUST00368,2022-07-13,Net Banking,DELIVERED,Ayerstown,Alaska,Cook Islands,R13
ORD004261,CUST00622,2025-01-07,UPI,DELIVERED,Michaelhaven,Utah,Tuvalu,R01
ORD004262,CUST00264,2024-02-23,Cash on Delivery,RETURNED,Rosehaven,Montana,Greenland,R19
ORD004263,CUST00518,2024-11-13,Net Banking,RETURNED,Websterfort,Maine,Slovakia (Slovak Republic),R09
ORD004264,CUST00210,2023-03-09,Net Banking,DELIVERED,Sullivantown,New Hampshire,Burkina Faso,R12
ORD004265,CUST00442,2022-12-07,Credit Card,DELIVERED,Grayton,Wyoming,French Guiana,R16
ORD004266,CUST00544,2025-08-15,Cash on Delivery,DELIVERED,Bakerberg,Alabama,Moldova,R13
ORD004267,CUST00356,2022-06-14,Cash on Delivery,DELIVERED,East Samuelborough,North Carolina,Northern Mariana Islands,R08
ORD004268,CUST00076,2022-08-27,UPI,DELIVERED,Maryberg,Ohio,Philippines,R05
ORD004269,CUST00142,2024-06-28,UPI,RETURNED,Adamborough,Pennsylvania,Egypt,R04
ORD004270,,2025-04-16,UPI,RETURNED,Daryltown,Florida,Indonesia,R16
ORD004271,CUST00604,2024-08-02,Net Banking,RETURNED,Timothymouth,Mississippi,Bulgaria,R03
ORD004272,CUST00592,2024-12-07,Credit Card,DELIVERED,Barnesport,Oklahoma,Vietnam,R07
ORD004273,CUST00338,2022-03-21,Debit Card,CANCELLED,Lake Joy,Nevada,Congo,R17
ORD004274,CUST00601,2023-09-14,Debit Card,DELIVERED,Millsmouth,Massachusetts,Canada,R18
ORD004275,CUST00173,2023-02-11,Cash on Delivery,DELIVERED,East Matthewfort,Missouri,Turks and Caicos Islands,R03
ORD004276,CUST00604,2023-02-20,UPI,DELIVERED,New Maria,North Carolina,Denmark,R19
ORD004277,CUST00049,2025-03-20,Credit Card,DELIVERED,North Jason,South Carolina,Serbia,R05
ORD004278,CUST00575,2023-07-10,Debit Card,RETURNED,New Michael,West Virginia,Qatar,R14
ORD004279,CUST00486,2025-10-02,UPI,CANCELLED,Williamsside,Minnesota,Comoros,R11
ORD004280,CUST00227,2022-10-08,Net Banking,DELIVERED,Hobbsport,Virginia,Tonga,R18
ORD004281,CUST00262,2022-02-16,Cash on Delivery,DELIVERED,North Jonathanfort,Washington,Gabon,R17
ORD004282,CUST00424,2023-12-09,Debit Card,DELIVERED,Josephfort,Illinois,Peru,R05
ORD004283,CUST00608,2025-09-12,Debit Card,DELIVERED,Chaseton,Louisiana,Senegal,R18
ORD004284,CUST00680,2024-07-03,Credit Card,DELIVERED,New Tonyamouth,Ohio,Bangladesh,R06
ORD004285,CUST00550,2024-07-25,UPI,DELIVERED,Michaelfurt,Michigan,Morocco,R05
ORD004286,CUST00252,2024-01-15,UPI,DELIVERED,Hallfurt,Connecticut,Slovakia (Slovak Republic),R17
ORD004287,CUST00527,2025-12-14,Cash on Delivery,DELIVERED,Lake Jamesview,Alaska,Guam,R14
ORD004288,CUST00497,2024-01-01,Net Banking,DELIVERED,South Amber,Washington,Mozambique,R20
ORD004289,CUST00409,2022-05-31,Cash on Delivery,DELIVERED,New Michelletown,Maine,Sudan,R09
ORD004290,CUST00288,2022-06-20,Cash on Delivery,DELIVERED,Burchmouth,Nevada,Nigeria,R05
ORD004291,CUST00082,2024-09-19,Credit Card,SHIPPED,Pamelaton,New Mexico,Togo,R16
ORD004292,CUST00331,2025-01-13,Debit Card,DELIVERED,Port Dalton,Utah,Macao,R06
ORD004293,CUST00516,2024-10-22,Net Banking,DELIVERED,Stanleyland,Utah,Saint Helena,R15
ORD004294,CUST00284,2023-10-22,UPI,DELIVERED,South Lukemouth,Idaho,Djibouti,R10
ORD004295,CUST00540,2023-09-30,Credit Card,DELIVERED,West Kathryn,Delaware,Antigua and Barbuda,R11
ORD004296,CUST00124,2023-02-14,UPI,DELIVERED,Scottside,Virginia,Italy,R20
ORD004297,CUST00505,2023-11-29,Debit Card,DELIVERED,East Paulfort,Vermont,Cayman Islands,R20
ORD004298,CUST00417,2024-05-03,Debit Card,SHIPPED,New Tanyashire,Delaware,Chad,R12
ORD004299,CUST00657,2025-08-12,UPI,DELIVERED,Changside,North Carolina,Haiti,R15
ORD004300,CUST00543,2025-11-17,Credit Card,RETURNED,West Barbara,Utah,Myanmar,R01
ORD004301,CUST00052,2022-04-10,Credit Card,DELIVERED,Johnsonhaven,Maine,Bolivia,R17
ORD004302,CUST00189,2025-01-21,UPI,DELIVERED,Ericaside,Wyoming,Grenada,R07
ORD004303,CUST00039,2025-09-22,Debit Card,DELIVERED,Jamesbury,Arkansas,Romania,R05
ORD004304,CUST00177,2025-05-19,Credit Card,DELIVERED,Jasonchester,Indiana,British Virgin Islands,R09
ORD004305,CUST00555,2024-04-02,Credit Card,DELIVERED,Miguelfurt,New York,Angola,R20
ORD004306,CUST00172,2024-02-05,Net Banking,DELIVERED,South Karenview,Kentucky,Mexico,R19
ORD004307,CUST00644,2025-01-07,Debit Card,DELIVERED,West Karatown,Alabama,Bahamas,R02
ORD004308,CUST00085,2025-03-05,Cash on Delivery,RETURNED,Barrymouth,Mississippi,Isle of Man,R09
ORD004309,CUST00009,2022-03-12,Credit Card,RETURNED,East Kim,Delaware,Austria,R18
ORD004310,CUST00006,2025-02-02,Debit Card,CANCELLED,Edwardston,New Hampshire,Seychelles,R15
ORD004311,CUST00248,2024-08-01,Cash on Delivery,DELIVERED,Moorechester,North Dakota,Saint Vincent and the Grenadines,R16
ORD004312,CUST00107,2022-09-08,Debit Card,DELIVERED,Lake Anna,Texas,Ukraine,R14
ORD004313,CUST00017,2023-05-28,Cash on Delivery,DELIVERED,Ericborough,West Virginia,Ethiopia,R13
ORD004314,CUST00042,2023-02-06,Net Banking,DELIVERED,Johnstonberg,Mississippi,Brazil,R09
ORD004315,CUST00413,2025-05-23,Credit Card,DELIVERED,Norrischester,Nebraska,Norfolk Island,R02
ORD004316,CUST00645,2025-07-04,Credit Card,DELIVERED,Victoriamouth,Washington,Wallis and Futuna,R10
ORD004317,CUST00640,2023-07-23,UPI,DELIVERED,Huffbury,Texas,Liberia,R05
ORD004318,CUST00544,2025-11-14,Debit Card,DELIVERED,North Marymouth,Illinois,Namibia,R05
ORD004319,CUST00514,2025-03-03,UPI,DELIVERED,West Deborah,Pennsylvania,Azerbaijan,R03
ORD004320,CUST00366,2025-05-21,Credit Card,DELIVERED,Steelefort,New Jersey,British Indian Ocean Territory (Chagos Archipelago),R01
ORD004321,CUST00690,2024-05-17,Debit Card,CANCELLED,Jamesfurt,Alabama,Seychelles,R18
ORD004322,CUST00143,2024-09-13,Credit Card,DELIVERED,South Keithbury,Vermont,Angola,R14
ORD004323,,2023-02-04,Cash on Delivery,DELIVERED,East Michaelton,Arizona,French Polynesia,R16
ORD004324,CUST00657,2022-07-07,Debit Card,DELIVERED,North Robert,Montana,Tanzania,R01
ORD004325,CUST00457,2024-02-07,UPI,CANCELLED,Bellfort,Wyoming,Afghanistan,R11
ORD004326,CUST00085,2023-11-12,Cash on Delivery,DELIVERED,East Nicoleshire,Virginia,Saint Pierre and Miquelon,R04
ORD004327,CUST00622,2024-12-05,Net Banking,DELIVERED,Garciachester,Indiana,Saint Vincent and the Grenadines,R12
ORD004328,CUST00071,2023-05-22,Debit Card,DELIVERED,South Morganport,Idaho,Qatar,R10
ORD004329,CUST00619,2023-12-14,Debit Card,DELIVERED,New Jennifer,Alaska,Portugal,R04
ORD004330,CUST00440,2023-04-02,Cash on Delivery,DELIVERED,New Amy,Connecticut,Libyan Arab Jamahiriya,R17
ORD004331,CUST00690,2025-11-12,Cash on Delivery,DELIVERED,Murrayberg,Hawaii,Thailand,R11
ORD004332,CUST00679,2025-10-04,Debit Card,DELIVERED,Johnsonstad,Maryland,Egypt,R14
ORD004333,CUST00359,2022-04-22,Debit Card,DELIVERED,Bowmanbury,Oregon,Bangladesh,R02
ORD004334,CUST00493,2023-05-10,Debit Card,DELIVERED,Wendyview,New Mexico,Brunei Darussalam,R20
ORD004335,CUST00270,2023-06-06,Credit Card,DELIVERED,Brownport,Missouri,Sri Lanka,R10
ORD004336,CUST00228,06/06/2023,Net Banking,DELIVERED,Zhanghaven,Hawaii,Palau,R04
ORD004337,CUST00345,2022-03-11,Cash on Delivery,DELIVERED,South Christine,Montana,Puerto Rico,R05
ORD004338,CUST00003,2025-11-11,Debit Card,DELIVERED,West Jenniferstad,Arizona,Panama,R02
ORD004339,,2025-06-17,Credit Card,DELIVERED,South Renee,Kansas,Equatorial Guinea,R04
ORD004340,CUST00355,2022-02-15,Cash on Delivery,DELIVERED,Perezberg,Georgia,Somalia,R04
ORD004341,CUST00053,2025-04-12,UPI,DELIVERED,Port Lisachester,Missouri,Kazakhstan,R11
ORD004342,CUST00659,2023-11-08,Net Banking,CANCELLED,Cordovaport,Tennessee,Albania,R10
ORD004343,CUST00630,2023-05-19,Credit Card,DELIVERED,Lake Cynthia,Louisiana,Cayman Islands,R09
ORD004344,CUST00550,2024-09-01,Credit Card,DELIVERED,Lake Michelleshire,Louisiana,Cyprus,R12
ORD004345,CUST00480,2023-06-05,Debit Card,DELIVERED,Lake Garrett,North Carolina,Samoa,R04
ORD004346,CUST00229,2023-11-06,Net Banking,DELIVERED,South Andreatown,Mississippi,Micronesia,R13
ORD004347,CUST00547,2025-10-13,Debit Card,DELIVERED,East Theresahaven,Arizona,Zimbabwe,R20
ORD004348,CUST00682,2023-06-02,Credit Card,CANCELLED,Walkerville,Iowa,Honduras,R18
ORD004349,CUST00376,2025-04-20,Debit Card,DELIVERED,Mathewsside,Missouri,French Polynesia,R19
ORD004350,CUST00353,2023-07-09,Cash on Delivery,DELIVERED,Marilynberg,Nebraska,Bouvet Island (Bouvetoya),R16
ORD004351,CUST00371,2023-05-05,UPI,DELIVERED,North Scottstad,Texas,Haiti,R13
ORD004352,CUST00046,2024-02-13,Cash on Delivery,DELIVERED,West Tamaraburgh,South Carolina,Yemen,R09
ORD004353,CUST00644,2023-08-04,Credit Card,DELIVERED,New Raymondfort,Louisiana,French Guiana,R08
ORD004354,CUST00219,2022-05-24,Debit Card,DELIVERED,Port James,Utah,Namibia,R10
ORD004355,CUST00019,2024-06-23,Debit Card,DELIVERED,Riosmouth,Oklahoma,Indonesia,R19
ORD004356,CUST00456,2024-07-15,UPI,DELIVERED,Port Raymond,Massachusetts,Jersey,R16
ORD004357,CUST00686,2022-02-08,Credit Card,RETURNED,South Deborahmouth,Texas,Guatemala,R04
ORD004358,CUST00570,2022-04-08,Debit Card,DELIVERED,Christophershire,Wisconsin,Kiribati,R02
ORD004359,CUST00531,2024-12-15,Net Banking,RETURNED,Charlesshire,Illinois,Lebanon,R12
ORD004360,CUST00413,2025-09-25,Net Banking,PLACED,Briannaborough,California,Syrian Arab Republic,R20
ORD004361,CUST00398,2022-09-26,UPI,DELIVERED,Langview,Wisconsin,Trinidad and Tobago,R20
ORD004362,CUST00695,2023-01-26,UPI,DELIVERED,Alyssatown,Texas,Bahrain,R15
ORD004363,CUST00037,2024-08-27,Net Banking,DELIVERED,Hendersonburgh,Delaware,Congo,R09
ORD004364,CUST00589,2025-12-28,Cash on Delivery,DELIVERED,Robertland,Montana,Falkland Islands (Malvinas),R20
ORD004365,CUST00183,2024-11-27,Debit Card,DELIVERED,Jonesberg,Vermont,Spain,R04
ORD004366,CUST00408,2025-11-23,Credit Card,DELIVERED,Carrillobury,Georgia,Sudan,R12
ORD004367,CUST00593,2022-08-08,Credit Card,DELIVERED,Port Emily,Kentucky,United Kingdom,R19
ORD004368,CUST00435,2025-09-27,Credit Card,DELIVERED,Williamshaven,Connecticut,Afghanistan,R07
ORD004369,CUST00439,2022-06-16,Credit Card,DELIVERED,Allisonville,Hawaii,Myanmar,R12
ORD004370,CUST00540,2025-01-24,UPI,DELIVERED,Jonesside,Ohio,Faroe Islands,R15
ORD004371,CUST00132,2022-03-09,Cash on Delivery,DELIVERED,Johnport,Oklahoma,Papua New Guinea,R03
ORD004372,CUST00219,2025-04-02,Debit Card,CANCELLED,Port Derekfurt,North Carolina,Bouvet Island (Bouvetoya),R07
ORD004373,CUST00627,2024-01-28,Debit Card,DELIVERED,North Jessica,North Dakota,Timor-Leste,R20
ORD004374,CUST00480,2022-01-29,Debit Card,DELIVERED,Zacharyshire,Rhode Island,Tunisia,R10
ORD004375,CUST00630,2022-01-19,Net Banking,CANCELLED,Melissahaven,Arizona,Mayotte,R08
ORD004376,CUST00322,2022-07-07,Cash on Delivery,DELIVERED,Allenborough,Maine,Rwanda,R03
ORD004377,CUST00275,2025-07-27,UPI,DELIVERED,West Virginiaside,West Virginia,Bouvet Island (Bouvetoya),R01
ORD004378,CUST00681,2024-12-15,Net Banking,DELIVERED,West Nicholasbury,Michigan,Norway,R08
ORD004379,CUST00373,2024-03-16,Net Banking,CANCELLED,Patrickshire,Pennsylvania,Argentina,R18
ORD004380,,2024-09-13,UPI,DELIVERED,North Kimberly,California,Bhutan,R11
ORD004381,CUST00186,2023-10-01,Net Banking,DELIVERED,Carrollchester,Alaska,Tuvalu,R16
ORD004382,CUST00606,2022-08-01,UPI,DELIVERED,East Ritaport,Nevada,Kiribati,R17
ORD004383,CUST00536,2025-07-12,Cash on Delivery,DELIVERED,Parsonsberg,North Carolina,Brazil,R05
ORD004384,CUST00689,2022-08-20,Credit Card,DELIVERED,Ashleeborough,Montana,Singapore,R06
ORD004385,CUST00078,2022-09-04,Credit Card,DELIVERED,South Lorettaview,South Carolina,Malawi,R06
ORD004386,CUST00387,2025-07-03,UPI,DELIVERED,Brendamouth,Rhode Island,Belarus,R18
ORD004387,CUST00582,2025-08-09,Credit Card,CANCELLED,South Adam,Pennsylvania,Canada,R20
ORD004388,CUST00314,2022-01-01,Debit Card,DELIVERED,East Christian,Kentucky,Samoa,R09
ORD004389,CUST00645,2023-11-04,Net Banking,RETURNED,Robertstad,New York,Saint Barthelemy,R07
ORD004390,CUST00186,2025-11-01,Debit Card,DELIVERED,Port Robertstad,New York,Thailand,R03
ORD004391,CUST00113,2025-08-29,Cash on Delivery,DELIVERED,East Andrewshire,South Carolina,Guatemala,R11
ORD004392,CUST00088,2025-08-12,Net Banking,DELIVERED,West Joehaven,Oregon,Peru,R01
ORD004393,CUST00347,2025-03-16,Credit Card,DELIVERED,Robertsville,Montana,Faroe Islands,R18
ORD004394,CUST00103,2023-07-01,Credit Card,DELIVERED,New Paulshire,Massachusetts,Comoros,R14
ORD004395,CUST00526,2025-05-18,UPI,DELIVERED,Port David,Iowa,Angola,R09
ORD004396,CUST00509,2024-01-03,Debit Card,DELIVERED,West Patricia,Oklahoma,United States Virgin Islands,R05
ORD004397,CUST00170,2024-01-30,UPI,DELIVERED,Scottburgh,Nebraska,Bolivia,R17
ORD004398,CUST00250,2025-10-18,Debit Card,DELIVERED,Lake Michelle,Mississippi,Suriname,R02
ORD004399,CUST00100,2025-07-28,Net Banking,DELIVERED,Tracymouth,Ohio,Indonesia,R07
ORD004400,CUST00399,2022-07-04,UPI,DELIVERED,Lake Marcushaven,Illinois,Morocco,R13
ORD004401,CUST00299,2023-01-17,Net Banking,PLACED,Nicoleton,North Dakota,Cyprus,R19
ORD004402,CUST00011,2026-05-13,Net Banking,DELIVERED,Josephview,Georgia,Peru,R18
ORD004403,,2024-09-19,Net Banking,DELIVERED,Robertsonstad,Oregon,Mayotte,R20
ORD004404,CUST00383,2025-12-12,Net Banking,DELIVERED,New Georgechester,South Carolina,Hungary,R03
ORD004405,CUST00652,2023-08-03,UPI,DELIVERED,Austinburgh,Mississippi,Papua New Guinea,R02
ORD004406,CUST00289,2025-11-22,Cash on Delivery,DELIVERED,Patrickmouth,Nevada,Portugal,R02
ORD004407,CUST00673,2022-09-11,Cash on Delivery,DELIVERED,East Robert,Kansas,Belize,R19
ORD004408,CUST00228,2025-06-06,Credit Card,DELIVERED,South Matthew,Kentucky,British Virgin Islands,R10
ORD004409,CUST00671,2024-04-07,Net Banking,DELIVERED,New Jodi,Virginia,Sao Tome and Principe,R14
ORD004410,CUST00479,2023-06-19,Cash on Delivery,DELIVERED,Cynthiafort,Oklahoma,Swaziland,R13
ORD004411,CUST00038,2025-03-08,Credit Card,DELIVERED,East Rebeccaberg,North Carolina,Andorra,R01
ORD004412,CUST00397,2022-05-17,Debit Card,DELIVERED,Crawfordtown,Nebraska,Bulgaria,R19
ORD004413,CUST00034,2024-05-26,Net Banking,DELIVERED,Michaeltown,Florida,San Marino,R08
ORD004414,CUST00306,2023-08-24,UPI,DELIVERED,Josephbury,Wyoming,Haiti,R20
ORD004415,CUST00462,2024-11-02,UPI,DELIVERED,West Cody,Tennessee,Finland,R12
ORD004416,CUST00573,2024-12-18,Credit Card,DELIVERED,New Charles,West Virginia,Cuba,R18
ORD004417,CUST00146,2022-10-17,Net Banking,RETURNED,Lake Isabella,North Dakota,Jersey,R15
ORD004418,CUST00284,2025-07-25,Debit Card,RETURNED,Burchshire,South Dakota,Australia,R03
ORD004419,CUST00613,2025-10-12,Net Banking,DELIVERED,Hendersonfort,West Virginia,Equatorial Guinea,R11
ORD004420,CUST00176,2024-01-02,UPI,DELIVERED,Brewerberg,Wisconsin,Austria,R04
ORD004421,CUST00434,2025-01-11,UPI,DELIVERED,North Dorothyton,Maine,Afghanistan,R17
ORD004422,CUST00467,2024-05-06,Debit Card,DELIVERED,New John,West Virginia,Lao People's Democratic Republic,R05
ORD004423,CUST00618,2025-08-07,Debit Card,DELIVERED,South Andrew,Colorado,Norway,R17
ORD004424,CUST00306,2024-04-28,Cash on Delivery,DELIVERED,Harrisonfort,South Carolina,Sao Tome and Principe,R01
ORD004425,CUST00419,2023-06-22,Credit Card,RETURNED,East Michelle,West Virginia,Venezuela,R11
ORD004426,CUST00087,2023-03-15,Debit Card,RETURNED,East Mark,Pennsylvania,Czech Republic,R13
ORD004427,CUST00588,2024-08-14,Debit Card,DELIVERED,East Joseph,Mississippi,Turks and Caicos Islands,R06
ORD004428,CUST00084,2025-04-02,UPI,DELIVERED,Woodsburgh,New Jersey,Korea,R18
ORD004429,CUST00251,2023-01-27,Cash on Delivery,DELIVERED,Seanmouth,Arkansas,Chad,R17
ORD004430,CUST00651,2022-06-15,Net Banking,DELIVERED,Jacobville,Maine,Malta,R01
ORD004431,,2023-04-26,Cash on Delivery,DELIVERED,Carneybury,Virginia,Honduras,R16
ORD004432,CUST00505,2022-10-22,Net Banking,DELIVERED,New Margaret,Virginia,Seychelles,R07
ORD004433,CUST00034,2024-04-09,Cash on Delivery,DELIVERED,Weaverhaven,Maryland,Christmas Island,R02
ORD004434,CUST00587,2025-06-14,Credit Card,DELIVERED,Port Kaitlinport,New Jersey,Greenland,R13
ORD004435,CUST00005,2025-10-30,Net Banking,DELIVERED,West Elizabeth,Rhode Island,Georgia,R08
ORD004436,CUST00650,2023-11-26,Cash on Delivery,DELIVERED,Brownfurt,Oregon,Reunion,R08
ORD004437,CUST00459,2025-01-27,Debit Card,DELIVERED,Lake Brittany,North Dakota,Guam,R18
ORD004438,CUST00465,2023-01-10,Net Banking,DELIVERED,Lake Danielle,Georgia,Vietnam,R14
ORD004439,CUST00063,2023-05-08,Debit Card,DELIVERED,Richardchester,Virginia,Papua New Guinea,R11
ORD004440,CUST00672,2024-12-29,Cash on Delivery,DELIVERED,Vargasport,Nebraska,San Marino,R15
ORD004441,CUST00693,2023-11-23,Credit Card,CANCELLED,Foxland,North Dakota,Senegal,R16
ORD004442,CUST00243,2024-06-03,Credit Card,DELIVERED,Lewischester,West Virginia,Uruguay,R19
ORD004443,CUST00431,2022-05-02,Net Banking,DELIVERED,Port Audrey,South Carolina,Saint Barthelemy,R16
ORD004444,CUST00271,02/05/2022,UPI,DELIVERED,Kimberlymouth,Pennsylvania,Burkina Faso,R09
ORD004445,CUST00547,2024-12-30,Cash on Delivery,DELIVERED,North Jennifermouth,West Virginia,Kazakhstan,R15
ORD004446,CUST00223,2022-09-26,Cash on Delivery,SHIPPED,Lake Martin,South Dakota,Austria,R12
ORD004447,CUST00397,2022-05-16,Debit Card,CANCELLED,Stevenfort,New York,Montserrat,R06
ORD004448,CUST00496,2023-10-19,Cash on Delivery,DELIVERED,South Emily,North Carolina,United States Virgin Islands,R19
ORD004449,CUST00369,2025-04-29,Debit Card,CANCELLED,Warestad,Maine,Seychelles,R14
ORD004450,CUST00121,2024-05-24,UPI,DELIVERED,Sheltonshire,Colorado,Russian Federation,R19
ORD004451,CUST00485,2024-01-14,Net Banking,DELIVERED,Port Michelle,Florida,Angola,R12
ORD004452,CUST00429,2022-03-10,Credit Card,DELIVERED,North Kristinaville,West Virginia,Equatorial Guinea,R15
ORD004453,CUST00156,2022-10-04,Cash on Delivery,DELIVERED,Contreraston,Montana,Cocos (Keeling) Islands,R17
ORD004454,CUST00346,2023-05-12,UPI,DELIVERED,West Tracyshire,Michigan,Botswana,R19
ORD004455,CUST00011,2023-01-29,Debit Card,RETURNED,New Hollymouth,Connecticut,Norfolk Island,R13
ORD004456,CUST00542,2024-12-19,Net Banking,PLACED,Lake Williamtown,Virginia,Estonia,R14
ORD004457,CUST00389,2024-09-07,Cash on Delivery,DELIVERED,Zacharyfort,Idaho,Faroe Islands,R14
ORD004458,CUST00070,2022-09-01,Credit Card,RETURNED,South Michaela,Tennessee,French Polynesia,R18
ORD004459,,2025-09-23,Net Banking,RETURNED,Hendersonberg,South Carolina,French Southern Territories,R15
ORD004460,,2025-06-21,Net Banking,PLACED,Port Bradley,Minnesota,Brazil,R07
ORD004461,CUST00584,2023-12-11,Net Banking,DELIVERED,New Stevenmouth,California,Cocos (Keeling) Islands,R08
ORD004462,CUST00509,2024-10-10,Credit Card,CANCELLED,Port Renee,Indiana,Senegal,R15
ORD004463,CUST00072,2023-01-01,UPI,SHIPPED,Jessechester,New Jersey,Holy See (Vatican City State),R15
ORD004464,CUST00245,01/01/2023,Cash on Delivery,DELIVERED,Frazierfort,New Hampshire,Croatia,R06
ORD004465,CUST00192,2023-01-25,UPI,DELIVERED,South Lauren,Wyoming,Grenada,R06
ORD004466,CUST00295,2024-04-06,Credit Card,DELIVERED,Morrisborough,Texas,Bangladesh,R08
ORD004467,CUST00054,2022-01-15,Credit Card,DELIVERED,Jeanneshire,New Hampshire,Netherlands Antilles,R08
ORD004468,CUST00259,2022-05-24,UPI,DELIVERED,Aaronfort,California,Norfolk Island,R01
ORD004469,CUST00387,2025-10-23,Debit Card,DELIVERED,Port William,Nebraska,Belize,R01
ORD004470,CUST00409,2024-10-22,Credit Card,DELIVERED,South Meganfurt,Montana,Tuvalu,R15
ORD004471,CUST00551,2025-01-04,Debit Card,DELIVERED,Munozfort,Texas,Faroe Islands,R20
ORD004472,CUST00313,2024-01-08,Cash on Delivery,DELIVERED,Port Megan,West Virginia,Bermuda,R16
ORD004473,CUST00050,2023-12-15,Net Banking,CANCELLED,Port Shariport,Wyoming,Denmark,R09
ORD004474,CUST00260,2023-07-27,Cash on Delivery,DELIVERED,Hendersonbury,West Virginia,Australia,R18
ORD004475,CUST00491,2022-12-05,Debit Card,DELIVERED,West Katherine,Missouri,Venezuela,R04
ORD004476,CUST00593,2025-08-09,Cash on Delivery,DELIVERED,Jenniferstad,Massachusetts,Martinique,R09
ORD004477,CUST00171,2023-11-24,Debit Card,RETURNED,Burnsmouth,Washington,Algeria,R17
ORD004478,CUST00007,2024-01-08,Net Banking,DELIVERED,Lake Brianfort,Idaho,Mali,R10
ORD004479,CUST00136,2024-12-05,UPI,DELIVERED,Lake Caitlin,New Jersey,Tajikistan,R14
ORD004480,CUST00564,2023-08-23,Net Banking,DELIVERED,Staceychester,West Virginia,Philippines,R01
ORD004481,,2025-12-30,Credit Card,DELIVERED,East Erinland,Kentucky,New Zealand,R05
ORD004482,CUST00173,2024-12-19,UPI,RETURNED,Lake Richard,Kansas,Botswana,R02
ORD004483,CUST00096,2025-04-12,Debit Card,DELIVERED,Thompsonmouth,Michigan,India,R14
ORD004484,CUST00214,2024-12-20,Cash on Delivery,DELIVERED,Jonathanshire,Wisconsin,Argentina,R18
ORD004485,CUST00484,2024-06-24,Net Banking,DELIVERED,Brycemouth,Montana,Tuvalu,R17
ORD004486,CUST00509,2023-09-15,UPI,DELIVERED,North Bryan,Montana,Cook Islands,R06
ORD004487,CUST00318,2023-08-29,Net Banking,DELIVERED,Lake Sara,Arkansas,Guinea-Bissau,R04
ORD004488,CUST00486,2024-11-20,Cash on Delivery,DELIVERED,South Jonathonmouth,North Carolina,Kyrgyz Republic,R10
ORD004489,CUST00118,2025-09-13,Credit Card,DELIVERED,Port Kevinhaven,Connecticut,Bermuda,R06
ORD004490,CUST00555,2022-11-14,UPI,DELIVERED,Kathyborough,Vermont,Saint Lucia,R01
ORD004491,,2024-01-11,UPI,DELIVERED,New Robert,Hawaii,Liberia,R16
ORD004492,CUST00320,2025-12-03,UPI,DELIVERED,Port Laurie,Massachusetts,Mozambique,R01
ORD004493,CUST00151,2025-03-09,UPI,SHIPPED,Alexanderfort,Vermont,Bahamas,R16
ORD004494,CUST00370,2023-06-04,Debit Card,SHIPPED,Kennethshire,Pennsylvania,Rwanda,R09
ORD004495,CUST00543,2025-04-11,Credit Card,DELIVERED,South Christopherburgh,Vermont,Namibia,R03
ORD004496,CUST00057,2025-11-30,Debit Card,DELIVERED,Lynchville,Massachusetts,French Guiana,R05
ORD004497,CUST00478,2024-12-29,UPI,DELIVERED,Port Shelley,Alabama,Australia,R12
ORD004498,CUST00176,2024-10-17,Cash on Delivery,DELIVERED,New John,Wyoming,Qatar,R09
ORD004499,CUST00175,2025-07-06,Credit Card,CANCELLED,East Tinafurt,North Carolina,Montserrat,R13
ORD004500,CUST00057,2022-10-30,Debit Card,DELIVERED,Ochoachester,Alaska,Cayman Islands,R18
ORD004501,CUST00194,2022-04-10,Cash on Delivery,RETURNED,South Katherine,Ohio,France,R17
ORD004502,CUST00506,2022-04-28,Credit Card,DELIVERED,Vincentland,Vermont,Burkina Faso,R07
ORD004503,CUST00408,2025-02-26,UPI,DELIVERED,New Josephstad,California,Saint Helena,R03
ORD004504,,2024-07-06,Cash on Delivery,DELIVERED,Lauraland,New Mexico,Jordan,R05
ORD004505,CUST00411,2024-11-01,Debit Card,DELIVERED,Matthewburgh,Georgia,Cyprus,R18
ORD004506,CUST00351,2024-12-12,UPI,DELIVERED,Michaelberg,Vermont,Mayotte,R15
ORD004507,CUST00008,2023-05-18,UPI,DELIVERED,Barnettchester,Illinois,Albania,R19
ORD004508,CUST00443,2025-05-02,Net Banking,DELIVERED,Port Dylan,Wyoming,Trinidad and Tobago,R01
ORD004509,CUST00633,2025-01-13,UPI,DELIVERED,New Sarah,Kansas,Guinea-Bissau,R02
ORD004510,CUST00123,2022-08-12,Credit Card,DELIVERED,Rosefort,Connecticut,Holy See (Vatican City State),R12
ORD004511,CUST00130,2025-02-02,Credit Card,RETURNED,West Leah,Rhode Island,Pakistan,R15
ORD004512,,2023-09-29,Cash on Delivery,DELIVERED,Toddburgh,Nebraska,Malta,R07
ORD004513,CUST00489,2024-10-28,Cash on Delivery,DELIVERED,Melissafort,Louisiana,Isle of Man,R04
ORD004514,CUST00352,2023-03-07,Debit Card,RETURNED,Manuelmouth,Utah,Canada,R04
ORD004515,CUST00080,2025-10-25,Credit Card,CANCELLED,North Katherine,Delaware,Mexico,R15
ORD004516,CUST00086,2023-07-04,Credit Card,RETURNED,New Amyside,New Mexico,Germany,R15
ORD004517,CUST00343,2023-09-19,Net Banking,DELIVERED,Loristad,Wisconsin,Anguilla,R04
ORD004518,CUST00318,2025-03-06,Debit Card,DELIVERED,Amytown,Massachusetts,Marshall Islands,R15
ORD004519,CUST00244,2022-01-17,Credit Card,DELIVERED,North Annaside,Utah,Swaziland,R12
ORD004520,,2023-10-16,Cash on Delivery,DELIVERED,Wheelerview,Kentucky,Luxembourg,R03
ORD004521,CUST00183,2023-11-08,Cash on Delivery,RETURNED,New Jasonside,Wyoming,Saint Lucia,R16
ORD004522,CUST00461,2024-05-01,Net Banking,DELIVERED,Bennettfurt,South Dakota,French Polynesia,R15
ORD004523,CUST00492,2023-08-27,Debit Card,DELIVERED,Johnbury,Iowa,French Southern Territories,R10
ORD004524,CUST00203,2025-06-23,Debit Card,CANCELLED,Ramosshire,Nebraska,Denmark,R20
ORD004525,CUST00474,2022-11-05,Credit Card,DELIVERED,Rayberg,Georgia,South Africa,R13
ORD004526,CUST00371,2025-09-06,Debit Card,RETURNED,Gillespieburgh,North Carolina,Brazil,R10
ORD004527,CUST00229,2024-08-15,UPI,CANCELLED,West Aaronborough,New York,French Guiana,R20
ORD004528,CUST00586,2022-11-18,Credit Card,DELIVERED,Sanchezmouth,Arkansas,Gibraltar,R18
ORD004529,CUST00663,2022-09-13,Debit Card,DELIVERED,New Keithmouth,South Dakota,Afghanistan,R16
ORD004530,CUST00596,2023-01-28,UPI,DELIVERED,Andersonchester,Alaska,Nigeria,R02
ORD004531,CUST00582,2024-01-13,Cash on Delivery,SHIPPED,Martinland,Louisiana,Guinea,R12
ORD004532,CUST00495,2024-07-01,Net Banking,DELIVERED,Hayeschester,Missouri,Andorra,R06
ORD004533,CUST00416,2024-06-07,Credit Card,DELIVERED,Beverlyside,Colorado,Kazakhstan,R09
ORD004534,CUST00609,2025-03-13,UPI,DELIVERED,Toddbury,Missouri,Jordan,R20
ORD004535,CUST00237,2023-07-21,UPI,DELIVERED,New Scott,North Dakota,Malta,R09
ORD004536,CUST00645,2026-04-05,Credit Card,DELIVERED,Alexandriaport,North Carolina,San Marino,R04
ORD004537,CUST00117,2024-07-14,Credit Card,CANCELLED,Rebeccastad,New Hampshire,Brazil,R13
ORD004538,CUST00319,2023-01-16,Debit Card,DELIVERED,Port Crystalside,Kentucky,Estonia,R11
ORD004539,CUST00432,2023-02-15,UPI,CANCELLED,Brownchester,Kansas,Tanzania,R03
ORD004540,CUST00535,2024-05-26,Cash on Delivery,DELIVERED,Herbertfort,Kentucky,Lesotho,R07
ORD004541,CUST00338,2024-01-11,Debit Card,DELIVERED,Ramirezmouth,South Dakota,Cayman Islands,R10
ORD004542,CUST00168,2022-05-04,Cash on Delivery,DELIVERED,East William,North Carolina,Korea,R11
ORD004543,CUST00632,2023-11-22,Net Banking,RETURNED,Patrickland,South Carolina,Belgium,R16
ORD004544,CUST00489,2025-12-12,UPI,RETURNED,Riverafort,Pennsylvania,Trinidad and Tobago,R08
ORD004545,CUST00610,2024-11-04,Credit Card,DELIVERED,East Jessica,Rhode Island,Armenia,R06
ORD004546,CUST00309,2024-09-20,Credit Card,DELIVERED,North Mariotown,Massachusetts,France,R01
ORD004547,CUST00044,2023-06-29,Credit Card,DELIVERED,South Jerrymouth,Oklahoma,Haiti,R01
ORD004548,,2023-03-18,UPI,DELIVERED,West Jessicaland,Oregon,Czech Republic,R15
ORD004549,CUST00417,2023-03-07,Debit Card,DELIVERED,Saraport,Nebraska,Brunei Darussalam,R15
ORD004550,CUST00516,2025-08-28,Debit Card,DELIVERED,Garciaberg,Illinois,New Zealand,R02
ORD004551,CUST00291,2022-12-30,Credit Card,DELIVERED,North Kim,Wisconsin,Ireland,R20
ORD004552,CUST00505,2023-06-07,UPI,DELIVERED,East Nathan,Illinois,Turkey,R15
ORD004553,CUST00373,2025-01-13,Debit Card,RETURNED,Cheyennefort,Massachusetts,Venezuela,R08
ORD004554,CUST00637,2025-11-09,Credit Card,DELIVERED,New Randyburgh,North Carolina,Colombia,R13
ORD004555,CUST00602,2025-02-08,Debit Card,CANCELLED,New Richardtown,North Dakota,Liechtenstein,R19
ORD004556,CUST00188,2024-05-20,Debit Card,DELIVERED,Gallaghermouth,South Dakota,Latvia,R16
ORD004557,CUST00572,2024-02-23,Debit Card,DELIVERED,Port Jacqueline,New Mexico,Comoros,R08
ORD004558,CUST00524,2023-12-24,Credit Card,DELIVERED,Wrightshire,New Mexico,Korea,R16
ORD004559,CUST00239,2022-12-07,Credit Card,DELIVERED,Port Samuel,Missouri,Isle of Man,R07
ORD004560,CUST00052,2022-02-12,Credit Card,DELIVERED,Sandovalfort,North Carolina,Sudan,R04
ORD004561,CUST00184,2023-05-22,Net Banking,RETURNED,Theresaton,Utah,Norway,R01
ORD004562,CUST00649,2023-03-31,Debit Card,DELIVERED,Wendyton,New Hampshire,Romania,R15
ORD004563,CUST00162,2022-08-07,Credit Card,DELIVERED,Mooretown,Utah,Belgium,R11
ORD004564,CUST00075,2022-01-27,Credit Card,DELIVERED,Salazarburgh,Vermont,Zambia,R05
ORD004565,CUST00335,2022-08-18,UPI,DELIVERED,Kellymouth,North Dakota,Cayman Islands,R03
ORD004566,CUST00375,2023-06-21,Debit Card,DELIVERED,Paultown,Michigan,Nigeria,R16
ORD004567,CUST00056,2023-04-18,Debit Card,DELIVERED,Lake Michaelfort,Delaware,Bangladesh,R02
ORD004568,CUST00280,2023-12-14,Debit Card,RETURNED,Floresshire,Oklahoma,Tajikistan,R13
ORD004569,CUST00313,2025-04-12,Cash on Delivery,DELIVERED,Martinmouth,Oklahoma,Bermuda,R12
ORD004570,CUST00382,2025-01-18,Credit Card,DELIVERED,Lamberthaven,Texas,Macao,R17
ORD004571,,2023-04-18,Cash on Delivery,SHIPPED,South Markmouth,Wisconsin,Cook Islands,R03
ORD004572,CUST00256,2024-12-08,Debit Card,RETURNED,West Jamesfurt,Michigan,Niger,R12
ORD004573,CUST00229,2024-08-31,Debit Card,DELIVERED,Thomashaven,Indiana,Trinidad and Tobago,R09
ORD004574,CUST00071,2024-08-19,Net Banking,DELIVERED,Arthurmouth,West Virginia,Qatar,R16
ORD004575,CUST00322,2022-02-07,UPI,RETURNED,Christopherborough,Arizona,Ireland,R13
ORD004576,CUST00443,2024-07-30,Credit Card,RETURNED,Westland,Wyoming,Brunei Darussalam,R05
ORD004577,CUST00285,2024-04-10,UPI,CANCELLED,West Paulbury,Oklahoma,Korea,R14
ORD004578,CUST00124,2025-04-28,Credit Card,CANCELLED,Port Sarahfort,North Dakota,Vietnam,R03
ORD004579,CUST00688,2023-06-03,Cash on Delivery,DELIVERED,South Ashley,Oklahoma,Sierra Leone,R14
ORD004580,CUST00244,2022-08-30,UPI,CANCELLED,West Tiffanyshire,Hawaii,Georgia,R01
ORD004581,,2022-05-12,UPI,DELIVERED,South Dale,Kansas,Afghanistan,R10
ORD004582,CUST00158,2025-09-14,Cash on Delivery,DELIVERED,Barkershire,Arizona,Switzerland,R13
ORD004583,CUST00513,2024-04-02,Net Banking,DELIVERED,Alyssaton,Nebraska,Monaco,R15
ORD004584,CUST00080,2023-02-10,Credit Card,DELIVERED,Port Ronald,Wisconsin,Maldives,R14
ORD004585,CUST00025,2025-12-13,Cash on Delivery,PLACED,South Scottborough,Ohio,Indonesia,R19
ORD004586,CUST00039,2023-10-24,UPI,RETURNED,Elizabethton,Montana,Lebanon,R14
ORD004587,CUST00099,2024-01-17,Credit Card,DELIVERED,Wendystad,Oregon,Guinea-Bissau,R16
ORD004588,CUST00526,2023-11-29,Cash on Delivery,SHIPPED,Lake Robin,Massachusetts,French Guiana,R20
ORD004589,CUST00213,2022-06-06,Net Banking,DELIVERED,West Sherrymouth,New Mexico,United Arab Emirates,R13
ORD004590,CUST00249,2024-10-20,UPI,DELIVERED,West Tiffany,Maine,Armenia,R17
ORD004591,CUST00485,2022-10-05,Debit Card,SHIPPED,Haleyside,Tennessee,Nicaragua,R12
ORD004592,CUST00431,2025-02-19,UPI,RETURNED,North Courtneymouth,Massachusetts,Marshall Islands,R02
ORD004593,CUST00677,2023-11-27,Debit Card,RETURNED,East Matthew,North Carolina,French Guiana,R18
ORD004594,CUST00550,2025-03-20,Net Banking,DELIVERED,Kristenberg,Arizona,Malta,R17
ORD004595,CUST00036,2022-02-03,Credit Card,DELIVERED,West Shelly,Alaska,South Africa,R06
ORD004596,CUST00002,2023-03-21,Cash on Delivery,DELIVERED,West Brianmouth,West Virginia,Zambia,R10
ORD004597,CUST00459,2025-12-25,Credit Card,DELIVERED,Bethanyville,Montana,Hong Kong,R12
ORD004598,CUST00431,2022-01-22,Net Banking,DELIVERED,South Katieville,Colorado,Guam,R01
ORD004599,CUST00547,2024-09-13,Net Banking,DELIVERED,Crystalchester,Colorado,Djibouti,R17
ORD004600,CUST00613,2024-10-03,Cash on Delivery,DELIVERED,Allenview,New Hampshire,Panama,R09
ORD004601,CUST00355,2026-03-03,Net Banking,DELIVERED,Brandonton,Maryland,Grenada,R03
ORD004602,CUST00267,2024-05-07,Debit Card,DELIVERED,Austinside,Pennsylvania,Burundi,R14
ORD004603,CUST00389,2022-07-22,Net Banking,DELIVERED,Johnsonshire,South Carolina,Pitcairn Islands,R03
ORD004604,CUST00575,2022-02-27,Net Banking,RETURNED,Collinsport,South Carolina,Dominican Republic,R03
ORD004605,CUST00436,2023-05-31,Net Banking,PLACED,Bankshaven,Arizona,Uruguay,R20
ORD004606,CUST00375,2024-11-18,Credit Card,RETURNED,Port Diana,Indiana,Monaco,R08
ORD004607,CUST00092,2022-12-04,Net Banking,DELIVERED,Carterberg,Hawaii,Gabon,R05
ORD004608,CUST00017,2023-07-18,Credit Card,DELIVERED,Kellieville,New York,Argentina,R12
ORD004609,CUST00439,2024-03-24,Credit Card,DELIVERED,East Michael,Wisconsin,Sierra Leone,R16
ORD004610,CUST00489,2023-04-07,Credit Card,PLACED,West Joseph,South Dakota,Tunisia,R07
ORD004611,CUST00102,2025-05-02,Cash on Delivery,DELIVERED,Moralesbury,Texas,New Caledonia,R19
ORD004612,CUST00165,2022-02-24,UPI,DELIVERED,Lake Austinstad,Indiana,Nauru,R18
ORD004613,CUST00493,2025-11-10,UPI,CANCELLED,West Jacquelineside,Wisconsin,Mayotte,R05
ORD004614,,2025-05-26,Credit Card,RETURNED,Simpsonburgh,Massachusetts,Bosnia and Herzegovina,R10
ORD004615,CUST00346,2023-04-14,UPI,RETURNED,Lake Barbaraville,West Virginia,Kazakhstan,R10
ORD004616,CUST00605,14/04/2023,UPI,DELIVERED,New Bethanymouth,Indiana,Barbados,R19
ORD004617,CUST00564,2024-02-13,Cash on Delivery,CANCELLED,New Walterville,Montana,Ireland,R13
ORD004618,CUST00647,2024-04-08,Cash on Delivery,DELIVERED,East Patriciabury,South Dakota,Mayotte,R05
ORD004619,CUST00318,2023-04-02,Net Banking,DELIVERED,Morrisonburgh,Oklahoma,Bhutan,R07
ORD004620,CUST00289,2023-07-21,Credit Card,DELIVERED,North Parkermouth,Kentucky,Vanuatu,R02
ORD004621,CUST00029,2023-09-28,UPI,DELIVERED,Cowanstad,New Hampshire,Djibouti,R11
ORD004622,CUST00162,2022-06-23,Cash on Delivery,RETURNED,Port Michael,Nebraska,Botswana,R01
ORD004623,CUST00504,2022-07-17,Debit Card,DELIVERED,Powellhaven,New Hampshire,Indonesia,R19
ORD004624,CUST00580,2022-09-25,Net Banking,DELIVERED,Port Katelyn,Pennsylvania,Guinea,R09
ORD004625,CUST00424,2025-12-12,Credit Card,DELIVERED,Connershire,Maryland,Liechtenstein,R16
ORD004626,CUST00200,2023-03-12,Cash on Delivery,DELIVERED,Benjaminton,South Dakota,Mongolia,R13
ORD004627,CUST00161,2024-10-02,Credit Card,DELIVERED,Wilsonbury,Tennessee,Cyprus,R11
ORD004628,CUST00648,2022-05-20,UPI,DELIVERED,Kimville,Nevada,Argentina,R08
ORD004629,CUST00039,2025-10-20,Debit Card,PLACED,Geraldland,Kentucky,Syrian Arab Republic,R13
ORD004630,CUST00480,2025-11-11,UPI,DELIVERED,Sethchester,Michigan,Argentina,R03
ORD004631,CUST00676,2025-08-10,Cash on Delivery,DELIVERED,Joseville,Mississippi,Colombia,R09
ORD004632,CUST00105,2023-10-31,Credit Card,DELIVERED,Justinstad,Utah,Palestinian Territory,R17
ORD004633,CUST00013,2024-02-17,Net Banking,DELIVERED,New Rebecca,Nebraska,Saint Vincent and the Grenadines,R02
ORD004634,CUST00556,2024-07-14,Credit Card,DELIVERED,Jessicastad,Kentucky,Benin,R05
ORD004635,CUST00500,2024-10-22,Debit Card,DELIVERED,Port Jeffreymouth,Oklahoma,Aruba,R16
ORD004636,CUST00651,2023-01-31,Cash on Delivery,DELIVERED,Pooleberg,Alaska,Netherlands,R07
ORD004637,CUST00427,2022-10-22,Credit Card,DELIVERED,South John,Montana,Venezuela,R20
ORD004638,CUST00331,2023-05-21,Debit Card,DELIVERED,West Rachel,New Mexico,Paraguay,R05
ORD004639,CUST00016,2023-10-10,Debit Card,DELIVERED,Lake Laurieport,Texas,Philippines,R05
ORD004640,CUST00258,2022-07-08,Net Banking,DELIVERED,Samuelview,Alabama,South Africa,R03
ORD004641,CUST00251,2022-09-22,Credit Card,DELIVERED,Bensonborough,Minnesota,Comoros,R10
ORD004642,CUST00376,2023-03-15,UPI,CANCELLED,West Michael,Missouri,Benin,R04
ORD004643,CUST00546,2024-05-15,Credit Card,DELIVERED,East Lisa,Nevada,Saint Helena,R13
ORD004644,CUST00647,2022-08-25,UPI,RETURNED,East Amandaville,Vermont,Guyana,R04
ORD004645,CUST00619,2023-06-20,Cash on Delivery,DELIVERED,Port Alanstad,Louisiana,Venezuela,R13
ORD004646,CUST00088,2022-07-25,Net Banking,RETURNED,Kendrafort,Michigan,Albania,R03
ORD004647,CUST00514,2023-07-26,UPI,CANCELLED,Orrhaven,South Dakota,Bahamas,R19
ORD004648,CUST00631,2024-03-04,Debit Card,CANCELLED,Deborahhaven,Idaho,Qatar,R13
ORD004649,CUST00674,2022-01-21,Credit Card,RETURNED,Mooreland,Georgia,India,R16
ORD004650,CUST00420,2022-10-20,Credit Card,DELIVERED,West Antonio,Texas,Colombia,R02
ORD004651,CUST00226,2024-10-16,Debit Card,SHIPPED,South Alyssa,Connecticut,Saint Martin,R03
ORD004652,CUST00529,2025-05-01,Cash on Delivery,DELIVERED,East Richard,Hawaii,Korea,R10
ORD004653,CUST00010,2023-01-20,Debit Card,RETURNED,East Natalie,Florida,Kiribati,R08
ORD004654,CUST00161,2023-11-26,UPI,DELIVERED,Gonzaleschester,South Carolina,Grenada,R19
ORD004655,,2025-11-16,Debit Card,DELIVERED,New Cynthiaport,Wisconsin,Hungary,R17
ORD004656,,2024-04-14,Cash on Delivery,DELIVERED,Bowmanmouth,Wisconsin,French Polynesia,R02
ORD004657,CUST00396,2024-06-25,Debit Card,DELIVERED,New Keith,Rhode Island,New Zealand,R17
ORD004658,CUST00470,2022-10-29,UPI,PLACED,East Robertstad,South Dakota,Turks and Caicos Islands,R04
ORD004659,CUST00269,2024-02-08,Debit Card,DELIVERED,Port Maria,Wisconsin,Turks and Caicos Islands,R13
ORD004660,CUST00279,2023-09-19,Credit Card,RETURNED,Wagnertown,Utah,Greenland,R05
ORD004661,CUST00469,2022-12-24,Net Banking,DELIVERED,Banksmouth,Tennessee,Macao,R02
ORD004662,CUST00466,2022-11-22,UPI,DELIVERED,North James,Montana,British Virgin Islands,R15
ORD004663,CUST00272,2025-11-02,Cash on Delivery,DELIVERED,Port Daniel,New Hampshire,Nepal,R17
ORD004664,CUST00461,2022-01-24,Credit Card,DELIVERED,Johnton,Indiana,Micronesia,R04
ORD004665,CUST00235,2024-11-23,Cash on Delivery,DELIVERED,East James,Tennessee,Ghana,R06
ORD004666,CUST00646,2025-05-20,Debit Card,SHIPPED,New Alfredfurt,Montana,Fiji,R13
ORD004667,CUST00018,2024-04-19,Net Banking,DELIVERED,East Johnberg,Ohio,Azerbaijan,R15
ORD004668,CUST00360,2025-09-11,UPI,DELIVERED,Port Carlahaven,North Dakota,Taiwan,R18
ORD004669,CUST00047,2024-12-12,Net Banking,DELIVERED,Stephanieland,Delaware,Guinea,R02
ORD004670,,2023-03-05,Cash on Delivery,DELIVERED,New Timothy,Connecticut,Guyana,R11
ORD004671,CUST00303,2024-01-23,UPI,DELIVERED,West Lisa,Massachusetts,Mozambique,R08
ORD004672,CUST00406,2025-06-02,Debit Card,PLACED,North Emilychester,Alabama,Macao,R09
ORD004673,CUST00452,2023-10-15,Cash on Delivery,DELIVERED,East Jennifer,Minnesota,Bahamas,R20
ORD004674,CUST00308,2023-03-27,Net Banking,DELIVERED,Johnsonberg,Nebraska,United States Minor Outlying Islands,R19
ORD004675,CUST00532,2024-10-11,Cash on Delivery,DELIVERED,Port Douglas,New York,Micronesia,R03
ORD004676,CUST00479,2024-09-19,Credit Card,DELIVERED,East Sarah,Michigan,Bosnia and Herzegovina,R04
ORD004677,CUST00026,2026-05-06,Net Banking,PLACED,Port Susan,Nevada,Norway,R03
ORD004678,CUST00456,2022-06-04,Credit Card,DELIVERED,West Bradley,Nebraska,Brunei Darussalam,R11
ORD004679,CUST00588,2022-04-12,Cash on Delivery,DELIVERED,New Keithland,Massachusetts,Tonga,R07
ORD004680,CUST00038,2024-01-16,UPI,DELIVERED,Leblanctown,Montana,Burkina Faso,R03
ORD004681,CUST00453,2025-01-06,Net Banking,CANCELLED,North Annefort,Tennessee,Guinea,R02
ORD004682,CUST00285,2022-10-13,Credit Card,RETURNED,Schmidtchester,Mississippi,Australia,R09
ORD004683,CUST00294,2024-04-08,Debit Card,DELIVERED,South Andrea,Wisconsin,India,R19
ORD004684,,2024-05-15,Credit Card,DELIVERED,North Kelly,New Hampshire,Zimbabwe,R17
ORD004685,CUST00311,2022-12-18,Net Banking,RETURNED,Duketon,North Dakota,Poland,R11
ORD004686,CUST00384,2023-12-06,Credit Card,DELIVERED,West Karenshire,Alaska,Congo,R04
ORD004687,CUST00492,2024-08-19,UPI,CANCELLED,New Patriciaberg,Alaska,United States Minor Outlying Islands,R08
ORD004688,CUST00369,2022-03-22,UPI,CANCELLED,Meganfurt,Idaho,Indonesia,R02
ORD004689,CUST00319,2025-05-21,Cash on Delivery,DELIVERED,South Adrianburgh,Tennessee,Vietnam,R13
ORD004690,CUST00642,2023-03-19,Debit Card,DELIVERED,Mitchellmouth,Tennessee,Kiribati,R13
ORD004691,CUST00115,2024-08-26,Cash on Delivery,DELIVERED,North Jerry,New Jersey,Denmark,R15
ORD004692,CUST00242,2024-04-07,Net Banking,DELIVERED,West Sheilaberg,Rhode Island,Slovenia,R19
ORD004693,CUST00311,2025-07-07,Credit Card,DELIVERED,East Derek,New Jersey,Paraguay,R16
ORD004694,CUST00156,2024-11-20,Credit Card,DELIVERED,Port Mark,Arizona,Bouvet Island (Bouvetoya),R18
ORD004695,CUST00358,2023-04-06,Net Banking,CANCELLED,New Gabriella,Maine,Liechtenstein,R08
ORD004696,CUST00637,2025-04-12,Net Banking,DELIVERED,Kellyland,North Carolina,Mauritania,R13
ORD004697,CUST00567,2023-09-17,UPI,DELIVERED,Michaelview,New Jersey,Mayotte,R03
ORD004698,CUST00248,2022-03-22,Credit Card,DELIVERED,South Lisashire,Idaho,Saint Pierre and Miquelon,R16
ORD004699,CUST00624,2023-02-23,UPI,DELIVERED,Robinsonchester,Rhode Island,Syrian Arab Republic,R12
ORD004700,CUST00373,2024-03-23,UPI,DELIVERED,South Megan,Mississippi,Northern Mariana Islands,R08
ORD004701,CUST00328,2024-10-06,Credit Card,DELIVERED,Deborahview,Michigan,Mayotte,R04
ORD004702,CUST00398,2023-01-15,UPI,DELIVERED,Wardtown,West Virginia,Luxembourg,R19
ORD004703,CUST00571,2025-03-07,Debit Card,DELIVERED,Costashire,Arkansas,Saint Martin,R13
ORD004704,CUST00310,2022-10-20,Cash on Delivery,DELIVERED,South Kristineville,South Dakota,Turkey,R20
ORD004705,CUST00459,2022-05-01,Debit Card,DELIVERED,Port Michael,Pennsylvania,Romania,R11
ORD004706,CUST00370,2024-02-17,Credit Card,DELIVERED,West Jamesbury,Delaware,Sri Lanka,R08
ORD004707,CUST00257,2025-03-22,Net Banking,DELIVERED,Emilyshire,Nebraska,Estonia,R04
ORD004708,CUST00554,22/03/2025,Cash on Delivery,RETURNED,North Brandonport,Montana,Antarctica (the territory South of 60 deg S),R12
ORD004709,CUST00330,2022-05-21,UPI,DELIVERED,East Mark,Alabama,Thailand,R20
ORD004710,CUST00178,2025-12-24,UPI,PLACED,Jacksonburgh,Missouri,Austria,R03
ORD004711,CUST00114,2024-12-02,UPI,SHIPPED,North Veronica,West Virginia,Falkland Islands (Malvinas),R11
ORD004712,CUST00435,2022-07-22,UPI,CANCELLED,Rossbury,Iowa,Brazil,R15
ORD004713,CUST00198,2023-08-12,Debit Card,RETURNED,West Brianside,Georgia,Comoros,R20
ORD004714,CUST00642,2022-06-13,Credit Card,RETURNED,North Thomasmouth,Delaware,Netherlands,R08
ORD004715,CUST00002,2025-05-18,Cash on Delivery,DELIVERED,Leslieview,Arizona,Grenada,R07
ORD004716,CUST00544,2025-03-30,Net Banking,CANCELLED,New Elizabethshire,Mississippi,Antarctica (the territory South of 60 deg S),R20
ORD004717,CUST00053,2024-05-10,Cash on Delivery,CANCELLED,New Paulatown,Alabama,Tajikistan,R16
ORD004718,,2025-07-13,Credit Card,SHIPPED,Robertmouth,Iowa,Northern Mariana Islands,R09
ORD004719,CUST00682,2023-07-11,UPI,DELIVERED,Port Robert,Iowa,Haiti,R15
ORD004720,CUST00644,2024-07-18,Net Banking,CANCELLED,Christopherchester,Kansas,Guyana,R12
ORD004721,CUST00325,2022-10-10,UPI,DELIVERED,Danieltown,Georgia,Romania,R05
ORD004722,CUST00074,2022-10-16,Cash on Delivery,DELIVERED,Mendozaville,Arkansas,Indonesia,R05
ORD004723,CUST00022,2023-10-06,UPI,DELIVERED,Juliatown,Hawaii,French Polynesia,R13
ORD004724,CUST00295,2024-06-21,Net Banking,SHIPPED,East Michael,New Hampshire,Kazakhstan,R08
ORD004725,CUST00030,2023-11-21,Net Banking,DELIVERED,Christopherport,Pennsylvania,Aruba,R04
ORD004726,CUST00643,2023-07-25,Credit Card,DELIVERED,Millermouth,Illinois,Canada,R07
ORD004727,CUST00325,2022-07-19,Cash on Delivery,DELIVERED,Shieldsfort,Vermont,Somalia,R14
ORD004728,CUST00474,2024-11-18,UPI,CANCELLED,Frankville,Massachusetts,Malta,R05
ORD004729,CUST00231,2023-12-23,UPI,DELIVERED,South Lisaside,Kansas,Bolivia,R08
ORD004730,CUST00675,2024-01-12,Debit Card,DELIVERED,West Michelleville,Colorado,Bangladesh,R18
ORD004731,CUST00153,2023-02-05,Net Banking,CANCELLED,Lake Jose,Hawaii,French Guiana,R04
ORD004732,CUST00180,2024-12-26,Cash on Delivery,DELIVERED,Virginiaport,Nebraska,Kazakhstan,R19
ORD004733,CUST00267,2022-12-03,Cash on Delivery,DELIVERED,Lake Savannahmouth,California,Uzbekistan,R06
ORD004734,CUST00191,2025-02-25,Cash on Delivery,DELIVERED,Huangview,Colorado,Montserrat,R09
ORD004735,CUST00265,2025-10-16,Cash on Delivery,DELIVERED,Lake Robertmouth,Maryland,United Kingdom,R08
ORD004736,CUST00645,2023-05-09,Cash on Delivery,DELIVERED,New Michaeltown,Illinois,Equatorial Guinea,R04
ORD004737,CUST00119,2022-01-12,Credit Card,DELIVERED,Lake Tinaland,New York,Iraq,R14
ORD004738,CUST00264,2025-10-03,Cash on Delivery,PLACED,South Anthonyville,Indiana,Pakistan,R18
ORD004739,CUST00512,2025-09-24,Debit Card,DELIVERED,North Daleberg,New Hampshire,Croatia,R12
ORD004740,CUST00609,2024-04-06,UPI,DELIVERED,Port Christopher,North Dakota,Norfolk Island,R13
ORD004741,CUST00171,2025-07-10,Cash on Delivery,DELIVERED,South Franciscobury,Massachusetts,Latvia,R20
ORD004742,,2024-07-01,Debit Card,DELIVERED,Howardchester,Kentucky,American Samoa,R05
ORD004743,CUST00017,2022-02-17,Debit Card,RETURNED,New Calebmouth,Maine,Togo,R08
ORD004744,CUST00480,2022-07-21,Net Banking,DELIVERED,Sharpmouth,Oklahoma,Svalbard & Jan Mayen Islands,R13
ORD004745,CUST00405,2022-08-19,Credit Card,DELIVERED,Charleschester,Louisiana,Costa Rica,R11
ORD004746,CUST00521,2023-02-26,Cash on Delivery,DELIVERED,West Susan,Virginia,Tajikistan,R06
ORD004747,CUST00638,2022-04-19,Cash on Delivery,DELIVERED,West Nataliefort,Massachusetts,Turkey,R16
ORD004748,CUST00480,2023-03-30,Net Banking,RETURNED,Benderberg,Louisiana,United States of America,R19
ORD004749,CUST00201,2025-03-15,Debit Card,RETURNED,East Jeremy,Arkansas,Norway,R19
ORD004750,CUST00324,2023-10-23,UPI,DELIVERED,Davidland,Colorado,Jamaica,R05
ORD004751,CUST00261,2025-12-01,Debit Card,DELIVERED,Richardbury,North Dakota,Sri Lanka,R03
ORD004752,CUST00066,2024-07-17,Credit Card,RETURNED,Coreymouth,South Carolina,Canada,R15
ORD004753,CUST00013,2023-01-05,Cash on Delivery,DELIVERED,Samanthachester,Montana,Ghana,R12
ORD004754,CUST00403,2022-08-17,Net Banking,CANCELLED,Port Karenport,Nevada,Equatorial Guinea,R04
ORD004755,CUST00106,2023-05-20,Cash on Delivery,DELIVERED,Port Sara,Connecticut,Yemen,R06
ORD004756,CUST00211,2023-11-04,UPI,DELIVERED,Beverlymouth,Alabama,Jersey,R12
ORD004757,CUST00408,2022-02-22,UPI,DELIVERED,Debbieport,Connecticut,Bhutan,R17
ORD004758,CUST00150,2024-12-09,Credit Card,DELIVERED,South Tina,Tennessee,Bosnia and Herzegovina,R18
ORD004759,CUST00143,2025-12-17,Credit Card,RETURNED,Lake Emily,Tennessee,Jamaica,R06
ORD004760,CUST00114,2025-02-27,Net Banking,DELIVERED,Lake Daniel,Utah,American Samoa,R17
ORD004761,CUST00538,2024-02-11,Credit Card,DELIVERED,Lake Timothychester,Oregon,Syrian Arab Republic,R08
ORD004762,CUST00438,2026-03-25,Cash on Delivery,DELIVERED,Shawnfurt,Arkansas,Bouvet Island (Bouvetoya),R06
ORD004763,,2024-05-15,UPI,SHIPPED,North Joshua,Vermont,Peru,R15
ORD004764,CUST00024,2023-05-17,Credit Card,DELIVERED,Daniellefort,Maryland,Taiwan,R09
ORD004765,CUST00690,2024-02-14,Credit Card,DELIVERED,East Joseph,Iowa,Holy See (Vatican City State),R14
ORD004766,CUST00215,2024-10-13,Debit Card,SHIPPED,Wrightfort,Arizona,Bhutan,R20
ORD004767,CUST00336,2024-10-29,UPI,DELIVERED,Shawstad,Georgia,Taiwan,R01
ORD004768,CUST00019,2023-07-18,UPI,PLACED,North Elizabeth,Vermont,Liberia,R04
ORD004769,CUST00634,2025-05-23,Cash on Delivery,DELIVERED,Brandontown,Oregon,Croatia,R05
ORD004770,CUST00132,2024-01-06,Credit Card,DELIVERED,North Rhondaville,North Dakota,Greece,R02
ORD004771,CUST00014,2024-08-23,UPI,RETURNED,Hawkinsmouth,Louisiana,Norway,R05
ORD004772,CUST00133,2022-01-28,UPI,DELIVERED,Garytown,Massachusetts,Saint Kitts and Nevis,R17
ORD004773,CUST00237,2025-05-08,Credit Card,DELIVERED,Antoniostad,New Mexico,Uruguay,R05
ORD004774,,2024-06-05,Net Banking,DELIVERED,New Carlos,Louisiana,Kiribati,R07
ORD004775,CUST00589,2025-02-07,Net Banking,DELIVERED,South Raymond,Arkansas,Indonesia,R05
ORD004776,,2022-11-16,Cash on Delivery,DELIVERED,West Chase,South Dakota,Bhutan,R14
ORD004777,CUST00406,2022-05-21,Net Banking,CANCELLED,Michelleton,Vermont,Saint Helena,R14
ORD004778,CUST00627,2025-01-29,Cash on Delivery,DELIVERED,Thompsonfort,North Carolina,Oman,R10
ORD004779,CUST00010,2025-10-17,UPI,DELIVERED,New Tiffanyton,Montana,Macao,R09
ORD004780,CUST00259,2025-05-26,UPI,DELIVERED,North Kathleen,Georgia,Papua New Guinea,R14
ORD004781,CUST00401,2025-06-30,Net Banking,PLACED,South Sharonmouth,Rhode Island,Burundi,R18
ORD004782,CUST00295,2025-09-26,Debit Card,DELIVERED,Port Margaret,Hawaii,Cote d'Ivoire,R04
ORD004783,,2023-01-11,UPI,DELIVERED,East Markfort,New York,Burundi,R10
ORD004784,CUST00147,2023-06-22,Net Banking,CANCELLED,Port Hannahborough,North Dakota,Thailand,R06
ORD004785,CUST00529,2023-06-19,Credit Card,DELIVERED,Martinezburgh,Vermont,Kuwait,R04
ORD004786,CUST00368,2024-12-22,UPI,DELIVERED,West Christopherview,Idaho,Luxembourg,R14
ORD004787,CUST00631,2024-10-10,Net Banking,SHIPPED,Lopezborough,Massachusetts,Pakistan,R07
ORD004788,CUST00126,2024-02-04,Credit Card,DELIVERED,Lake Tracy,Kentucky,Cocos (Keeling) Islands,R12
ORD004789,CUST00164,2025-11-11,Credit Card,DELIVERED,Lake Paulaberg,Alabama,New Caledonia,R18
ORD004790,CUST00050,2023-01-28,Cash on Delivery,DELIVERED,North Scott,Kansas,Ukraine,R15
ORD004791,CUST00664,2024-01-18,Debit Card,DELIVERED,Danielhaven,New Jersey,Bahrain,R09
ORD004792,CUST00059,2024-08-17,Debit Card,DELIVERED,Douglaston,Texas,Greenland,R13
ORD004793,CUST00179,2024-05-30,Credit Card,DELIVERED,Lake Susan,Michigan,Czech Republic,R02
ORD004794,CUST00110,2025-09-13,Debit Card,DELIVERED,Port Katiestad,Minnesota,Portugal,R11
ORD004795,CUST00328,2025-08-10,Net Banking,CANCELLED,Snyderbury,Montana,French Polynesia,R15
ORD004796,CUST00457,2024-11-08,Cash on Delivery,DELIVERED,South Jason,Pennsylvania,Guernsey,R13
ORD004797,CUST00042,2023-12-07,Net Banking,DELIVERED,East Abigail,South Dakota,Bolivia,R19
ORD004798,CUST00020,2023-10-18,UPI,DELIVERED,East Brandyland,Kansas,Gibraltar,R12
ORD004799,CUST00547,2022-06-11,Cash on Delivery,PLACED,Lake Pamelaland,Kansas,Palau,R19
ORD004800,CUST00483,2022-11-19,Cash on Delivery,DELIVERED,North Anthonymouth,Illinois,Holy See (Vatican City State),R10
ORD004801,CUST00135,2025-04-03,Credit Card,DELIVERED,East Mirandafurt,Oregon,Fiji,R11
ORD004802,CUST00303,2024-03-26,Debit Card,DELIVERED,Jenniferville,Hawaii,Croatia,R06
ORD004803,CUST00047,2022-08-05,Debit Card,DELIVERED,East Jeremy,Hawaii,United States of America,R15
ORD004804,CUST00329,2022-02-21,Cash on Delivery,DELIVERED,Floydhaven,Wisconsin,Gibraltar,R03
ORD004805,CUST00110,2025-10-09,Net Banking,RETURNED,Brownshire,Maryland,Cote d'Ivoire,R18
ORD004806,CUST00229,2024-06-27,Debit Card,DELIVERED,East Timothyhaven,Minnesota,Monaco,R15
ORD004807,CUST00422,27/06/2024,Debit Card,DELIVERED,Benjaminborough,New Mexico,Niger,R04
ORD004808,CUST00090,27/06/2024,Cash on Delivery,RETURNED,North Jeffrey,Delaware,Jamaica,R12
ORD004809,CUST00544,2025-06-21,UPI,DELIVERED,East Nicholas,Arkansas,Maldives,R04
ORD004810,CUST00357,2022-01-11,Credit Card,DELIVERED,South Carlos,Connecticut,Nigeria,R07
ORD004811,CUST00207,2022-12-27,Cash on Delivery,DELIVERED,South Meganport,Louisiana,Rwanda,R13
ORD004812,CUST00063,2024-07-18,Cash on Delivery,DELIVERED,New Aaron,New Hampshire,Northern Mariana Islands,R15
ORD004813,CUST00444,2023-03-09,UPI,DELIVERED,Barronbury,Ohio,British Virgin Islands,R17
ORD004814,CUST00651,2022-05-29,Cash on Delivery,DELIVERED,Port Jason,Arkansas,Paraguay,R08
ORD004815,CUST00008,2023-01-24,Net Banking,DELIVERED,Randallport,Mississippi,Germany,R04
ORD004816,CUST00120,2023-04-25,Cash on Delivery,DELIVERED,South Melissatown,Alabama,Gibraltar,R16
ORD004817,CUST00592,2025-11-20,Cash on Delivery,DELIVERED,West Marc,North Carolina,Maldives,R04
ORD004818,CUST00649,2022-07-22,Debit Card,DELIVERED,West Andrea,Connecticut,Papua New Guinea,R02
ORD004819,CUST00226,2022-07-13,Net Banking,DELIVERED,Lake Angelaburgh,Oregon,Pakistan,R17
ORD004820,CUST00693,2025-03-04,Credit Card,DELIVERED,New Victoria,Arkansas,Sri Lanka,R18
ORD004821,CUST00630,2025-12-16,Cash on Delivery,DELIVERED,Lake Renee,Louisiana,Liechtenstein,R18
ORD004822,CUST00265,2024-01-18,Cash on Delivery,DELIVERED,West Zachary,West Virginia,Guinea,R08
ORD004823,CUST00053,2022-12-07,Cash on Delivery,PLACED,Jonesstad,Nevada,Sierra Leone,R01
ORD004824,CUST00482,2023-04-03,Cash on Delivery,DELIVERED,West Nicolebury,Indiana,Samoa,R19
ORD004825,CUST00627,2022-02-21,Debit Card,DELIVERED,Ingramfurt,Nebraska,Israel,R11
ORD004826,CUST00474,2024-11-23,Debit Card,CANCELLED,Brownfurt,Indiana,Serbia,R10
ORD004827,CUST00284,2025-11-07,UPI,DELIVERED,North Cory,California,Saint Barthelemy,R19
ORD004828,CUST00175,2023-11-01,Credit Card,DELIVERED,North Veronicashire,Michigan,Guadeloupe,R11
ORD004829,CUST00292,2025-03-01,Debit Card,DELIVERED,North Brooke,New York,Costa Rica,R12
ORD004830,CUST00582,2025-02-02,Net Banking,PLACED,Port Jameston,Iowa,Libyan Arab Jamahiriya,R09
ORD004831,CUST00256,2024-02-05,Cash on Delivery,DELIVERED,South Alanborough,New York,Montserrat,R20
ORD004832,CUST00529,2024-09-07,Cash on Delivery,DELIVERED,North Robert,Ohio,Mozambique,R15
ORD004833,CUST00621,2022-08-02,Cash on Delivery,RETURNED,North Justinstad,North Dakota,Bulgaria,R12
ORD004834,CUST00519,2022-03-12,Net Banking,DELIVERED,Thomasville,Montana,Cocos (Keeling) Islands,R08
ORD004835,CUST00689,2025-07-10,Net Banking,DELIVERED,Shaneport,Florida,French Southern Territories,R18
ORD004836,CUST00074,2023-11-02,Cash on Delivery,DELIVERED,Sarahbury,Georgia,Guyana,R07
ORD004837,CUST00314,2025-09-27,Net Banking,CANCELLED,Brucechester,Michigan,Syrian Arab Republic,R07
ORD004838,CUST00059,2026-02-04,Net Banking,DELIVERED,New Donna,Alaska,Grenada,R13
ORD004839,CUST00097,2025-01-18,Credit Card,DELIVERED,South Lindsay,New Hampshire,Nigeria,R01
ORD004840,CUST00658,2024-09-14,Net Banking,DELIVERED,East Andrewmouth,Hawaii,United States of America,R07
ORD004841,CUST00398,2025-10-26,Credit Card,DELIVERED,New Michaelside,Texas,Netherlands,R17
ORD004842,CUST00330,2022-02-05,Credit Card,RETURNED,West Heather,Vermont,Gibraltar,R14
ORD004843,CUST00596,2022-01-18,Debit Card,DELIVERED,New Cassandrachester,Ohio,Tokelau,R18
ORD004844,CUST00342,2025-05-28,UPI,DELIVERED,Joshuachester,Massachusetts,Zambia,R08
ORD004845,CUST00090,2024-12-29,Credit Card,RETURNED,Duarteside,Wyoming,Belgium,R13
ORD004846,CUST00323,2025-07-04,Net Banking,DELIVERED,Bakerburgh,Arizona,Germany,R11
ORD004847,CUST00122,2023-02-09,Net Banking,DELIVERED,Lake Michaelland,Mississippi,Uzbekistan,R20
ORD004848,CUST00055,2024-12-08,Credit Card,DELIVERED,Robertview,Alabama,Mongolia,R16
ORD004849,CUST00499,2025-05-07,Net Banking,DELIVERED,North Dave,Montana,Oman,R11
ORD004850,CUST00035,2024-02-14,Debit Card,DELIVERED,Carolynbury,Arizona,Uzbekistan,R12
ORD004851,CUST00463,14/02/2024,Credit Card,PLACED,North Jeffreyview,South Dakota,Belgium,R14
ORD004852,CUST00117,2023-04-17,UPI,DELIVERED,West Joanside,Arkansas,Iceland,R10
ORD004853,CUST00272,2024-09-05,Debit Card,DELIVERED,Smithland,Kentucky,Slovenia,R16
ORD004854,CUST00402,2025-05-04,Credit Card,DELIVERED,Stephaniestad,Maryland,Maldives,R19
ORD004855,CUST00256,2023-02-04,Cash on Delivery,SHIPPED,North Alexanderport,Arizona,Angola,R05
ORD004856,CUST00490,2023-03-31,UPI,CANCELLED,Scottstad,Kentucky,Nigeria,R11
ORD004857,,2023-12-19,Net Banking,DELIVERED,Riceborough,Maine,Saint Martin,R05
ORD004858,CUST00173,2024-04-11,Cash on Delivery,DELIVERED,Bellstad,Nebraska,Andorra,R01
ORD004859,CUST00374,2023-03-15,Debit Card,DELIVERED,Port Julian,Nevada,Burkina Faso,R12
ORD004860,CUST00255,2023-05-07,Debit Card,DELIVERED,Hendersonland,Illinois,Marshall Islands,R11
ORD004861,CUST00349,2022-03-03,UPI,DELIVERED,Morrisonland,Colorado,Madagascar,R14
ORD004862,CUST00218,2022-06-24,Net Banking,PLACED,Lake Patricia,Missouri,Guinea,R16
ORD004863,CUST00499,2022-10-02,Cash on Delivery,CANCELLED,Brianville,Mississippi,Mongolia,R10
ORD004864,CUST00222,2023-05-28,Credit Card,DELIVERED,West Johnmouth,Alaska,Kazakhstan,R07
ORD004865,CUST00591,2025-09-10,UPI,DELIVERED,Port Tylerland,South Dakota,Jersey,R14
ORD004866,CUST00037,2024-11-28,Credit Card,DELIVERED,Timothyfort,Wyoming,Saint Helena,R08
ORD004867,CUST00410,2024-10-24,Credit Card,RETURNED,Humphreyville,South Dakota,Armenia,R14
ORD004868,CUST00577,2024-12-09,Credit Card,DELIVERED,Port Mackenzie,Vermont,Egypt,R19
ORD004869,CUST00455,2022-07-08,Debit Card,DELIVERED,Moraleston,Hawaii,Guyana,R13
ORD004870,CUST00107,2023-04-23,Cash on Delivery,PLACED,Garciahaven,Kentucky,Uruguay,R15
ORD004871,CUST00025,2023-03-31,UPI,RETURNED,Noahchester,Maine,Haiti,R04
ORD004872,,2025-03-28,Credit Card,DELIVERED,West Felicia,Colorado,Western Sahara,R07
ORD004873,CUST00259,2024-10-28,UPI,DELIVERED,East William,Wyoming,Bangladesh,R20
ORD004874,CUST00488,2025-09-08,UPI,DELIVERED,Port Laurenbury,New Hampshire,Norfolk Island,R03
ORD004875,CUST00565,2022-07-17,Credit Card,DELIVERED,Shellyview,Wyoming,Lithuania,R08
ORD004876,CUST00603,2025-12-21,UPI,DELIVERED,Port Beth,West Virginia,Saint Barthelemy,R06
ORD004877,CUST00592,2023-05-20,Cash on Delivery,DELIVERED,Lake Micheleport,North Dakota,United States of America,R01
ORD004878,CUST00346,2025-12-01,Net Banking,SHIPPED,Andrewtown,Oregon,Panama,R06
ORD004879,CUST00428,2023-04-26,UPI,RETURNED,Morganside,Kentucky,Ukraine,R05
ORD004880,CUST00149,2023-09-22,Net Banking,DELIVERED,Port Betty,Tennessee,San Marino,R09
ORD004881,CUST00187,2023-03-26,UPI,DELIVERED,Castrofort,Wisconsin,Ecuador,R20
ORD004882,CUST00574,2024-01-14,Cash on Delivery,DELIVERED,Wadefort,Nebraska,Spain,R15
ORD004883,CUST00171,2023-01-31,Credit Card,SHIPPED,Schaefermouth,North Dakota,Aruba,R07
ORD004884,CUST00155,2023-05-15,Cash on Delivery,CANCELLED,West Melissa,Minnesota,Bouvet Island (Bouvetoya),R01
ORD004885,CUST00082,15/05/2023,Cash on Delivery,DELIVERED,Port Amandaville,Nevada,Brunei Darussalam,R10
ORD004886,CUST00265,2025-08-08,Net Banking,DELIVERED,Parkerchester,New Jersey,Jersey,R19
ORD004887,CUST00332,2023-10-23,Debit Card,DELIVERED,Molinaland,Pennsylvania,British Indian Ocean Territory (Chagos Archipelago),R01
ORD004888,CUST00582,2024-07-23,UPI,DELIVERED,West Frank,Kentucky,Brunei Darussalam,R09
ORD004889,CUST00451,2023-06-17,Debit Card,RETURNED,North Shane,Pennsylvania,Luxembourg,R11
ORD004890,CUST00182,2025-08-06,Credit Card,DELIVERED,New Laurachester,Wisconsin,Togo,R15
ORD004891,CUST00257,2023-11-27,Cash on Delivery,RETURNED,Barbaratown,South Dakota,Holy See (Vatican City State),R09
ORD004892,CUST00015,2025-08-06,Cash on Delivery,DELIVERED,Grossborough,Washington,Nauru,R11
ORD004893,CUST00491,2024-10-10,UPI,RETURNED,Washingtonport,Louisiana,Slovenia,R03
ORD004894,CUST00146,2023-11-23,Cash on Delivery,DELIVERED,Churchville,Louisiana,Antigua and Barbuda,R15
ORD004895,CUST00157,2023-07-07,Credit Card,DELIVERED,Singletonmouth,Arkansas,Burkina Faso,R02
ORD004896,CUST00614,2023-07-22,Credit Card,RETURNED,Lake Christopherstad,Maine,Equatorial Guinea,R03
ORD004897,CUST00660,2024-08-17,Debit Card,DELIVERED,Barryside,Massachusetts,Kuwait,R01
ORD004898,CUST00002,2025-06-15,Net Banking,SHIPPED,Davidfurt,South Dakota,Cuba,R17
ORD004899,CUST00435,2024-02-02,Net Banking,DELIVERED,Stephanieview,West Virginia,Mexico,R13
ORD004900,CUST00556,2023-02-23,Credit Card,SHIPPED,Matthewmouth,Virginia,Paraguay,R13
ORD004901,CUST00388,2024-10-13,Net Banking,RETURNED,Myerschester,Indiana,Dominican Republic,R19
ORD004902,CUST00377,2025-07-10,Credit Card,DELIVERED,Hannahburgh,Alabama,Russian Federation,R17
ORD004903,CUST00196,2025-11-06,Credit Card,DELIVERED,Anthonyshire,Michigan,Zambia,R09
ORD004904,CUST00137,2022-12-02,Debit Card,DELIVERED,Lake Shannonfort,Washington,Latvia,R12
ORD004905,CUST00689,2022-07-23,UPI,CANCELLED,South Paul,Massachusetts,Peru,R01
ORD004906,CUST00087,2024-02-28,UPI,RETURNED,Brownside,Pennsylvania,Faroe Islands,R18
ORD004907,CUST00698,2025-07-31,UPI,DELIVERED,Lake Nicole,Nevada,Svalbard & Jan Mayen Islands,R01
ORD004908,CUST00122,2023-09-19,Cash on Delivery,DELIVERED,East Robertchester,South Carolina,Mauritius,R13
ORD004909,CUST00498,2022-02-18,UPI,DELIVERED,Port Steven,Utah,Turkey,R02
ORD004910,CUST00492,2023-04-21,UPI,DELIVERED,Amberport,Illinois,Puerto Rico,R02
ORD004911,CUST00483,2023-07-14,UPI,DELIVERED,North Susanfurt,Connecticut,Jersey,R08
ORD004912,CUST00435,14/07/2023,Net Banking,DELIVERED,Jeffreyfort,Wyoming,Lao People's Democratic Republic,R15
ORD004913,CUST00156,2024-11-23,Debit Card,DELIVERED,Donaldfort,Connecticut,Italy,R02
ORD004914,CUST00336,23/11/2024,Cash on Delivery,RETURNED,Anneland,Pennsylvania,Bouvet Island (Bouvetoya),R02
ORD004915,CUST00693,2023-08-29,UPI,DELIVERED,Lake Ronnie,Michigan,Angola,R12
ORD004916,CUST00029,2025-08-20,UPI,DELIVERED,Langmouth,Rhode Island,Christmas Island,R05
ORD004917,CUST00357,2023-06-19,Cash on Delivery,DELIVERED,North Paulland,Minnesota,Japan,R08
ORD004918,CUST00700,2024-08-10,UPI,SHIPPED,Morenofort,South Carolina,Malawi,R06
ORD004919,CUST00635,2022-08-09,Net Banking,DELIVERED,North Timothy,Arizona,Angola,R20
ORD004920,CUST00618,2024-03-24,Net Banking,DELIVERED,East Jasonport,West Virginia,Mozambique,R11
ORD004921,CUST00656,2022-01-29,Cash on Delivery,DELIVERED,East Stacey,New Mexico,French Southern Territories,R20
ORD004922,CUST00463,2022-12-26,Debit Card,CANCELLED,Port Vanessa,Oregon,Tokelau,R06
ORD004923,CUST00355,2025-01-17,Cash on Delivery,DELIVERED,Port Kimberly,South Carolina,Finland,R09
ORD004924,CUST00686,2022-06-01,UPI,DELIVERED,North Heathershire,South Dakota,Guinea,R13
ORD004925,CUST00292,2025-11-10,Credit Card,DELIVERED,North Deannaburgh,Oregon,Tanzania,R02
ORD004926,CUST00697,2023-04-12,UPI,RETURNED,Santanaton,Kansas,Bangladesh,R07
ORD004927,CUST00245,2022-06-16,Cash on Delivery,DELIVERED,New Steven,Rhode Island,United Kingdom,R15
ORD004928,CUST00434,2022-05-27,Net Banking,DELIVERED,Ryanstad,Pennsylvania,Guernsey,R20
ORD004929,CUST00459,2022-05-29,UPI,DELIVERED,Lake Dustinborough,Iowa,Mongolia,R13
ORD004930,CUST00005,2025-06-17,Debit Card,DELIVERED,West Carriefurt,Nevada,Pitcairn Islands,R03
ORD004931,CUST00469,2023-11-04,UPI,DELIVERED,Ericshire,Maine,Sweden,R17
ORD004932,CUST00306,2022-10-21,Net Banking,DELIVERED,Lake Timothy,Utah,Samoa,R03
ORD004933,CUST00282,2025-10-07,Cash on Delivery,PLACED,Oliviahaven,North Carolina,French Southern Territories,R02
ORD004934,,2023-08-21,Debit Card,DELIVERED,South Jennifer,Kansas,Gambia,R06
ORD004935,CUST00291,2024-09-02,Debit Card,DELIVERED,Brianbury,Alabama,Suriname,R09
ORD004936,CUST00339,2025-02-09,Cash on Delivery,DELIVERED,Port Shane,Florida,Poland,R14
ORD004937,CUST00215,2025-05-16,Debit Card,DELIVERED,South Barbaraland,Montana,Cayman Islands,R11
ORD004938,CUST00149,2026-02-06,UPI,RETURNED,Brandonmouth,Minnesota,Congo,R03
ORD004939,CUST00059,2022-09-03,Cash on Delivery,DELIVERED,Ramosberg,Louisiana,Tokelau,R03
ORD004940,CUST00548,2025-07-31,Net Banking,RETURNED,Emmahaven,Kansas,Portugal,R20
ORD004941,CUST00568,2023-12-25,Debit Card,DELIVERED,South Stephanie,Virginia,Kyrgyz Republic,R06
ORD004942,CUST00079,2025-03-30,Cash on Delivery,DELIVERED,Lawrencebury,Washington,Malawi,R17
ORD004943,CUST00682,2025-09-28,Net Banking,DELIVERED,Michelleland,Hawaii,Timor-Leste,R07
ORD004944,CUST00667,2024-03-28,Cash on Delivery,PLACED,Ramoshaven,New York,Lesotho,R02
ORD004945,,2023-02-04,Net Banking,DELIVERED,Kramerfurt,South Carolina,Belize,R12
ORD004946,CUST00631,2022-03-22,Net Banking,DELIVERED,Andrewfurt,Virginia,Tunisia,R05
ORD004947,CUST00009,2025-08-24,Debit Card,DELIVERED,New Nicholas,South Carolina,South Africa,R06
ORD004948,CUST00589,2023-08-15,Net Banking,RETURNED,Ianport,Connecticut,Samoa,R18
ORD004949,CUST00105,2023-05-08,Credit Card,RETURNED,Robinsonhaven,Arkansas,Cambodia,R10
ORD004950,CUST00482,08/05/2023,Cash on Delivery,DELIVERED,West Andrewland,Virginia,Ukraine,R10
ORD004951,CUST00396,2022-01-13,Credit Card,DELIVERED,Shaffershire,California,Burkina Faso,R15
ORD004952,CUST00107,2024-07-13,Cash on Delivery,RETURNED,Johnbury,New Jersey,Azerbaijan,R16
ORD004953,CUST00185,2025-12-09,Net Banking,SHIPPED,South Michael,North Dakota,Uzbekistan,R06
ORD004954,CUST00512,2022-06-04,UPI,CANCELLED,Christinebury,Minnesota,Ghana,R12
ORD004955,CUST00148,2022-02-16,Credit Card,DELIVERED,New Jasonborough,California,Panama,R14
ORD004956,CUST00635,2022-05-04,Cash on Delivery,DELIVERED,North Jenniferhaven,Maryland,Heard Island and McDonald Islands,R15
ORD004957,CUST00604,04/05/2022,Net Banking,DELIVERED,Ramosbury,Colorado,Suriname,R09
ORD004958,CUST00338,2022-12-07,Net Banking,DELIVERED,Brownton,Washington,Qatar,R03
ORD004959,CUST00242,2025-01-16,UPI,RETURNED,Lake Heatherview,Oregon,Comoros,R05
ORD004960,CUST00596,2026-04-26,UPI,DELIVERED,South Michaeltown,New York,Djibouti,R20
ORD004961,CUST00446,2022-01-11,Net Banking,DELIVERED,North Janice,Vermont,Thailand,R03
ORD004962,CUST00596,2023-11-23,Net Banking,RETURNED,South Jason,Rhode Island,Liberia,R17
ORD004963,CUST00618,2025-06-14,Credit Card,CANCELLED,North Mckenzietown,Connecticut,Panama,R17
ORD004964,CUST00294,2025-09-30,Net Banking,DELIVERED,Arielchester,Hawaii,Belarus,R14
ORD004965,CUST00686,2025-07-08,UPI,RETURNED,Port Erik,Washington,Philippines,R03
ORD004966,CUST00369,2025-10-24,Net Banking,DELIVERED,Alexistown,Nebraska,Belarus,R05
ORD004967,CUST00246,2022-11-21,UPI,RETURNED,Cookshire,Nevada,Vanuatu,R15
ORD004968,CUST00029,2023-09-18,Debit Card,DELIVERED,East Ruthmouth,Colorado,Zambia,R17
ORD004969,CUST00031,2023-02-25,Credit Card,DELIVERED,West Amy,Arizona,Syrian Arab Republic,R02
ORD004970,CUST00135,2023-03-06,Net Banking,DELIVERED,Millerside,Virginia,Timor-Leste,R10
ORD004971,CUST00248,2022-02-18,Credit Card,CANCELLED,West Matthewland,Massachusetts,San Marino,R06
ORD004972,CUST00667,2023-01-12,Net Banking,SHIPPED,Lake Danielmouth,South Carolina,United States Minor Outlying Islands,R14
ORD004973,CUST00651,2025-10-21,Debit Card,DELIVERED,Brownberg,New Mexico,Iraq,R12
ORD004974,CUST00429,2024-07-21,UPI,DELIVERED,Port Pamela,Louisiana,South Africa,R04
ORD004975,CUST00134,2025-12-10,Credit Card,DELIVERED,Barajaschester,Nebraska,Australia,R01
ORD004976,CUST00504,2025-08-09,Credit Card,DELIVERED,Jonathanhaven,Michigan,Honduras,R16
ORD004977,CUST00553,2022-08-21,UPI,RETURNED,Thomastown,Louisiana,Chile,R14
ORD004978,CUST00080,2022-10-06,Debit Card,DELIVERED,Richardview,Wisconsin,Azerbaijan,R17
ORD004979,,2023-08-24,Net Banking,DELIVERED,Elizabethhaven,Nebraska,Saudi Arabia,R14
ORD004980,CUST00334,2022-06-20,Debit Card,SHIPPED,Morganview,Connecticut,Saint Vincent and the Grenadines,R01
ORD004981,CUST00170,2024-03-16,Cash on Delivery,DELIVERED,South Kimberly,Connecticut,South Africa,R06
ORD004982,,2022-06-29,Credit Card,RETURNED,Annaville,Missouri,Azerbaijan,R17
ORD004983,CUST00554,2023-07-28,Cash on Delivery,PLACED,North Ashleymouth,Minnesota,United States Minor Outlying Islands,R11
ORD004984,CUST00629,2024-02-01,Cash on Delivery,RETURNED,New Georgefort,West Virginia,Mexico,R20
ORD004985,CUST00539,2023-08-16,Credit Card,DELIVERED,Paigeview,Louisiana,Saint Martin,R06
ORD004986,CUST00546,16/08/2023,UPI,DELIVERED,Christopherport,Louisiana,San Marino,R02
ORD004987,,2022-08-02,Credit Card,CANCELLED,Katiefurt,New York,Somalia,R06
ORD004988,CUST00632,2024-09-04,Net Banking,SHIPPED,New Amberstad,Arizona,Bahrain,R06
ORD004989,CUST00215,2023-05-26,UPI,DELIVERED,East Samuelhaven,Texas,Israel,R14
ORD004990,CUST00391,2025-04-12,Debit Card,DELIVERED,South William,South Carolina,Yemen,R15
ORD004991,CUST00493,2023-11-22,Credit Card,DELIVERED,West Douglasland,Nebraska,Saint Kitts and Nevis,R18
ORD004992,CUST00680,2024-05-25,Credit Card,DELIVERED,West Edwardtown,New Hampshire,Hong Kong,R17
ORD004993,CUST00474,2024-10-21,UPI,DELIVERED,South Deniseton,Nevada,Martinique,R05
ORD004994,CUST00007,2022-05-01,Net Banking,DELIVERED,Jeffreystad,Oregon,Latvia,R08
ORD004995,CUST00276,2022-08-28,UPI,RETURNED,New Kaitlin,New Jersey,India,R01
ORD004996,CUST00417,2023-10-01,Cash on Delivery,DELIVERED,Lake Brandonview,Delaware,Tonga,R08
ORD004997,CUST00273,2023-12-15,Debit Card,CANCELLED,West Benjaminfort,Nevada,American Samoa,R12
ORD004998,CUST00492,2022-05-05,Net Banking,DELIVERED,Baileyville,Virginia,Samoa,R05
ORD004999,CUST00464,2024-04-14,UPI,SHIPPED,North Rachelfort,Oklahoma,El Salvador,R11
ORD005000,,2022-10-06,Debit Card,DELIVERED,Terristad,New Jersey,Jordan,R16
DUP_ORD001857,CUST00344,2024-11-10,UPI,SHIPPED,New Michael,Maine,Holy See (Vatican City State),R02
DUP_ORD004526,CUST00371,2025-09-06,Debit Card,RETURNED,Gillespieburgh,North Carolina,Brazil,R10
DUP_ORD001462,CUST00341,2025-10-19,Net Banking,DELIVERED,North Donstad,Maine,Libyan Arab Jamahiriya,R18
DUP_ORD004452,CUST00429,2022-03-10,Credit Card,DELIVERED,North Kristinaville,West Virginia,Equatorial Guinea,R15
DUP_ORD000944,CUST00356,2024-04-03,Debit Card,DELIVERED,Port Joanne,Hawaii,Singapore,R17
DUP_ORD002662,,30/10/2024,Cash on Delivery,DELIVERED,Lake Felicia,Idaho,Antigua and Barbuda,R13
DUP_ORD004414,CUST00306,2023-08-24,UPI,DELIVERED,Josephbury,Wyoming,Haiti,R20
DUP_ORD000221,,2025-08-04,UPI,DELIVERED,South Brooke,Arkansas,Venezuela,R05
DUP_ORD002773,CUST00273,2025-07-16,Credit Card,DELIVERED,Travisport,Massachusetts,Canada,R06
DUP_ORD000308,CUST00173,2025-10-22,UPI,DELIVERED,Jennifermouth,Illinois,Guyana,R18
DUP_ORD001675,CUST00241,2023-10-11,Net Banking,DELIVERED,Jacksontown,North Carolina,Solomon Islands,R11
DUP_ORD004248,CUST00634,2024-01-26,Net Banking,RETURNED,Carolineberg,Kansas,Monaco,R01
DUP_ORD004852,CUST00117,2023-04-17,UPI,DELIVERED,West Joanside,Arkansas,Iceland,R10
DUP_ORD004175,CUST00620,2022-06-11,Net Banking,DELIVERED,Port Danielchester,New Mexico,Uganda,R16
DUP_ORD000038,CUST00445,2024-05-17,UPI,DELIVERED,West Jennifer,Minnesota,Botswana,R05
DUP_ORD003715,CUST00276,2024-12-01,Net Banking,CANCELLED,Mitchellfurt,New York,Uruguay,R06
DUP_ORD004226,CUST00057,2026-01-26,Debit Card,CANCELLED,Greenmouth,Illinois,Malawi,R07
DUP_ORD002221,CUST00239,2023-09-29,Debit Card,DELIVERED,Johnsonmouth,New Hampshire,Tuvalu,R09
DUP_ORD001860,CUST00439,2025-03-24,UPI,DELIVERED,East Timothyview,Washington,Cuba,R04
DUP_ORD001049,CUST00159,2024-10-08,Credit Card,DELIVERED,Lake Johnny,North Dakota,Pitcairn Islands,R10
DUP_ORD003090,CUST00436,2024-07-06,Credit Card,PLACED,Velazquezstad,Virginia,Kyrgyz Republic,R19
DUP_ORD004251,CUST00505,2022-08-28,Credit Card,DELIVERED,Jotown,Illinois,Czech Republic,R15
DUP_ORD003954,CUST00683,2025-12-13,UPI,DELIVERED,Mccormickhaven,Iowa,Northern Mariana Islands,R01
DUP_ORD004320,CUST00366,2025-05-21,Credit Card,DELIVERED,Steelefort,New Jersey,British Indian Ocean Territory (Chagos Archipelago),R01
DUP_ORD004601,CUST00355,2026-03-03,Net Banking,DELIVERED,Brandonton,Maryland,Grenada,R03
DUP_ORD003845,CUST00145,2024-07-24,Debit Card,DELIVERED,Lake Tara,Oklahoma,Sri Lanka,R10
DUP_ORD002719,CUST00490,2025-07-18,Net Banking,DELIVERED,Christophertown,Hawaii,Niue,R06
DUP_ORD000863,CUST00014,2023-09-24,UPI,DELIVERED,Port Josehaven,Montana,Nauru,R17
DUP_ORD002198,CUST00323,2024-04-20,Debit Card,DELIVERED,Port Cynthia,Oklahoma,Nauru,R15
DUP_ORD003144,CUST00507,2024-11-15,Cash on Delivery,DELIVERED,Wilsonburgh,Wisconsin,Congo,R10
DUP_ORD001875,CUST00520,2022-05-25,Cash on Delivery,DELIVERED,Moralesland,California,Turkey,R03
DUP_ORD002214,CUST00178,2023-12-18,Debit Card,DELIVERED,New Annette,New Jersey,Canada,R01
DUP_ORD004805,CUST00110,2025-10-09,Net Banking,RETURNED,Brownshire,Maryland,Cote d'Ivoire,R18
DUP_ORD000606,CUST00326,2022-12-18,Credit Card,DELIVERED,Burnetthaven,Arkansas,Bolivia,R16
DUP_ORD003910,CUST00489,2023-07-03,Credit Card,DELIVERED,New Joseph,Oregon,Moldova,R20
DUP_ORD000428,CUST00645,2022-03-16,UPI,PLACED,West Pamela,Illinois,Switzerland,R07
DUP_ORD001034,CUST00008,2025-12-01,Net Banking,CANCELLED,Port Destiny,Colorado,Greenland,R16
DUP_ORD004200,CUST00629,2022-09-13,Debit Card,DELIVERED,Amberhaven,Kansas,Belize,R12
DUP_ORD000610,CUST00005,2022-04-12,Debit Card,DELIVERED,Jeffreyfurt,Florida,Namibia,R13
DUP_ORD000422,CUST00054,2025-09-03,Debit Card,DELIVERED,Cookfurt,Minnesota,Marshall Islands,R16
DUP_ORD000322,CUST00010,2023-12-13,Net Banking,DELIVERED,North Susan,Utah,United Kingdom,R10
DUP_ORD004463,CUST00072,2023-01-01,UPI,SHIPPED,Jessechester,New Jersey,Holy See (Vatican City State),R15
DUP_ORD004304,CUST00177,2025-05-19,Credit Card,DELIVERED,Jasonchester,Indiana,British Virgin Islands,R09
DUP_ORD004521,CUST00183,2023-11-08,Cash on Delivery,RETURNED,New Jasonside,Wyoming,Saint Lucia,R16
DUP_ORD002652,CUST00563,2024-12-11,Credit Card,CANCELLED,Tuckerville,Mississippi,Chile,R14
DUP_ORD000010,CUST00541,2024-07-30,Cash on Delivery,DELIVERED,Fowlerland,Illinois,Kyrgyz Republic,R03
DUP_ORD004838,CUST00059,2026-02-04,Net Banking,DELIVERED,New Donna,Alaska,Grenada,R13
DUP_ORD002222,CUST00049,2023-12-10,Net Banking,DELIVERED,Carlsonmouth,Arizona,Saudi Arabia,R12
DUP_ORD003117,CUST00093,2023-03-01,Credit Card,DELIVERED,Vanessaville,Idaho,Cook Islands,R08
DUP_ORD000084,,2025-05-26,UPI,DELIVERED,Liuberg,South Dakota,Colombia,R10
DUP_ORD002248,CUST00554,2022-09-02,Net Banking,DELIVERED,Ashleychester,Idaho,Morocco,R06
DUP_ORD003808,CUST00487,2024-03-12,Cash on Delivery,DELIVERED,Danaland,Alabama,Mongolia,R02
DUP_ORD003943,CUST00507,2022-02-09,Net Banking,CANCELLED,East Johnport,Kansas,Samoa,R17
DUP_ORD004716,CUST00544,2025-03-30,Net Banking,CANCELLED,New Elizabethshire,Mississippi,Antarctica (the territory South of 60 deg S),R20
DUP_ORD004599,CUST00547,2024-09-13,Net Banking,DELIVERED,Crystalchester,Colorado,Djibouti,R17
DUP_ORD001698,,2025-12-23,Cash on Delivery,DELIVERED,Davidmouth,Connecticut,Uganda,R11
DUP_ORD002077,CUST00606,2024-09-11,Debit Card,RETURNED,West Alanborough,Illinois,United States of America,R12
DUP_ORD002180,CUST00232,2022-10-19,Cash on Delivery,DELIVERED,Holderberg,Pennsylvania,India,R13
DUP_ORD004983,CUST00554,2023-07-28,Cash on Delivery,PLACED,North Ashleymouth,Minnesota,United States Minor Outlying Islands,R11
DUP_ORD001301,CUST00380,2023-07-05,UPI,DELIVERED,Smithfort,New Hampshire,Dominica,R01
DUP_ORD001788,CUST00076,2023-05-09,Cash on Delivery,SHIPPED,North Lisaburgh,Alabama,Bulgaria,R17
DUP_ORD002239,CUST00545,2022-08-11,Cash on Delivery,CANCELLED,West Johnmouth,Nebraska,Senegal,R03
DUP_ORD001865,CUST00103,2025-12-23,Credit Card,DELIVERED,Port Jacquelineburgh,Virginia,Comoros,R11
DUP_ORD003760,CUST00377,2023-03-06,Net Banking,SHIPPED,East Brianfort,Massachusetts,Germany,R10
DUP_ORD002092,CUST00416,2025-03-08,Cash on Delivery,RETURNED,Smithside,South Carolina,Singapore,R15
DUP_ORD004544,CUST00489,2025-12-12,UPI,RETURNED,Riverafort,Pennsylvania,Trinidad and Tobago,R08
DUP_ORD004309,CUST00009,2022-03-12,Credit Card,RETURNED,East Kim,Delaware,Austria,R18
DUP_ORD002462,CUST00645,2023-05-27,Credit Card,CANCELLED,New Sandrafurt,Arkansas,Albania,R18
DUP_ORD000204,CUST00421,2025-12-01,UPI,DELIVERED,Richardberg,Ohio,Australia,R14
DUP_ORD001149,CUST00375,2023-06-11,UPI,DELIVERED,Lake James,New Jersey,Saudi Arabia,R19
DUP_ORD001760,CUST00263,2025-12-20,Cash on Delivery,DELIVERED,South Ashleyland,Rhode Island,Syrian Arab Republic,R09
DUP_ORD001265,CUST00300,2023-04-25,Net Banking,DELIVERED,New Rachelview,Utah,Mali,R13
DUP_ORD004772,CUST00133,2022-01-28,UPI,DELIVERED,Garytown,Massachusetts,Saint Kitts and Nevis,R17
DUP_ORD001223,CUST00425,2025-10-13,Cash on Delivery,DELIVERED,West Raymond,New Jersey,San Marino,R06
DUP_ORD004035,CUST00391,2023-01-26,Net Banking,DELIVERED,Drewshire,Alabama,Antarctica (the territory South of 60 deg S),R01
